      0.00000       0.0000000       0.0000000       1.0000000
      0.00000    0.0010000000       0.0000000       1.0000000
      0.00000    0.0020000000       0.0000000       1.0000000
      0.00000    0.0030000000       0.0000000       1.0000000
      0.00000    0.0040000000       0.0000000       1.0000000
      0.00000    0.0050000000       0.0000000       1.0000000
      0.00000    0.0060000000       0.0000000       1.0000000
      0.00000    0.0070000000       0.0000000       1.0000000
      0.00000    0.0080000000       0.0000000       1.0000000
      0.00000    0.0090000000       0.0000000       1.0000000
      0.00000     0.010000000       0.0000000       1.0000000
      0.00000     0.011000000       0.0000000       1.0000000
      0.00000     0.012000000       0.0000000       1.0000000
      0.00000     0.013000000       0.0000000       1.0000000
      0.00000     0.014000000       0.0000000       1.0000000
      0.00000     0.015000000       0.0000000       1.0000000
      0.00000     0.016000000       0.0000000       1.0000000
      0.00000     0.017000000       0.0000000       1.0000000
      0.00000     0.018000000       0.0000000       1.0000000
      0.00000     0.019000000       0.0000000       1.0000000
      0.00000     0.020000000       0.0000000       1.0000000
      0.00000     0.021000000       0.0000000       1.0000000
      0.00000     0.022000000       0.0000000       1.0000000
      0.00000     0.023000000       0.0000000       1.0000000
      0.00000     0.024000000       0.0000000       1.0000000
      0.00000     0.025000000       0.0000000       1.0000000
      0.00000     0.026000000       0.0000000       1.0000000
      0.00000     0.027000000       0.0000000       1.0000000
      0.00000     0.028000000       0.0000000       1.0000000
      0.00000     0.029000000       0.0000000       1.0000000
      0.00000     0.030000000       0.0000000       1.0000000
      0.00000     0.031000000       0.0000000       1.0000000
      0.00000     0.032000000       0.0000000       1.0000000
      0.00000     0.033000000       0.0000000       1.0000000
      0.00000     0.034000000       0.0000000       1.0000000
      0.00000     0.035000000       0.0000000       1.0000000
      0.00000     0.036000000       0.0000000       1.0000000
      0.00000     0.037000000       0.0000000       1.0000000
      0.00000     0.038000000       0.0000000       1.0000000
      0.00000     0.039000000       0.0000000       1.0000000
      0.00000     0.040000000       0.0000000       1.0000000
      0.00000     0.041000000       0.0000000       1.0000000
      0.00000     0.042000000       0.0000000       1.0000000
      0.00000     0.043000000       0.0000000       1.0000000
      0.00000     0.044000000       0.0000000       1.0000000
      0.00000     0.045000000       0.0000000       1.0000000
      0.00000     0.046000000       0.0000000       1.0000000
      0.00000     0.047000000       0.0000000       1.0000000
      0.00000     0.048000000       0.0000000       1.0000000
      0.00000     0.049000000       0.0000000       1.0000000
      0.00000     0.050000000       0.0000000       1.0000000
      0.00000     0.051000000       0.0000000       1.0000000
      0.00000     0.052000000       0.0000000       1.0000000
      0.00000     0.053000000       0.0000000       1.0000000
      0.00000     0.054000000       0.0000000       1.0000000
      0.00000     0.055000000       0.0000000       1.0000000
      0.00000     0.056000000       0.0000000       1.0000000
      0.00000     0.057000000       0.0000000       1.0000000
      0.00000     0.058000000       0.0000000       1.0000000
      0.00000     0.059000000       0.0000000       1.0000000
      0.00000     0.060000000       0.0000000       1.0000000
      0.00000     0.061000000       0.0000000       1.0000000
      0.00000     0.062000000       0.0000000       1.0000000
      0.00000     0.063000000       0.0000000       1.0000000
      0.00000     0.064000000       0.0000000       1.0000000
      0.00000     0.065000000       0.0000000       1.0000000
      0.00000     0.066000000       0.0000000       1.0000000
      0.00000     0.067000000       0.0000000       1.0000000
      0.00000     0.068000000       0.0000000       1.0000000
      0.00000     0.069000000       0.0000000       1.0000000
      0.00000     0.070000000       0.0000000       1.0000000
      0.00000     0.071000000       0.0000000       1.0000000
      0.00000     0.072000000       0.0000000       1.0000000
      0.00000     0.073000000       0.0000000       1.0000000
      0.00000     0.074000000       0.0000000       1.0000000
      0.00000     0.075000000       0.0000000       1.0000000
      0.00000     0.076000000       0.0000000       1.0000000
      0.00000     0.077000000       0.0000000       1.0000000
      0.00000     0.078000000       0.0000000       1.0000000
      0.00000     0.079000000       0.0000000       1.0000000
      0.00000     0.080000000       0.0000000       1.0000000
      0.00000     0.081000000       0.0000000       1.0000000
      0.00000     0.082000000       0.0000000       1.0000000
      0.00000     0.083000000       0.0000000       1.0000000
      0.00000     0.084000000       0.0000000       1.0000000
      0.00000     0.085000000       0.0000000       1.0000000
      0.00000     0.086000000       0.0000000       1.0000000
      0.00000     0.087000000       0.0000000       1.0000000
      0.00000     0.088000000       0.0000000       1.0000000
      0.00000     0.089000000       0.0000000       1.0000000
      0.00000     0.090000000       0.0000000       1.0000000
      0.00000     0.091000000       0.0000000       1.0000000
      0.00000     0.092000000       0.0000000       1.0000000
      0.00000     0.093000000       0.0000000       1.0000000
      0.00000     0.094000000       0.0000000       1.0000000
      0.00000     0.095000000       0.0000000       1.0000000
      0.00000     0.096000000       0.0000000       1.0000000
      0.00000     0.097000000       0.0000000       1.0000000
      0.00000     0.098000000       0.0000000       1.0000000
      0.00000     0.099000000       0.0000000       1.0000000
      0.00000      0.10000000       0.0000000       1.0000000
      0.00000      0.10100000       0.0000000       1.0000000
      0.00000      0.10200000       0.0000000       1.0000000
      0.00000      0.10300000       0.0000000       1.0000000
      0.00000      0.10400000       0.0000000       1.0000000
      0.00000      0.10500000       0.0000000       1.0000000
      0.00000      0.10600000       0.0000000       1.0000000
      0.00000      0.10700000       0.0000000       1.0000000
      0.00000      0.10800000       0.0000000       1.0000000
      0.00000      0.10900000       0.0000000       1.0000000
      0.00000      0.11000000       0.0000000       1.0000000
      0.00000      0.11100000       0.0000000       1.0000000
      0.00000      0.11200000       0.0000000       1.0000000
      0.00000      0.11300000       0.0000000       1.0000000
      0.00000      0.11400000       0.0000000       1.0000000
      0.00000      0.11500000       0.0000000       1.0000000
      0.00000      0.11600000       0.0000000       1.0000000
      0.00000      0.11700000       0.0000000       1.0000000
      0.00000      0.11800000       0.0000000       1.0000000
      0.00000      0.11900000       0.0000000       1.0000000
      0.00000      0.12000000       0.0000000       1.0000000
      0.00000      0.12100000       0.0000000       1.0000000
      0.00000      0.12200000       0.0000000       1.0000000
      0.00000      0.12300000       0.0000000       1.0000000
      0.00000      0.12400000       0.0000000       1.0000000
      0.00000      0.12500000       0.0000000       1.0000000
      0.00000      0.12600000       0.0000000       1.0000000
      0.00000      0.12700000       0.0000000       1.0000000
      0.00000      0.12800000       0.0000000       1.0000000
      0.00000      0.12900000       0.0000000       1.0000000
      0.00000      0.13000000       0.0000000       1.0000000
      0.00000      0.13100000       0.0000000       1.0000000
      0.00000      0.13200000       0.0000000       1.0000000
      0.00000      0.13300000       0.0000000       1.0000000
      0.00000      0.13400000       0.0000000       1.0000000
      0.00000      0.13500000       0.0000000       1.0000000
      0.00000      0.13600000       0.0000000       1.0000000
      0.00000      0.13700000       0.0000000       1.0000000
      0.00000      0.13800000       0.0000000       1.0000000
      0.00000      0.13900000       0.0000000       1.0000000
      0.00000      0.14000000       0.0000000       1.0000000
      0.00000      0.14100000       0.0000000       1.0000000
      0.00000      0.14200000       0.0000000       1.0000000
      0.00000      0.14300000       0.0000000       1.0000000
      0.00000      0.14400000       0.0000000       1.0000000
      0.00000      0.14500000       0.0000000       1.0000000
      0.00000      0.14600000       0.0000000       1.0000000
      0.00000      0.14700000       0.0000000       1.0000000
      0.00000      0.14800000       0.0000000       1.0000000
      0.00000      0.14900000       0.0000000       1.0000000
      0.00000      0.15000000       0.0000000       1.0000000
      0.00000      0.15100000       0.0000000       1.0000000
      0.00000      0.15200000       0.0000000       1.0000000
      0.00000      0.15300000       0.0000000       1.0000000
      0.00000      0.15400000       0.0000000       1.0000000
      0.00000      0.15500000       0.0000000       1.0000000
      0.00000      0.15600000       0.0000000       1.0000000
      0.00000      0.15700000       0.0000000       1.0000000
      0.00000      0.15800000       0.0000000       1.0000000
      0.00000      0.15900000       0.0000000       1.0000000
      0.00000      0.16000000       0.0000000       1.0000000
      0.00000      0.16100000       0.0000000       1.0000000
      0.00000      0.16200000       0.0000000       1.0000000
      0.00000      0.16300000       0.0000000       1.0000000
      0.00000      0.16400000       0.0000000       1.0000000
      0.00000      0.16500000       0.0000000       1.0000000
      0.00000      0.16600000       0.0000000       1.0000000
      0.00000      0.16700000       0.0000000       1.0000000
      0.00000      0.16800000       0.0000000       1.0000000
      0.00000      0.16900000       0.0000000       1.0000000
      0.00000      0.17000000       0.0000000       1.0000000
      0.00000      0.17100000       0.0000000       1.0000000
      0.00000      0.17200000       0.0000000       1.0000000
      0.00000      0.17300000       0.0000000       1.0000000
      0.00000      0.17400000       0.0000000       1.0000000
      0.00000      0.17500000       0.0000000       1.0000000
      0.00000      0.17600000       0.0000000       1.0000000
      0.00000      0.17700000       0.0000000       1.0000000
      0.00000      0.17800000       0.0000000       1.0000000
      0.00000      0.17900000       0.0000000       1.0000000
      0.00000      0.18000000       0.0000000       1.0000000
      0.00000      0.18100000       0.0000000       1.0000000
      0.00000      0.18200000       0.0000000       1.0000000
      0.00000      0.18300000       0.0000000       1.0000000
      0.00000      0.18400000       0.0000000       1.0000000
      0.00000      0.18500000       0.0000000       1.0000000
      0.00000      0.18600000       0.0000000       1.0000000
      0.00000      0.18700000       0.0000000       1.0000000
      0.00000      0.18800000       0.0000000       1.0000000
      0.00000      0.18900000       0.0000000       1.0000000
      0.00000      0.19000000       0.0000000       1.0000000
      0.00000      0.19100000       0.0000000       1.0000000
      0.00000      0.19200000       0.0000000       1.0000000
      0.00000      0.19300000       0.0000000       1.0000000
      0.00000      0.19400000       0.0000000       1.0000000
      0.00000      0.19500000       0.0000000       1.0000000
      0.00000      0.19600000       0.0000000       1.0000000
      0.00000      0.19700000       0.0000000       1.0000000
      0.00000      0.19800000       0.0000000       1.0000000
      0.00000      0.19900000       0.0000000       1.0000000
      0.00000      0.20000000       0.0000000       1.0000000
      0.00000      0.20100000       0.0000000       1.0000000
      0.00000      0.20200000       0.0000000       1.0000000
      0.00000      0.20300000       0.0000000       1.0000000
      0.00000      0.20400000       0.0000000       1.0000000
      0.00000      0.20500000       0.0000000       1.0000000
      0.00000      0.20600000       0.0000000       1.0000000
      0.00000      0.20700000       0.0000000       1.0000000
      0.00000      0.20800000       0.0000000       1.0000000
      0.00000      0.20900000       0.0000000       1.0000000
      0.00000      0.21000000       0.0000000       1.0000000
      0.00000      0.21100000       0.0000000       1.0000000
      0.00000      0.21200000       0.0000000       1.0000000
      0.00000      0.21300000       0.0000000       1.0000000
      0.00000      0.21400000       0.0000000       1.0000000
      0.00000      0.21500000       0.0000000       1.0000000
      0.00000      0.21600000       0.0000000       1.0000000
      0.00000      0.21700000       0.0000000       1.0000000
      0.00000      0.21800000       0.0000000       1.0000000
      0.00000      0.21900000       0.0000000       1.0000000
      0.00000      0.22000000       0.0000000       1.0000000
      0.00000      0.22100000       0.0000000       1.0000000
      0.00000      0.22200000       0.0000000       1.0000000
      0.00000      0.22300000       0.0000000       1.0000000
      0.00000      0.22400000       0.0000000       1.0000000
      0.00000      0.22500000       0.0000000       1.0000000
      0.00000      0.22600000       0.0000000       1.0000000
      0.00000      0.22700000       0.0000000       1.0000000
      0.00000      0.22800000       0.0000000       1.0000000
      0.00000      0.22900000       0.0000000       1.0000000
      0.00000      0.23000000       0.0000000       1.0000000
      0.00000      0.23100000       0.0000000       1.0000000
      0.00000      0.23200000       0.0000000       1.0000000
      0.00000      0.23300000       0.0000000       1.0000000
      0.00000      0.23400000       0.0000000       1.0000000
      0.00000      0.23500000       0.0000000       1.0000000
      0.00000      0.23600000       0.0000000       1.0000000
      0.00000      0.23700000       0.0000000       1.0000000
      0.00000      0.23800000       0.0000000       1.0000000
      0.00000      0.23900000       0.0000000       1.0000000
      0.00000      0.24000000       0.0000000       1.0000000
      0.00000      0.24100000       0.0000000       1.0000000
      0.00000      0.24200000       0.0000000       1.0000000
      0.00000      0.24300000       0.0000000       1.0000000
      0.00000      0.24400000       0.0000000       1.0000000
      0.00000      0.24500000       0.0000000       1.0000000
      0.00000      0.24600000       0.0000000       1.0000000
      0.00000      0.24700000       0.0000000       1.0000000
      0.00000      0.24800000       0.0000000       1.0000000
      0.00000      0.24900000       0.0000000       1.0000000
      0.00000      0.25000000       0.0000000       1.0000000
      0.00000      0.25100000       0.0000000       1.0000000
      0.00000      0.25200000       0.0000000       1.0000000
      0.00000      0.25300000       0.0000000       1.0000000
      0.00000      0.25400000       0.0000000       1.0000000
      0.00000      0.25500000       0.0000000       1.0000000
      0.00000      0.25600000       0.0000000       1.0000000
      0.00000      0.25700000       0.0000000       1.0000000
      0.00000      0.25800000       0.0000000       1.0000000
      0.00000      0.25900000       0.0000000       1.0000000
      0.00000      0.26000000       0.0000000       1.0000000
      0.00000      0.26100000       0.0000000       1.0000000
      0.00000      0.26200000       0.0000000       1.0000000
      0.00000      0.26300000       0.0000000       1.0000000
      0.00000      0.26400000       0.0000000       1.0000000
      0.00000      0.26500000       0.0000000       1.0000000
      0.00000      0.26600000       0.0000000       1.0000000
      0.00000      0.26700000       0.0000000       1.0000000
      0.00000      0.26800000       0.0000000       1.0000000
      0.00000      0.26900000       0.0000000       1.0000000
      0.00000      0.27000000       0.0000000       1.0000000
      0.00000      0.27100000       0.0000000       1.0000000
      0.00000      0.27200000       0.0000000       1.0000000
      0.00000      0.27300000       0.0000000       1.0000000
      0.00000      0.27400000       0.0000000       1.0000000
      0.00000      0.27500000       0.0000000       1.0000000
      0.00000      0.27600000       0.0000000       1.0000000
      0.00000      0.27700000       0.0000000       1.0000000
      0.00000      0.27800000       0.0000000       1.0000000
      0.00000      0.27900000       0.0000000       1.0000000
      0.00000      0.28000000       0.0000000       1.0000000
      0.00000      0.28100000       0.0000000       1.0000000
      0.00000      0.28200000       0.0000000       1.0000000
      0.00000      0.28300000       0.0000000       1.0000000
      0.00000      0.28400000       0.0000000       1.0000000
      0.00000      0.28500000       0.0000000       1.0000000
      0.00000      0.28600000       0.0000000       1.0000000
      0.00000      0.28700000       0.0000000       1.0000000
      0.00000      0.28800000       0.0000000       1.0000000
      0.00000      0.28900000       0.0000000       1.0000000
      0.00000      0.29000000       0.0000000       1.0000000
      0.00000      0.29100000       0.0000000       1.0000000
      0.00000      0.29200000       0.0000000       1.0000000
      0.00000      0.29300000       0.0000000       1.0000000
      0.00000      0.29400000       0.0000000       1.0000000
      0.00000      0.29500000       0.0000000       1.0000000
      0.00000      0.29600000       0.0000000       1.0000000
      0.00000      0.29700000       0.0000000       1.0000000
      0.00000      0.29800000       0.0000000       1.0000000
      0.00000      0.29900000       0.0000000       1.0000000
      0.00000      0.30000000       0.0000000       1.0000000
      0.00000      0.30100000       0.0000000       1.0000000
      0.00000      0.30200000       0.0000000       1.0000000
      0.00000      0.30300000       0.0000000       1.0000000
      0.00000      0.30400000       0.0000000       1.0000000
      0.00000      0.30500000       0.0000000       1.0000000
      0.00000      0.30600000       0.0000000       1.0000000
      0.00000      0.30700000       0.0000000       1.0000000
      0.00000      0.30800000       0.0000000       1.0000000
      0.00000      0.30900000       0.0000000       1.0000000
      0.00000      0.31000000       0.0000000       1.0000000
      0.00000      0.31100000       0.0000000       1.0000000
      0.00000      0.31200000       0.0000000       1.0000000
      0.00000      0.31300000       0.0000000       1.0000000
      0.00000      0.31400000       0.0000000       1.0000000
      0.00000      0.31500000       0.0000000       1.0000000
      0.00000      0.31600000       0.0000000       1.0000000
      0.00000      0.31700000       0.0000000       1.0000000
      0.00000      0.31800000       0.0000000       1.0000000
      0.00000      0.31900000       0.0000000       1.0000000
      0.00000      0.32000000       0.0000000       1.0000000
      0.00000      0.32100000       0.0000000       1.0000000
      0.00000      0.32200000       0.0000000       1.0000000
      0.00000      0.32300000       0.0000000       1.0000000
      0.00000      0.32400000       0.0000000       1.0000000
      0.00000      0.32500000       0.0000000       1.0000000
      0.00000      0.32600000       0.0000000       1.0000000
      0.00000      0.32700000       0.0000000       1.0000000
      0.00000      0.32800000       0.0000000       1.0000000
      0.00000      0.32900000       0.0000000       1.0000000
      0.00000      0.33000000       0.0000000       1.0000000
      0.00000      0.33100000       0.0000000       1.0000000
      0.00000      0.33200000       0.0000000       1.0000000
      0.00000      0.33300000       0.0000000       1.0000000
      0.00000      0.33400000       0.0000000       1.0000000
      0.00000      0.33500000       0.0000000       1.0000000
      0.00000      0.33600000       0.0000000       1.0000000
      0.00000      0.33700000       0.0000000       1.0000000
      0.00000      0.33800000       0.0000000       1.0000000
      0.00000      0.33900000       0.0000000       1.0000000
      0.00000      0.34000000       0.0000000       1.0000000
      0.00000      0.34100000       0.0000000       1.0000000
      0.00000      0.34200000       0.0000000       1.0000000
      0.00000      0.34300000       0.0000000       1.0000000
      0.00000      0.34400000       0.0000000       1.0000000
      0.00000      0.34500000       0.0000000       1.0000000
      0.00000      0.34600000       0.0000000       1.0000000
      0.00000      0.34700000       0.0000000       1.0000000
      0.00000      0.34800000       0.0000000       1.0000000
      0.00000      0.34900000       0.0000000       1.0000000
      0.00000      0.35000000       0.0000000       1.0000000
      0.00000      0.35100000       0.0000000       1.0000000
      0.00000      0.35200000       0.0000000       1.0000000
      0.00000      0.35300000       0.0000000       1.0000000
      0.00000      0.35400000       0.0000000       1.0000000
      0.00000      0.35500000       0.0000000       1.0000000
      0.00000      0.35600000       0.0000000       1.0000000
      0.00000      0.35700000       0.0000000       1.0000000
      0.00000      0.35800000       0.0000000       1.0000000
      0.00000      0.35900000       0.0000000       1.0000000
      0.00000      0.36000000       0.0000000       1.0000000
      0.00000      0.36100000       0.0000000       1.0000000
      0.00000      0.36200000       0.0000000       1.0000000
      0.00000      0.36300000       0.0000000       1.0000000
      0.00000      0.36400000       0.0000000       1.0000000
      0.00000      0.36500000       0.0000000       1.0000000
      0.00000      0.36600000       0.0000000       1.0000000
      0.00000      0.36700000       0.0000000       1.0000000
      0.00000      0.36800000       0.0000000       1.0000000
      0.00000      0.36900000       0.0000000       1.0000000
      0.00000      0.37000000       0.0000000       1.0000000
      0.00000      0.37100000       0.0000000       1.0000000
      0.00000      0.37200000       0.0000000       1.0000000
      0.00000      0.37300000       0.0000000       1.0000000
      0.00000      0.37400000       0.0000000       1.0000000
      0.00000      0.37500000       0.0000000       1.0000000
      0.00000      0.37600000       0.0000000       1.0000000
      0.00000      0.37700000       0.0000000       1.0000000
      0.00000      0.37800000       0.0000000       1.0000000
      0.00000      0.37900000       0.0000000       1.0000000
      0.00000      0.38000000       0.0000000       1.0000000
      0.00000      0.38100000       0.0000000       1.0000000
      0.00000      0.38200000       0.0000000       1.0000000
      0.00000      0.38300000       0.0000000       1.0000000
      0.00000      0.38400000       0.0000000       1.0000000
      0.00000      0.38500000       0.0000000       1.0000000
      0.00000      0.38600000       0.0000000       1.0000000
      0.00000      0.38700000       0.0000000       1.0000000
      0.00000      0.38800000       0.0000000       1.0000000
      0.00000      0.38900000       0.0000000       1.0000000
      0.00000      0.39000000       0.0000000       1.0000000
      0.00000      0.39100000       0.0000000       1.0000000
      0.00000      0.39200000       0.0000000       1.0000000
      0.00000      0.39300000       0.0000000       1.0000000
      0.00000      0.39400000       0.0000000       1.0000000
      0.00000      0.39500000       0.0000000       1.0000000
      0.00000      0.39600000       0.0000000       1.0000000
      0.00000      0.39700000       0.0000000       1.0000000
      0.00000      0.39800000       0.0000000       1.0000000
      0.00000      0.39900000       0.0000000       1.0000000
      0.00000      0.40000000       0.0000000       1.0000000
      0.00000      0.40100000       0.0000000       1.0000000
      0.00000      0.40200000       0.0000000       1.0000000
      0.00000      0.40300000       0.0000000       1.0000000
      0.00000      0.40400000       0.0000000       1.0000000
      0.00000      0.40500000       0.0000000       1.0000000
      0.00000      0.40600000       0.0000000       1.0000000
      0.00000      0.40700000       0.0000000       1.0000000
      0.00000      0.40800000       0.0000000       1.0000000
      0.00000      0.40900000       0.0000000       1.0000000
      0.00000      0.41000000       0.0000000       1.0000000
      0.00000      0.41100000       0.0000000       1.0000000
      0.00000      0.41200000       0.0000000       1.0000000
      0.00000      0.41300000       0.0000000       1.0000000
      0.00000      0.41400000       0.0000000       1.0000000
      0.00000      0.41500000       0.0000000       1.0000000
      0.00000      0.41600000       0.0000000       1.0000000
      0.00000      0.41700000       0.0000000       1.0000000
      0.00000      0.41800000       0.0000000       1.0000000
      0.00000      0.41900000       0.0000000       1.0000000
      0.00000      0.42000000       0.0000000       1.0000000
      0.00000      0.42100000       0.0000000       1.0000000
      0.00000      0.42200000       0.0000000       1.0000000
      0.00000      0.42300000       0.0000000       1.0000000
      0.00000      0.42400000       0.0000000       1.0000000
      0.00000      0.42500000       0.0000000       1.0000000
      0.00000      0.42600000       0.0000000       1.0000000
      0.00000      0.42700000       0.0000000       1.0000000
      0.00000      0.42800000       0.0000000       1.0000000
      0.00000      0.42900000       0.0000000       1.0000000
      0.00000      0.43000000       0.0000000       1.0000000
      0.00000      0.43100000       0.0000000       1.0000000
      0.00000      0.43200000       0.0000000       1.0000000
      0.00000      0.43300000       0.0000000       1.0000000
      0.00000      0.43400000       0.0000000       1.0000000
      0.00000      0.43500000       0.0000000       1.0000000
      0.00000      0.43600000       0.0000000       1.0000000
      0.00000      0.43700000       0.0000000       1.0000000
      0.00000      0.43800000       0.0000000       1.0000000
      0.00000      0.43900000       0.0000000       1.0000000
      0.00000      0.44000000       0.0000000       1.0000000
      0.00000      0.44100000       0.0000000       1.0000000
      0.00000      0.44200000       0.0000000       1.0000000
      0.00000      0.44300000       0.0000000       1.0000000
      0.00000      0.44400000       0.0000000       1.0000000
      0.00000      0.44500000       0.0000000       1.0000000
      0.00000      0.44600000       0.0000000       1.0000000
      0.00000      0.44700000       0.0000000       1.0000000
      0.00000      0.44800000       0.0000000       1.0000000
      0.00000      0.44900000       0.0000000       1.0000000
      0.00000      0.45000000       0.0000000       1.0000000
      0.00000      0.45100000       0.0000000       1.0000000
      0.00000      0.45200000       0.0000000       1.0000000
      0.00000      0.45300000       0.0000000       1.0000000
      0.00000      0.45400000       0.0000000       1.0000000
      0.00000      0.45500000       0.0000000       1.0000000
      0.00000      0.45600000       0.0000000       1.0000000
      0.00000      0.45700000       0.0000000       1.0000000
      0.00000      0.45800000       0.0000000       1.0000000
      0.00000      0.45900000       0.0000000       1.0000000
      0.00000      0.46000000       0.0000000       1.0000000
      0.00000      0.46100000       0.0000000       1.0000000
      0.00000      0.46200000       0.0000000       1.0000000
      0.00000      0.46300000       0.0000000       1.0000000
      0.00000      0.46400000       0.0000000       1.0000000
      0.00000      0.46500000       0.0000000       1.0000000
      0.00000      0.46600000       0.0000000       1.0000000
      0.00000      0.46700000       0.0000000       1.0000000
      0.00000      0.46800000       0.0000000       1.0000000
      0.00000      0.46900000       0.0000000       1.0000000
      0.00000      0.47000000       0.0000000       1.0000000
      0.00000      0.47100000       0.0000000       1.0000000
      0.00000      0.47200000       0.0000000       1.0000000
      0.00000      0.47300000       0.0000000       1.0000000
      0.00000      0.47400000       0.0000000       1.0000000
      0.00000      0.47500000       0.0000000       1.0000000
      0.00000      0.47600000       0.0000000       1.0000000
      0.00000      0.47700000       0.0000000       1.0000000
      0.00000      0.47800000       0.0000000       1.0000000
      0.00000      0.47900000       0.0000000       1.0000000
      0.00000      0.48000000       0.0000000       1.0000000
      0.00000      0.48100000       0.0000000       1.0000000
      0.00000      0.48200000       0.0000000       1.0000000
      0.00000      0.48300000       0.0000000       1.0000000
      0.00000      0.48400000       0.0000000       1.0000000
      0.00000      0.48500000       0.0000000       1.0000000
      0.00000      0.48600000       0.0000000       1.0000000
      0.00000      0.48700000       0.0000000       1.0000000
      0.00000      0.48800000       0.0000000       1.0000000
      0.00000      0.48900000       0.0000000       1.0000000
      0.00000      0.49000000       0.0000000       1.0000000
      0.00000      0.49100000       0.0000000       1.0000000
      0.00000      0.49200000       0.0000000       1.0000000
      0.00000      0.49300000       0.0000000       1.0000000
      0.00000      0.49400000       0.0000000       1.0000000
      0.00000      0.49500000       0.0000000       1.0000000
      0.00000      0.49600000       0.0000000       1.0000000
      0.00000      0.49700000       0.0000000       1.0000000
      0.00000      0.49800000       0.0000000       1.0000000
      0.00000      0.49900000       0.0000000       1.0000000
      0.00000      0.50000000       0.0000000       1.0000000
      0.00000      0.50100000       0.0000000       1.0000000
      0.00000      0.50200000       0.0000000       1.0000000
      0.00000      0.50300000       0.0000000       1.0000000
      0.00000      0.50400000       0.0000000       1.0000000
      0.00000      0.50500000       0.0000000       1.0000000
      0.00000      0.50600000       0.0000000       1.0000000
      0.00000      0.50700000       0.0000000       1.0000000
      0.00000      0.50800000       0.0000000       1.0000000
      0.00000      0.50900000       0.0000000       1.0000000
      0.00000      0.51000000       0.0000000       1.0000000
      0.00000      0.51100000       0.0000000       1.0000000
      0.00000      0.51200000       0.0000000       1.0000000
      0.00000      0.51300000       0.0000000       1.0000000
      0.00000      0.51400000       0.0000000       1.0000000
      0.00000      0.51500000       0.0000000       1.0000000
      0.00000      0.51600000       0.0000000       1.0000000
      0.00000      0.51700000       0.0000000       1.0000000
      0.00000      0.51800000       0.0000000       1.0000000
      0.00000      0.51900000       0.0000000       1.0000000
      0.00000      0.52000000       0.0000000       1.0000000
      0.00000      0.52100000       0.0000000       1.0000000
      0.00000      0.52200000       0.0000000       1.0000000
      0.00000      0.52300000       0.0000000       1.0000000
      0.00000      0.52400000       0.0000000       1.0000000
      0.00000      0.52500000       0.0000000       1.0000000
      0.00000      0.52600000       0.0000000       1.0000000
      0.00000      0.52700000       0.0000000       1.0000000
      0.00000      0.52800000       0.0000000       1.0000000
      0.00000      0.52900000       0.0000000       1.0000000
      0.00000      0.53000000       0.0000000       1.0000000
      0.00000      0.53100000       0.0000000       1.0000000
      0.00000      0.53200000       0.0000000       1.0000000
      0.00000      0.53300000       0.0000000       1.0000000
      0.00000      0.53400000       0.0000000       1.0000000
      0.00000      0.53500000       0.0000000       1.0000000
      0.00000      0.53600000       0.0000000       1.0000000
      0.00000      0.53700000       0.0000000       1.0000000
      0.00000      0.53800000       0.0000000       1.0000000
      0.00000      0.53900000       0.0000000       1.0000000
      0.00000      0.54000000       0.0000000       1.0000000
      0.00000      0.54100000       0.0000000       1.0000000
      0.00000      0.54200000       0.0000000       1.0000000
      0.00000      0.54300000       0.0000000       1.0000000
      0.00000      0.54400000       0.0000000       1.0000000
      0.00000      0.54500000       0.0000000       1.0000000
      0.00000      0.54600000       0.0000000       1.0000000
      0.00000      0.54700000       0.0000000       1.0000000
      0.00000      0.54800000       0.0000000       1.0000000
      0.00000      0.54900000       0.0000000       1.0000000
      0.00000      0.55000000       0.0000000       1.0000000
      0.00000      0.55100000       0.0000000       1.0000000
      0.00000      0.55200000       0.0000000       1.0000000
      0.00000      0.55300000       0.0000000       1.0000000
      0.00000      0.55400000       0.0000000       1.0000000
      0.00000      0.55500000       0.0000000       1.0000000
      0.00000      0.55600000       0.0000000       1.0000000
      0.00000      0.55700000       0.0000000       1.0000000
      0.00000      0.55800000       0.0000000       1.0000000
      0.00000      0.55900000       0.0000000       1.0000000
      0.00000      0.56000000       0.0000000       1.0000000
      0.00000      0.56100000       0.0000000       1.0000000
      0.00000      0.56200000       0.0000000       1.0000000
      0.00000      0.56300000       0.0000000       1.0000000
      0.00000      0.56400000       0.0000000       1.0000000
      0.00000      0.56500000       0.0000000       1.0000000
      0.00000      0.56600000       0.0000000       1.0000000
      0.00000      0.56700000       0.0000000       1.0000000
      0.00000      0.56800000       0.0000000       1.0000000
      0.00000      0.56900000       0.0000000       1.0000000
      0.00000      0.57000000       0.0000000       1.0000000
      0.00000      0.57100000       0.0000000       1.0000000
      0.00000      0.57200000       0.0000000       1.0000000
      0.00000      0.57300000       0.0000000       1.0000000
      0.00000      0.57400000       0.0000000       1.0000000
      0.00000      0.57500000       0.0000000       1.0000000
      0.00000      0.57600000       0.0000000       1.0000000
      0.00000      0.57700000       0.0000000       1.0000000
      0.00000      0.57800000       0.0000000       1.0000000
      0.00000      0.57900000       0.0000000       1.0000000
      0.00000      0.58000000       0.0000000       1.0000000
      0.00000      0.58100000       0.0000000       1.0000000
      0.00000      0.58200000       0.0000000       1.0000000
      0.00000      0.58300000       0.0000000       1.0000000
      0.00000      0.58400000       0.0000000       1.0000000
      0.00000      0.58500000       0.0000000       1.0000000
      0.00000      0.58600000       0.0000000       1.0000000
      0.00000      0.58700000       0.0000000       1.0000000
      0.00000      0.58800000       0.0000000       1.0000000
      0.00000      0.58900000       0.0000000       1.0000000
      0.00000      0.59000000       0.0000000       1.0000000
      0.00000      0.59100000       0.0000000       1.0000000
      0.00000      0.59200000       0.0000000       1.0000000
      0.00000      0.59300000       0.0000000       1.0000000
      0.00000      0.59400000       0.0000000       1.0000000
      0.00000      0.59500000       0.0000000       1.0000000
      0.00000      0.59600000       0.0000000       1.0000000
      0.00000      0.59700000       0.0000000       1.0000000
      0.00000      0.59800000       0.0000000       1.0000000
      0.00000      0.59900000       0.0000000       1.0000000
      0.00000      0.60000000       0.0000000       1.0000000
      0.00000      0.60100000       0.0000000       1.0000000
      0.00000      0.60200000       0.0000000       1.0000000
      0.00000      0.60300000       0.0000000       1.0000000
      0.00000      0.60400000       0.0000000       1.0000000
      0.00000      0.60500000       0.0000000       1.0000000
      0.00000      0.60600000       0.0000000       1.0000000
      0.00000      0.60700000       0.0000000       1.0000000
      0.00000      0.60800000       0.0000000       1.0000000
      0.00000      0.60900000       0.0000000       1.0000000
      0.00000      0.61000000       0.0000000       1.0000000
      0.00000      0.61100000       0.0000000       1.0000000
      0.00000      0.61200000       0.0000000       1.0000000
      0.00000      0.61300000       0.0000000       1.0000000
      0.00000      0.61400000       0.0000000       1.0000000
      0.00000      0.61500000       0.0000000       1.0000000
      0.00000      0.61600000       0.0000000       1.0000000
      0.00000      0.61700000       0.0000000       1.0000000
      0.00000      0.61800000       0.0000000       1.0000000
      0.00000      0.61900000       0.0000000       1.0000000
      0.00000      0.62000000       0.0000000       1.0000000
      0.00000      0.62100000       0.0000000       1.0000000
      0.00000      0.62200000       0.0000000       1.0000000
      0.00000      0.62300000       0.0000000       1.0000000
      0.00000      0.62400000       0.0000000       1.0000000
      0.00000      0.62500000       0.0000000       1.0000000
      0.00000      0.62600000       0.0000000       1.0000000
      0.00000      0.62700000       0.0000000       1.0000000
      0.00000      0.62800000       0.0000000       1.0000000
      0.00000      0.62900000       0.0000000       1.0000000
      0.00000      0.63000000       0.0000000       1.0000000
      0.00000      0.63100000       0.0000000       1.0000000
      0.00000      0.63200000       0.0000000       1.0000000
      0.00000      0.63300000       0.0000000       1.0000000
      0.00000      0.63400000       0.0000000       1.0000000
      0.00000      0.63500000       0.0000000       1.0000000
      0.00000      0.63600000       0.0000000       1.0000000
      0.00000      0.63700000       0.0000000       1.0000000
      0.00000      0.63800000       0.0000000       1.0000000
      0.00000      0.63900000       0.0000000       1.0000000
      0.00000      0.64000000       0.0000000       1.0000000
      0.00000      0.64100000       0.0000000       1.0000000
      0.00000      0.64200000       0.0000000       1.0000000
      0.00000      0.64300000       0.0000000       1.0000000
      0.00000      0.64400000       0.0000000       1.0000000
      0.00000      0.64500000       0.0000000       1.0000000
      0.00000      0.64600000       0.0000000       1.0000000
      0.00000      0.64700000       0.0000000       1.0000000
      0.00000      0.64800000       0.0000000       1.0000000
      0.00000      0.64900000       0.0000000       1.0000000
      0.00000      0.65000000       0.0000000       1.0000000
      0.00000      0.65100000       0.0000000       1.0000000
      0.00000      0.65200000       0.0000000       1.0000000
      0.00000      0.65300000       0.0000000       1.0000000
      0.00000      0.65400000       0.0000000       1.0000000
      0.00000      0.65500000       0.0000000       1.0000000
      0.00000      0.65600000       0.0000000       1.0000000
      0.00000      0.65700000       0.0000000       1.0000000
      0.00000      0.65800000       0.0000000       1.0000000
      0.00000      0.65900000       0.0000000       1.0000000
      0.00000      0.66000000       0.0000000       1.0000000
      0.00000      0.66100000       0.0000000       1.0000000
      0.00000      0.66200000       0.0000000       1.0000000
      0.00000      0.66300000       0.0000000       1.0000000
      0.00000      0.66400000       0.0000000       1.0000000
      0.00000      0.66500000       0.0000000       1.0000000
      0.00000      0.66600000       0.0000000       1.0000000
      0.00000      0.66700000       0.0000000       1.0000000
      0.00000      0.66800000       0.0000000       1.0000000
      0.00000      0.66900000       0.0000000       1.0000000
      0.00000      0.67000000       0.0000000       1.0000000
      0.00000      0.67100000       0.0000000       1.0000000
      0.00000      0.67200000       0.0000000       1.0000000
      0.00000      0.67300000       0.0000000       1.0000000
      0.00000      0.67400000       0.0000000       1.0000000
      0.00000      0.67500000       0.0000000       1.0000000
      0.00000      0.67600000       0.0000000       1.0000000
      0.00000      0.67700000       0.0000000       1.0000000
      0.00000      0.67800000       0.0000000       1.0000000
      0.00000      0.67900000       0.0000000       1.0000000
      0.00000      0.68000000       0.0000000       1.0000000
      0.00000      0.68100000       0.0000000       1.0000000
      0.00000      0.68200000       0.0000000       1.0000000
      0.00000      0.68300000       0.0000000       1.0000000
      0.00000      0.68400000       0.0000000       1.0000000
      0.00000      0.68500000       0.0000000       1.0000000
      0.00000      0.68600000       0.0000000       1.0000000
      0.00000      0.68700000       0.0000000       1.0000000
      0.00000      0.68800000       0.0000000       1.0000000
      0.00000      0.68900000       0.0000000       1.0000000
      0.00000      0.69000000       0.0000000       1.0000000
      0.00000      0.69100000       0.0000000       1.0000000
      0.00000      0.69200000       0.0000000       1.0000000
      0.00000      0.69300000       0.0000000       1.0000000
      0.00000      0.69400000       0.0000000       1.0000000
      0.00000      0.69500000       0.0000000       1.0000000
      0.00000      0.69600000       0.0000000       1.0000000
      0.00000      0.69700000       0.0000000       1.0000000
      0.00000      0.69800000       0.0000000       1.0000000
      0.00000      0.69900000       0.0000000       1.0000000
      0.00000      0.70000000       0.0000000       1.0000000
      0.00000      0.70100000       0.0000000       1.0000000
      0.00000      0.70200000       0.0000000       1.0000000
      0.00000      0.70300000       0.0000000       1.0000000
      0.00000      0.70400000       0.0000000       1.0000000
      0.00000      0.70500000       0.0000000       1.0000000
      0.00000      0.70600000       0.0000000       1.0000000
      0.00000      0.70700000       0.0000000       1.0000000
      0.00000      0.70800000       0.0000000       1.0000000
      0.00000      0.70900000       0.0000000       1.0000000
      0.00000      0.71000000       0.0000000       1.0000000
      0.00000      0.71100000       0.0000000       1.0000000
      0.00000      0.71200000       0.0000000       1.0000000
      0.00000      0.71300000       0.0000000       1.0000000
      0.00000      0.71400000       0.0000000       1.0000000
      0.00000      0.71500000       0.0000000       1.0000000
      0.00000      0.71600000       0.0000000       1.0000000
      0.00000      0.71700000       0.0000000       1.0000000
      0.00000      0.71800000       0.0000000       1.0000000
      0.00000      0.71900000       0.0000000       1.0000000
      0.00000      0.72000000       0.0000000       1.0000000
      0.00000      0.72100000       0.0000000       1.0000000
      0.00000      0.72200000       0.0000000       1.0000000
      0.00000      0.72300000       0.0000000       1.0000000
      0.00000      0.72400000       0.0000000       1.0000000
      0.00000      0.72500000       0.0000000       1.0000000
      0.00000      0.72600000       0.0000000       1.0000000
      0.00000      0.72700000       0.0000000       1.0000000
      0.00000      0.72800000       0.0000000       1.0000000
      0.00000      0.72900000       0.0000000       1.0000000
      0.00000      0.73000000       0.0000000       1.0000000
      0.00000      0.73100000       0.0000000       1.0000000
      0.00000      0.73200000       0.0000000       1.0000000
      0.00000      0.73300000       0.0000000       1.0000000
      0.00000      0.73400000       0.0000000       1.0000000
      0.00000      0.73500000       0.0000000       1.0000000
      0.00000      0.73600000       0.0000000       1.0000000
      0.00000      0.73700000       0.0000000       1.0000000
      0.00000      0.73800000       0.0000000       1.0000000
      0.00000      0.73900000       0.0000000       1.0000000
      0.00000      0.74000000       0.0000000       1.0000000
      0.00000      0.74100000       0.0000000       1.0000000
      0.00000      0.74200000       0.0000000       1.0000000
      0.00000      0.74300000       0.0000000       1.0000000
      0.00000      0.74400000       0.0000000       1.0000000
      0.00000      0.74500000       0.0000000       1.0000000
      0.00000      0.74600000       0.0000000       1.0000000
      0.00000      0.74700000       0.0000000       1.0000000
      0.00000      0.74800000       0.0000000       1.0000000
      0.00000      0.74900000       0.0000000       1.0000000
      0.00000      0.75000000       0.0000000       1.0000000
      0.00000      0.75100000       0.0000000       1.0000000
      0.00000      0.75200000       0.0000000       1.0000000
      0.00000      0.75300000       0.0000000       1.0000000
      0.00000      0.75400000       0.0000000       1.0000000
      0.00000      0.75500000       0.0000000       1.0000000
      0.00000      0.75600000       0.0000000       1.0000000
      0.00000      0.75700000       0.0000000       1.0000000
      0.00000      0.75800000       0.0000000       1.0000000
      0.00000      0.75900000       0.0000000       1.0000000
      0.00000      0.76000000       0.0000000       1.0000000
      0.00000      0.76100000       0.0000000       1.0000000
      0.00000      0.76200000       0.0000000       1.0000000
      0.00000      0.76300000       0.0000000       1.0000000
      0.00000      0.76400000       0.0000000       1.0000000
      0.00000      0.76500000       0.0000000       1.0000000
      0.00000      0.76600000       0.0000000       1.0000000
      0.00000      0.76700000       0.0000000       1.0000000
      0.00000      0.76800000       0.0000000       1.0000000
      0.00000      0.76900000       0.0000000       1.0000000
      0.00000      0.77000000       0.0000000       1.0000000
      0.00000      0.77100000       0.0000000       1.0000000
      0.00000      0.77200000       0.0000000       1.0000000
      0.00000      0.77300000       0.0000000       1.0000000
      0.00000      0.77400000       0.0000000       1.0000000
      0.00000      0.77500000       0.0000000       1.0000000
      0.00000      0.77600000       0.0000000       1.0000000
      0.00000      0.77700000       0.0000000       1.0000000
      0.00000      0.77800000       0.0000000       1.0000000
      0.00000      0.77900000       0.0000000       1.0000000
      0.00000      0.78000000       0.0000000       1.0000000
      0.00000      0.78100000       0.0000000       1.0000000
      0.00000      0.78200000       0.0000000       1.0000000
      0.00000      0.78300000       0.0000000       1.0000000
      0.00000      0.78400000       0.0000000       1.0000000
      0.00000      0.78500000       0.0000000       1.0000000
      0.00000      0.78600000       0.0000000       1.0000000
      0.00000      0.78700000       0.0000000       1.0000000
      0.00000      0.78800000       0.0000000       1.0000000
      0.00000      0.78900000       0.0000000       1.0000000
      0.00000      0.79000000       0.0000000       1.0000000
      0.00000      0.79100000       0.0000000       1.0000000
      0.00000      0.79200000       0.0000000       1.0000000
      0.00000      0.79300000       0.0000000       1.0000000
      0.00000      0.79400000       0.0000000       1.0000000
      0.00000      0.79500000       0.0000000       1.0000000
      0.00000      0.79600000       0.0000000       1.0000000
      0.00000      0.79700000       0.0000000       1.0000000
      0.00000      0.79800000       0.0000000       1.0000000
      0.00000      0.79900000       0.0000000       1.0000000
      0.00000      0.80000000       0.0000000       1.0000000
      0.00000      0.80100000       0.0000000       1.0000000
      0.00000      0.80200000       0.0000000       1.0000000
      0.00000      0.80300000       0.0000000       1.0000000
      0.00000      0.80400000       0.0000000       1.0000000
      0.00000      0.80500000       0.0000000       1.0000000
      0.00000      0.80600000       0.0000000       1.0000000
      0.00000      0.80700000       0.0000000       1.0000000
      0.00000      0.80800000       0.0000000       1.0000000
      0.00000      0.80900000       0.0000000       1.0000000
      0.00000      0.81000000       0.0000000       1.0000000
      0.00000      0.81100000       0.0000000       1.0000000
      0.00000      0.81200000       0.0000000       1.0000000
      0.00000      0.81300000       0.0000000       1.0000000
      0.00000      0.81400000       0.0000000       1.0000000
      0.00000      0.81500000       0.0000000       1.0000000
      0.00000      0.81600000       0.0000000       1.0000000
      0.00000      0.81700000       0.0000000       1.0000000
      0.00000      0.81800000       0.0000000       1.0000000
      0.00000      0.81900000       0.0000000       1.0000000
      0.00000      0.82000000       0.0000000       1.0000000
      0.00000      0.82100000       0.0000000       1.0000000
      0.00000      0.82200000       0.0000000       1.0000000
      0.00000      0.82300000       0.0000000       1.0000000
      0.00000      0.82400000       0.0000000       1.0000000
      0.00000      0.82500000       0.0000000       1.0000000
      0.00000      0.82600000       0.0000000       1.0000000
      0.00000      0.82700000       0.0000000       1.0000000
      0.00000      0.82800000       0.0000000       1.0000000
      0.00000      0.82900000       0.0000000       1.0000000
      0.00000      0.83000000       0.0000000       1.0000000
      0.00000      0.83100000       0.0000000       1.0000000
      0.00000      0.83200000       0.0000000       1.0000000
      0.00000      0.83300000       0.0000000       1.0000000
      0.00000      0.83400000       0.0000000       1.0000000
      0.00000      0.83500000       0.0000000       1.0000000
      0.00000      0.83600000       0.0000000       1.0000000
      0.00000      0.83700000       0.0000000       1.0000000
      0.00000      0.83800000       0.0000000       1.0000000
      0.00000      0.83900000       0.0000000       1.0000000
      0.00000      0.84000000       0.0000000       1.0000000
      0.00000      0.84100000       0.0000000       1.0000000
      0.00000      0.84200000       0.0000000       1.0000000
      0.00000      0.84300000       0.0000000       1.0000000
      0.00000      0.84400000       0.0000000       1.0000000
      0.00000      0.84500000       0.0000000       1.0000000
      0.00000      0.84600000       0.0000000       1.0000000
      0.00000      0.84700000       0.0000000       1.0000000
      0.00000      0.84800000       0.0000000       1.0000000
      0.00000      0.84900000       0.0000000       1.0000000
      0.00000      0.85000000       0.0000000       1.0000000
      0.00000      0.85100000       0.0000000       1.0000000
      0.00000      0.85200000       0.0000000       1.0000000
      0.00000      0.85300000       0.0000000       1.0000000
      0.00000      0.85400000       0.0000000       1.0000000
      0.00000      0.85500000       0.0000000       1.0000000
      0.00000      0.85600000       0.0000000       1.0000000
      0.00000      0.85700000       0.0000000       1.0000000
      0.00000      0.85800000       0.0000000       1.0000000
      0.00000      0.85900000       0.0000000       1.0000000
      0.00000      0.86000000       0.0000000       1.0000000
      0.00000      0.86100000       0.0000000       1.0000000
      0.00000      0.86200000       0.0000000       1.0000000
      0.00000      0.86300000       0.0000000       1.0000000
      0.00000      0.86400000       0.0000000       1.0000000
      0.00000      0.86500000       0.0000000       1.0000000
      0.00000      0.86600000       0.0000000       1.0000000
      0.00000      0.86700000       0.0000000       1.0000000
      0.00000      0.86800000       0.0000000       1.0000000
      0.00000      0.86900000       0.0000000       1.0000000
      0.00000      0.87000000       0.0000000       1.0000000
      0.00000      0.87100000       0.0000000       1.0000000
      0.00000      0.87200000       0.0000000       1.0000000
      0.00000      0.87300000       0.0000000       1.0000000
      0.00000      0.87400000       0.0000000       1.0000000
      0.00000      0.87500000       0.0000000       1.0000000
      0.00000      0.87600000       0.0000000       1.0000000
      0.00000      0.87700000       0.0000000       1.0000000
      0.00000      0.87800000       0.0000000       1.0000000
      0.00000      0.87900000       0.0000000       1.0000000
      0.00000      0.88000000       0.0000000       1.0000000
      0.00000      0.88100000       0.0000000       1.0000000
      0.00000      0.88200000       0.0000000       1.0000000
      0.00000      0.88300000       0.0000000       1.0000000
      0.00000      0.88400000       0.0000000       1.0000000
      0.00000      0.88500000       0.0000000       1.0000000
      0.00000      0.88600000       0.0000000       1.0000000
      0.00000      0.88700000       0.0000000       1.0000000
      0.00000      0.88800000       0.0000000       1.0000000
      0.00000      0.88900000       0.0000000       1.0000000
      0.00000      0.89000000       0.0000000       1.0000000
      0.00000      0.89100000       0.0000000       1.0000000
      0.00000      0.89200000       0.0000000       1.0000000
      0.00000      0.89300000       0.0000000       1.0000000
      0.00000      0.89400000       0.0000000       1.0000000
      0.00000      0.89500000       0.0000000       1.0000000
      0.00000      0.89600000       0.0000000       1.0000000
      0.00000      0.89700000       0.0000000       1.0000000
      0.00000      0.89800000       0.0000000       1.0000000
      0.00000      0.89900000       0.0000000       1.0000000
      0.00000      0.90000000       0.0000000       1.0000000
      0.00000      0.90100000       0.0000000       1.0000000
      0.00000      0.90200000       0.0000000       1.0000000
      0.00000      0.90300000       0.0000000       1.0000000
      0.00000      0.90400000       0.0000000       1.0000000
      0.00000      0.90500000       0.0000000       1.0000000
      0.00000      0.90600000       0.0000000       1.0000000
      0.00000      0.90700000       0.0000000       1.0000000
      0.00000      0.90800000       0.0000000       1.0000000
      0.00000      0.90900000       0.0000000       1.0000000
      0.00000      0.91000000       0.0000000       1.0000000
      0.00000      0.91100000       0.0000000       1.0000000
      0.00000      0.91200000       0.0000000       1.0000000
      0.00000      0.91300000       0.0000000       1.0000000
      0.00000      0.91400000       0.0000000       1.0000000
      0.00000      0.91500000       0.0000000       1.0000000
      0.00000      0.91600000       0.0000000       1.0000000
      0.00000      0.91700000       0.0000000       1.0000000
      0.00000      0.91800000       0.0000000       1.0000000
      0.00000      0.91900000       0.0000000       1.0000000
      0.00000      0.92000000       0.0000000       1.0000000
      0.00000      0.92100000       0.0000000       1.0000000
      0.00000      0.92200000       0.0000000       1.0000000
      0.00000      0.92300000       0.0000000       1.0000000
      0.00000      0.92400000       0.0000000       1.0000000
      0.00000      0.92500000       0.0000000       1.0000000
      0.00000      0.92600000       0.0000000       1.0000000
      0.00000      0.92700000       0.0000000       1.0000000
      0.00000      0.92800000       0.0000000       1.0000000
      0.00000      0.92900000       0.0000000       1.0000000
      0.00000      0.93000000       0.0000000       1.0000000
      0.00000      0.93100000       0.0000000       1.0000000
      0.00000      0.93200000       0.0000000       1.0000000
      0.00000      0.93300000       0.0000000       1.0000000
      0.00000      0.93400000       0.0000000       1.0000000
      0.00000      0.93500000       0.0000000       1.0000000
      0.00000      0.93600000       0.0000000       1.0000000
      0.00000      0.93700000       0.0000000       1.0000000
      0.00000      0.93800000       0.0000000       1.0000000
      0.00000      0.93900000       0.0000000       1.0000000
      0.00000      0.94000000       0.0000000       1.0000000
      0.00000      0.94100000       0.0000000       1.0000000
      0.00000      0.94200000       0.0000000       1.0000000
      0.00000      0.94300000       0.0000000       1.0000000
      0.00000      0.94400000       0.0000000       1.0000000
      0.00000      0.94500000       0.0000000       1.0000000
      0.00000      0.94600000       0.0000000       1.0000000
      0.00000      0.94700000       0.0000000       1.0000000
      0.00000      0.94800000       0.0000000       1.0000000
      0.00000      0.94900000       0.0000000       1.0000000
      0.00000      0.95000000       0.0000000       1.0000000
      0.00000      0.95100000       0.0000000       1.0000000
      0.00000      0.95200000       0.0000000       1.0000000
      0.00000      0.95300000       0.0000000       1.0000000
      0.00000      0.95400000       0.0000000       1.0000000
      0.00000      0.95500000       0.0000000       1.0000000
      0.00000      0.95600000       0.0000000       1.0000000
      0.00000      0.95700000       0.0000000       1.0000000
      0.00000      0.95800000       0.0000000       1.0000000
      0.00000      0.95900000       0.0000000       1.0000000
      0.00000      0.96000000       0.0000000       1.0000000
      0.00000      0.96100000       0.0000000       1.0000000
      0.00000      0.96200000       0.0000000       1.0000000
      0.00000      0.96300000       0.0000000       1.0000000
      0.00000      0.96400000       0.0000000       1.0000000
      0.00000      0.96500000       0.0000000       1.0000000
      0.00000      0.96600000       0.0000000       1.0000000
      0.00000      0.96700000       0.0000000       1.0000000
      0.00000      0.96800000       0.0000000       1.0000000
      0.00000      0.96900000       0.0000000       1.0000000
      0.00000      0.97000000       0.0000000       1.0000000
      0.00000      0.97100000       0.0000000       1.0000000
      0.00000      0.97200000       0.0000000       1.0000000
      0.00000      0.97300000       0.0000000       1.0000000
      0.00000      0.97400000       0.0000000       1.0000000
      0.00000      0.97500000       0.0000000       1.0000000
      0.00000      0.97600000       0.0000000       1.0000000
      0.00000      0.97700000       0.0000000       1.0000000
      0.00000      0.97800000       0.0000000       1.0000000
      0.00000      0.97900000       0.0000000       1.0000000
      0.00000      0.98000000       0.0000000       1.0000000
      0.00000      0.98100000       0.0000000       1.0000000
      0.00000      0.98200000       0.0000000       1.0000000
      0.00000      0.98300000       0.0000000       1.0000000
      0.00000      0.98400000       0.0000000       1.0000000
      0.00000      0.98500000       0.0000000       1.0000000
      0.00000      0.98600000       0.0000000       1.0000000
      0.00000      0.98700000       0.0000000       1.0000000
      0.00000      0.98800000       0.0000000       1.0000000
      0.00000      0.98900000       0.0000000       1.0000000
      0.00000      0.99000000       0.0000000       1.0000000
      0.00000      0.99100000       0.0000000       1.0000000
      0.00000      0.99200000       0.0000000       1.0000000
      0.00000      0.99300000       0.0000000       1.0000000
      0.00000      0.99400000       0.0000000       1.0000000
      0.00000      0.99500000       0.0000000       1.0000000
      0.00000      0.99600000       0.0000000       1.0000000
      0.00000      0.99700000       0.0000000       1.0000000
      0.00000      0.99800000       0.0000000       1.0000000
      0.00000      0.99900000       0.0000000       1.0000000
      0.00000       1.0000000       0.0000000       1.0000000
      0.00000       1.0010000       0.0000000       1.0000000
      0.00000       1.0020000       0.0000000       1.0000000
      0.00000       1.0030000       0.0000000       1.0000000
      0.00000       1.0040000       0.0000000       1.0000000
      0.00000       1.0050000       0.0000000       1.0000000
      0.00000       1.0060000       0.0000000       1.0000000
      0.00000       1.0070000       0.0000000       1.0000000
      0.00000       1.0080000       0.0000000       1.0000000
      0.00000       1.0090000       0.0000000       1.0000000
      0.00000       1.0100000       0.0000000       1.0000000
      0.00000       1.0110000       0.0000000       1.0000000
      0.00000       1.0120000       0.0000000       1.0000000
      0.00000       1.0130000       0.0000000       1.0000000
      0.00000       1.0140000       0.0000000       1.0000000
      0.00000       1.0150000       0.0000000       1.0000000
      0.00000       1.0160000       0.0000000       1.0000000
      0.00000       1.0170000       0.0000000       1.0000000
      0.00000       1.0180000       0.0000000       1.0000000
      0.00000       1.0190000       0.0000000       1.0000000
      0.00000       1.0200000       0.0000000       1.0000000
      0.00000       1.0210000       0.0000000       1.0000000
      0.00000       1.0220000       0.0000000       1.0000000
      0.00000       1.0230000       0.0000000       1.0000000
      0.00000       1.0240000       0.0000000       1.0000000
      0.00000       1.0250000       0.0000000       1.0000000
      0.00000       1.0260000       0.0000000       1.0000000
      0.00000       1.0270000       0.0000000       1.0000000
      0.00000       1.0280000       0.0000000       1.0000000
      0.00000       1.0290000       0.0000000       1.0000000
      0.00000       1.0300000       0.0000000       1.0000000
      0.00000       1.0310000       0.0000000       1.0000000
      0.00000       1.0320000       0.0000000       1.0000000
      0.00000       1.0330000       0.0000000       1.0000000
      0.00000       1.0340000       0.0000000       1.0000000
      0.00000       1.0350000       0.0000000       1.0000000
      0.00000       1.0360000       0.0000000       1.0000000
      0.00000       1.0370000       0.0000000       1.0000000
      0.00000       1.0380000       0.0000000       1.0000000
      0.00000       1.0390000       0.0000000       1.0000000
      0.00000       1.0400000       0.0000000       1.0000000
      0.00000       1.0410000       0.0000000       1.0000000
      0.00000       1.0420000       0.0000000       1.0000000
      0.00000       1.0430000       0.0000000       1.0000000
      0.00000       1.0440000       0.0000000       1.0000000
      0.00000       1.0450000       0.0000000       1.0000000
      0.00000       1.0460000       0.0000000       1.0000000
      0.00000       1.0470000       0.0000000       1.0000000
      0.00000       1.0480000       0.0000000       1.0000000
      0.00000       1.0490000       0.0000000       1.0000000
      0.00000       1.0500000       0.0000000       1.0000000
      0.00000       1.0510000       0.0000000       1.0000000
      0.00000       1.0520000       0.0000000       1.0000000
      0.00000       1.0530000       0.0000000       1.0000000
      0.00000       1.0540000       0.0000000       1.0000000
      0.00000       1.0550000       0.0000000       1.0000000
      0.00000       1.0560000       0.0000000       1.0000000
      0.00000       1.0570000       0.0000000       1.0000000
      0.00000       1.0580000       0.0000000       1.0000000
      0.00000       1.0590000       0.0000000       1.0000000
      0.00000       1.0600000       0.0000000       1.0000000
      0.00000       1.0610000       0.0000000       1.0000000
      0.00000       1.0620000       0.0000000       1.0000000
      0.00000       1.0630000       0.0000000       1.0000000
      0.00000       1.0640000       0.0000000       1.0000000
      0.00000       1.0650000       0.0000000       1.0000000
      0.00000       1.0660000       0.0000000       1.0000000
      0.00000       1.0670000       0.0000000       1.0000000
      0.00000       1.0680000       0.0000000       1.0000000
      0.00000       1.0690000       0.0000000       1.0000000
      0.00000       1.0700000       0.0000000       1.0000000
      0.00000       1.0710000       0.0000000       1.0000000
      0.00000       1.0720000       0.0000000       1.0000000
      0.00000       1.0730000       0.0000000       1.0000000
      0.00000       1.0740000       0.0000000       1.0000000
      0.00000       1.0750000       0.0000000       1.0000000
      0.00000       1.0760000       0.0000000       1.0000000
      0.00000       1.0770000       0.0000000       1.0000000
      0.00000       1.0780000       0.0000000       1.0000000
      0.00000       1.0790000       0.0000000       1.0000000
      0.00000       1.0800000       0.0000000       1.0000000
      0.00000       1.0810000       0.0000000       1.0000000
      0.00000       1.0820000       0.0000000       1.0000000
      0.00000       1.0830000       0.0000000       1.0000000
      0.00000       1.0840000       0.0000000       1.0000000
      0.00000       1.0850000       0.0000000       1.0000000
      0.00000       1.0860000       0.0000000       1.0000000
      0.00000       1.0870000       0.0000000       1.0000000
      0.00000       1.0880000       0.0000000       1.0000000
      0.00000       1.0890000       0.0000000       1.0000000
      0.00000       1.0900000       0.0000000       1.0000000
      0.00000       1.0910000       0.0000000       1.0000000
      0.00000       1.0920000       0.0000000       1.0000000
      0.00000       1.0930000       0.0000000       1.0000000
      0.00000       1.0940000       0.0000000       1.0000000
      0.00000       1.0950000       0.0000000       1.0000000
      0.00000       1.0960000       0.0000000       1.0000000
      0.00000       1.0970000       0.0000000       1.0000000
      0.00000       1.0980000       0.0000000       1.0000000
      0.00000       1.0990000       0.0000000       1.0000000
      0.00000       1.1000000       0.0000000       1.0000000
      0.00000       1.1010000       0.0000000       1.0000000
      0.00000       1.1020000       0.0000000       1.0000000
      0.00000       1.1030000       0.0000000       1.0000000
      0.00000       1.1040000       0.0000000       1.0000000
      0.00000       1.1050000       0.0000000       1.0000000
      0.00000       1.1060000       0.0000000       1.0000000
      0.00000       1.1070000       0.0000000       1.0000000
      0.00000       1.1080000       0.0000000       1.0000000
      0.00000       1.1090000       0.0000000       1.0000000
      0.00000       1.1100000       0.0000000       1.0000000
      0.00000       1.1110000       0.0000000       1.0000000
      0.00000       1.1120000       0.0000000       1.0000000
      0.00000       1.1130000       0.0000000       1.0000000
      0.00000       1.1140000       0.0000000       1.0000000
      0.00000       1.1150000       0.0000000       1.0000000
      0.00000       1.1160000       0.0000000       1.0000000
      0.00000       1.1170000       0.0000000       1.0000000
      0.00000       1.1180000       0.0000000       1.0000000
      0.00000       1.1190000       0.0000000       1.0000000
      0.00000       1.1200000       0.0000000       1.0000000
      0.00000       1.1210000       0.0000000       1.0000000
      0.00000       1.1220000       0.0000000       1.0000000
      0.00000       1.1230000       0.0000000       1.0000000
      0.00000       1.1240000       0.0000000       1.0000000
      0.00000       1.1250000       0.0000000       1.0000000
      0.00000       1.1260000       0.0000000       1.0000000
      0.00000       1.1270000       0.0000000       1.0000000
      0.00000       1.1280000       0.0000000       1.0000000
      0.00000       1.1290000       0.0000000       1.0000000
      0.00000       1.1300000       0.0000000       1.0000000
      0.00000       1.1310000       0.0000000       1.0000000
      0.00000       1.1320000       0.0000000       1.0000000
      0.00000       1.1330000       0.0000000       1.0000000
      0.00000       1.1340000       0.0000000       1.0000000
      0.00000       1.1350000       0.0000000       1.0000000
      0.00000       1.1360000       0.0000000       1.0000000
      0.00000       1.1370000       0.0000000       1.0000000
      0.00000       1.1380000       0.0000000       1.0000000
      0.00000       1.1390000       0.0000000       1.0000000
      0.00000       1.1400000       0.0000000       1.0000000
      0.00000       1.1410000       0.0000000       1.0000000
      0.00000       1.1420000       0.0000000       1.0000000
      0.00000       1.1430000       0.0000000       1.0000000
      0.00000       1.1440000       0.0000000       1.0000000
      0.00000       1.1450000       0.0000000       1.0000000
      0.00000       1.1460000       0.0000000       1.0000000
      0.00000       1.1470000       0.0000000       1.0000000
      0.00000       1.1480000       0.0000000       1.0000000
      0.00000       1.1490000       0.0000000       1.0000000
      0.00000       1.1500000       0.0000000       1.0000000
      0.00000       1.1510000       0.0000000       1.0000000
      0.00000       1.1520000       0.0000000       1.0000000
      0.00000       1.1530000       0.0000000       1.0000000
      0.00000       1.1540000       0.0000000       1.0000000
      0.00000       1.1550000       0.0000000       1.0000000
      0.00000       1.1560000       0.0000000       1.0000000
      0.00000       1.1570000       0.0000000       1.0000000
      0.00000       1.1580000       0.0000000       1.0000000
      0.00000       1.1590000       0.0000000       1.0000000
      0.00000       1.1600000       0.0000000       1.0000000
      0.00000       1.1610000       0.0000000       1.0000000
      0.00000       1.1620000       0.0000000       1.0000000
      0.00000       1.1630000       0.0000000       1.0000000
      0.00000       1.1640000       0.0000000       1.0000000
      0.00000       1.1650000       0.0000000       1.0000000
      0.00000       1.1660000       0.0000000       1.0000000
      0.00000       1.1670000       0.0000000       1.0000000
      0.00000       1.1680000       0.0000000       1.0000000
      0.00000       1.1690000       0.0000000       1.0000000
      0.00000       1.1700000       0.0000000       1.0000000
      0.00000       1.1710000       0.0000000       1.0000000
      0.00000       1.1720000       0.0000000       1.0000000
      0.00000       1.1730000       0.0000000       1.0000000
      0.00000       1.1740000       0.0000000       1.0000000
      0.00000       1.1750000       0.0000000       1.0000000
      0.00000       1.1760000       0.0000000       1.0000000
      0.00000       1.1770000       0.0000000       1.0000000
      0.00000       1.1780000       0.0000000       1.0000000
      0.00000       1.1790000       0.0000000       1.0000000
      0.00000       1.1800000       0.0000000       1.0000000
      0.00000       1.1810000       0.0000000       1.0000000
      0.00000       1.1820000       0.0000000       1.0000000
      0.00000       1.1830000       0.0000000       1.0000000
      0.00000       1.1840000       0.0000000       1.0000000
      0.00000       1.1850000       0.0000000       1.0000000
      0.00000       1.1860000       0.0000000       1.0000000
      0.00000       1.1870000       0.0000000       1.0000000
      0.00000       1.1880000       0.0000000       1.0000000
      0.00000       1.1890000       0.0000000       1.0000000
      0.00000       1.1900000       0.0000000       1.0000000
      0.00000       1.1910000       0.0000000       1.0000000
      0.00000       1.1920000       0.0000000       1.0000000
      0.00000       1.1930000       0.0000000       1.0000000
      0.00000       1.1940000       0.0000000       1.0000000
      0.00000       1.1950000       0.0000000       1.0000000
      0.00000       1.1960000       0.0000000       1.0000000
      0.00000       1.1970000       0.0000000       1.0000000
      0.00000       1.1980000       0.0000000       1.0000000
      0.00000       1.1990000       0.0000000       1.0000000
      0.00000       1.2000000       0.0000000       1.0000000
      0.00000       1.2010000       0.0000000       1.0000000
      0.00000       1.2020000       0.0000000       1.0000000
      0.00000       1.2030000       0.0000000       1.0000000
      0.00000       1.2040000       0.0000000       1.0000000
      0.00000       1.2050000       0.0000000       1.0000000
      0.00000       1.2060000       0.0000000       1.0000000
      0.00000       1.2070000       0.0000000       1.0000000
      0.00000       1.2080000       0.0000000       1.0000000
      0.00000       1.2090000       0.0000000       1.0000000
      0.00000       1.2100000       0.0000000       1.0000000
      0.00000       1.2110000       0.0000000       1.0000000
      0.00000       1.2120000       0.0000000       1.0000000
      0.00000       1.2130000       0.0000000       1.0000000
      0.00000       1.2140000       0.0000000       1.0000000
      0.00000       1.2150000       0.0000000       1.0000000
      0.00000       1.2160000       0.0000000       1.0000000
      0.00000       1.2170000       0.0000000       1.0000000
      0.00000       1.2180000       0.0000000       1.0000000
      0.00000       1.2190000       0.0000000       1.0000000
      0.00000       1.2200000       0.0000000       1.0000000
      0.00000       1.2210000       0.0000000       1.0000000
      0.00000       1.2220000       0.0000000       1.0000000
      0.00000       1.2230000       0.0000000       1.0000000
      0.00000       1.2240000       0.0000000       1.0000000
      0.00000       1.2250000       0.0000000       1.0000000
      0.00000       1.2260000       0.0000000       1.0000000
      0.00000       1.2270000       0.0000000       1.0000000
      0.00000       1.2280000       0.0000000       1.0000000
      0.00000       1.2290000       0.0000000       1.0000000
      0.00000       1.2300000       0.0000000       1.0000000
      0.00000       1.2310000       0.0000000       1.0000000
      0.00000       1.2320000       0.0000000       1.0000000
      0.00000       1.2330000       0.0000000       1.0000000
      0.00000       1.2340000       0.0000000       1.0000000
      0.00000       1.2350000       0.0000000       1.0000000
      0.00000       1.2360000       0.0000000       1.0000000
      0.00000       1.2370000       0.0000000       1.0000000
      0.00000       1.2380000       0.0000000       1.0000000
      0.00000       1.2390000       0.0000000       1.0000000
      0.00000       1.2400000       0.0000000       1.0000000
      0.00000       1.2410000       0.0000000       1.0000000
      0.00000       1.2420000       0.0000000       1.0000000
      0.00000       1.2430000       0.0000000       1.0000000
      0.00000       1.2440000       0.0000000       1.0000000
      0.00000       1.2450000       0.0000000       1.0000000
      0.00000       1.2460000       0.0000000       1.0000000
      0.00000       1.2470000       0.0000000       1.0000000
      0.00000       1.2480000       0.0000000       1.0000000
      0.00000       1.2490000       0.0000000       1.0000000
      0.00000       1.2500000       0.0000000       1.0000000
      0.00000       1.2510000       0.0000000       1.0000000
      0.00000       1.2520000       0.0000000       1.0000000
      0.00000       1.2530000       0.0000000       1.0000000
      0.00000       1.2540000       0.0000000       1.0000000
      0.00000       1.2550000       0.0000000       1.0000000
      0.00000       1.2560000       0.0000000       1.0000000
      0.00000       1.2570000       0.0000000       1.0000000
      0.00000       1.2580000       0.0000000       1.0000000
      0.00000       1.2590000       0.0000000       1.0000000
      0.00000       1.2600000       0.0000000       1.0000000
      0.00000       1.2610000       0.0000000       1.0000000
      0.00000       1.2620000       0.0000000       1.0000000
      0.00000       1.2630000       0.0000000       1.0000000
      0.00000       1.2640000       0.0000000       1.0000000
      0.00000       1.2650000       0.0000000       1.0000000
      0.00000       1.2660000       0.0000000       1.0000000
      0.00000       1.2670000       0.0000000       1.0000000
      0.00000       1.2680000       0.0000000       1.0000000
      0.00000       1.2690000       0.0000000       1.0000000
      0.00000       1.2700000       0.0000000       1.0000000
      0.00000       1.2710000       0.0000000       1.0000000
      0.00000       1.2720000       0.0000000       1.0000000
      0.00000       1.2730000       0.0000000       1.0000000
      0.00000       1.2740000       0.0000000       1.0000000
      0.00000       1.2750000       0.0000000       1.0000000
      0.00000       1.2760000       0.0000000       1.0000000
      0.00000       1.2770000       0.0000000       1.0000000
      0.00000       1.2780000       0.0000000       1.0000000
      0.00000       1.2790000       0.0000000       1.0000000
      0.00000       1.2800000       0.0000000       1.0000000
      0.00000       1.2810000       0.0000000       1.0000000
      0.00000       1.2820000       0.0000000       1.0000000
      0.00000       1.2830000       0.0000000       1.0000000
      0.00000       1.2840000       0.0000000       1.0000000
      0.00000       1.2850000       0.0000000       1.0000000
      0.00000       1.2860000       0.0000000       1.0000000
      0.00000       1.2870000       0.0000000       1.0000000
      0.00000       1.2880000       0.0000000       1.0000000
      0.00000       1.2890000       0.0000000       1.0000000
      0.00000       1.2900000       0.0000000       1.0000000
      0.00000       1.2910000       0.0000000       1.0000000
      0.00000       1.2920000       0.0000000       1.0000000
      0.00000       1.2930000       0.0000000       1.0000000
      0.00000       1.2940000       0.0000000       1.0000000
      0.00000       1.2950000       0.0000000       1.0000000
      0.00000       1.2960000       0.0000000       1.0000000
      0.00000       1.2970000       0.0000000       1.0000000
      0.00000       1.2980000       0.0000000       1.0000000
      0.00000       1.2990000       0.0000000       1.0000000
      0.00000       1.3000000       0.0000000       1.0000000
      0.00000       1.3010000       0.0000000       1.0000000
      0.00000       1.3020000       0.0000000       1.0000000
      0.00000       1.3030000       0.0000000       1.0000000
      0.00000       1.3040000       0.0000000       1.0000000
      0.00000       1.3050000       0.0000000       1.0000000
      0.00000       1.3060000       0.0000000       1.0000000
      0.00000       1.3070000       0.0000000       1.0000000
      0.00000       1.3080000       0.0000000       1.0000000
      0.00000       1.3090000       0.0000000       1.0000000
      0.00000       1.3100000       0.0000000       1.0000000
      0.00000       1.3110000       0.0000000       1.0000000
      0.00000       1.3120000       0.0000000       1.0000000
      0.00000       1.3130000       0.0000000       1.0000000
      0.00000       1.3140000       0.0000000       1.0000000
      0.00000       1.3150000       0.0000000       1.0000000
      0.00000       1.3160000       0.0000000       1.0000000
      0.00000       1.3170000       0.0000000       1.0000000
      0.00000       1.3180000       0.0000000       1.0000000
      0.00000       1.3190000       0.0000000       1.0000000
      0.00000       1.3200000       0.0000000       1.0000000
      0.00000       1.3210000       0.0000000       1.0000000
      0.00000       1.3220000       0.0000000       1.0000000
      0.00000       1.3230000       0.0000000       1.0000000
      0.00000       1.3240000       0.0000000       1.0000000
      0.00000       1.3250000       0.0000000       1.0000000
      0.00000       1.3260000       0.0000000       1.0000000
      0.00000       1.3270000       0.0000000       1.0000000
      0.00000       1.3280000       0.0000000       1.0000000
      0.00000       1.3290000       0.0000000       1.0000000
      0.00000       1.3300000       0.0000000       1.0000000
      0.00000       1.3310000       0.0000000       1.0000000
      0.00000       1.3320000       0.0000000       1.0000000
      0.00000       1.3330000       0.0000000       1.0000000
      0.00000       1.3340000       0.0000000       1.0000000
      0.00000       1.3350000       0.0000000       1.0000000
      0.00000       1.3360000       0.0000000       1.0000000
      0.00000       1.3370000       0.0000000       1.0000000
      0.00000       1.3380000       0.0000000       1.0000000
      0.00000       1.3390000       0.0000000       1.0000000
      0.00000       1.3400000       0.0000000       1.0000000
      0.00000       1.3410000       0.0000000       1.0000000
      0.00000       1.3420000       0.0000000       1.0000000
      0.00000       1.3430000       0.0000000       1.0000000
      0.00000       1.3440000       0.0000000       1.0000000
      0.00000       1.3450000       0.0000000       1.0000000
      0.00000       1.3460000       0.0000000       1.0000000
      0.00000       1.3470000       0.0000000       1.0000000
      0.00000       1.3480000       0.0000000       1.0000000
      0.00000       1.3490000       0.0000000       1.0000000
      0.00000       1.3500000       0.0000000       1.0000000
      0.00000       1.3510000       0.0000000       1.0000000
      0.00000       1.3520000       0.0000000       1.0000000
      0.00000       1.3530000       0.0000000       1.0000000
      0.00000       1.3540000       0.0000000       1.0000000
      0.00000       1.3550000       0.0000000       1.0000000
      0.00000       1.3560000       0.0000000       1.0000000
      0.00000       1.3570000       0.0000000       1.0000000
      0.00000       1.3580000       0.0000000       1.0000000
      0.00000       1.3590000       0.0000000       1.0000000
      0.00000       1.3600000       0.0000000       1.0000000
      0.00000       1.3610000       0.0000000       1.0000000
      0.00000       1.3620000       0.0000000       1.0000000
      0.00000       1.3630000       0.0000000       1.0000000
      0.00000       1.3640000       0.0000000       1.0000000
      0.00000       1.3650000       0.0000000       1.0000000
      0.00000       1.3660000       0.0000000       1.0000000
      0.00000       1.3670000       0.0000000       1.0000000
      0.00000       1.3680000       0.0000000       1.0000000
      0.00000       1.3690000       0.0000000       1.0000000
      0.00000       1.3700000       0.0000000       1.0000000
      0.00000       1.3710000       0.0000000       1.0000000
      0.00000       1.3720000       0.0000000       1.0000000
      0.00000       1.3730000       0.0000000       1.0000000
      0.00000       1.3740000       0.0000000       1.0000000
      0.00000       1.3750000       0.0000000       1.0000000
      0.00000       1.3760000       0.0000000       1.0000000
      0.00000       1.3770000       0.0000000       1.0000000
      0.00000       1.3780000       0.0000000       1.0000000
      0.00000       1.3790000       0.0000000       1.0000000
      0.00000       1.3800000       0.0000000       1.0000000
      0.00000       1.3810000       0.0000000       1.0000000
      0.00000       1.3820000       0.0000000       1.0000000
      0.00000       1.3830000       0.0000000       1.0000000
      0.00000       1.3840000       0.0000000       1.0000000
      0.00000       1.3850000       0.0000000       1.0000000
      0.00000       1.3860000       0.0000000       1.0000000
      0.00000       1.3870000       0.0000000       1.0000000
      0.00000       1.3880000       0.0000000       1.0000000
      0.00000       1.3890000       0.0000000       1.0000000
      0.00000       1.3900000       0.0000000       1.0000000
      0.00000       1.3910000       0.0000000       1.0000000
      0.00000       1.3920000       0.0000000       1.0000000
      0.00000       1.3930000       0.0000000       1.0000000
      0.00000       1.3940000       0.0000000       1.0000000
      0.00000       1.3950000       0.0000000       1.0000000
      0.00000       1.3960000       0.0000000       1.0000000
      0.00000       1.3970000       0.0000000       1.0000000
      0.00000       1.3980000       0.0000000       1.0000000
      0.00000       1.3990000       0.0000000       1.0000000
      0.00000       1.4000000       0.0000000       1.0000000
      0.00000       1.4010000       0.0000000       1.0000000
      0.00000       1.4020000       0.0000000       1.0000000
      0.00000       1.4030000       0.0000000       1.0000000
      0.00000       1.4040000       0.0000000       1.0000000
      0.00000       1.4050000       0.0000000       1.0000000
      0.00000       1.4060000       0.0000000       1.0000000
      0.00000       1.4070000       0.0000000       1.0000000
      0.00000       1.4080000       0.0000000       1.0000000
      0.00000       1.4090000       0.0000000       1.0000000
      0.00000       1.4100000       0.0000000       1.0000000
      0.00000       1.4110000       0.0000000       1.0000000
      0.00000       1.4120000       0.0000000       1.0000000
      0.00000       1.4130000       0.0000000       1.0000000
      0.00000       1.4140000       0.0000000       1.0000000
      0.00000       1.4150000       0.0000000       1.0000000
      0.00000       1.4160000       0.0000000       1.0000000
      0.00000       1.4170000       0.0000000       1.0000000
      0.00000       1.4180000       0.0000000       1.0000000
      0.00000       1.4190000       0.0000000       1.0000000
      0.00000       1.4200000       0.0000000       1.0000000
      0.00000       1.4210000       0.0000000       1.0000000
      0.00000       1.4220000       0.0000000       1.0000000
      0.00000       1.4230000       0.0000000       1.0000000
      0.00000       1.4240000       0.0000000       1.0000000
      0.00000       1.4250000       0.0000000       1.0000000
      0.00000       1.4260000       0.0000000       1.0000000
      0.00000       1.4270000       0.0000000       1.0000000
      0.00000       1.4280000       0.0000000       1.0000000
      0.00000       1.4290000       0.0000000       1.0000000
      0.00000       1.4300000       0.0000000       1.0000000
      0.00000       1.4310000       0.0000000       1.0000000
      0.00000       1.4320000       0.0000000       1.0000000
      0.00000       1.4330000       0.0000000       1.0000000
      0.00000       1.4340000       0.0000000       1.0000000
      0.00000       1.4350000       0.0000000       1.0000000
      0.00000       1.4360000       0.0000000       1.0000000
      0.00000       1.4370000       0.0000000       1.0000000
      0.00000       1.4380000       0.0000000       1.0000000
      0.00000       1.4390000       0.0000000       1.0000000
      0.00000       1.4400000       0.0000000       1.0000000
      0.00000       1.4410000       0.0000000       1.0000000
      0.00000       1.4420000       0.0000000       1.0000000
      0.00000       1.4430000       0.0000000       1.0000000
      0.00000       1.4440000       0.0000000       1.0000000
      0.00000       1.4450000       0.0000000       1.0000000
      0.00000       1.4460000       0.0000000       1.0000000
      0.00000       1.4470000       0.0000000       1.0000000
      0.00000       1.4480000       0.0000000       1.0000000
      0.00000       1.4490000       0.0000000       1.0000000
      0.00000       1.4500000       0.0000000       1.0000000
      0.00000       1.4510000       0.0000000       1.0000000
      0.00000       1.4520000       0.0000000       1.0000000
      0.00000       1.4530000       0.0000000       1.0000000
      0.00000       1.4540000       0.0000000       1.0000000
      0.00000       1.4550000       0.0000000       1.0000000
      0.00000       1.4560000       0.0000000       1.0000000
      0.00000       1.4570000       0.0000000       1.0000000
      0.00000       1.4580000       0.0000000       1.0000000
      0.00000       1.4590000       0.0000000       1.0000000
      0.00000       1.4600000       0.0000000       1.0000000
      0.00000       1.4610000       0.0000000       1.0000000
      0.00000       1.4620000       0.0000000       1.0000000
      0.00000       1.4630000       0.0000000       1.0000000
      0.00000       1.4640000       0.0000000       1.0000000
      0.00000       1.4650000       0.0000000       1.0000000
      0.00000       1.4660000       0.0000000       1.0000000
      0.00000       1.4670000       0.0000000       1.0000000
      0.00000       1.4680000       0.0000000       1.0000000
      0.00000       1.4690000       0.0000000       1.0000000
      0.00000       1.4700000       0.0000000       1.0000000
      0.00000       1.4710000       0.0000000       1.0000000
      0.00000       1.4720000       0.0000000       1.0000000
      0.00000       1.4730000       0.0000000       1.0000000
      0.00000       1.4740000       0.0000000       1.0000000
      0.00000       1.4750000       0.0000000       1.0000000
      0.00000       1.4760000       0.0000000       1.0000000
      0.00000       1.4770000       0.0000000       1.0000000
      0.00000       1.4780000       0.0000000       1.0000000
      0.00000       1.4790000       0.0000000       1.0000000
      0.00000       1.4800000       0.0000000       1.0000000
      0.00000       1.4810000       0.0000000       1.0000000
      0.00000       1.4820000       0.0000000       1.0000000
      0.00000       1.4830000       0.0000000       1.0000000
      0.00000       1.4840000       0.0000000       1.0000000
      0.00000       1.4850000       0.0000000       1.0000000
      0.00000       1.4860000       0.0000000       1.0000000
      0.00000       1.4870000       0.0000000       1.0000000
      0.00000       1.4880000       0.0000000       1.0000000
      0.00000       1.4890000       0.0000000       1.0000000
      0.00000       1.4900000       0.0000000       1.0000000
      0.00000       1.4910000       0.0000000       1.0000000
      0.00000       1.4920000       0.0000000       1.0000000
      0.00000       1.4930000       0.0000000       1.0000000
      0.00000       1.4940000       0.0000000       1.0000000
      0.00000       1.4950000       0.0000000       1.0000000
      0.00000       1.4960000       0.0000000       1.0000000
      0.00000       1.4970000       0.0000000       1.0000000
      0.00000       1.4980000       0.0000000       1.0000000
      0.00000       1.4990000       0.0000000       1.0000000
      0.00000       1.5000000       0.0000000       1.0000000
      0.00000       1.5010000       0.0000000       1.0000000
      0.00000       1.5020000       0.0000000       1.0000000
      0.00000       1.5030000       0.0000000       1.0000000
      0.00000       1.5040000       0.0000000       1.0000000
      0.00000       1.5050000       0.0000000       1.0000000
      0.00000       1.5060000       0.0000000       1.0000000
      0.00000       1.5070000       0.0000000       1.0000000
      0.00000       1.5080000       0.0000000       1.0000000
      0.00000       1.5090000       0.0000000       1.0000000
      0.00000       1.5100000       0.0000000       1.0000000
      0.00000       1.5110000       0.0000000       1.0000000
      0.00000       1.5120000       0.0000000       1.0000000
      0.00000       1.5130000       0.0000000       1.0000000
      0.00000       1.5140000       0.0000000       1.0000000
      0.00000       1.5150000       0.0000000       1.0000000
      0.00000       1.5160000       0.0000000       1.0000000
      0.00000       1.5170000       0.0000000       1.0000000
      0.00000       1.5180000       0.0000000       1.0000000
      0.00000       1.5190000       0.0000000       1.0000000
      0.00000       1.5200000       0.0000000       1.0000000
      0.00000       1.5210000       0.0000000       1.0000000
      0.00000       1.5220000       0.0000000       1.0000000
      0.00000       1.5230000       0.0000000       1.0000000
      0.00000       1.5240000       0.0000000       1.0000000
      0.00000       1.5250000       0.0000000       1.0000000
      0.00000       1.5260000       0.0000000       1.0000000
      0.00000       1.5270000       0.0000000       1.0000000
      0.00000       1.5280000       0.0000000       1.0000000
      0.00000       1.5290000       0.0000000       1.0000000
      0.00000       1.5300000       0.0000000       1.0000000
      0.00000       1.5310000       0.0000000       1.0000000
      0.00000       1.5320000       0.0000000       1.0000000
      0.00000       1.5330000       0.0000000       1.0000000
      0.00000       1.5340000       0.0000000       1.0000000
      0.00000       1.5350000       0.0000000       1.0000000
      0.00000       1.5360000       0.0000000       1.0000000
      0.00000       1.5370000       0.0000000       1.0000000
      0.00000       1.5380000       0.0000000       1.0000000
      0.00000       1.5390000       0.0000000       1.0000000
      0.00000       1.5400000       0.0000000       1.0000000
      0.00000       1.5410000       0.0000000       1.0000000
      0.00000       1.5420000       0.0000000       1.0000000
      0.00000       1.5430000       0.0000000       1.0000000
      0.00000       1.5440000       0.0000000       1.0000000
      0.00000       1.5450000       0.0000000       1.0000000
      0.00000       1.5460000       0.0000000       1.0000000
      0.00000       1.5470000       0.0000000       1.0000000
      0.00000       1.5480000       0.0000000       1.0000000
      0.00000       1.5490000       0.0000000       1.0000000
      0.00000       1.5500000       0.0000000       1.0000000
      0.00000       1.5510000       0.0000000       1.0000000
      0.00000       1.5520000       0.0000000       1.0000000
      0.00000       1.5530000       0.0000000       1.0000000
      0.00000       1.5540000       0.0000000       1.0000000
      0.00000       1.5550000       0.0000000       1.0000000
      0.00000       1.5560000       0.0000000       1.0000000
      0.00000       1.5570000       0.0000000       1.0000000
      0.00000       1.5580000       0.0000000       1.0000000
      0.00000       1.5590000       0.0000000       1.0000000
      0.00000       1.5600000       0.0000000       1.0000000
      0.00000       1.5610000       0.0000000       1.0000000
      0.00000       1.5620000       0.0000000       1.0000000
      0.00000       1.5630000       0.0000000       1.0000000
      0.00000       1.5640000       0.0000000       1.0000000
      0.00000       1.5650000       0.0000000       1.0000000
      0.00000       1.5660000       0.0000000       1.0000000
      0.00000       1.5670000       0.0000000       1.0000000
      0.00000       1.5680000       0.0000000       1.0000000
      0.00000       1.5690000       0.0000000       1.0000000
      0.00000       1.5700000       0.0000000       1.0000000
      0.00000       1.5710000       0.0000000       1.0000000
      0.00000       1.5720000       0.0000000       1.0000000
      0.00000       1.5730000       0.0000000       1.0000000
      0.00000       1.5740000       0.0000000       1.0000000
      0.00000       1.5750000       0.0000000       1.0000000
      0.00000       1.5760000       0.0000000       1.0000000
      0.00000       1.5770000       0.0000000       1.0000000
      0.00000       1.5780000       0.0000000       1.0000000
      0.00000       1.5790000       0.0000000       1.0000000
      0.00000       1.5800000       0.0000000       1.0000000
      0.00000       1.5810000       0.0000000       1.0000000
      0.00000       1.5820000       0.0000000       1.0000000
      0.00000       1.5830000       0.0000000       1.0000000
      0.00000       1.5840000       0.0000000       1.0000000
      0.00000       1.5850000       0.0000000       1.0000000
      0.00000       1.5860000       0.0000000       1.0000000
      0.00000       1.5870000       0.0000000       1.0000000
      0.00000       1.5880000       0.0000000       1.0000000
      0.00000       1.5890000       0.0000000       1.0000000
      0.00000       1.5900000       0.0000000       1.0000000
      0.00000       1.5910000       0.0000000       1.0000000
      0.00000       1.5920000       0.0000000       1.0000000
      0.00000       1.5930000       0.0000000       1.0000000
      0.00000       1.5940000       0.0000000       1.0000000
      0.00000       1.5950000       0.0000000       1.0000000
      0.00000       1.5960000       0.0000000       1.0000000
      0.00000       1.5970000       0.0000000       1.0000000
      0.00000       1.5980000       0.0000000       1.0000000
      0.00000       1.5990000       0.0000000       1.0000000
      0.00000       1.6000000       0.0000000       1.0000000
      0.00000       1.6010000       0.0000000       1.0000000
      0.00000       1.6020000       0.0000000       1.0000000
      0.00000       1.6030000       0.0000000       1.0000000
      0.00000       1.6040000       0.0000000       1.0000000
      0.00000       1.6050000       0.0000000       1.0000000
      0.00000       1.6060000       0.0000000       1.0000000
      0.00000       1.6070000       0.0000000       1.0000000
      0.00000       1.6080000       0.0000000       1.0000000
      0.00000       1.6090000       0.0000000       1.0000000
      0.00000       1.6100000       0.0000000       1.0000000
      0.00000       1.6110000       0.0000000       1.0000000
      0.00000       1.6120000       0.0000000       1.0000000
      0.00000       1.6130000       0.0000000       1.0000000
      0.00000       1.6140000       0.0000000       1.0000000
      0.00000       1.6150000       0.0000000       1.0000000
      0.00000       1.6160000       0.0000000       1.0000000
      0.00000       1.6170000       0.0000000       1.0000000
      0.00000       1.6180000       0.0000000       1.0000000
      0.00000       1.6190000       0.0000000       1.0000000
      0.00000       1.6200000       0.0000000       1.0000000
      0.00000       1.6210000       0.0000000       1.0000000
      0.00000       1.6220000       0.0000000       1.0000000
      0.00000       1.6230000       0.0000000       1.0000000
      0.00000       1.6240000       0.0000000       1.0000000
      0.00000       1.6250000       0.0000000       1.0000000
      0.00000       1.6260000       0.0000000       1.0000000
      0.00000       1.6270000       0.0000000       1.0000000
      0.00000       1.6280000       0.0000000       1.0000000
      0.00000       1.6290000       0.0000000       1.0000000
      0.00000       1.6300000       0.0000000       1.0000000
      0.00000       1.6310000       0.0000000       1.0000000
      0.00000       1.6320000       0.0000000       1.0000000
      0.00000       1.6330000       0.0000000       1.0000000
      0.00000       1.6340000       0.0000000       1.0000000
      0.00000       1.6350000       0.0000000       1.0000000
      0.00000       1.6360000       0.0000000       1.0000000
      0.00000       1.6370000       0.0000000       1.0000000
      0.00000       1.6380000       0.0000000       1.0000000
      0.00000       1.6390000       0.0000000       1.0000000
      0.00000       1.6400000       0.0000000       1.0000000
      0.00000       1.6410000       0.0000000       1.0000000
      0.00000       1.6420000       0.0000000       1.0000000
      0.00000       1.6430000       0.0000000       1.0000000
      0.00000       1.6440000       0.0000000       1.0000000
      0.00000       1.6450000       0.0000000       1.0000000
      0.00000       1.6460000       0.0000000       1.0000000
      0.00000       1.6470000       0.0000000       1.0000000
      0.00000       1.6480000       0.0000000       1.0000000
      0.00000       1.6490000       0.0000000       1.0000000
      0.00000       1.6500000       0.0000000       1.0000000
      0.00000       1.6510000       0.0000000       1.0000000
      0.00000       1.6520000       0.0000000       1.0000000
      0.00000       1.6530000       0.0000000       1.0000000
      0.00000       1.6540000       0.0000000       1.0000000
      0.00000       1.6550000       0.0000000       1.0000000
      0.00000       1.6560000       0.0000000       1.0000000
      0.00000       1.6570000       0.0000000       1.0000000
      0.00000       1.6580000       0.0000000       1.0000000
      0.00000       1.6590000       0.0000000       1.0000000
      0.00000       1.6600000       0.0000000       1.0000000
      0.00000       1.6610000       0.0000000       1.0000000
      0.00000       1.6620000       0.0000000       1.0000000
      0.00000       1.6630000       0.0000000       1.0000000
      0.00000       1.6640000       0.0000000       1.0000000
      0.00000       1.6650000       0.0000000       1.0000000
      0.00000       1.6660000       0.0000000       1.0000000
      0.00000       1.6670000       0.0000000       1.0000000
      0.00000       1.6680000       0.0000000       1.0000000
      0.00000       1.6690000       0.0000000       1.0000000
      0.00000       1.6700000       0.0000000       1.0000000
      0.00000       1.6710000       0.0000000       1.0000000
      0.00000       1.6720000       0.0000000       1.0000000
      0.00000       1.6730000       0.0000000       1.0000000
      0.00000       1.6740000       0.0000000       1.0000000
      0.00000       1.6750000       0.0000000       1.0000000
      0.00000       1.6760000       0.0000000       1.0000000
      0.00000       1.6770000       0.0000000       1.0000000
      0.00000       1.6780000       0.0000000       1.0000000
      0.00000       1.6790000       0.0000000       1.0000000
      0.00000       1.6800000       0.0000000       1.0000000
      0.00000       1.6810000       0.0000000       1.0000000
      0.00000       1.6820000       0.0000000       1.0000000
      0.00000       1.6830000       0.0000000       1.0000000
      0.00000       1.6840000       0.0000000       1.0000000
      0.00000       1.6850000       0.0000000       1.0000000
      0.00000       1.6860000       0.0000000       1.0000000
      0.00000       1.6870000       0.0000000       1.0000000
      0.00000       1.6880000       0.0000000       1.0000000
      0.00000       1.6890000       0.0000000       1.0000000
      0.00000       1.6900000       0.0000000       1.0000000
      0.00000       1.6910000       0.0000000       1.0000000
      0.00000       1.6920000       0.0000000       1.0000000
      0.00000       1.6930000       0.0000000       1.0000000
      0.00000       1.6940000       0.0000000       1.0000000
      0.00000       1.6950000       0.0000000       1.0000000
      0.00000       1.6960000       0.0000000       1.0000000
      0.00000       1.6970000       0.0000000       1.0000000
      0.00000       1.6980000       0.0000000       1.0000000
      0.00000       1.6990000       0.0000000       1.0000000
      0.00000       1.7000000       0.0000000       1.0000000
      0.00000       1.7010000       0.0000000       1.0000000
      0.00000       1.7020000       0.0000000       1.0000000
      0.00000       1.7030000       0.0000000       1.0000000
      0.00000       1.7040000       0.0000000       1.0000000
      0.00000       1.7050000       0.0000000       1.0000000
      0.00000       1.7060000       0.0000000       1.0000000
      0.00000       1.7070000       0.0000000       1.0000000
      0.00000       1.7080000       0.0000000       1.0000000
      0.00000       1.7090000       0.0000000       1.0000000
      0.00000       1.7100000       0.0000000       1.0000000
      0.00000       1.7110000       0.0000000       1.0000000
      0.00000       1.7120000       0.0000000       1.0000000
      0.00000       1.7130000       0.0000000       1.0000000
      0.00000       1.7140000       0.0000000       1.0000000
      0.00000       1.7150000       0.0000000       1.0000000
      0.00000       1.7160000       0.0000000       1.0000000
      0.00000       1.7170000       0.0000000       1.0000000
      0.00000       1.7180000       0.0000000       1.0000000
      0.00000       1.7190000       0.0000000       1.0000000
      0.00000       1.7200000       0.0000000       1.0000000
      0.00000       1.7210000       0.0000000       1.0000000
      0.00000       1.7220000       0.0000000       1.0000000
      0.00000       1.7230000       0.0000000       1.0000000
      0.00000       1.7240000       0.0000000       1.0000000
      0.00000       1.7250000       0.0000000       1.0000000
      0.00000       1.7260000       0.0000000       1.0000000
      0.00000       1.7270000       0.0000000       1.0000000
      0.00000       1.7280000       0.0000000       1.0000000
      0.00000       1.7290000       0.0000000       1.0000000
      0.00000       1.7300000       0.0000000       1.0000000
      0.00000       1.7310000       0.0000000       1.0000000
      0.00000       1.7320000       0.0000000       1.0000000
      0.00000       1.7330000       0.0000000       1.0000000
      0.00000       1.7340000       0.0000000       1.0000000
      0.00000       1.7350000       0.0000000       1.0000000
      0.00000       1.7360000       0.0000000       1.0000000
      0.00000       1.7370000       0.0000000       1.0000000
      0.00000       1.7380000       0.0000000       1.0000000
      0.00000       1.7390000       0.0000000       1.0000000
      0.00000       1.7400000       0.0000000       1.0000000
      0.00000       1.7410000       0.0000000       1.0000000
      0.00000       1.7420000       0.0000000       1.0000000
      0.00000       1.7430000       0.0000000       1.0000000
      0.00000       1.7440000       0.0000000       1.0000000
      0.00000       1.7450000       0.0000000       1.0000000
      0.00000       1.7460000       0.0000000       1.0000000
      0.00000       1.7470000       0.0000000       1.0000000
      0.00000       1.7480000       0.0000000       1.0000000
      0.00000       1.7490000       0.0000000       1.0000000
      0.00000       1.7500000       0.0000000       1.0000000
      0.00000       1.7510000       0.0000000       1.0000000
      0.00000       1.7520000       0.0000000       1.0000000
      0.00000       1.7530000       0.0000000       1.0000000
      0.00000       1.7540000       0.0000000       1.0000000
      0.00000       1.7550000       0.0000000       1.0000000
      0.00000       1.7560000       0.0000000       1.0000000
      0.00000       1.7570000       0.0000000       1.0000000
      0.00000       1.7580000       0.0000000       1.0000000
      0.00000       1.7590000       0.0000000       1.0000000
      0.00000       1.7600000       0.0000000       1.0000000
      0.00000       1.7610000       0.0000000       1.0000000
      0.00000       1.7620000       0.0000000       1.0000000
      0.00000       1.7630000       0.0000000       1.0000000
      0.00000       1.7640000       0.0000000       1.0000000
      0.00000       1.7650000       0.0000000       1.0000000
      0.00000       1.7660000       0.0000000       1.0000000
      0.00000       1.7670000       0.0000000       1.0000000
      0.00000       1.7680000       0.0000000       1.0000000
      0.00000       1.7690000       0.0000000       1.0000000
      0.00000       1.7700000       0.0000000       1.0000000
      0.00000       1.7710000       0.0000000       1.0000000
      0.00000       1.7720000       0.0000000       1.0000000
      0.00000       1.7730000       0.0000000       1.0000000
      0.00000       1.7740000       0.0000000       1.0000000
      0.00000       1.7750000       0.0000000       1.0000000
      0.00000       1.7760000       0.0000000       1.0000000
      0.00000       1.7770000       0.0000000       1.0000000
      0.00000       1.7780000       0.0000000       1.0000000
      0.00000       1.7790000       0.0000000       1.0000000
      0.00000       1.7800000       0.0000000       1.0000000
      0.00000       1.7810000       0.0000000       1.0000000
      0.00000       1.7820000       0.0000000       1.0000000
      0.00000       1.7830000       0.0000000       1.0000000
      0.00000       1.7840000       0.0000000       1.0000000
      0.00000       1.7850000       0.0000000       1.0000000
      0.00000       1.7860000       0.0000000       1.0000000
      0.00000       1.7870000       0.0000000       1.0000000
      0.00000       1.7880000       0.0000000       1.0000000
      0.00000       1.7890000       0.0000000       1.0000000
      0.00000       1.7900000       0.0000000       1.0000000
      0.00000       1.7910000       0.0000000       1.0000000
      0.00000       1.7920000       0.0000000       1.0000000
      0.00000       1.7930000       0.0000000       1.0000000
      0.00000       1.7940000       0.0000000       1.0000000
      0.00000       1.7950000       0.0000000       1.0000000
      0.00000       1.7960000       0.0000000       1.0000000
      0.00000       1.7970000       0.0000000       1.0000000
      0.00000       1.7980000       0.0000000       1.0000000
      0.00000       1.7990000       0.0000000       1.0000000
      0.00000       1.8000000       0.0000000       1.0000000
      0.00000       1.8010000       0.0000000       1.0000000
      0.00000       1.8020000       0.0000000       1.0000000
      0.00000       1.8030000       0.0000000       1.0000000
      0.00000       1.8040000       0.0000000       1.0000000
      0.00000       1.8050000       0.0000000       1.0000000
      0.00000       1.8060000       0.0000000       1.0000000
      0.00000       1.8070000       0.0000000       1.0000000
      0.00000       1.8080000       0.0000000       1.0000000
      0.00000       1.8090000       0.0000000       1.0000000
      0.00000       1.8100000       0.0000000       1.0000000
      0.00000       1.8110000       0.0000000       1.0000000
      0.00000       1.8120000       0.0000000       1.0000000
      0.00000       1.8130000       0.0000000       1.0000000
      0.00000       1.8140000       0.0000000       1.0000000
      0.00000       1.8150000       0.0000000       1.0000000
      0.00000       1.8160000       0.0000000       1.0000000
      0.00000       1.8170000       0.0000000       1.0000000
      0.00000       1.8180000       0.0000000       1.0000000
      0.00000       1.8190000       0.0000000       1.0000000
      0.00000       1.8200000       0.0000000       1.0000000
      0.00000       1.8210000       0.0000000       1.0000000
      0.00000       1.8220000       0.0000000       1.0000000
      0.00000       1.8230000       0.0000000       1.0000000
      0.00000       1.8240000       0.0000000       1.0000000
      0.00000       1.8250000       0.0000000       1.0000000
      0.00000       1.8260000       0.0000000       1.0000000
      0.00000       1.8270000       0.0000000       1.0000000
      0.00000       1.8280000       0.0000000       1.0000000
      0.00000       1.8290000       0.0000000       1.0000000
      0.00000       1.8300000       0.0000000       1.0000000
      0.00000       1.8310000       0.0000000       1.0000000
      0.00000       1.8320000       0.0000000       1.0000000
      0.00000       1.8330000       0.0000000       1.0000000
      0.00000       1.8340000       0.0000000       1.0000000
      0.00000       1.8350000       0.0000000       1.0000000
      0.00000       1.8360000       0.0000000       1.0000000
      0.00000       1.8370000       0.0000000       1.0000000
      0.00000       1.8380000       0.0000000       1.0000000
      0.00000       1.8390000       0.0000000       1.0000000
      0.00000       1.8400000       0.0000000       1.0000000
      0.00000       1.8410000       0.0000000       1.0000000
      0.00000       1.8420000       0.0000000       1.0000000
      0.00000       1.8430000       0.0000000       1.0000000
      0.00000       1.8440000       0.0000000       1.0000000
      0.00000       1.8450000       0.0000000       1.0000000
      0.00000       1.8460000       0.0000000       1.0000000
      0.00000       1.8470000       0.0000000       1.0000000
      0.00000       1.8480000       0.0000000       1.0000000
      0.00000       1.8490000       0.0000000       1.0000000
      0.00000       1.8500000       0.0000000       1.0000000
      0.00000       1.8510000       0.0000000       1.0000000
      0.00000       1.8520000       0.0000000       1.0000000
      0.00000       1.8530000       0.0000000       1.0000000
      0.00000       1.8540000       0.0000000       1.0000000
      0.00000       1.8550000       0.0000000       1.0000000
      0.00000       1.8560000       0.0000000       1.0000000
      0.00000       1.8570000       0.0000000       1.0000000
      0.00000       1.8580000       0.0000000       1.0000000
      0.00000       1.8590000       0.0000000       1.0000000
      0.00000       1.8600000       0.0000000       1.0000000
      0.00000       1.8610000       0.0000000       1.0000000
      0.00000       1.8620000       0.0000000       1.0000000
      0.00000       1.8630000       0.0000000       1.0000000
      0.00000       1.8640000       0.0000000       1.0000000
      0.00000       1.8650000       0.0000000       1.0000000
      0.00000       1.8660000       0.0000000       1.0000000
      0.00000       1.8670000       0.0000000       1.0000000
      0.00000       1.8680000       0.0000000       1.0000000
      0.00000       1.8690000       0.0000000       1.0000000
      0.00000       1.8700000       0.0000000       1.0000000
      0.00000       1.8710000       0.0000000       1.0000000
      0.00000       1.8720000       0.0000000       1.0000000
      0.00000       1.8730000       0.0000000       1.0000000
      0.00000       1.8740000       0.0000000       1.0000000
      0.00000       1.8750000       0.0000000       1.0000000
      0.00000       1.8760000       0.0000000       1.0000000
      0.00000       1.8770000       0.0000000       1.0000000
      0.00000       1.8780000       0.0000000       1.0000000
      0.00000       1.8790000       0.0000000       1.0000000
      0.00000       1.8800000       0.0000000       1.0000000
      0.00000       1.8810000       0.0000000       1.0000000
      0.00000       1.8820000       0.0000000       1.0000000
      0.00000       1.8830000       0.0000000       1.0000000
      0.00000       1.8840000       0.0000000       1.0000000
      0.00000       1.8850000       0.0000000       1.0000000
      0.00000       1.8860000       0.0000000       1.0000000
      0.00000       1.8870000       0.0000000       1.0000000
      0.00000       1.8880000       0.0000000       1.0000000
      0.00000       1.8890000       0.0000000       1.0000000
      0.00000       1.8900000       0.0000000       1.0000000
      0.00000       1.8910000       0.0000000       1.0000000
      0.00000       1.8920000       0.0000000       1.0000000
      0.00000       1.8930000       0.0000000       1.0000000
      0.00000       1.8940000       0.0000000       1.0000000
      0.00000       1.8950000       0.0000000       1.0000000
      0.00000       1.8960000       0.0000000       1.0000000
      0.00000       1.8970000       0.0000000       1.0000000
      0.00000       1.8980000       0.0000000       1.0000000
      0.00000       1.8990000       0.0000000       1.0000000
      0.00000       1.9000000       0.0000000       1.0000000
      0.00000       1.9010000       0.0000000       1.0000000
      0.00000       1.9020000       0.0000000       1.0000000
      0.00000       1.9030000       0.0000000       1.0000000
      0.00000       1.9040000       0.0000000       1.0000000
      0.00000       1.9050000       0.0000000       1.0000000
      0.00000       1.9060000       0.0000000       1.0000000
      0.00000       1.9070000       0.0000000       1.0000000
      0.00000       1.9080000       0.0000000       1.0000000
      0.00000       1.9090000       0.0000000       1.0000000
      0.00000       1.9100000       0.0000000       1.0000000
      0.00000       1.9110000       0.0000000       1.0000000
      0.00000       1.9120000       0.0000000       1.0000000
      0.00000       1.9130000       0.0000000       1.0000000
      0.00000       1.9140000       0.0000000       1.0000000
      0.00000       1.9150000       0.0000000       1.0000000
      0.00000       1.9160000       0.0000000       1.0000000
      0.00000       1.9170000       0.0000000       1.0000000
      0.00000       1.9180000       0.0000000       1.0000000
      0.00000       1.9190000       0.0000000       1.0000000
      0.00000       1.9200000       0.0000000       1.0000000
      0.00000       1.9210000       0.0000000       1.0000000
      0.00000       1.9220000       0.0000000       1.0000000
      0.00000       1.9230000       0.0000000       1.0000000
      0.00000       1.9240000       0.0000000       1.0000000
      0.00000       1.9250000       0.0000000       1.0000000
      0.00000       1.9260000       0.0000000       1.0000000
      0.00000       1.9270000       0.0000000       1.0000000
      0.00000       1.9280000       0.0000000       1.0000000
      0.00000       1.9290000       0.0000000       1.0000000
      0.00000       1.9300000       0.0000000       1.0000000
      0.00000       1.9310000       0.0000000       1.0000000
      0.00000       1.9320000       0.0000000       1.0000000
      0.00000       1.9330000       0.0000000       1.0000000
      0.00000       1.9340000       0.0000000       1.0000000
      0.00000       1.9350000       0.0000000       1.0000000
      0.00000       1.9360000       0.0000000       1.0000000
      0.00000       1.9370000       0.0000000       1.0000000
      0.00000       1.9380000       0.0000000       1.0000000
      0.00000       1.9390000       0.0000000       1.0000000
      0.00000       1.9400000       0.0000000       1.0000000
      0.00000       1.9410000       0.0000000       1.0000000
      0.00000       1.9420000       0.0000000       1.0000000
      0.00000       1.9430000       0.0000000       1.0000000
      0.00000       1.9440000       0.0000000       1.0000000
      0.00000       1.9450000       0.0000000       1.0000000
      0.00000       1.9460000       0.0000000       1.0000000
      0.00000       1.9470000       0.0000000       1.0000000
      0.00000       1.9480000       0.0000000       1.0000000
      0.00000       1.9490000       0.0000000       1.0000000
      0.00000       1.9500000       0.0000000       1.0000000
      0.00000       1.9510000       0.0000000       1.0000000
      0.00000       1.9520000       0.0000000       1.0000000
      0.00000       1.9530000       0.0000000       1.0000000
      0.00000       1.9540000       0.0000000       1.0000000
      0.00000       1.9550000       0.0000000       1.0000000
      0.00000       1.9560000       0.0000000       1.0000000
      0.00000       1.9570000       0.0000000       1.0000000
      0.00000       1.9580000       0.0000000       1.0000000
      0.00000       1.9590000       0.0000000       1.0000000
      0.00000       1.9600000       0.0000000       1.0000000
      0.00000       1.9610000       0.0000000       1.0000000
      0.00000       1.9620000       0.0000000       1.0000000
      0.00000       1.9630000       0.0000000       1.0000000
      0.00000       1.9640000       0.0000000       1.0000000
      0.00000       1.9650000       0.0000000       1.0000000
      0.00000       1.9660000       0.0000000       1.0000000
      0.00000       1.9670000       0.0000000       1.0000000
      0.00000       1.9680000       0.0000000       1.0000000
      0.00000       1.9690000       0.0000000       1.0000000
      0.00000       1.9700000       0.0000000       1.0000000
      0.00000       1.9710000       0.0000000       1.0000000
      0.00000       1.9720000       0.0000000       1.0000000
      0.00000       1.9730000       0.0000000       1.0000000
      0.00000       1.9740000       0.0000000       1.0000000
      0.00000       1.9750000       0.0000000       1.0000000
      0.00000       1.9760000       0.0000000       1.0000000
      0.00000       1.9770000       0.0000000       1.0000000
      0.00000       1.9780000       0.0000000       1.0000000
      0.00000       1.9790000       0.0000000       1.0000000
      0.00000       1.9800000       0.0000000       1.0000000
      0.00000       1.9810000       0.0000000       1.0000000
      0.00000       1.9820000       0.0000000       1.0000000
      0.00000       1.9830000       0.0000000       1.0000000
      0.00000       1.9840000       0.0000000       1.0000000
      0.00000       1.9850000       0.0000000       1.0000000
      0.00000       1.9860000       0.0000000       1.0000000
      0.00000       1.9870000       0.0000000       1.0000000
      0.00000       1.9880000       0.0000000       1.0000000
      0.00000       1.9890000       0.0000000       1.0000000
      0.00000       1.9900000       0.0000000       1.0000000
      0.00000       1.9910000       0.0000000       1.0000000
      0.00000       1.9920000       0.0000000       1.0000000
      0.00000       1.9930000       0.0000000       1.0000000
      0.00000       1.9940000       0.0000000       1.0000000
      0.00000       1.9950000       0.0000000       1.0000000
      0.00000       1.9960000       0.0000000       1.0000000
      0.00000       1.9970000       0.0000000       1.0000000
      0.00000       1.9980000       0.0000000       1.0000000
      0.00000       1.9990000       0.0000000       1.0000000
      0.00000       2.0000000       0.0000000       1.0000000
      0.00000       2.0010000       0.0000000       1.0000000
      0.00000       2.0020000       0.0000000       1.0000000
      0.00000       2.0030000       0.0000000       1.0000000
      0.00000       2.0040000       0.0000000       1.0000000
      0.00000       2.0050000       0.0000000       1.0000000
      0.00000       2.0060000       0.0000000       1.0000000
      0.00000       2.0070000       0.0000000       1.0000000
      0.00000       2.0080000       0.0000000       1.0000000
      0.00000       2.0090000       0.0000000       1.0000000
      0.00000       2.0100000       0.0000000       1.0000000
      0.00000       2.0110000       0.0000000       1.0000000
      0.00000       2.0120000       0.0000000       1.0000000
      0.00000       2.0130000       0.0000000       1.0000000
      0.00000       2.0140000       0.0000000       1.0000000
      0.00000       2.0150000       0.0000000       1.0000000
      0.00000       2.0160000       0.0000000       1.0000000
      0.00000       2.0170000       0.0000000       1.0000000
      0.00000       2.0180000       0.0000000       1.0000000
      0.00000       2.0190000       0.0000000       1.0000000
      0.00000       2.0200000       0.0000000       1.0000000
      0.00000       2.0210000       0.0000000       1.0000000
      0.00000       2.0220000       0.0000000       1.0000000
      0.00000       2.0230000       0.0000000       1.0000000
      0.00000       2.0240000       0.0000000       1.0000000
      0.00000       2.0250000       0.0000000       1.0000000
      0.00000       2.0260000       0.0000000       1.0000000
      0.00000       2.0270000       0.0000000       1.0000000
      0.00000       2.0280000       0.0000000       1.0000000
      0.00000       2.0290000       0.0000000       1.0000000
      0.00000       2.0300000       0.0000000       1.0000000
      0.00000       2.0310000       0.0000000       1.0000000
      0.00000       2.0320000       0.0000000       1.0000000
      0.00000       2.0330000       0.0000000       1.0000000
      0.00000       2.0340000       0.0000000       1.0000000
      0.00000       2.0350000       0.0000000       1.0000000
      0.00000       2.0360000       0.0000000       1.0000000
      0.00000       2.0370000       0.0000000       1.0000000
      0.00000       2.0380000       0.0000000       1.0000000
      0.00000       2.0390000       0.0000000       1.0000000
      0.00000       2.0400000       0.0000000       1.0000000
      0.00000       2.0410000       0.0000000       1.0000000
      0.00000       2.0420000       0.0000000       1.0000000
      0.00000       2.0430000       0.0000000       1.0000000
      0.00000       2.0440000       0.0000000       1.0000000
      0.00000       2.0450000       0.0000000       1.0000000
      0.00000       2.0460000       0.0000000       1.0000000
      0.00000       2.0470000       0.0000000       1.0000000
      0.00000       2.0480000       0.0000000       1.0000000
      0.00000       2.0490000       0.0000000       1.0000000
      0.00000       2.0500000       0.0000000       1.0000000
      0.00000       2.0510000       0.0000000       1.0000000
      0.00000       2.0520000       0.0000000       1.0000000
      0.00000       2.0530000       0.0000000       1.0000000
      0.00000       2.0540000       0.0000000       1.0000000
      0.00000       2.0550000       0.0000000       1.0000000
      0.00000       2.0560000       0.0000000       1.0000000
      0.00000       2.0570000       0.0000000       1.0000000
      0.00000       2.0580000       0.0000000       1.0000000
      0.00000       2.0590000       0.0000000       1.0000000
      0.00000       2.0600000       0.0000000       1.0000000
      0.00000       2.0610000       0.0000000       1.0000000
      0.00000       2.0620000       0.0000000       1.0000000
      0.00000       2.0630000       0.0000000       1.0000000
      0.00000       2.0640000       0.0000000       1.0000000
      0.00000       2.0650000       0.0000000       1.0000000
      0.00000       2.0660000       0.0000000       1.0000000
      0.00000       2.0670000       0.0000000       1.0000000
      0.00000       2.0680000       0.0000000       1.0000000
      0.00000       2.0690000       0.0000000       1.0000000
      0.00000       2.0700000       0.0000000       1.0000000
      0.00000       2.0710000       0.0000000       1.0000000
      0.00000       2.0720000       0.0000000       1.0000000
      0.00000       2.0730000       0.0000000       1.0000000
      0.00000       2.0740000       0.0000000       1.0000000
      0.00000       2.0750000       0.0000000       1.0000000
      0.00000       2.0760000       0.0000000       1.0000000
      0.00000       2.0770000       0.0000000       1.0000000
      0.00000       2.0780000       0.0000000       1.0000000
      0.00000       2.0790000       0.0000000       1.0000000
      0.00000       2.0800000       0.0000000       1.0000000
      0.00000       2.0810000       0.0000000       1.0000000
      0.00000       2.0820000       0.0000000       1.0000000
      0.00000       2.0830000       0.0000000       1.0000000
      0.00000       2.0840000       0.0000000       1.0000000
      0.00000       2.0850000       0.0000000       1.0000000
      0.00000       2.0860000       0.0000000       1.0000000
      0.00000       2.0870000       0.0000000       1.0000000
      0.00000       2.0880000       0.0000000       1.0000000
      0.00000       2.0890000       0.0000000       1.0000000
      0.00000       2.0900000       0.0000000       1.0000000
      0.00000       2.0910000       0.0000000       1.0000000
      0.00000       2.0920000       0.0000000       1.0000000
      0.00000       2.0930000       0.0000000       1.0000000
      0.00000       2.0940000       0.0000000       1.0000000
      0.00000       2.0950000       0.0000000       1.0000000
      0.00000       2.0960000       0.0000000       1.0000000
      0.00000       2.0970000       0.0000000       1.0000000
      0.00000       2.0980000       0.0000000       1.0000000
      0.00000       2.0990000       0.0000000       1.0000000
      0.00000       2.1000000       0.0000000       1.0000000
      0.00000       2.1010000       0.0000000       1.0000000
      0.00000       2.1020000       0.0000000       1.0000000
      0.00000       2.1030000       0.0000000       1.0000000
      0.00000       2.1040000       0.0000000       1.0000000
      0.00000       2.1050000       0.0000000       1.0000000
      0.00000       2.1060000       0.0000000       1.0000000
      0.00000       2.1070000       0.0000000       1.0000000
      0.00000       2.1080000       0.0000000       1.0000000
      0.00000       2.1090000       0.0000000       1.0000000
      0.00000       2.1100000       0.0000000       1.0000000
      0.00000       2.1110000       0.0000000       1.0000000
      0.00000       2.1120000       0.0000000       1.0000000
      0.00000       2.1130000       0.0000000       1.0000000
      0.00000       2.1140000       0.0000000       1.0000000
      0.00000       2.1150000       0.0000000       1.0000000
      0.00000       2.1160000       0.0000000       1.0000000
      0.00000       2.1170000       0.0000000       1.0000000
      0.00000       2.1180000       0.0000000       1.0000000
      0.00000       2.1190000       0.0000000       1.0000000
      0.00000       2.1200000       0.0000000       1.0000000
      0.00000       2.1210000       0.0000000       1.0000000
      0.00000       2.1220000       0.0000000       1.0000000
      0.00000       2.1230000       0.0000000       1.0000000
      0.00000       2.1240000       0.0000000       1.0000000
      0.00000       2.1250000       0.0000000       1.0000000
      0.00000       2.1260000       0.0000000       1.0000000
      0.00000       2.1270000       0.0000000       1.0000000
      0.00000       2.1280000       0.0000000       1.0000000
      0.00000       2.1290000       0.0000000       1.0000000
      0.00000       2.1300000       0.0000000       1.0000000
      0.00000       2.1310000       0.0000000       1.0000000
      0.00000       2.1320000       0.0000000       1.0000000
      0.00000       2.1330000       0.0000000       1.0000000
      0.00000       2.1340000       0.0000000       1.0000000
      0.00000       2.1350000       0.0000000       1.0000000
      0.00000       2.1360000       0.0000000       1.0000000
      0.00000       2.1370000       0.0000000       1.0000000
      0.00000       2.1380000       0.0000000       1.0000000
      0.00000       2.1390000       0.0000000       1.0000000
      0.00000       2.1400000       0.0000000       1.0000000
      0.00000       2.1410000       0.0000000       1.0000000
      0.00000       2.1420000       0.0000000       1.0000000
      0.00000       2.1430000       0.0000000       1.0000000
      0.00000       2.1440000       0.0000000       1.0000000
      0.00000       2.1450000       0.0000000       1.0000000
      0.00000       2.1460000       0.0000000       1.0000000
      0.00000       2.1470000       0.0000000       1.0000000
      0.00000       2.1480000       0.0000000       1.0000000
      0.00000       2.1490000       0.0000000       1.0000000
      0.00000       2.1500000       0.0000000       1.0000000
      0.00000       2.1510000       0.0000000       1.0000000
      0.00000       2.1520000       0.0000000       1.0000000
      0.00000       2.1530000       0.0000000       1.0000000
      0.00000       2.1540000       0.0000000       1.0000000
      0.00000       2.1550000       0.0000000       1.0000000
      0.00000       2.1560000       0.0000000       1.0000000
      0.00000       2.1570000       0.0000000       1.0000000
      0.00000       2.1580000       0.0000000       1.0000000
      0.00000       2.1590000       0.0000000       1.0000000
      0.00000       2.1600000       0.0000000       1.0000000
      0.00000       2.1610000       0.0000000       1.0000000
      0.00000       2.1620000       0.0000000       1.0000000
      0.00000       2.1630000       0.0000000       1.0000000
      0.00000       2.1640000       0.0000000       1.0000000
      0.00000       2.1650000       0.0000000       1.0000000
      0.00000       2.1660000       0.0000000       1.0000000
      0.00000       2.1670000       0.0000000       1.0000000
      0.00000       2.1680000       0.0000000       1.0000000
      0.00000       2.1690000       0.0000000       1.0000000
      0.00000       2.1700000       0.0000000       1.0000000
      0.00000       2.1710000       0.0000000       1.0000000
      0.00000       2.1720000       0.0000000       1.0000000
      0.00000       2.1730000       0.0000000       1.0000000
      0.00000       2.1740000       0.0000000       1.0000000
      0.00000       2.1750000       0.0000000       1.0000000
      0.00000       2.1760000       0.0000000       1.0000000
      0.00000       2.1770000       0.0000000       1.0000000
      0.00000       2.1780000       0.0000000       1.0000000
      0.00000       2.1790000       0.0000000       1.0000000
      0.00000       2.1800000       0.0000000       1.0000000
      0.00000       2.1810000       0.0000000       1.0000000
      0.00000       2.1820000       0.0000000       1.0000000
      0.00000       2.1830000       0.0000000       1.0000000
      0.00000       2.1840000       0.0000000       1.0000000
      0.00000       2.1850000       0.0000000       1.0000000
      0.00000       2.1860000       0.0000000       1.0000000
      0.00000       2.1870000       0.0000000       1.0000000
      0.00000       2.1880000       0.0000000       1.0000000
      0.00000       2.1890000       0.0000000       1.0000000
      0.00000       2.1900000       0.0000000       1.0000000
      0.00000       2.1910000       0.0000000       1.0000000
      0.00000       2.1920000       0.0000000       1.0000000
      0.00000       2.1930000       0.0000000       1.0000000
      0.00000       2.1940000       0.0000000       1.0000000
      0.00000       2.1950000       0.0000000       1.0000000
      0.00000       2.1960000       0.0000000       1.0000000
      0.00000       2.1970000       0.0000000       1.0000000
      0.00000       2.1980000       0.0000000       1.0000000
      0.00000       2.1990000       0.0000000       1.0000000
      0.00000       2.2000000       0.0000000       1.0000000
      0.00000       2.2010000       0.0000000       1.0000000
      0.00000       2.2020000       0.0000000       1.0000000
      0.00000       2.2030000       0.0000000       1.0000000
      0.00000       2.2040000       0.0000000       1.0000000
      0.00000       2.2050000       0.0000000       1.0000000
      0.00000       2.2060000       0.0000000       1.0000000
      0.00000       2.2070000       0.0000000       1.0000000
      0.00000       2.2080000       0.0000000       1.0000000
      0.00000       2.2090000       0.0000000       1.0000000
      0.00000       2.2100000       0.0000000       1.0000000
      0.00000       2.2110000       0.0000000       1.0000000
      0.00000       2.2120000       0.0000000       1.0000000
      0.00000       2.2130000       0.0000000       1.0000000
      0.00000       2.2140000       0.0000000       1.0000000
      0.00000       2.2150000       0.0000000       1.0000000
      0.00000       2.2160000       0.0000000       1.0000000
      0.00000       2.2170000       0.0000000       1.0000000
      0.00000       2.2180000       0.0000000       1.0000000
      0.00000       2.2190000       0.0000000       1.0000000
      0.00000       2.2200000       0.0000000       1.0000000
      0.00000       2.2210000       0.0000000       1.0000000
      0.00000       2.2220000       0.0000000       1.0000000
      0.00000       2.2230000       0.0000000       1.0000000
      0.00000       2.2240000       0.0000000       1.0000000
      0.00000       2.2250000       0.0000000       1.0000000
      0.00000       2.2260000       0.0000000       1.0000000
      0.00000       2.2270000       0.0000000       1.0000000
      0.00000       2.2280000       0.0000000       1.0000000
      0.00000       2.2290000       0.0000000       1.0000000
      0.00000       2.2300000       0.0000000       1.0000000
      0.00000       2.2310000       0.0000000       1.0000000
      0.00000       2.2320000       0.0000000       1.0000000
      0.00000       2.2330000       0.0000000       1.0000000
      0.00000       2.2340000       0.0000000       1.0000000
      0.00000       2.2350000       0.0000000       1.0000000
      0.00000       2.2360000       0.0000000       1.0000000
      0.00000       2.2370000       0.0000000       1.0000000
      0.00000       2.2380000       0.0000000       1.0000000
      0.00000       2.2390000       0.0000000       1.0000000
      0.00000       2.2400000       0.0000000       1.0000000
      0.00000       2.2410000       0.0000000       1.0000000
      0.00000       2.2420000       0.0000000       1.0000000
      0.00000       2.2430000       0.0000000       1.0000000
      0.00000       2.2440000       0.0000000       1.0000000
      0.00000       2.2450000       0.0000000       1.0000000
      0.00000       2.2460000       0.0000000       1.0000000
      0.00000       2.2470000       0.0000000       1.0000000
      0.00000       2.2480000       0.0000000       1.0000000
      0.00000       2.2490000       0.0000000       1.0000000
      0.00000       2.2500000       0.0000000       1.0000000
      0.00000       2.2510000       0.0000000       1.0000000
      0.00000       2.2520000       0.0000000       1.0000000
      0.00000       2.2530000       0.0000000       1.0000000
      0.00000       2.2540000       0.0000000       1.0000000
      0.00000       2.2550000       0.0000000       1.0000000
      0.00000       2.2560000       0.0000000       1.0000000
      0.00000       2.2570000       0.0000000       1.0000000
      0.00000       2.2580000       0.0000000       1.0000000
      0.00000       2.2590000       0.0000000       1.0000000
      0.00000       2.2600000       0.0000000       1.0000000
      0.00000       2.2610000       0.0000000       1.0000000
      0.00000       2.2620000       0.0000000       1.0000000
      0.00000       2.2630000       0.0000000       1.0000000
      0.00000       2.2640000       0.0000000       1.0000000
      0.00000       2.2650000       0.0000000       1.0000000
      0.00000       2.2660000       0.0000000       1.0000000
      0.00000       2.2670000       0.0000000       1.0000000
      0.00000       2.2680000       0.0000000       1.0000000
      0.00000       2.2690000       0.0000000       1.0000000
      0.00000       2.2700000       0.0000000       1.0000000
      0.00000       2.2710000       0.0000000       1.0000000
      0.00000       2.2720000       0.0000000       1.0000000
      0.00000       2.2730000       0.0000000       1.0000000
      0.00000       2.2740000       0.0000000       1.0000000
      0.00000       2.2750000       0.0000000       1.0000000
      0.00000       2.2760000       0.0000000       1.0000000
      0.00000       2.2770000       0.0000000       1.0000000
      0.00000       2.2780000       0.0000000       1.0000000
      0.00000       2.2790000       0.0000000       1.0000000
      0.00000       2.2800000       0.0000000       1.0000000
      0.00000       2.2810000       0.0000000       1.0000000
      0.00000       2.2820000       0.0000000       1.0000000
      0.00000       2.2830000       0.0000000       1.0000000
      0.00000       2.2840000       0.0000000       1.0000000
      0.00000       2.2850000       0.0000000       1.0000000
      0.00000       2.2860000       0.0000000       1.0000000
      0.00000       2.2870000       0.0000000       1.0000000
      0.00000       2.2880000       0.0000000       1.0000000
      0.00000       2.2890000       0.0000000       1.0000000
      0.00000       2.2900000       0.0000000       1.0000000
      0.00000       2.2910000       0.0000000       1.0000000
      0.00000       2.2920000       0.0000000       1.0000000
      0.00000       2.2930000       0.0000000       1.0000000
      0.00000       2.2940000       0.0000000       1.0000000
      0.00000       2.2950000       0.0000000       1.0000000
      0.00000       2.2960000       0.0000000       1.0000000
      0.00000       2.2970000       0.0000000       1.0000000
      0.00000       2.2980000       0.0000000       1.0000000
      0.00000       2.2990000       0.0000000       1.0000000
      0.00000       2.3000000       0.0000000       1.0000000
      0.00000       2.3010000       0.0000000       1.0000000
      0.00000       2.3020000       0.0000000       1.0000000
      0.00000       2.3030000       0.0000000       1.0000000
      0.00000       2.3040000       0.0000000       1.0000000
      0.00000       2.3050000       0.0000000       1.0000000
      0.00000       2.3060000       0.0000000       1.0000000
      0.00000       2.3070000       0.0000000       1.0000000
      0.00000       2.3080000       0.0000000       1.0000000
      0.00000       2.3090000       0.0000000       1.0000000
      0.00000       2.3100000       0.0000000       1.0000000
      0.00000       2.3110000       0.0000000       1.0000000
      0.00000       2.3120000       0.0000000       1.0000000
      0.00000       2.3130000       0.0000000       1.0000000
      0.00000       2.3140000       0.0000000       1.0000000
      0.00000       2.3150000       0.0000000       1.0000000
      0.00000       2.3160000       0.0000000       1.0000000
      0.00000       2.3170000       0.0000000       1.0000000
      0.00000       2.3180000       0.0000000       1.0000000
      0.00000       2.3190000       0.0000000       1.0000000
      0.00000       2.3200000       0.0000000       1.0000000
      0.00000       2.3210000       0.0000000       1.0000000
      0.00000       2.3220000       0.0000000       1.0000000
      0.00000       2.3230000       0.0000000       1.0000000
      0.00000       2.3240000       0.0000000       1.0000000
      0.00000       2.3250000       0.0000000       1.0000000
      0.00000       2.3260000       0.0000000       1.0000000
      0.00000       2.3270000       0.0000000       1.0000000
      0.00000       2.3280000       0.0000000       1.0000000
      0.00000       2.3290000       0.0000000       1.0000000
      0.00000       2.3300000       0.0000000       1.0000000
      0.00000       2.3310000       0.0000000       1.0000000
      0.00000       2.3320000       0.0000000       1.0000000
      0.00000       2.3330000       0.0000000       1.0000000
      0.00000       2.3340000       0.0000000       1.0000000
      0.00000       2.3350000       0.0000000       1.0000000
      0.00000       2.3360000       0.0000000       1.0000000
      0.00000       2.3370000       0.0000000       1.0000000
      0.00000       2.3380000       0.0000000       1.0000000
      0.00000       2.3390000       0.0000000       1.0000000
      0.00000       2.3400000       0.0000000       1.0000000
      0.00000       2.3410000       0.0000000       1.0000000
      0.00000       2.3420000       0.0000000       1.0000000
      0.00000       2.3430000       0.0000000       1.0000000
      0.00000       2.3440000       0.0000000       1.0000000
      0.00000       2.3450000       0.0000000       1.0000000
      0.00000       2.3460000       0.0000000       1.0000000
      0.00000       2.3470000       0.0000000       1.0000000
      0.00000       2.3480000       0.0000000       1.0000000
      0.00000       2.3490000       0.0000000       1.0000000
      0.00000       2.3500000       0.0000000       1.0000000
      0.00000       2.3510000       0.0000000       1.0000000
      0.00000       2.3520000       0.0000000       1.0000000
      0.00000       2.3530000       0.0000000       1.0000000
      0.00000       2.3540000       0.0000000       1.0000000
      0.00000       2.3550000       0.0000000       1.0000000
      0.00000       2.3560000       0.0000000       1.0000000
      0.00000       2.3570000       0.0000000       1.0000000
      0.00000       2.3580000       0.0000000       1.0000000
      0.00000       2.3590000       0.0000000       1.0000000
      0.00000       2.3600000       0.0000000       1.0000000
      0.00000       2.3610000       0.0000000       1.0000000
      0.00000       2.3620000       0.0000000       1.0000000
      0.00000       2.3630000       0.0000000       1.0000000
      0.00000       2.3640000       0.0000000       1.0000000
      0.00000       2.3650000       0.0000000       1.0000000
      0.00000       2.3660000       0.0000000       1.0000000
      0.00000       2.3670000       0.0000000       1.0000000
      0.00000       2.3680000       0.0000000       1.0000000
      0.00000       2.3690000       0.0000000       1.0000000
      0.00000       2.3700000       0.0000000       1.0000000
      0.00000       2.3710000       0.0000000       1.0000000
      0.00000       2.3720000       0.0000000       1.0000000
      0.00000       2.3730000       0.0000000       1.0000000
      0.00000       2.3740000       0.0000000       1.0000000
      0.00000       2.3750000       0.0000000       1.0000000
      0.00000       2.3760000       0.0000000       1.0000000
      0.00000       2.3770000       0.0000000       1.0000000
      0.00000       2.3780000       0.0000000       1.0000000
      0.00000       2.3790000       0.0000000       1.0000000
      0.00000       2.3800000       0.0000000       1.0000000
      0.00000       2.3810000       0.0000000       1.0000000
      0.00000       2.3820000       0.0000000       1.0000000
      0.00000       2.3830000       0.0000000       1.0000000
      0.00000       2.3840000       0.0000000       1.0000000
      0.00000       2.3850000       0.0000000       1.0000000
      0.00000       2.3860000       0.0000000       1.0000000
      0.00000       2.3870000       0.0000000       1.0000000
      0.00000       2.3880000       0.0000000       1.0000000
      0.00000       2.3890000       0.0000000       1.0000000
      0.00000       2.3900000       0.0000000       1.0000000
      0.00000       2.3910000       0.0000000       1.0000000
      0.00000       2.3920000       0.0000000       1.0000000
      0.00000       2.3930000       0.0000000       1.0000000
      0.00000       2.3940000       0.0000000       1.0000000
      0.00000       2.3950000       0.0000000       1.0000000
      0.00000       2.3960000       0.0000000       1.0000000
      0.00000       2.3970000       0.0000000       1.0000000
      0.00000       2.3980000       0.0000000       1.0000000
      0.00000       2.3990000       0.0000000       1.0000000
      0.00000       2.4000000       0.0000000       1.0000000
      0.00000       2.4010000       0.0000000       1.0000000
      0.00000       2.4020000       0.0000000       1.0000000
      0.00000       2.4030000       0.0000000       1.0000000
      0.00000       2.4040000       0.0000000       1.0000000
      0.00000       2.4050000       0.0000000       1.0000000
      0.00000       2.4060000       0.0000000       1.0000000
      0.00000       2.4070000       0.0000000       1.0000000
      0.00000       2.4080000       0.0000000       1.0000000
      0.00000       2.4090000       0.0000000       1.0000000
      0.00000       2.4100000       0.0000000       1.0000000
      0.00000       2.4110000       0.0000000       1.0000000
      0.00000       2.4120000       0.0000000       1.0000000
      0.00000       2.4130000       0.0000000       1.0000000
      0.00000       2.4140000       0.0000000       1.0000000
      0.00000       2.4150000       0.0000000       1.0000000
      0.00000       2.4160000       0.0000000       1.0000000
      0.00000       2.4170000       0.0000000       1.0000000
      0.00000       2.4180000       0.0000000       1.0000000
      0.00000       2.4190000       0.0000000       1.0000000
      0.00000       2.4200000       0.0000000       1.0000000
      0.00000       2.4210000       0.0000000       1.0000000
      0.00000       2.4220000       0.0000000       1.0000000
      0.00000       2.4230000       0.0000000       1.0000000
      0.00000       2.4240000       0.0000000       1.0000000
      0.00000       2.4250000       0.0000000       1.0000000
      0.00000       2.4260000       0.0000000       1.0000000
      0.00000       2.4270000       0.0000000       1.0000000
      0.00000       2.4280000       0.0000000       1.0000000
      0.00000       2.4290000       0.0000000       1.0000000
      0.00000       2.4300000       0.0000000       1.0000000
      0.00000       2.4310000       0.0000000       1.0000000
      0.00000       2.4320000       0.0000000       1.0000000
      0.00000       2.4330000       0.0000000       1.0000000
      0.00000       2.4340000       0.0000000       1.0000000
      0.00000       2.4350000       0.0000000       1.0000000
      0.00000       2.4360000       0.0000000       1.0000000
      0.00000       2.4370000       0.0000000       1.0000000
      0.00000       2.4380000       0.0000000       1.0000000
      0.00000       2.4390000       0.0000000       1.0000000
      0.00000       2.4400000       0.0000000       1.0000000
      0.00000       2.4410000       0.0000000       1.0000000
      0.00000       2.4420000       0.0000000       1.0000000
      0.00000       2.4430000       0.0000000       1.0000000
      0.00000       2.4440000       0.0000000       1.0000000
      0.00000       2.4450000       0.0000000       1.0000000
      0.00000       2.4460000       0.0000000       1.0000000
      0.00000       2.4470000       0.0000000       1.0000000
      0.00000       2.4480000       0.0000000       1.0000000
      0.00000       2.4490000       0.0000000       1.0000000
      0.00000       2.4500000       0.0000000       1.0000000
      0.00000       2.4510000       0.0000000       1.0000000
      0.00000       2.4520000       0.0000000       1.0000000
      0.00000       2.4530000       0.0000000       1.0000000
      0.00000       2.4540000       0.0000000       1.0000000
      0.00000       2.4550000       0.0000000       1.0000000
      0.00000       2.4560000       0.0000000       1.0000000
      0.00000       2.4570000       0.0000000       1.0000000
      0.00000       2.4580000       0.0000000       1.0000000
      0.00000       2.4590000       0.0000000       1.0000000
      0.00000       2.4600000       0.0000000       1.0000000
      0.00000       2.4610000       0.0000000       1.0000000
      0.00000       2.4620000       0.0000000       1.0000000
      0.00000       2.4630000       0.0000000       1.0000000
      0.00000       2.4640000       0.0000000       1.0000000
      0.00000       2.4650000       0.0000000       1.0000000
      0.00000       2.4660000       0.0000000       1.0000000
      0.00000       2.4670000       0.0000000       1.0000000
      0.00000       2.4680000       0.0000000       1.0000000
      0.00000       2.4690000       0.0000000       1.0000000
      0.00000       2.4700000       0.0000000       1.0000000
      0.00000       2.4710000       0.0000000       1.0000000
      0.00000       2.4720000       0.0000000       1.0000000
      0.00000       2.4730000       0.0000000       1.0000000
      0.00000       2.4740000       0.0000000       1.0000000
      0.00000       2.4750000       0.0000000       1.0000000
      0.00000       2.4760000       0.0000000       1.0000000
      0.00000       2.4770000       0.0000000       1.0000000
      0.00000       2.4780000       0.0000000       1.0000000
      0.00000       2.4790000       0.0000000       1.0000000
      0.00000       2.4800000       0.0000000       1.0000000
      0.00000       2.4810000       0.0000000       1.0000000
      0.00000       2.4820000       0.0000000       1.0000000
      0.00000       2.4830000       0.0000000       1.0000000
      0.00000       2.4840000       0.0000000       1.0000000
      0.00000       2.4850000       0.0000000       1.0000000
      0.00000       2.4860000       0.0000000       1.0000000
      0.00000       2.4870000       0.0000000       1.0000000
      0.00000       2.4880000       0.0000000       1.0000000
      0.00000       2.4890000       0.0000000       1.0000000
      0.00000       2.4900000       0.0000000       1.0000000
      0.00000       2.4910000       0.0000000       1.0000000
      0.00000       2.4920000       0.0000000       1.0000000
      0.00000       2.4930000       0.0000000       1.0000000
      0.00000       2.4940000       0.0000000       1.0000000
      0.00000       2.4950000       0.0000000       1.0000000
      0.00000       2.4960000       0.0000000       1.0000000
      0.00000       2.4970000       0.0000000       1.0000000
      0.00000       2.4980000       0.0000000       1.0000000
      0.00000       2.4990000       0.0000000       1.0000000
      0.00000       2.5000000       0.0000000       1.0000000
      0.00000       2.5010000       0.0000000       1.0000000
      0.00000       2.5020000       0.0000000       1.0000000
      0.00000       2.5030000       0.0000000       1.0000000
      0.00000       2.5040000       0.0000000       1.0000000
      0.00000       2.5050000       0.0000000       1.0000000
      0.00000       2.5060000       0.0000000       1.0000000
      0.00000       2.5070000       0.0000000       1.0000000
      0.00000       2.5080000       0.0000000       1.0000000
      0.00000       2.5090000       0.0000000       1.0000000
      0.00000       2.5100000       0.0000000       1.0000000
      0.00000       2.5110000       0.0000000       1.0000000
      0.00000       2.5120000       0.0000000       1.0000000
      0.00000       2.5130000       0.0000000       1.0000000
      0.00000       2.5140000       0.0000000       1.0000000
      0.00000       2.5150000       0.0000000       1.0000000
      0.00000       2.5160000       0.0000000       1.0000000
      0.00000       2.5170000       0.0000000       1.0000000
      0.00000       2.5180000       0.0000000       1.0000000
      0.00000       2.5190000       0.0000000       1.0000000
      0.00000       2.5200000       0.0000000       1.0000000
      0.00000       2.5210000       0.0000000       1.0000000
      0.00000       2.5220000       0.0000000       1.0000000
      0.00000       2.5230000       0.0000000       1.0000000
      0.00000       2.5240000       0.0000000       1.0000000
      0.00000       2.5250000       0.0000000       1.0000000
      0.00000       2.5260000       0.0000000       1.0000000
      0.00000       2.5270000       0.0000000       1.0000000
      0.00000       2.5280000       0.0000000       1.0000000
      0.00000       2.5290000       0.0000000       1.0000000
      0.00000       2.5300000       0.0000000       1.0000000
      0.00000       2.5310000       0.0000000       1.0000000
      0.00000       2.5320000       0.0000000       1.0000000
      0.00000       2.5330000       0.0000000       1.0000000
      0.00000       2.5340000       0.0000000       1.0000000
      0.00000       2.5350000       0.0000000       1.0000000
      0.00000       2.5360000       0.0000000       1.0000000
      0.00000       2.5370000       0.0000000       1.0000000
      0.00000       2.5380000       0.0000000       1.0000000
      0.00000       2.5390000       0.0000000       1.0000000
      0.00000       2.5400000       0.0000000       1.0000000
      0.00000       2.5410000       0.0000000       1.0000000
      0.00000       2.5420000       0.0000000       1.0000000
      0.00000       2.5430000       0.0000000       1.0000000
      0.00000       2.5440000       0.0000000       1.0000000
      0.00000       2.5450000       0.0000000       1.0000000
      0.00000       2.5460000       0.0000000       1.0000000
      0.00000       2.5470000       0.0000000       1.0000000
      0.00000       2.5480000       0.0000000       1.0000000
      0.00000       2.5490000       0.0000000       1.0000000
      0.00000       2.5500000       0.0000000       1.0000000
      0.00000       2.5510000       0.0000000       1.0000000
      0.00000       2.5520000       0.0000000       1.0000000
      0.00000       2.5530000       0.0000000       1.0000000
      0.00000       2.5540000       0.0000000       1.0000000
      0.00000       2.5550000       0.0000000       1.0000000
      0.00000       2.5560000       0.0000000       1.0000000
      0.00000       2.5570000       0.0000000       1.0000000
      0.00000       2.5580000       0.0000000       1.0000000
      0.00000       2.5590000       0.0000000       1.0000000
      0.00000       2.5600000       0.0000000       1.0000000
      0.00000       2.5610000       0.0000000       1.0000000
      0.00000       2.5620000       0.0000000       1.0000000
      0.00000       2.5630000       0.0000000       1.0000000
      0.00000       2.5640000       0.0000000       1.0000000
      0.00000       2.5650000       0.0000000       1.0000000
      0.00000       2.5660000       0.0000000       1.0000000
      0.00000       2.5670000       0.0000000       1.0000000
      0.00000       2.5680000       0.0000000       1.0000000
      0.00000       2.5690000       0.0000000       1.0000000
      0.00000       2.5700000       0.0000000       1.0000000
      0.00000       2.5710000       0.0000000       1.0000000
      0.00000       2.5720000       0.0000000       1.0000000
      0.00000       2.5730000       0.0000000       1.0000000
      0.00000       2.5740000       0.0000000       1.0000000
      0.00000       2.5750000       0.0000000       1.0000000
      0.00000       2.5760000       0.0000000       1.0000000
      0.00000       2.5770000       0.0000000       1.0000000
      0.00000       2.5780000       0.0000000       1.0000000
      0.00000       2.5790000       0.0000000       1.0000000
      0.00000       2.5800000       0.0000000       1.0000000
      0.00000       2.5810000       0.0000000       1.0000000
      0.00000       2.5820000       0.0000000       1.0000000
      0.00000       2.5830000       0.0000000       1.0000000
      0.00000       2.5840000       0.0000000       1.0000000
      0.00000       2.5850000       0.0000000       1.0000000
      0.00000       2.5860000       0.0000000       1.0000000
      0.00000       2.5870000       0.0000000       1.0000000
      0.00000       2.5880000       0.0000000       1.0000000
      0.00000       2.5890000       0.0000000       1.0000000
      0.00000       2.5900000       0.0000000       1.0000000
      0.00000       2.5910000       0.0000000       1.0000000
      0.00000       2.5920000       0.0000000       1.0000000
      0.00000       2.5930000       0.0000000       1.0000000
      0.00000       2.5940000       0.0000000       1.0000000
      0.00000       2.5950000       0.0000000       1.0000000
      0.00000       2.5960000       0.0000000       1.0000000
      0.00000       2.5970000       0.0000000       1.0000000
      0.00000       2.5980000       0.0000000       1.0000000
      0.00000       2.5990000       0.0000000       1.0000000
      0.00000       2.6000000       0.0000000       1.0000000
      0.00000       2.6010000       0.0000000       1.0000000
      0.00000       2.6020000       0.0000000       1.0000000
      0.00000       2.6030000       0.0000000       1.0000000
      0.00000       2.6040000       0.0000000       1.0000000
      0.00000       2.6050000       0.0000000       1.0000000
      0.00000       2.6060000       0.0000000       1.0000000
      0.00000       2.6070000       0.0000000       1.0000000
      0.00000       2.6080000       0.0000000       1.0000000
      0.00000       2.6090000       0.0000000       1.0000000
      0.00000       2.6100000       0.0000000       1.0000000
      0.00000       2.6110000       0.0000000       1.0000000
      0.00000       2.6120000       0.0000000       1.0000000
      0.00000       2.6130000       0.0000000       1.0000000
      0.00000       2.6140000       0.0000000       1.0000000
      0.00000       2.6150000       0.0000000       1.0000000
      0.00000       2.6160000       0.0000000       1.0000000
      0.00000       2.6170000       0.0000000       1.0000000
      0.00000       2.6180000       0.0000000       1.0000000
      0.00000       2.6190000       0.0000000       1.0000000
      0.00000       2.6200000       0.0000000       1.0000000
      0.00000       2.6210000       0.0000000       1.0000000
      0.00000       2.6220000       0.0000000       1.0000000
      0.00000       2.6230000       0.0000000       1.0000000
      0.00000       2.6240000       0.0000000       1.0000000
      0.00000       2.6250000       0.0000000       1.0000000
      0.00000       2.6260000       0.0000000       1.0000000
      0.00000       2.6270000       0.0000000       1.0000000
      0.00000       2.6280000       0.0000000       1.0000000
      0.00000       2.6290000       0.0000000       1.0000000
      0.00000       2.6300000       0.0000000       1.0000000
      0.00000       2.6310000       0.0000000       1.0000000
      0.00000       2.6320000       0.0000000       1.0000000
      0.00000       2.6330000       0.0000000       1.0000000
      0.00000       2.6340000       0.0000000       1.0000000
      0.00000       2.6350000       0.0000000       1.0000000
      0.00000       2.6360000       0.0000000       1.0000000
      0.00000       2.6370000       0.0000000       1.0000000
      0.00000       2.6380000       0.0000000       1.0000000
      0.00000       2.6390000       0.0000000       1.0000000
      0.00000       2.6400000       0.0000000       1.0000000
      0.00000       2.6410000       0.0000000       1.0000000
      0.00000       2.6420000       0.0000000       1.0000000
      0.00000       2.6430000       0.0000000       1.0000000
      0.00000       2.6440000       0.0000000       1.0000000
      0.00000       2.6450000       0.0000000       1.0000000
      0.00000       2.6460000       0.0000000       1.0000000
      0.00000       2.6470000       0.0000000       1.0000000
      0.00000       2.6480000       0.0000000       1.0000000
      0.00000       2.6490000       0.0000000       1.0000000
      0.00000       2.6500000       0.0000000       1.0000000
      0.00000       2.6510000       0.0000000       1.0000000
      0.00000       2.6520000       0.0000000       1.0000000
      0.00000       2.6530000       0.0000000       1.0000000
      0.00000       2.6540000       0.0000000       1.0000000
      0.00000       2.6550000       0.0000000       1.0000000
      0.00000       2.6560000       0.0000000       1.0000000
      0.00000       2.6570000       0.0000000       1.0000000
      0.00000       2.6580000       0.0000000       1.0000000
      0.00000       2.6590000       0.0000000       1.0000000
      0.00000       2.6600000       0.0000000       1.0000000
      0.00000       2.6610000       0.0000000       1.0000000
      0.00000       2.6620000       0.0000000       1.0000000
      0.00000       2.6630000       0.0000000       1.0000000
      0.00000       2.6640000       0.0000000       1.0000000
      0.00000       2.6650000       0.0000000       1.0000000
      0.00000       2.6660000       0.0000000       1.0000000
      0.00000       2.6670000       0.0000000       1.0000000
      0.00000       2.6680000       0.0000000       1.0000000
      0.00000       2.6690000       0.0000000       1.0000000
      0.00000       2.6700000       0.0000000       1.0000000
      0.00000       2.6710000       0.0000000       1.0000000
      0.00000       2.6720000       0.0000000       1.0000000
      0.00000       2.6730000       0.0000000       1.0000000
      0.00000       2.6740000       0.0000000       1.0000000
      0.00000       2.6750000       0.0000000       1.0000000
      0.00000       2.6760000       0.0000000       1.0000000
      0.00000       2.6770000       0.0000000       1.0000000
      0.00000       2.6780000       0.0000000       1.0000000
      0.00000       2.6790000       0.0000000       1.0000000
      0.00000       2.6800000       0.0000000       1.0000000
      0.00000       2.6810000       0.0000000       1.0000000
      0.00000       2.6820000       0.0000000       1.0000000
      0.00000       2.6830000       0.0000000       1.0000000
      0.00000       2.6840000       0.0000000       1.0000000
      0.00000       2.6850000       0.0000000       1.0000000
      0.00000       2.6860000       0.0000000       1.0000000
      0.00000       2.6870000       0.0000000       1.0000000
      0.00000       2.6880000       0.0000000       1.0000000
      0.00000       2.6890000       0.0000000       1.0000000
      0.00000       2.6900000       0.0000000       1.0000000
      0.00000       2.6910000       0.0000000       1.0000000
      0.00000       2.6920000       0.0000000       1.0000000
      0.00000       2.6930000       0.0000000       1.0000000
      0.00000       2.6940000       0.0000000       1.0000000
      0.00000       2.6950000       0.0000000       1.0000000
      0.00000       2.6960000       0.0000000       1.0000000
      0.00000       2.6970000       0.0000000       1.0000000
      0.00000       2.6980000       0.0000000       1.0000000
      0.00000       2.6990000       0.0000000       1.0000000
      0.00000       2.7000000       0.0000000       1.0000000
      0.00000       2.7010000       0.0000000       1.0000000
      0.00000       2.7020000       0.0000000       1.0000000
      0.00000       2.7030000       0.0000000       1.0000000
      0.00000       2.7040000       0.0000000       1.0000000
      0.00000       2.7050000       0.0000000       1.0000000
      0.00000       2.7060000       0.0000000       1.0000000
      0.00000       2.7070000       0.0000000       1.0000000
      0.00000       2.7080000       0.0000000       1.0000000
      0.00000       2.7090000       0.0000000       1.0000000
      0.00000       2.7100000       0.0000000       1.0000000
      0.00000       2.7110000       0.0000000       1.0000000
      0.00000       2.7120000       0.0000000       1.0000000
      0.00000       2.7130000       0.0000000       1.0000000
      0.00000       2.7140000       0.0000000       1.0000000
      0.00000       2.7150000       0.0000000       1.0000000
      0.00000       2.7160000       0.0000000       1.0000000
      0.00000       2.7170000       0.0000000       1.0000000
      0.00000       2.7180000       0.0000000       1.0000000
      0.00000       2.7190000       0.0000000       1.0000000
      0.00000       2.7200000       0.0000000       1.0000000
      0.00000       2.7210000       0.0000000       1.0000000
      0.00000       2.7220000       0.0000000       1.0000000
      0.00000       2.7230000       0.0000000       1.0000000
      0.00000       2.7240000       0.0000000       1.0000000
      0.00000       2.7250000       0.0000000       1.0000000
      0.00000       2.7260000       0.0000000       1.0000000
      0.00000       2.7270000       0.0000000       1.0000000
      0.00000       2.7280000       0.0000000       1.0000000
      0.00000       2.7290000       0.0000000       1.0000000
      0.00000       2.7300000       0.0000000       1.0000000
      0.00000       2.7310000       0.0000000       1.0000000
      0.00000       2.7320000       0.0000000       1.0000000
      0.00000       2.7330000       0.0000000       1.0000000
      0.00000       2.7340000       0.0000000       1.0000000
      0.00000       2.7350000       0.0000000       1.0000000
      0.00000       2.7360000       0.0000000       1.0000000
      0.00000       2.7370000       0.0000000       1.0000000
      0.00000       2.7380000       0.0000000       1.0000000
      0.00000       2.7390000       0.0000000       1.0000000
      0.00000       2.7400000       0.0000000       1.0000000
      0.00000       2.7410000       0.0000000       1.0000000
      0.00000       2.7420000       0.0000000       1.0000000
      0.00000       2.7430000       0.0000000       1.0000000
      0.00000       2.7440000       0.0000000       1.0000000
      0.00000       2.7450000       0.0000000       1.0000000
      0.00000       2.7460000       0.0000000       1.0000000
      0.00000       2.7470000       0.0000000       1.0000000
      0.00000       2.7480000       0.0000000       1.0000000
      0.00000       2.7490000       0.0000000       1.0000000
      0.00000       2.7500000       0.0000000       1.0000000
      0.00000       2.7510000       0.0000000       1.0000000
      0.00000       2.7520000       0.0000000       1.0000000
      0.00000       2.7530000       0.0000000       1.0000000
      0.00000       2.7540000       0.0000000       1.0000000
      0.00000       2.7550000       0.0000000       1.0000000
      0.00000       2.7560000       0.0000000       1.0000000
      0.00000       2.7570000       0.0000000       1.0000000
      0.00000       2.7580000       0.0000000       1.0000000
      0.00000       2.7590000       0.0000000       1.0000000
      0.00000       2.7600000       0.0000000       1.0000000
      0.00000       2.7610000       0.0000000       1.0000000
      0.00000       2.7620000       0.0000000       1.0000000
      0.00000       2.7630000       0.0000000       1.0000000
      0.00000       2.7640000       0.0000000       1.0000000
      0.00000       2.7650000       0.0000000       1.0000000
      0.00000       2.7660000       0.0000000       1.0000000
      0.00000       2.7670000       0.0000000       1.0000000
      0.00000       2.7680000       0.0000000       1.0000000
      0.00000       2.7690000       0.0000000       1.0000000
      0.00000       2.7700000       0.0000000       1.0000000
      0.00000       2.7710000       0.0000000       1.0000000
      0.00000       2.7720000       0.0000000       1.0000000
      0.00000       2.7730000       0.0000000       1.0000000
      0.00000       2.7740000       0.0000000       1.0000000
      0.00000       2.7750000       0.0000000       1.0000000
      0.00000       2.7760000       0.0000000       1.0000000
      0.00000       2.7770000       0.0000000       1.0000000
      0.00000       2.7780000       0.0000000       1.0000000
      0.00000       2.7790000       0.0000000       1.0000000
      0.00000       2.7800000       0.0000000       1.0000000
      0.00000       2.7810000       0.0000000       1.0000000
      0.00000       2.7820000       0.0000000       1.0000000
      0.00000       2.7830000       0.0000000       1.0000000
      0.00000       2.7840000       0.0000000       1.0000000
      0.00000       2.7850000       0.0000000       1.0000000
      0.00000       2.7860000       0.0000000       1.0000000
      0.00000       2.7870000       0.0000000       1.0000000
      0.00000       2.7880000       0.0000000       1.0000000
      0.00000       2.7890000       0.0000000       1.0000000
      0.00000       2.7900000       0.0000000       1.0000000
      0.00000       2.7910000       0.0000000       1.0000000
      0.00000       2.7920000       0.0000000       1.0000000
      0.00000       2.7930000       0.0000000       1.0000000
      0.00000       2.7940000       0.0000000       1.0000000
      0.00000       2.7950000       0.0000000       1.0000000
      0.00000       2.7960000       0.0000000       1.0000000
      0.00000       2.7970000       0.0000000       1.0000000
      0.00000       2.7980000       0.0000000       1.0000000
      0.00000       2.7990000       0.0000000       1.0000000
      0.00000       2.8000000       0.0000000       1.0000000
      0.00000       2.8010000       0.0000000       1.0000000
      0.00000       2.8020000       0.0000000       1.0000000
      0.00000       2.8030000       0.0000000       1.0000000
      0.00000       2.8040000       0.0000000       1.0000000
      0.00000       2.8050000       0.0000000       1.0000000
      0.00000       2.8060000       0.0000000       1.0000000
      0.00000       2.8070000       0.0000000       1.0000000
      0.00000       2.8080000       0.0000000       1.0000000
      0.00000       2.8090000       0.0000000       1.0000000
      0.00000       2.8100000       0.0000000       1.0000000
      0.00000       2.8110000       0.0000000       1.0000000
      0.00000       2.8120000       0.0000000       1.0000000
      0.00000       2.8130000       0.0000000       1.0000000
      0.00000       2.8140000       0.0000000       1.0000000
      0.00000       2.8150000       0.0000000       1.0000000
      0.00000       2.8160000       0.0000000       1.0000000
      0.00000       2.8170000       0.0000000       1.0000000
      0.00000       2.8180000       0.0000000       1.0000000
      0.00000       2.8190000       0.0000000       1.0000000
      0.00000       2.8200000       0.0000000       1.0000000
      0.00000       2.8210000       0.0000000       1.0000000
      0.00000       2.8220000       0.0000000       1.0000000
      0.00000       2.8230000       0.0000000       1.0000000
      0.00000       2.8240000       0.0000000       1.0000000
      0.00000       2.8250000       0.0000000       1.0000000
      0.00000       2.8260000       0.0000000       1.0000000
      0.00000       2.8270000       0.0000000       1.0000000
      0.00000       2.8280000       0.0000000       1.0000000
      0.00000       2.8290000       0.0000000       1.0000000
      0.00000       2.8300000       0.0000000       1.0000000
      0.00000       2.8310000       0.0000000       1.0000000
      0.00000       2.8320000       0.0000000       1.0000000
      0.00000       2.8330000       0.0000000       1.0000000
      0.00000       2.8340000       0.0000000       1.0000000
      0.00000       2.8350000       0.0000000       1.0000000
      0.00000       2.8360000       0.0000000       1.0000000
      0.00000       2.8370000       0.0000000       1.0000000
      0.00000       2.8380000       0.0000000       1.0000000
      0.00000       2.8390000       0.0000000       1.0000000
      0.00000       2.8400000       0.0000000       1.0000000
      0.00000       2.8410000       0.0000000       1.0000000
      0.00000       2.8420000       0.0000000       1.0000000
      0.00000       2.8430000       0.0000000       1.0000000
      0.00000       2.8440000       0.0000000       1.0000000
      0.00000       2.8450000       0.0000000       1.0000000
      0.00000       2.8460000       0.0000000       1.0000000
      0.00000       2.8470000       0.0000000       1.0000000
      0.00000       2.8480000       0.0000000       1.0000000
      0.00000       2.8490000       0.0000000       1.0000000
      0.00000       2.8500000       0.0000000       1.0000000
      0.00000       2.8510000       0.0000000       1.0000000
      0.00000       2.8520000       0.0000000       1.0000000
      0.00000       2.8530000       0.0000000       1.0000000
      0.00000       2.8540000       0.0000000       1.0000000
      0.00000       2.8550000       0.0000000       1.0000000
      0.00000       2.8560000       0.0000000       1.0000000
      0.00000       2.8570000       0.0000000       1.0000000
      0.00000       2.8580000       0.0000000       1.0000000
      0.00000       2.8590000       0.0000000       1.0000000
      0.00000       2.8600000       0.0000000       1.0000000
      0.00000       2.8610000       0.0000000       1.0000000
      0.00000       2.8620000       0.0000000       1.0000000
      0.00000       2.8630000       0.0000000       1.0000000
      0.00000       2.8640000       0.0000000       1.0000000
      0.00000       2.8650000       0.0000000       1.0000000
      0.00000       2.8660000       0.0000000       1.0000000
      0.00000       2.8670000       0.0000000       1.0000000
      0.00000       2.8680000       0.0000000       1.0000000
      0.00000       2.8690000       0.0000000       1.0000000
      0.00000       2.8700000       0.0000000       1.0000000
      0.00000       2.8710000       0.0000000       1.0000000
      0.00000       2.8720000       0.0000000       1.0000000
      0.00000       2.8730000       0.0000000       1.0000000
      0.00000       2.8740000       0.0000000       1.0000000
      0.00000       2.8750000       0.0000000       1.0000000
      0.00000       2.8760000       0.0000000       1.0000000
      0.00000       2.8770000       0.0000000       1.0000000
      0.00000       2.8780000       0.0000000       1.0000000
      0.00000       2.8790000       0.0000000       1.0000000
      0.00000       2.8800000       0.0000000       1.0000000
      0.00000       2.8810000       0.0000000       1.0000000
      0.00000       2.8820000       0.0000000       1.0000000
      0.00000       2.8830000       0.0000000       1.0000000
      0.00000       2.8840000       0.0000000       1.0000000
      0.00000       2.8850000       0.0000000       1.0000000
      0.00000       2.8860000       0.0000000       1.0000000
      0.00000       2.8870000       0.0000000       1.0000000
      0.00000       2.8880000       0.0000000       1.0000000
      0.00000       2.8890000       0.0000000       1.0000000
      0.00000       2.8900000       0.0000000       1.0000000
      0.00000       2.8910000       0.0000000       1.0000000
      0.00000       2.8920000       0.0000000       1.0000000
      0.00000       2.8930000       0.0000000       1.0000000
      0.00000       2.8940000       0.0000000       1.0000000
      0.00000       2.8950000       0.0000000       1.0000000
      0.00000       2.8960000       0.0000000       1.0000000
      0.00000       2.8970000       0.0000000       1.0000000
      0.00000       2.8980000       0.0000000       1.0000000
      0.00000       2.8990000       0.0000000       1.0000000
      0.00000       2.9000000       0.0000000       1.0000000
      0.00000       2.9010000       0.0000000       1.0000000
      0.00000       2.9020000       0.0000000       1.0000000
      0.00000       2.9030000       0.0000000       1.0000000
      0.00000       2.9040000       0.0000000       1.0000000
      0.00000       2.9050000       0.0000000       1.0000000
      0.00000       2.9060000       0.0000000       1.0000000
      0.00000       2.9070000       0.0000000       1.0000000
      0.00000       2.9080000       0.0000000       1.0000000
      0.00000       2.9090000       0.0000000       1.0000000
      0.00000       2.9100000       0.0000000       1.0000000
      0.00000       2.9110000       0.0000000       1.0000000
      0.00000       2.9120000       0.0000000       1.0000000
      0.00000       2.9130000       0.0000000       1.0000000
      0.00000       2.9140000       0.0000000       1.0000000
      0.00000       2.9150000       0.0000000       1.0000000
      0.00000       2.9160000       0.0000000       1.0000000
      0.00000       2.9170000       0.0000000       1.0000000
      0.00000       2.9180000       0.0000000       1.0000000
      0.00000       2.9190000       0.0000000       1.0000000
      0.00000       2.9200000       0.0000000       1.0000000
      0.00000       2.9210000       0.0000000       1.0000000
      0.00000       2.9220000       0.0000000       1.0000000
      0.00000       2.9230000       0.0000000       1.0000000
      0.00000       2.9240000       0.0000000       1.0000000
      0.00000       2.9250000       0.0000000       1.0000000
      0.00000       2.9260000       0.0000000       1.0000000
      0.00000       2.9270000       0.0000000       1.0000000
      0.00000       2.9280000       0.0000000       1.0000000
      0.00000       2.9290000       0.0000000       1.0000000
      0.00000       2.9300000       0.0000000       1.0000000
      0.00000       2.9310000       0.0000000       1.0000000
      0.00000       2.9320000       0.0000000       1.0000000
      0.00000       2.9330000       0.0000000       1.0000000
      0.00000       2.9340000       0.0000000       1.0000000
      0.00000       2.9350000       0.0000000       1.0000000
      0.00000       2.9360000       0.0000000       1.0000000
      0.00000       2.9370000       0.0000000       1.0000000
      0.00000       2.9380000       0.0000000       1.0000000
      0.00000       2.9390000       0.0000000       1.0000000
      0.00000       2.9400000       0.0000000       1.0000000
      0.00000       2.9410000       0.0000000       1.0000000
      0.00000       2.9420000       0.0000000       1.0000000
      0.00000       2.9430000       0.0000000       1.0000000
      0.00000       2.9440000       0.0000000       1.0000000
      0.00000       2.9450000       0.0000000       1.0000000
      0.00000       2.9460000       0.0000000       1.0000000
      0.00000       2.9470000       0.0000000       1.0000000
      0.00000       2.9480000       0.0000000       1.0000000
      0.00000       2.9490000       0.0000000       1.0000000
      0.00000       2.9500000       0.0000000       1.0000000
      0.00000       2.9510000       0.0000000       1.0000000
      0.00000       2.9520000       0.0000000       1.0000000
      0.00000       2.9530000       0.0000000       1.0000000
      0.00000       2.9540000       0.0000000       1.0000000
      0.00000       2.9550000       0.0000000       1.0000000
      0.00000       2.9560000       0.0000000       1.0000000
      0.00000       2.9570000       0.0000000       1.0000000
      0.00000       2.9580000       0.0000000       1.0000000
      0.00000       2.9590000       0.0000000       1.0000000
      0.00000       2.9600000       0.0000000       1.0000000
      0.00000       2.9610000       0.0000000       1.0000000
      0.00000       2.9620000       0.0000000       1.0000000
      0.00000       2.9630000       0.0000000       1.0000000
      0.00000       2.9640000       0.0000000       1.0000000
      0.00000       2.9650000       0.0000000       1.0000000
      0.00000       2.9660000       0.0000000       1.0000000
      0.00000       2.9670000       0.0000000       1.0000000
      0.00000       2.9680000       0.0000000       1.0000000
      0.00000       2.9690000       0.0000000       1.0000000
      0.00000       2.9700000       0.0000000       1.0000000
      0.00000       2.9710000       0.0000000       1.0000000
      0.00000       2.9720000       0.0000000       1.0000000
      0.00000       2.9730000       0.0000000       1.0000000
      0.00000       2.9740000       0.0000000       1.0000000
      0.00000       2.9750000       0.0000000       1.0000000
      0.00000       2.9760000       0.0000000       1.0000000
      0.00000       2.9770000       0.0000000       1.0000000
      0.00000       2.9780000       0.0000000       1.0000000
      0.00000       2.9790000       0.0000000       1.0000000
      0.00000       2.9800000       0.0000000       1.0000000
      0.00000       2.9810000       0.0000000       1.0000000
      0.00000       2.9820000       0.0000000       1.0000000
      0.00000       2.9830000       0.0000000       1.0000000
      0.00000       2.9840000       0.0000000       1.0000000
      0.00000       2.9850000       0.0000000       1.0000000
      0.00000       2.9860000       0.0000000       1.0000000
      0.00000       2.9870000       0.0000000       1.0000000
      0.00000       2.9880000       0.0000000       1.0000000
      0.00000       2.9890000       0.0000000       1.0000000
      0.00000       2.9900000       0.0000000       1.0000000
      0.00000       2.9910000       0.0000000       1.0000000
      0.00000       2.9920000       0.0000000       1.0000000
      0.00000       2.9930000       0.0000000       1.0000000
      0.00000       2.9940000       0.0000000       1.0000000
      0.00000       2.9950000       0.0000000       1.0000000
      0.00000       2.9960000       0.0000000       1.0000000
      0.00000       2.9970000       0.0000000       1.0000000
      0.00000       2.9980000       0.0000000       1.0000000
      0.00000       2.9990000       0.0000000       1.0000000
      0.00000       3.0000000       0.0000000       1.0000000
      0.00000       3.0010000       0.0000000       1.0000000
      0.00000       3.0020000       0.0000000       1.0000000
      0.00000       3.0030000       0.0000000       1.0000000
      0.00000       3.0040000       0.0000000       1.0000000
      0.00000       3.0050000       0.0000000       1.0000000
      0.00000       3.0060000       0.0000000       1.0000000
      0.00000       3.0070000       0.0000000       1.0000000
      0.00000       3.0080000       0.0000000       1.0000000
      0.00000       3.0090000       0.0000000       1.0000000
      0.00000       3.0100000       0.0000000       1.0000000
      0.00000       3.0110000       0.0000000       1.0000000
      0.00000       3.0120000       0.0000000       1.0000000
      0.00000       3.0130000       0.0000000       1.0000000
      0.00000       3.0140000       0.0000000       1.0000000
      0.00000       3.0150000       0.0000000       1.0000000
      0.00000       3.0160000       0.0000000       1.0000000
      0.00000       3.0170000       0.0000000       1.0000000
      0.00000       3.0180000       0.0000000       1.0000000
      0.00000       3.0190000       0.0000000       1.0000000
      0.00000       3.0200000       0.0000000       1.0000000
      0.00000       3.0210000       0.0000000       1.0000000
      0.00000       3.0220000       0.0000000       1.0000000
      0.00000       3.0230000       0.0000000       1.0000000
      0.00000       3.0240000       0.0000000       1.0000000
      0.00000       3.0250000       0.0000000       1.0000000
      0.00000       3.0260000       0.0000000       1.0000000
      0.00000       3.0270000       0.0000000       1.0000000
      0.00000       3.0280000       0.0000000       1.0000000
      0.00000       3.0290000       0.0000000       1.0000000
      0.00000       3.0300000       0.0000000       1.0000000
      0.00000       3.0310000       0.0000000       1.0000000
      0.00000       3.0320000       0.0000000       1.0000000
      0.00000       3.0330000       0.0000000       1.0000000
      0.00000       3.0340000       0.0000000       1.0000000
      0.00000       3.0350000       0.0000000       1.0000000
      0.00000       3.0360000       0.0000000       1.0000000
      0.00000       3.0370000       0.0000000       1.0000000
      0.00000       3.0380000       0.0000000       1.0000000
      0.00000       3.0390000       0.0000000       1.0000000
      0.00000       3.0400000       0.0000000       1.0000000
      0.00000       3.0410000       0.0000000       1.0000000
      0.00000       3.0420000       0.0000000       1.0000000
      0.00000       3.0430000       0.0000000       1.0000000
      0.00000       3.0440000       0.0000000       1.0000000
      0.00000       3.0450000       0.0000000       1.0000000
      0.00000       3.0460000       0.0000000       1.0000000
      0.00000       3.0470000       0.0000000       1.0000000
      0.00000       3.0480000       0.0000000       1.0000000
      0.00000       3.0490000       0.0000000       1.0000000
      0.00000       3.0500000       0.0000000       1.0000000
      0.00000       3.0510000       0.0000000       1.0000000
      0.00000       3.0520000       0.0000000       1.0000000
      0.00000       3.0530000       0.0000000       1.0000000
      0.00000       3.0540000       0.0000000       1.0000000
      0.00000       3.0550000       0.0000000       1.0000000
      0.00000       3.0560000       0.0000000       1.0000000
      0.00000       3.0570000       0.0000000       1.0000000
      0.00000       3.0580000       0.0000000       1.0000000
      0.00000       3.0590000       0.0000000       1.0000000
      0.00000       3.0600000       0.0000000       1.0000000
      0.00000       3.0610000       0.0000000       1.0000000
      0.00000       3.0620000       0.0000000       1.0000000
      0.00000       3.0630000       0.0000000       1.0000000
      0.00000       3.0640000       0.0000000       1.0000000
      0.00000       3.0650000       0.0000000       1.0000000
      0.00000       3.0660000       0.0000000       1.0000000
      0.00000       3.0670000       0.0000000       1.0000000
      0.00000       3.0680000       0.0000000       1.0000000
      0.00000       3.0690000       0.0000000       1.0000000
      0.00000       3.0700000       0.0000000       1.0000000
      0.00000       3.0710000       0.0000000       1.0000000
      0.00000       3.0720000       0.0000000       1.0000000
      0.00000       3.0730000       0.0000000       1.0000000
      0.00000       3.0740000       0.0000000       1.0000000
      0.00000       3.0750000       0.0000000       1.0000000
      0.00000       3.0760000       0.0000000       1.0000000
      0.00000       3.0770000       0.0000000       1.0000000
      0.00000       3.0780000       0.0000000       1.0000000
      0.00000       3.0790000       0.0000000       1.0000000
      0.00000       3.0800000       0.0000000       1.0000000
      0.00000       3.0810000       0.0000000       1.0000000
      0.00000       3.0820000       0.0000000       1.0000000
      0.00000       3.0830000       0.0000000       1.0000000
      0.00000       3.0840000       0.0000000       1.0000000
      0.00000       3.0850000       0.0000000       1.0000000
      0.00000       3.0860000       0.0000000       1.0000000
      0.00000       3.0870000       0.0000000       1.0000000
      0.00000       3.0880000       0.0000000       1.0000000
      0.00000       3.0890000       0.0000000       1.0000000
      0.00000       3.0900000       0.0000000       1.0000000
      0.00000       3.0910000       0.0000000       1.0000000
      0.00000       3.0920000       0.0000000       1.0000000
      0.00000       3.0930000       0.0000000       1.0000000
      0.00000       3.0940000       0.0000000       1.0000000
      0.00000       3.0950000       0.0000000       1.0000000
      0.00000       3.0960000       0.0000000       1.0000000
      0.00000       3.0970000       0.0000000       1.0000000
      0.00000       3.0980000       0.0000000       1.0000000
      0.00000       3.0990000       0.0000000       1.0000000
      0.00000       3.1000000       0.0000000       1.0000000
      0.00000       3.1010000       0.0000000       1.0000000
      0.00000       3.1020000       0.0000000       1.0000000
      0.00000       3.1030000       0.0000000       1.0000000
      0.00000       3.1040000       0.0000000       1.0000000
      0.00000       3.1050000       0.0000000       1.0000000
      0.00000       3.1060000       0.0000000       1.0000000
      0.00000       3.1070000       0.0000000       1.0000000
      0.00000       3.1080000       0.0000000       1.0000000
      0.00000       3.1090000       0.0000000       1.0000000
      0.00000       3.1100000       0.0000000       1.0000000
      0.00000       3.1110000       0.0000000       1.0000000
      0.00000       3.1120000       0.0000000       1.0000000
      0.00000       3.1130000       0.0000000       1.0000000
      0.00000       3.1140000       0.0000000       1.0000000
      0.00000       3.1150000       0.0000000       1.0000000
      0.00000       3.1160000       0.0000000       1.0000000
      0.00000       3.1170000       0.0000000       1.0000000
      0.00000       3.1180000       0.0000000       1.0000000
      0.00000       3.1190000       0.0000000       1.0000000
      0.00000       3.1200000       0.0000000       1.0000000
      0.00000       3.1210000       0.0000000       1.0000000
      0.00000       3.1220000       0.0000000       1.0000000
      0.00000       3.1230000       0.0000000       1.0000000
      0.00000       3.1240000       0.0000000       1.0000000
      0.00000       3.1250000       0.0000000       1.0000000
      0.00000       3.1260000       0.0000000       1.0000000
      0.00000       3.1270000       0.0000000       1.0000000
      0.00000       3.1280000       0.0000000       1.0000000
      0.00000       3.1290000       0.0000000       1.0000000
      0.00000       3.1300000       0.0000000       1.0000000
      0.00000       3.1310000       0.0000000       1.0000000
      0.00000       3.1320000       0.0000000       1.0000000
      0.00000       3.1330000       0.0000000       1.0000000
      0.00000       3.1340000       0.0000000       1.0000000
      0.00000       3.1350000       0.0000000       1.0000000
      0.00000       3.1360000       0.0000000       1.0000000
      0.00000       3.1370000       0.0000000       1.0000000
      0.00000       3.1380000       0.0000000       1.0000000
      0.00000       3.1390000       0.0000000       1.0000000
      0.00000       3.1400000       0.0000000       1.0000000
      0.00000       3.1410000       0.0000000       1.0000000
      0.00000       3.1420000       0.0000000       1.0000000
      0.00000       3.1430000       0.0000000       1.0000000
      0.00000       3.1440000       0.0000000       1.0000000
      0.00000       3.1450000       0.0000000       1.0000000
      0.00000       3.1460000       0.0000000       1.0000000
      0.00000       3.1470000       0.0000000       1.0000000
      0.00000       3.1480000       0.0000000       1.0000000
      0.00000       3.1490000       0.0000000       1.0000000
      0.00000       3.1500000       0.0000000       1.0000000
      0.00000       3.1510000       0.0000000       1.0000000
      0.00000       3.1520000       0.0000000       1.0000000
      0.00000       3.1530000       0.0000000       1.0000000
      0.00000       3.1540000       0.0000000       1.0000000
      0.00000       3.1550000       0.0000000       1.0000000
      0.00000       3.1560000       0.0000000       1.0000000
      0.00000       3.1570000       0.0000000       1.0000000
      0.00000       3.1580000       0.0000000       1.0000000
      0.00000       3.1590000       0.0000000       1.0000000
      0.00000       3.1600000       0.0000000       1.0000000
      0.00000       3.1610000       0.0000000       1.0000000
      0.00000       3.1620000       0.0000000       1.0000000
      0.00000       3.1630000       0.0000000       1.0000000
      0.00000       3.1640000       0.0000000       1.0000000
      0.00000       3.1650000       0.0000000       1.0000000
      0.00000       3.1660000       0.0000000       1.0000000
      0.00000       3.1670000       0.0000000       1.0000000
      0.00000       3.1680000       0.0000000       1.0000000
      0.00000       3.1690000       0.0000000       1.0000000
      0.00000       3.1700000       0.0000000       1.0000000
      0.00000       3.1710000       0.0000000       1.0000000
      0.00000       3.1720000       0.0000000       1.0000000
      0.00000       3.1730000       0.0000000       1.0000000
      0.00000       3.1740000       0.0000000       1.0000000
      0.00000       3.1750000       0.0000000       1.0000000
      0.00000       3.1760000       0.0000000       1.0000000
      0.00000       3.1770000       0.0000000       1.0000000
      0.00000       3.1780000       0.0000000       1.0000000
      0.00000       3.1790000       0.0000000       1.0000000
      0.00000       3.1800000       0.0000000       1.0000000
      0.00000       3.1810000       0.0000000       1.0000000
      0.00000       3.1820000       0.0000000       1.0000000
      0.00000       3.1830000       0.0000000       1.0000000
      0.00000       3.1840000       0.0000000       1.0000000
      0.00000       3.1850000       0.0000000       1.0000000
      0.00000       3.1860000       0.0000000       1.0000000
      0.00000       3.1870000       0.0000000       1.0000000
      0.00000       3.1880000       0.0000000       1.0000000
      0.00000       3.1890000       0.0000000       1.0000000
      0.00000       3.1900000       0.0000000       1.0000000
      0.00000       3.1910000       0.0000000       1.0000000
      0.00000       3.1920000       0.0000000       1.0000000
      0.00000       3.1930000       0.0000000       1.0000000
      0.00000       3.1940000       0.0000000       1.0000000
      0.00000       3.1950000       0.0000000       1.0000000
      0.00000       3.1960000       0.0000000       1.0000000
      0.00000       3.1970000       0.0000000       1.0000000
      0.00000       3.1980000       0.0000000       1.0000000
      0.00000       3.1990000       0.0000000       1.0000000
      0.00000       3.2000000       0.0000000       1.0000000
      0.00000       3.2010000       0.0000000       1.0000000
      0.00000       3.2020000       0.0000000       1.0000000
      0.00000       3.2030000       0.0000000       1.0000000
      0.00000       3.2040000       0.0000000       1.0000000
      0.00000       3.2050000       0.0000000       1.0000000
      0.00000       3.2060000       0.0000000       1.0000000
      0.00000       3.2070000       0.0000000       1.0000000
      0.00000       3.2080000       0.0000000       1.0000000
      0.00000       3.2090000       0.0000000       1.0000000
      0.00000       3.2100000       0.0000000       1.0000000
      0.00000       3.2110000       0.0000000       1.0000000
      0.00000       3.2120000       0.0000000       1.0000000
      0.00000       3.2130000       0.0000000       1.0000000
      0.00000       3.2140000       0.0000000       1.0000000
      0.00000       3.2150000       0.0000000       1.0000000
      0.00000       3.2160000       0.0000000       1.0000000
      0.00000       3.2170000       0.0000000       1.0000000
      0.00000       3.2180000       0.0000000       1.0000000
      0.00000       3.2190000       0.0000000       1.0000000
      0.00000       3.2200000       0.0000000       1.0000000
      0.00000       3.2210000       0.0000000       1.0000000
      0.00000       3.2220000       0.0000000       1.0000000
      0.00000       3.2230000       0.0000000       1.0000000
      0.00000       3.2240000       0.0000000       1.0000000
      0.00000       3.2250000       0.0000000       1.0000000
      0.00000       3.2260000       0.0000000       1.0000000
      0.00000       3.2270000       0.0000000       1.0000000
      0.00000       3.2280000       0.0000000       1.0000000
      0.00000       3.2290000       0.0000000       1.0000000
      0.00000       3.2300000       0.0000000       1.0000000
      0.00000       3.2310000       0.0000000       1.0000000
      0.00000       3.2320000       0.0000000       1.0000000
      0.00000       3.2330000       0.0000000       1.0000000
      0.00000       3.2340000       0.0000000       1.0000000
      0.00000       3.2350000       0.0000000       1.0000000
      0.00000       3.2360000       0.0000000       1.0000000
      0.00000       3.2370000       0.0000000       1.0000000
      0.00000       3.2380000       0.0000000       1.0000000
      0.00000       3.2390000       0.0000000       1.0000000
      0.00000       3.2400000       0.0000000       1.0000000
      0.00000       3.2410000       0.0000000       1.0000000
      0.00000       3.2420000       0.0000000       1.0000000
      0.00000       3.2430000       0.0000000       1.0000000
      0.00000       3.2440000       0.0000000       1.0000000
      0.00000       3.2450000       0.0000000       1.0000000
      0.00000       3.2460000       0.0000000       1.0000000
      0.00000       3.2470000       0.0000000       1.0000000
      0.00000       3.2480000       0.0000000       1.0000000
      0.00000       3.2490000       0.0000000       1.0000000
      0.00000       3.2500000       0.0000000       1.0000000
      0.00000       3.2510000       0.0000000       1.0000000
      0.00000       3.2520000       0.0000000       1.0000000
      0.00000       3.2530000       0.0000000       1.0000000
      0.00000       3.2540000       0.0000000       1.0000000
      0.00000       3.2550000       0.0000000       1.0000000
      0.00000       3.2560000       0.0000000       1.0000000
      0.00000       3.2570000       0.0000000       1.0000000
      0.00000       3.2580000       0.0000000       1.0000000
      0.00000       3.2590000       0.0000000       1.0000000
      0.00000       3.2600000       0.0000000       1.0000000
      0.00000       3.2610000       0.0000000       1.0000000
      0.00000       3.2620000       0.0000000       1.0000000
      0.00000       3.2630000       0.0000000       1.0000000
      0.00000       3.2640000       0.0000000       1.0000000
      0.00000       3.2650000       0.0000000       1.0000000
      0.00000       3.2660000       0.0000000       1.0000000
      0.00000       3.2670000       0.0000000       1.0000000
      0.00000       3.2680000       0.0000000       1.0000000
      0.00000       3.2690000       0.0000000       1.0000000
      0.00000       3.2700000       0.0000000       1.0000000
      0.00000       3.2710000       0.0000000       1.0000000
      0.00000       3.2720000       0.0000000       1.0000000
      0.00000       3.2730000       0.0000000       1.0000000
      0.00000       3.2740000       0.0000000       1.0000000
      0.00000       3.2750000       0.0000000       1.0000000
      0.00000       3.2760000       0.0000000       1.0000000
      0.00000       3.2770000       0.0000000       1.0000000
      0.00000       3.2780000       0.0000000       1.0000000
      0.00000       3.2790000       0.0000000       1.0000000
      0.00000       3.2800000       0.0000000       1.0000000
      0.00000       3.2810000       0.0000000       1.0000000
      0.00000       3.2820000       0.0000000       1.0000000
      0.00000       3.2830000       0.0000000       1.0000000
      0.00000       3.2840000       0.0000000       1.0000000
      0.00000       3.2850000       0.0000000       1.0000000
      0.00000       3.2860000       0.0000000       1.0000000
      0.00000       3.2870000       0.0000000       1.0000000
      0.00000       3.2880000       0.0000000       1.0000000
      0.00000       3.2890000       0.0000000       1.0000000
      0.00000       3.2900000       0.0000000       1.0000000
      0.00000       3.2910000       0.0000000       1.0000000
      0.00000       3.2920000       0.0000000       1.0000000
      0.00000       3.2930000       0.0000000       1.0000000
      0.00000       3.2940000       0.0000000       1.0000000
      0.00000       3.2950000       0.0000000       1.0000000
      0.00000       3.2960000       0.0000000       1.0000000
      0.00000       3.2970000       0.0000000       1.0000000
      0.00000       3.2980000       0.0000000       1.0000000
      0.00000       3.2990000       0.0000000       1.0000000
      0.00000       3.3000000       0.0000000       1.0000000
      0.00000       3.3010000       0.0000000       1.0000000
      0.00000       3.3020000       0.0000000       1.0000000
      0.00000       3.3030000       0.0000000       1.0000000
      0.00000       3.3040000       0.0000000       1.0000000
      0.00000       3.3050000       0.0000000       1.0000000
      0.00000       3.3060000       0.0000000       1.0000000
      0.00000       3.3070000       0.0000000       1.0000000
      0.00000       3.3080000       0.0000000       1.0000000
      0.00000       3.3090000       0.0000000       1.0000000
      0.00000       3.3100000       0.0000000       1.0000000
      0.00000       3.3110000       0.0000000       1.0000000
      0.00000       3.3120000       0.0000000       1.0000000
      0.00000       3.3130000       0.0000000       1.0000000
      0.00000       3.3140000       0.0000000       1.0000000
      0.00000       3.3150000       0.0000000       1.0000000
      0.00000       3.3160000       0.0000000       1.0000000
      0.00000       3.3170000       0.0000000       1.0000000
      0.00000       3.3180000       0.0000000       1.0000000
      0.00000       3.3190000       0.0000000       1.0000000
      0.00000       3.3200000       0.0000000       1.0000000
      0.00000       3.3210000       0.0000000       1.0000000
      0.00000       3.3220000       0.0000000       1.0000000
      0.00000       3.3230000       0.0000000       1.0000000
      0.00000       3.3240000       0.0000000       1.0000000
      0.00000       3.3250000       0.0000000       1.0000000
      0.00000       3.3260000       0.0000000       1.0000000
      0.00000       3.3270000       0.0000000       1.0000000
      0.00000       3.3280000       0.0000000       1.0000000
      0.00000       3.3290000       0.0000000       1.0000000
      0.00000       3.3300000       0.0000000       1.0000000
      0.00000       3.3310000       0.0000000       1.0000000
      0.00000       3.3320000       0.0000000       1.0000000
      0.00000       3.3330000       0.0000000       1.0000000
      0.00000       3.3340000       0.0000000       1.0000000
      0.00000       3.3350000       0.0000000       1.0000000
      0.00000       3.3360000       0.0000000       1.0000000
      0.00000       3.3370000       0.0000000       1.0000000
      0.00000       3.3380000       0.0000000       1.0000000
      0.00000       3.3390000       0.0000000       1.0000000
      0.00000       3.3400000       0.0000000       1.0000000
      0.00000       3.3410000       0.0000000       1.0000000
      0.00000       3.3420000       0.0000000       1.0000000
      0.00000       3.3430000       0.0000000       1.0000000
      0.00000       3.3440000       0.0000000       1.0000000
      0.00000       3.3450000       0.0000000       1.0000000
      0.00000       3.3460000       0.0000000       1.0000000
      0.00000       3.3470000       0.0000000       1.0000000
      0.00000       3.3480000       0.0000000       1.0000000
      0.00000       3.3490000       0.0000000       1.0000000
      0.00000       3.3500000       0.0000000       1.0000000
      0.00000       3.3510000       0.0000000       1.0000000
      0.00000       3.3520000       0.0000000       1.0000000
      0.00000       3.3530000       0.0000000       1.0000000
      0.00000       3.3540000       0.0000000       1.0000000
      0.00000       3.3550000       0.0000000       1.0000000
      0.00000       3.3560000       0.0000000       1.0000000
      0.00000       3.3570000       0.0000000       1.0000000
      0.00000       3.3580000       0.0000000       1.0000000
      0.00000       3.3590000       0.0000000       1.0000000
      0.00000       3.3600000       0.0000000       1.0000000
      0.00000       3.3610000       0.0000000       1.0000000
      0.00000       3.3620000       0.0000000       1.0000000
      0.00000       3.3630000       0.0000000       1.0000000
      0.00000       3.3640000       0.0000000       1.0000000
      0.00000       3.3650000       0.0000000       1.0000000
      0.00000       3.3660000       0.0000000       1.0000000
      0.00000       3.3670000       0.0000000       1.0000000
      0.00000       3.3680000       0.0000000       1.0000000
      0.00000       3.3690000       0.0000000       1.0000000
      0.00000       3.3700000       0.0000000       1.0000000
      0.00000       3.3710000       0.0000000       1.0000000
      0.00000       3.3720000       0.0000000       1.0000000
      0.00000       3.3730000       0.0000000       1.0000000
      0.00000       3.3740000       0.0000000       1.0000000
      0.00000       3.3750000       0.0000000       1.0000000
      0.00000       3.3760000       0.0000000       1.0000000
      0.00000       3.3770000       0.0000000       1.0000000
      0.00000       3.3780000       0.0000000       1.0000000
      0.00000       3.3790000       0.0000000       1.0000000
      0.00000       3.3800000       0.0000000       1.0000000
      0.00000       3.3810000       0.0000000       1.0000000
      0.00000       3.3820000       0.0000000       1.0000000
      0.00000       3.3830000       0.0000000       1.0000000
      0.00000       3.3840000       0.0000000       1.0000000
      0.00000       3.3850000       0.0000000       1.0000000
      0.00000       3.3860000       0.0000000       1.0000000
      0.00000       3.3870000       0.0000000       1.0000000
      0.00000       3.3880000       0.0000000       1.0000000
      0.00000       3.3890000       0.0000000       1.0000000
      0.00000       3.3900000       0.0000000       1.0000000
      0.00000       3.3910000       0.0000000       1.0000000
      0.00000       3.3920000       0.0000000       1.0000000
      0.00000       3.3930000       0.0000000       1.0000000
      0.00000       3.3940000       0.0000000       1.0000000
      0.00000       3.3950000       0.0000000       1.0000000
      0.00000       3.3960000       0.0000000       1.0000000
      0.00000       3.3970000       0.0000000       1.0000000
      0.00000       3.3980000       0.0000000       1.0000000
      0.00000       3.3990000       0.0000000       1.0000000
      0.00000       3.4000000       0.0000000       1.0000000
      0.00000       3.4010000       0.0000000       1.0000000
      0.00000       3.4020000       0.0000000       1.0000000
      0.00000       3.4030000       0.0000000       1.0000000
      0.00000       3.4040000       0.0000000       1.0000000
      0.00000       3.4050000       0.0000000       1.0000000
      0.00000       3.4060000       0.0000000       1.0000000
      0.00000       3.4070000       0.0000000       1.0000000
      0.00000       3.4080000       0.0000000       1.0000000
      0.00000       3.4090000       0.0000000       1.0000000
      0.00000       3.4100000       0.0000000       1.0000000
      0.00000       3.4110000       0.0000000       1.0000000
      0.00000       3.4120000       0.0000000       1.0000000
      0.00000       3.4130000       0.0000000       1.0000000
      0.00000       3.4140000       0.0000000       1.0000000
      0.00000       3.4150000       0.0000000       1.0000000
      0.00000       3.4160000       0.0000000       1.0000000
      0.00000       3.4170000       0.0000000       1.0000000
      0.00000       3.4180000       0.0000000       1.0000000
      0.00000       3.4190000       0.0000000       1.0000000
      0.00000       3.4200000       0.0000000       1.0000000
      0.00000       3.4210000       0.0000000       1.0000000
      0.00000       3.4220000       0.0000000       1.0000000
      0.00000       3.4230000       0.0000000       1.0000000
      0.00000       3.4240000       0.0000000       1.0000000
      0.00000       3.4250000       0.0000000       1.0000000
      0.00000       3.4260000       0.0000000       1.0000000
      0.00000       3.4270000       0.0000000       1.0000000
      0.00000       3.4280000       0.0000000       1.0000000
      0.00000       3.4290000       0.0000000       1.0000000
      0.00000       3.4300000       0.0000000       1.0000000
      0.00000       3.4310000       0.0000000       1.0000000
      0.00000       3.4320000       0.0000000       1.0000000
      0.00000       3.4330000       0.0000000       1.0000000
      0.00000       3.4340000       0.0000000       1.0000000
      0.00000       3.4350000       0.0000000       1.0000000
      0.00000       3.4360000       0.0000000       1.0000000
      0.00000       3.4370000       0.0000000       1.0000000
      0.00000       3.4380000       0.0000000       1.0000000
      0.00000       3.4390000       0.0000000       1.0000000
      0.00000       3.4400000       0.0000000       1.0000000
      0.00000       3.4410000       0.0000000       1.0000000
      0.00000       3.4420000       0.0000000       1.0000000
      0.00000       3.4430000       0.0000000       1.0000000
      0.00000       3.4440000       0.0000000       1.0000000
      0.00000       3.4450000       0.0000000       1.0000000
      0.00000       3.4460000       0.0000000       1.0000000
      0.00000       3.4470000       0.0000000       1.0000000
      0.00000       3.4480000       0.0000000       1.0000000
      0.00000       3.4490000       0.0000000       1.0000000
      0.00000       3.4500000       0.0000000       1.0000000
      0.00000       3.4510000       0.0000000       1.0000000
      0.00000       3.4520000       0.0000000       1.0000000
      0.00000       3.4530000       0.0000000       1.0000000
      0.00000       3.4540000       0.0000000       1.0000000
      0.00000       3.4550000       0.0000000       1.0000000
      0.00000       3.4560000       0.0000000       1.0000000
      0.00000       3.4570000       0.0000000       1.0000000
      0.00000       3.4580000       0.0000000       1.0000000
      0.00000       3.4590000       0.0000000       1.0000000
      0.00000       3.4600000       0.0000000       1.0000000
      0.00000       3.4610000       0.0000000       1.0000000
      0.00000       3.4620000       0.0000000       1.0000000
      0.00000       3.4630000       0.0000000       1.0000000
      0.00000       3.4640000       0.0000000       1.0000000
      0.00000       3.4650000       0.0000000       1.0000000
      0.00000       3.4660000       0.0000000       1.0000000
      0.00000       3.4670000       0.0000000       1.0000000
      0.00000       3.4680000       0.0000000       1.0000000
      0.00000       3.4690000       0.0000000       1.0000000
      0.00000       3.4700000       0.0000000       1.0000000
      0.00000       3.4710000       0.0000000       1.0000000
      0.00000       3.4720000       0.0000000       1.0000000
      0.00000       3.4730000       0.0000000       1.0000000
      0.00000       3.4740000       0.0000000       1.0000000
      0.00000       3.4750000       0.0000000       1.0000000
      0.00000       3.4760000       0.0000000       1.0000000
      0.00000       3.4770000       0.0000000       1.0000000
      0.00000       3.4780000       0.0000000       1.0000000
      0.00000       3.4790000       0.0000000       1.0000000
      0.00000       3.4800000       0.0000000       1.0000000
      0.00000       3.4810000       0.0000000       1.0000000
      0.00000       3.4820000       0.0000000       1.0000000
      0.00000       3.4830000       0.0000000       1.0000000
      0.00000       3.4840000       0.0000000       1.0000000
      0.00000       3.4850000       0.0000000       1.0000000
      0.00000       3.4860000       0.0000000       1.0000000
      0.00000       3.4870000       0.0000000       1.0000000
      0.00000       3.4880000       0.0000000       1.0000000
      0.00000       3.4890000       0.0000000       1.0000000
      0.00000       3.4900000       0.0000000       1.0000000
      0.00000       3.4910000       0.0000000       1.0000000
      0.00000       3.4920000       0.0000000       1.0000000
      0.00000       3.4930000       0.0000000       1.0000000
      0.00000       3.4940000       0.0000000       1.0000000
      0.00000       3.4950000       0.0000000       1.0000000
      0.00000       3.4960000       0.0000000       1.0000000
      0.00000       3.4970000       0.0000000       1.0000000
      0.00000       3.4980000       0.0000000       1.0000000
      0.00000       3.4990000       0.0000000       1.0000000
      0.00000       3.5000000       0.0000000       1.0000000
      0.00000       3.5010000       0.0000000       1.0000000
      0.00000       3.5020000       0.0000000       1.0000000
      0.00000       3.5030000       0.0000000       1.0000000
      0.00000       3.5040000       0.0000000       1.0000000
      0.00000       3.5050000       0.0000000       1.0000000
      0.00000       3.5060000       0.0000000       1.0000000
      0.00000       3.5070000       0.0000000       1.0000000
      0.00000       3.5080000       0.0000000       1.0000000
      0.00000       3.5090000       0.0000000       1.0000000
      0.00000       3.5100000       0.0000000       1.0000000
      0.00000       3.5110000       0.0000000       1.0000000
      0.00000       3.5120000       0.0000000       1.0000000
      0.00000       3.5130000       0.0000000       1.0000000
      0.00000       3.5140000       0.0000000       1.0000000
      0.00000       3.5150000       0.0000000       1.0000000
      0.00000       3.5160000       0.0000000       1.0000000
      0.00000       3.5170000       0.0000000       1.0000000
      0.00000       3.5180000       0.0000000       1.0000000
      0.00000       3.5190000       0.0000000       1.0000000
      0.00000       3.5200000       0.0000000       1.0000000
      0.00000       3.5210000       0.0000000       1.0000000
      0.00000       3.5220000       0.0000000       1.0000000
      0.00000       3.5230000       0.0000000       1.0000000
      0.00000       3.5240000       0.0000000       1.0000000
      0.00000       3.5250000       0.0000000       1.0000000
      0.00000       3.5260000       0.0000000       1.0000000
      0.00000       3.5270000       0.0000000       1.0000000
      0.00000       3.5280000       0.0000000       1.0000000
      0.00000       3.5290000       0.0000000       1.0000000
      0.00000       3.5300000       0.0000000       1.0000000
      0.00000       3.5310000       0.0000000       1.0000000
      0.00000       3.5320000       0.0000000       1.0000000
      0.00000       3.5330000       0.0000000       1.0000000
      0.00000       3.5340000       0.0000000       1.0000000
      0.00000       3.5350000       0.0000000       1.0000000
      0.00000       3.5360000       0.0000000       1.0000000
      0.00000       3.5370000       0.0000000       1.0000000
      0.00000       3.5380000       0.0000000       1.0000000
      0.00000       3.5390000       0.0000000       1.0000000
      0.00000       3.5400000       0.0000000       1.0000000
      0.00000       3.5410000       0.0000000       1.0000000
      0.00000       3.5420000       0.0000000       1.0000000
      0.00000       3.5430000       0.0000000       1.0000000
      0.00000       3.5440000       0.0000000       1.0000000
      0.00000       3.5450000       0.0000000       1.0000000
      0.00000       3.5460000       0.0000000       1.0000000
      0.00000       3.5470000       0.0000000       1.0000000
      0.00000       3.5480000       0.0000000       1.0000000
      0.00000       3.5490000       0.0000000       1.0000000
      0.00000       3.5500000       0.0000000       1.0000000
      0.00000       3.5510000       0.0000000       1.0000000
      0.00000       3.5520000       0.0000000       1.0000000
      0.00000       3.5530000       0.0000000       1.0000000
      0.00000       3.5540000       0.0000000       1.0000000
      0.00000       3.5550000       0.0000000       1.0000000
      0.00000       3.5560000       0.0000000       1.0000000
      0.00000       3.5570000       0.0000000       1.0000000
      0.00000       3.5580000       0.0000000       1.0000000
      0.00000       3.5590000       0.0000000       1.0000000
      0.00000       3.5600000       0.0000000       1.0000000
      0.00000       3.5610000       0.0000000       1.0000000
      0.00000       3.5620000       0.0000000       1.0000000
      0.00000       3.5630000       0.0000000       1.0000000
      0.00000       3.5640000       0.0000000       1.0000000
      0.00000       3.5650000       0.0000000       1.0000000
      0.00000       3.5660000       0.0000000       1.0000000
      0.00000       3.5670000       0.0000000       1.0000000
      0.00000       3.5680000       0.0000000       1.0000000
      0.00000       3.5690000       0.0000000       1.0000000
      0.00000       3.5700000       0.0000000       1.0000000
      0.00000       3.5710000       0.0000000       1.0000000
      0.00000       3.5720000       0.0000000       1.0000000
      0.00000       3.5730000       0.0000000       1.0000000
      0.00000       3.5740000       0.0000000       1.0000000
      0.00000       3.5750000       0.0000000       1.0000000
      0.00000       3.5760000       0.0000000       1.0000000
      0.00000       3.5770000       0.0000000       1.0000000
      0.00000       3.5780000       0.0000000       1.0000000
      0.00000       3.5790000       0.0000000       1.0000000
      0.00000       3.5800000       0.0000000       1.0000000
      0.00000       3.5810000       0.0000000       1.0000000
      0.00000       3.5820000       0.0000000       1.0000000
      0.00000       3.5830000       0.0000000       1.0000000
      0.00000       3.5840000       0.0000000       1.0000000
      0.00000       3.5850000       0.0000000       1.0000000
      0.00000       3.5860000       0.0000000       1.0000000
      0.00000       3.5870000       0.0000000       1.0000000
      0.00000       3.5880000       0.0000000       1.0000000
      0.00000       3.5890000       0.0000000       1.0000000
      0.00000       3.5900000       0.0000000       1.0000000
      0.00000       3.5910000       0.0000000       1.0000000
      0.00000       3.5920000       0.0000000       1.0000000
      0.00000       3.5930000       0.0000000       1.0000000
      0.00000       3.5940000       0.0000000       1.0000000
      0.00000       3.5950000       0.0000000       1.0000000
      0.00000       3.5960000       0.0000000       1.0000000
      0.00000       3.5970000       0.0000000       1.0000000
      0.00000       3.5980000       0.0000000       1.0000000
      0.00000       3.5990000       0.0000000       1.0000000
      0.00000       3.6000000       0.0000000       1.0000000
      0.00000       3.6010000       0.0000000       1.0000000
      0.00000       3.6020000       0.0000000       1.0000000
      0.00000       3.6030000       0.0000000       1.0000000
      0.00000       3.6040000       0.0000000       1.0000000
      0.00000       3.6050000       0.0000000       1.0000000
      0.00000       3.6060000       0.0000000       1.0000000
      0.00000       3.6070000       0.0000000       1.0000000
      0.00000       3.6080000       0.0000000       1.0000000
      0.00000       3.6090000       0.0000000       1.0000000
      0.00000       3.6100000       0.0000000       1.0000000
      0.00000       3.6110000       0.0000000       1.0000000
      0.00000       3.6120000       0.0000000       1.0000000
      0.00000       3.6130000       0.0000000       1.0000000
      0.00000       3.6140000       0.0000000       1.0000000
      0.00000       3.6150000       0.0000000       1.0000000
      0.00000       3.6160000       0.0000000       1.0000000
      0.00000       3.6170000       0.0000000       1.0000000
      0.00000       3.6180000       0.0000000       1.0000000
      0.00000       3.6190000       0.0000000       1.0000000
      0.00000       3.6200000       0.0000000       1.0000000
      0.00000       3.6210000       0.0000000       1.0000000
      0.00000       3.6220000       0.0000000       1.0000000
      0.00000       3.6230000       0.0000000       1.0000000
      0.00000       3.6240000       0.0000000       1.0000000
      0.00000       3.6250000       0.0000000       1.0000000
      0.00000       3.6260000       0.0000000       1.0000000
      0.00000       3.6270000       0.0000000       1.0000000
      0.00000       3.6280000       0.0000000       1.0000000
      0.00000       3.6290000       0.0000000       1.0000000
      0.00000       3.6300000       0.0000000       1.0000000
      0.00000       3.6310000       0.0000000       1.0000000
      0.00000       3.6320000       0.0000000       1.0000000
      0.00000       3.6330000       0.0000000       1.0000000
      0.00000       3.6340000       0.0000000       1.0000000
      0.00000       3.6350000       0.0000000       1.0000000
      0.00000       3.6360000       0.0000000       1.0000000
      0.00000       3.6370000       0.0000000       1.0000000
      0.00000       3.6380000       0.0000000       1.0000000
      0.00000       3.6390000       0.0000000       1.0000000
      0.00000       3.6400000       0.0000000       1.0000000
      0.00000       3.6410000       0.0000000       1.0000000
      0.00000       3.6420000       0.0000000       1.0000000
      0.00000       3.6430000       0.0000000       1.0000000
      0.00000       3.6440000       0.0000000       1.0000000
      0.00000       3.6450000       0.0000000       1.0000000
      0.00000       3.6460000       0.0000000       1.0000000
      0.00000       3.6470000       0.0000000       1.0000000
      0.00000       3.6480000       0.0000000       1.0000000
      0.00000       3.6490000       0.0000000       1.0000000
      0.00000       3.6500000       0.0000000       1.0000000
      0.00000       3.6510000       0.0000000       1.0000000
      0.00000       3.6520000       0.0000000       1.0000000
      0.00000       3.6530000       0.0000000       1.0000000
      0.00000       3.6540000       0.0000000       1.0000000
      0.00000       3.6550000       0.0000000       1.0000000
      0.00000       3.6560000       0.0000000       1.0000000
      0.00000       3.6570000       0.0000000       1.0000000
      0.00000       3.6580000       0.0000000       1.0000000
      0.00000       3.6590000       0.0000000       1.0000000
      0.00000       3.6600000       0.0000000       1.0000000
      0.00000       3.6610000       0.0000000       1.0000000
      0.00000       3.6620000       0.0000000       1.0000000
      0.00000       3.6630000       0.0000000       1.0000000
      0.00000       3.6640000       0.0000000       1.0000000
      0.00000       3.6650000       0.0000000       1.0000000
      0.00000       3.6660000       0.0000000       1.0000000
      0.00000       3.6670000       0.0000000       1.0000000
      0.00000       3.6680000       0.0000000       1.0000000
      0.00000       3.6690000       0.0000000       1.0000000
      0.00000       3.6700000       0.0000000       1.0000000
      0.00000       3.6710000       0.0000000       1.0000000
      0.00000       3.6720000       0.0000000       1.0000000
      0.00000       3.6730000       0.0000000       1.0000000
      0.00000       3.6740000       0.0000000       1.0000000
      0.00000       3.6750000       0.0000000       1.0000000
      0.00000       3.6760000       0.0000000       1.0000000
      0.00000       3.6770000       0.0000000       1.0000000
      0.00000       3.6780000       0.0000000       1.0000000
      0.00000       3.6790000       0.0000000       1.0000000
      0.00000       3.6800000       0.0000000       1.0000000
      0.00000       3.6810000       0.0000000       1.0000000
      0.00000       3.6820000       0.0000000       1.0000000
      0.00000       3.6830000       0.0000000       1.0000000
      0.00000       3.6840000       0.0000000       1.0000000
      0.00000       3.6850000       0.0000000       1.0000000
      0.00000       3.6860000       0.0000000       1.0000000
      0.00000       3.6870000       0.0000000       1.0000000
      0.00000       3.6880000       0.0000000       1.0000000
      0.00000       3.6890000       0.0000000       1.0000000
      0.00000       3.6900000       0.0000000       1.0000000
      0.00000       3.6910000       0.0000000       1.0000000
      0.00000       3.6920000       0.0000000       1.0000000
      0.00000       3.6930000       0.0000000       1.0000000
      0.00000       3.6940000       0.0000000       1.0000000
      0.00000       3.6950000       0.0000000       1.0000000
      0.00000       3.6960000       0.0000000       1.0000000
      0.00000       3.6970000       0.0000000       1.0000000
      0.00000       3.6980000       0.0000000       1.0000000
      0.00000       3.6990000       0.0000000       1.0000000
      0.00000       3.7000000       0.0000000       1.0000000
      0.00000       3.7010000       0.0000000       1.0000000
      0.00000       3.7020000       0.0000000       1.0000000
      0.00000       3.7030000       0.0000000       1.0000000
      0.00000       3.7040000       0.0000000       1.0000000
      0.00000       3.7050000       0.0000000       1.0000000
      0.00000       3.7060000       0.0000000       1.0000000
      0.00000       3.7070000       0.0000000       1.0000000
      0.00000       3.7080000       0.0000000       1.0000000
      0.00000       3.7090000       0.0000000       1.0000000
      0.00000       3.7100000       0.0000000       1.0000000
      0.00000       3.7110000       0.0000000       1.0000000
      0.00000       3.7120000       0.0000000       1.0000000
      0.00000       3.7130000       0.0000000       1.0000000
      0.00000       3.7140000       0.0000000       1.0000000
      0.00000       3.7150000       0.0000000       1.0000000
      0.00000       3.7160000       0.0000000       1.0000000
      0.00000       3.7170000       0.0000000       1.0000000
      0.00000       3.7180000       0.0000000       1.0000000
      0.00000       3.7190000       0.0000000       1.0000000
      0.00000       3.7200000       0.0000000       1.0000000
      0.00000       3.7210000       0.0000000       1.0000000
      0.00000       3.7220000       0.0000000       1.0000000
      0.00000       3.7230000       0.0000000       1.0000000
      0.00000       3.7240000       0.0000000       1.0000000
      0.00000       3.7250000       0.0000000       1.0000000
      0.00000       3.7260000       0.0000000       1.0000000
      0.00000       3.7270000       0.0000000       1.0000000
      0.00000       3.7280000       0.0000000       1.0000000
      0.00000       3.7290000       0.0000000       1.0000000
      0.00000       3.7300000       0.0000000       1.0000000
      0.00000       3.7310000       0.0000000       1.0000000
      0.00000       3.7320000       0.0000000       1.0000000
      0.00000       3.7330000       0.0000000       1.0000000
      0.00000       3.7340000       0.0000000       1.0000000
      0.00000       3.7350000       0.0000000       1.0000000
      0.00000       3.7360000       0.0000000       1.0000000
      0.00000       3.7370000       0.0000000       1.0000000
      0.00000       3.7380000       0.0000000       1.0000000
      0.00000       3.7390000       0.0000000       1.0000000
      0.00000       3.7400000       0.0000000       1.0000000
      0.00000       3.7410000       0.0000000       1.0000000
      0.00000       3.7420000       0.0000000       1.0000000
      0.00000       3.7430000       0.0000000       1.0000000
      0.00000       3.7440000       0.0000000       1.0000000
      0.00000       3.7450000       0.0000000       1.0000000
      0.00000       3.7460000       0.0000000       1.0000000
      0.00000       3.7470000       0.0000000       1.0000000
      0.00000       3.7480000       0.0000000       1.0000000
      0.00000       3.7490000       0.0000000       1.0000000
      0.00000       3.7500000   2.7196649e-13       1.0000000
      0.00000       3.7510000   2.7196649e-13       1.0000000
      0.00000       3.7520000   2.7196649e-13       1.0000000
      0.00000       3.7530000   2.7196649e-13       1.0000000
      0.00000       3.7540000   2.7196649e-13       1.0000000
      0.00000       3.7550000   2.7196649e-13       1.0000000
      0.00000       3.7560000   2.7196649e-13       1.0000000
      0.00000       3.7570000   2.7196649e-13       1.0000000
      0.00000       3.7580000   2.7196649e-13       1.0000000
      0.00000       3.7590000   2.7196649e-13       1.0000000
      0.00000       3.7600000   2.7196649e-13       1.0000000
      0.00000       3.7610000   2.7196649e-13       1.0000000
      0.00000       3.7620000   2.7196649e-13       1.0000000
      0.00000       3.7630000   2.7196649e-13       1.0000000
      0.00000       3.7640000   2.7196649e-13       1.0000000
      0.00000       3.7650000   2.7196649e-13       1.0000000
      0.00000       3.7660000   2.7196649e-13       1.0000000
      0.00000       3.7670000   2.7196649e-13       1.0000000
      0.00000       3.7680000   2.7196649e-13       1.0000000
      0.00000       3.7690000   2.7196649e-13       1.0000000
      0.00000       3.7700000   2.7196649e-13       1.0000000
      0.00000       3.7710000   2.7196649e-13       1.0000000
      0.00000       3.7720000   2.7196649e-13       1.0000000
      0.00000       3.7730000   2.7196649e-13       1.0000000
      0.00000       3.7740000   2.7196649e-13       1.0000000
      0.00000       3.7750000   2.7196649e-13       1.0000000
      0.00000       3.7760000   2.7196649e-13       1.0000000
      0.00000       3.7770000   2.7196649e-13       1.0000000
      0.00000       3.7780000   5.4393299e-13       1.0000000
      0.00000       3.7790000   5.4393299e-13       1.0000000
      0.00000       3.7800000   5.4393299e-13       1.0000000
      0.00000       3.7810000   5.4393299e-13       1.0000000
      0.00000       3.7820000   5.4393299e-13       1.0000000
      0.00000       3.7830000   5.4393299e-13       1.0000000
      0.00000       3.7840000   5.4393299e-13       1.0000000
      0.00000       3.7850000   5.4393299e-13       1.0000000
      0.00000       3.7860000   5.4393299e-13       1.0000000
      0.00000       3.7870000   5.4393299e-13       1.0000000
      0.00000       3.7880000   5.4393299e-13       1.0000000
      0.00000       3.7890000   5.4393299e-13       1.0000000
      0.00000       3.7900000   8.1589948e-13       1.0000000
      0.00000       3.7910000   8.1589948e-13       1.0000000
      0.00000       3.7920000   8.1589948e-13       1.0000000
      0.00000       3.7930000   8.1589948e-13       1.0000000
      0.00000       3.7940000   8.1589948e-13       1.0000000
      0.00000       3.7950000   8.1589948e-13       1.0000000
      0.00000       3.7960000   8.1589948e-13       1.0000000
      0.00000       3.7970000   8.1589948e-13       1.0000000
      0.00000       3.7980000   8.1589948e-13       1.0000000
      0.00000       3.7990000   1.0878660e-12       1.0000000
      0.00000       3.8000000   1.0878660e-12       1.0000000
      0.00000       3.8010000   1.0878660e-12       1.0000000
      0.00000       3.8020000   1.0878660e-12       1.0000000
      0.00000       3.8030000   1.0878660e-12       1.0000000
      0.00000       3.8040000   1.0878660e-12       1.0000000
      0.00000       3.8050000   1.3598325e-12       1.0000000
      0.00000       3.8060000   1.3598325e-12       1.0000000
      0.00000       3.8070000   1.3598325e-12       1.0000000
      0.00000       3.8080000   1.3598325e-12       1.0000000
      0.00000       3.8090000   1.3598325e-12       1.0000000
      0.00000       3.8100000   1.6317990e-12       1.0000000
      0.00000       3.8110000   1.6317990e-12       1.0000000
      0.00000       3.8120000   1.6317990e-12       1.0000000
      0.00000       3.8130000   1.6317990e-12       1.0000000
      0.00000       3.8140000   1.6317990e-12       1.0000000
      0.00000       3.8150000   1.9037655e-12       1.0000000
      0.00000       3.8160000   1.9037655e-12       1.0000000
      0.00000       3.8170000   1.9037655e-12       1.0000000
      0.00000       3.8180000   2.1757319e-12       1.0000000
      0.00000       3.8190000   2.1757319e-12       1.0000000
      0.00000       3.8200000   2.1757319e-12       1.0000000
      0.00000       3.8210000   2.4476984e-12       1.0000000
      0.00000       3.8220000   2.4476984e-12       1.0000000
      0.00000       3.8230000   2.4476984e-12       1.0000000
      0.00000       3.8240000   2.7196649e-12       1.0000000
      0.00000       3.8250000   2.7196649e-12       1.0000000
      0.00000       3.8260000   2.7196649e-12       1.0000000
      0.00000       3.8270000   2.9916314e-12       1.0000000
      0.00000       3.8280000   2.9916314e-12       1.0000000
      0.00000       3.8290000   3.2635979e-12       1.0000000
      0.00000       3.8300000   3.2635979e-12       1.0000000
      0.00000       3.8310000   3.5355644e-12       1.0000000
      0.00000       3.8320000   3.5355644e-12       1.0000000
      0.00000       3.8330000   3.8075309e-12       1.0000000
      0.00000       3.8340000   3.8075309e-12       1.0000000
      0.00000       3.8350000   4.0794974e-12       1.0000000
      0.00000       3.8360000   4.0794974e-12       1.0000000
      0.00000       3.8370000   4.3514639e-12       1.0000000
      0.00000       3.8380000   4.6234304e-12       1.0000000
      0.00000       3.8390000   4.6234304e-12       1.0000000
      0.00000       3.8400000   4.8953969e-12       1.0000000
      0.00000       3.8410000   5.1673634e-12       1.0000000
      0.00000       3.8420000   5.1673634e-12       1.0000000
      0.00000       3.8430000   5.4393299e-12       1.0000000
      0.00000       3.8440000   5.7112964e-12       1.0000000
      0.00000       3.8450000   5.9832629e-12       1.0000000
      0.00000       3.8460000   6.2552293e-12       1.0000000
      0.00000       3.8470000   6.5271958e-12       1.0000000
      0.00000       3.8480000   6.5271958e-12       1.0000000
      0.00000       3.8490000   6.7991623e-12       1.0000000
      0.00000       3.8500000   7.0711288e-12       1.0000000
      0.00000       3.8510000   7.3430953e-12       1.0000000
      0.00000       3.8520000   7.8870283e-12       1.0000000
      0.00000       3.8530000   8.1589948e-12       1.0000000
      0.00000       3.8540000   8.4309613e-12       1.0000000
      0.00000       3.8550000   8.7029278e-12       1.0000000
      0.00000       3.8560000   8.9748943e-12       1.0000000
      0.00000       3.8570000   9.5188273e-12       1.0000000
      0.00000       3.8580000   9.7907938e-12       1.0000000
      0.00000       3.8590000   1.0334727e-11       1.0000000
      0.00000       3.8600000   1.0606693e-11       1.0000000
      0.00000       3.8610000   1.1150626e-11       1.0000000
      0.00000       3.8620000   1.1422593e-11       1.0000000
      0.00000       3.8630000   1.1966526e-11       1.0000000
      0.00000       3.8640000   1.2510459e-11       1.0000000
      0.00000       3.8650000   1.2782425e-11       1.0000000
      0.00000       3.8660000   1.3326358e-11       1.0000000
      0.00000       3.8670000   1.3870291e-11       1.0000000
      0.00000       3.8680000   1.4414224e-11       1.0000000
      0.00000       3.8690000   1.4958157e-11       1.0000000
      0.00000       3.8700000   1.5774057e-11       1.0000000
      0.00000       3.8710000   1.6317990e-11       1.0000000
      0.00000       3.8720000   1.6861923e-11       1.0000000
      0.00000       3.8730000   1.7677822e-11       1.0000000
      0.00000       3.8740000   1.8221755e-11       1.0000000
      0.00000       3.8750000   1.9037655e-11       1.0000000
      0.00000       3.8760000   1.9853554e-11       1.0000000
      0.00000       3.8770000   2.0397487e-11       1.0000000
      0.00000       3.8780000   2.1213386e-11       1.0000000
      0.00000       3.8790000   2.2301252e-11       1.0000000
      0.00000       3.8800000   2.3117152e-11       1.0000000
      0.00000       3.8810000   2.3933051e-11       1.0000000
      0.00000       3.8820000   2.5020917e-11       1.0000000
      0.00000       3.8830000   2.5836817e-11       1.0000000
      0.00000       3.8840000   2.6924683e-11       1.0000000
      0.00000       3.8850000   2.8012549e-11       1.0000000
      0.00000       3.8860000   2.9100415e-11       1.0000000
      0.00000       3.8870000   3.0188281e-11       1.0000000
      0.00000       3.8880000   3.1276147e-11       1.0000000
      0.00000       3.8890000   3.2635979e-11       1.0000000
      0.00000       3.8900000   3.3995812e-11       1.0000000
      0.00000       3.8910000   3.5355644e-11       1.0000000
      0.00000       3.8920000   3.6715477e-11       1.0000000
      0.00000       3.8930000   3.8075309e-11       1.0000000
      0.00000       3.8940000   3.9435142e-11       1.0000000
      0.00000       3.8950000   4.1066940e-11       1.0000000
      0.00000       3.8960000   4.2698739e-11       1.0000000
      0.00000       3.8970000   4.4330538e-11       1.0000000
      0.00000       3.8980000   4.6234304e-11       1.0000000
      0.00000       3.8990000   4.7866103e-11       1.0000000
      0.00000       3.9000000   4.9769868e-11       1.0000000
      0.00000       3.9010000   5.1673634e-11       1.0000000
      0.00000       3.9020000   5.3849366e-11       1.0000000
      0.00000       3.9030000   5.6025098e-11       1.0000000
      0.00000       3.9040000   5.8200830e-11       1.0000000
      0.00000       3.9050000   6.0376561e-11       1.0000000
      0.00000       3.9060000   6.2824260e-11       1.0000000
      0.00000       3.9070000   6.5271958e-11       1.0000000
      0.00000       3.9080000   6.7719657e-11       1.0000000
      0.00000       3.9090000   7.0439322e-11       1.0000000
      0.00000       3.9100000   7.3158987e-11       1.0000000
      0.00000       3.9110000   7.6150618e-11       1.0000000
      0.00000       3.9120000   7.8870283e-11       1.0000000
      0.00000       3.9130000   8.2133881e-11       1.0000000
      0.00000       3.9140000   8.5397479e-11       1.0000000
      0.00000       3.9150000   8.8661077e-11       1.0000000
      0.00000       3.9160000   9.2196641e-11       1.0000000
      0.00000       3.9170000   9.5732206e-11       1.0000000
      0.00000       3.9180000   9.9539736e-11       1.0000000
      0.00000       3.9190000   1.0334727e-10       1.0000000
      0.00000       3.9200000   1.0742676e-10       1.0000000
      0.00000       3.9210000   1.1150626e-10       1.0000000
      0.00000       3.9220000   1.1585773e-10       1.0000000
      0.00000       3.9230000   1.2048116e-10       1.0000000
      0.00000       3.9240000   1.2510459e-10       1.0000000
      0.00000       3.9250000   1.2999998e-10       1.0000000
      0.00000       3.9260000   1.3489538e-10       1.0000000
      0.00000       3.9270000   1.4033471e-10       1.0000000
      0.00000       3.9280000   1.4577404e-10       1.0000000
      0.00000       3.9290000   1.5148534e-10       1.0000000
      0.00000       3.9300000   1.5719663e-10       1.0000000
      0.00000       3.9310000   1.6345186e-10       1.0000000
      0.00000       3.9320000   1.6970709e-10       1.0000000
      0.00000       3.9330000   1.7623429e-10       1.0000000
      0.00000       3.9340000   1.8330542e-10       1.0000000
      0.00000       3.9350000   1.9037655e-10       1.0000000
      0.00000       3.9360000   1.9771964e-10       1.0000000
      0.00000       3.9370000   2.0533470e-10       1.0000000
      0.00000       3.9380000   2.1322173e-10       1.0000000
      0.00000       3.9390000   2.2165269e-10       1.0000000
      0.00000       3.9400000   2.3035562e-10       1.0000000
      0.00000       3.9410000   2.3905855e-10       1.0000000
      0.00000       3.9420000   2.4857737e-10       1.0000000
      0.00000       3.9430000   2.5809620e-10       1.0000000
      0.00000       3.9440000   2.6815896e-10       1.0000000
      0.00000       3.9450000   2.7849369e-10       1.0000000
      0.00000       3.9460000   2.8937235e-10       1.0000000
      0.00000       3.9470000   3.0052297e-10       1.0000000
      0.00000       3.9480000   3.1221753e-10       1.0000000
      0.00000       3.9490000   3.2418406e-10       1.0000000
      0.00000       3.9500000   3.3669452e-10       1.0000000
      0.00000       3.9510000   3.4974891e-10       1.0000000
      0.00000       3.9520000   3.6334723e-10       1.0000000
      0.00000       3.9530000   3.7748949e-10       1.0000000
      0.00000       3.9540000   3.9190372e-10       1.0000000
      0.00000       3.9550000   4.0713384e-10       1.0000000
      0.00000       3.9560000   4.2290790e-10       1.0000000
      0.00000       3.9570000   4.3922589e-10       1.0000000
      0.00000       3.9580000   4.5608781e-10       1.0000000
      0.00000       3.9590000   4.7376563e-10       1.0000000
      0.00000       3.9600000   4.9198739e-10       1.0000000
      0.00000       3.9610000   5.1102504e-10       1.0000000
      0.00000       3.9620000   5.3087859e-10       1.0000000
      0.00000       3.9630000   5.5127608e-10       1.0000000
      0.00000       3.9640000   5.7248947e-10       1.0000000
      0.00000       3.9650000   5.9451875e-10       1.0000000
      0.00000       3.9660000   6.1763591e-10       1.0000000
      0.00000       3.9670000   6.4129699e-10       1.0000000
      0.00000       3.9680000   6.6604594e-10       1.0000000
      0.00000       3.9690000   6.9161079e-10       1.0000000
      0.00000       3.9700000   7.1826351e-10       1.0000000
      0.00000       3.9710000   7.4600409e-10       1.0000000
      0.00000       3.9720000   7.7483254e-10       1.0000000
      0.00000       3.9730000   8.0447689e-10       1.0000000
      0.00000       3.9740000   8.3548107e-10       1.0000000
      0.00000       3.9750000   8.6757311e-10       1.0000000
      0.00000       3.9760000   9.0102499e-10       1.0000000
      0.00000       3.9770000   9.3556474e-10       1.0000000
      0.00000       3.9780000   9.7146431e-10       1.0000000
      0.00000       3.9790000   1.0089957e-09       1.0000000
      0.00000       3.9800000   1.0476149e-09       1.0000000
      0.00000       3.9810000   1.0878660e-09       1.0000000
      0.00000       3.9820000   1.1297488e-09       1.0000000
      0.00000       3.9830000   1.1729915e-09       1.0000000
      0.00000       3.9840000   1.2181379e-09       1.0000000
      0.00000       3.9850000   1.2646442e-09       1.0000000
      0.00000       3.9860000   1.3133262e-09       1.0000000
      0.00000       3.9870000   1.3636400e-09       1.0000000
      0.00000       3.9880000   1.4158576e-09       1.0000000
      0.00000       3.9890000   1.4702509e-09       1.0000000
      0.00000       3.9900000   1.5265479e-09       1.0000000
      0.00000       3.9910000   1.5850207e-09       1.0000000
      0.00000       3.9920000   1.6456692e-09       1.0000000
      0.00000       3.9930000   1.7084935e-09       1.0000000
      0.00000       3.9940000   1.7740374e-09       1.0000000
      0.00000       3.9950000   1.8420291e-09       1.0000000
      0.00000       3.9960000   1.9124684e-09       1.0000000
      0.00000       3.9970000   1.9856274e-09       1.0000000
      0.00000       3.9980000   2.0615060e-09       1.0000000
      0.00000       3.9990000   2.1401043e-09       1.0000000
      0.00000       4.0000000   2.2219662e-09       1.0000000
      0.00000       4.0010000   2.3068198e-09       1.0000000
      0.00000       4.0020000   2.3949369e-09       1.0000000
      0.00000       4.0030000   2.4865896e-09       1.0000000
      0.00000       4.0040000   2.5815059e-09       1.0000000
      0.00000       4.0050000   2.6799578e-09       1.0000000
      0.00000       4.0060000   2.7822172e-09       1.0000000
      0.00000       4.0070000   2.8882841e-09       1.0000000
      0.00000       4.0080000   2.9984306e-09       1.0000000
      0.00000       4.0090000   3.1129285e-09       1.0000000
      0.00000       4.0100000   3.2315059e-09       1.0000000
      0.00000       4.0110000   3.3547067e-09       1.0000000
      0.00000       4.0120000   3.4825309e-09       1.0000000
      0.00000       4.0130000   3.6152506e-09       1.0000000
      0.00000       4.0140000   3.7528656e-09       1.0000000
      0.00000       4.0150000   3.8956480e-09       1.0000000
      0.00000       4.0160000   4.0438698e-09       1.0000000
      0.00000       4.0170000   4.1978028e-09       1.0000000
      0.00000       4.0180000   4.3574471e-09       1.0000000
      0.00000       4.0190000   4.5233467e-09       1.0000000
      0.00000       4.0200000   4.6952295e-09       1.0000000
      0.00000       4.0210000   4.8736395e-09       1.0000000
      0.00000       4.0220000   5.0588487e-09      0.99999999
      0.00000       4.0230000   5.2511290e-09      0.99999999
      0.00000       4.0240000   5.4504805e-09      0.99999999
      0.00000       4.0250000   5.6577189e-09      0.99999999
      0.00000       4.0260000   5.8723005e-09      0.99999999
      0.00000       4.0270000   6.0953130e-09      0.99999999
      0.00000       4.0280000   6.3264845e-09      0.99999999
      0.00000       4.0290000   6.5666309e-09      0.99999999
      0.00000       4.0300000   6.8157522e-09      0.99999999
      0.00000       4.0310000   7.0741204e-09      0.99999999
      0.00000       4.0320000   7.3422794e-09      0.99999999
      0.00000       4.0330000   7.6205011e-09      0.99999999
      0.00000       4.0340000   7.9093295e-09      0.99999999
      0.00000       4.0350000   8.2087646e-09      0.99999999
      0.00000       4.0360000   8.5196223e-09      0.99999999
      0.00000       4.0370000   8.8421746e-09      0.99999999
      0.00000       4.0380000   9.1769653e-09      0.99999999
      0.00000       4.0390000   9.5242665e-09      0.99999999
      0.00000       4.0400000   9.8843501e-09      0.99999999
      0.00000       4.0410000   1.0258304e-08      0.99999999
      0.00000       4.0420000   1.0646128e-08      0.99999999
      0.00000       4.0430000   1.1048639e-08      0.99999999
      0.00000       4.0440000   1.1466107e-08      0.99999999
      0.00000       4.0450000   1.1899350e-08      0.99999999
      0.00000       4.0460000   1.2348910e-08      0.99999999
      0.00000       4.0470000   1.2815333e-08      0.99999999
      0.00000       4.0480000   1.3299161e-08      0.99999999
      0.00000       4.0490000   1.3801211e-08      0.99999999
      0.00000       4.0500000   1.4322027e-08      0.99999999
      0.00000       4.0510000   1.4862153e-08      0.99999999
      0.00000       4.0520000   1.5422948e-08      0.99999998
      0.00000       4.0530000   1.6004412e-08      0.99999998
      0.00000       4.0540000   1.6607634e-08      0.99999998
      0.00000       4.0550000   1.7233700e-08      0.99999998
      0.00000       4.0560000   1.7882884e-08      0.99999998
      0.00000       4.0570000   1.8556545e-08      0.99999998
      0.00000       4.0580000   1.9255499e-08      0.99999998
      0.00000       4.0590000   1.9980562e-08      0.99999998
      0.00000       4.0600000   2.0732549e-08      0.99999998
      0.00000       4.0610000   2.1512821e-08      0.99999998
      0.00000       4.0620000   2.2322193e-08      0.99999998
      0.00000       4.0630000   2.3161754e-08      0.99999998
      0.00000       4.0640000   2.4032863e-08      0.99999998
      0.00000       4.0650000   2.4936335e-08      0.99999998
      0.00000       4.0660000   2.5873532e-08      0.99999997
      0.00000       4.0670000   2.6845812e-08      0.99999997
      0.00000       4.0680000   2.7854264e-08      0.99999997
      0.00000       4.0690000   2.8900247e-08      0.99999997
      0.00000       4.0700000   2.9985393e-08      0.99999997
      0.00000       4.0710000   3.1111062e-08      0.99999997
      0.00000       4.0720000   3.2278614e-08      0.99999997
      0.00000       4.0730000   3.3489681e-08      0.99999997
      0.00000       4.0740000   3.4745894e-08      0.99999997
      0.00000       4.0750000   3.6048885e-08      0.99999996
      0.00000       4.0760000   3.7400287e-08      0.99999996
      0.00000       4.0770000   3.8802002e-08      0.99999996
      0.00000       4.0780000   4.0256207e-08      0.99999996
      0.00000       4.0790000   4.1764261e-08      0.99999996
      0.00000       4.0800000   4.3328340e-08      0.99999996
      0.00000       4.0810000   4.4950892e-08      0.99999996
      0.00000       4.0820000   4.6633549e-08      0.99999995
      0.00000       4.0830000   4.8378757e-08      0.99999995
      0.00000       4.0840000   5.0188966e-08      0.99999995
      0.00000       4.0850000   5.2066351e-08      0.99999995
      0.00000       4.0860000   5.4013631e-08      0.99999995
      0.00000       4.0870000   5.6032982e-08      0.99999994
      0.00000       4.0880000   5.8127395e-08      0.99999994
      0.00000       4.0890000   6.0299592e-08      0.99999994
      0.00000       4.0900000   6.2552562e-08      0.99999994
      0.00000       4.0910000   6.4889026e-08      0.99999994
      0.00000       4.0920000   6.7311975e-08      0.99999993
      0.00000       4.0930000   6.9824945e-08      0.99999993
      0.00000       4.0940000   7.2430927e-08      0.99999993
      0.00000       4.0950000   7.5133730e-08      0.99999992
      0.00000       4.0960000   7.7936616e-08      0.99999992
      0.00000       4.0970000   8.0843122e-08      0.99999992
      0.00000       4.0980000   8.3857598e-08      0.99999992
      0.00000       4.0990000   8.6983308e-08      0.99999991
      0.00000       4.1000000   9.0225148e-08      0.99999991
      0.00000       4.1010000   9.3586654e-08      0.99999991
      0.00000       4.1020000   9.7072720e-08      0.99999990
      0.00000       4.1030000   1.0068770e-07      0.99999990
      0.00000       4.1040000   1.0443621e-07      0.99999990
      0.00000       4.1050000   1.0832343e-07      0.99999989
      0.00000       4.1060000   1.1235451e-07      0.99999989
      0.00000       4.1070000   1.1653437e-07      0.99999988
      0.00000       4.1080000   1.2086869e-07      0.99999988
      0.00000       4.1090000   1.2536321e-07      0.99999987
      0.00000       4.1100000   1.3002363e-07      0.99999987
      0.00000       4.1110000   1.3485593e-07      0.99999987
      0.00000       4.1120000   1.3986664e-07      0.99999986
      0.00000       4.1130000   1.4506256e-07      0.99999985
      0.00000       4.1140000   1.5044994e-07      0.99999985
      0.00000       4.1150000   1.5603586e-07      0.99999984
      0.00000       4.1160000   1.6182793e-07      0.99999984
      0.00000       4.1170000   1.6783349e-07      0.99999983
      0.00000       4.1180000   1.7406043e-07      0.99999983
      0.00000       4.1190000   1.8051664e-07      0.99999982
      0.00000       4.1200000   1.8721082e-07      0.99999981
      0.00000       4.1210000   1.9415140e-07      0.99999981
      0.00000       4.1220000   2.0134764e-07      0.99999980
      0.00000       4.1230000   2.0880876e-07      0.99999979
      0.00000       4.1240000   2.1654457e-07      0.99999978
      0.00000       4.1250000   2.2456459e-07      0.99999978
      0.00000       4.1260000   2.3287996e-07      0.99999977
      0.00000       4.1270000   2.4150102e-07      0.99999976
      0.00000       4.1280000   2.5043893e-07      0.99999975
      0.00000       4.1290000   2.5970536e-07      0.99999974
      0.00000       4.1300000   2.6931230e-07      0.99999973
      0.00000       4.1310000   2.7927226e-07      0.99999972
      0.00000       4.1320000   2.8959800e-07      0.99999971
      0.00000       4.1330000   3.0030287e-07      0.99999970
      0.00000       4.1340000   3.1140046e-07      0.99999969
      0.00000       4.1350000   3.2290572e-07      0.99999968
      0.00000       4.1360000   3.3483280e-07      0.99999967
      0.00000       4.1370000   3.4719748e-07      0.99999965
      0.00000       4.1380000   3.6001580e-07      0.99999964
      0.00000       4.1390000   3.7330380e-07      0.99999963
      0.00000       4.1400000   3.8707916e-07      0.99999961
      0.00000       4.1410000   4.0135902e-07      0.99999960
      0.00000       4.1420000   4.1616215e-07      0.99999958
      0.00000       4.1430000   4.3150757e-07      0.99999957
      0.00000       4.1440000   4.4741488e-07      0.99999955
      0.00000       4.1450000   4.6390474e-07      0.99999954
      0.00000       4.1460000   4.8099782e-07      0.99999952
      0.00000       4.1470000   4.9871642e-07      0.99999950
      0.00000       4.1480000   5.1708339e-07      0.99999948
      0.00000       4.1490000   5.3612211e-07      0.99999946
      0.00000       4.1500000   5.5585679e-07      0.99999944
      0.00000       4.1510000   5.7631300e-07      0.99999942
      0.00000       4.1520000   5.9751685e-07      0.99999940
      0.00000       4.1530000   6.1949552e-07      0.99999938
      0.00000       4.1540000   6.4227677e-07      0.99999936
      0.00000       4.1550000   6.6589023e-07      0.99999933
      0.00000       4.1560000   6.9036582e-07      0.99999931
      0.00000       4.1570000   7.1573455e-07      0.99999928
      0.00000       4.1580000   7.4202932e-07      0.99999926
      0.00000       4.1590000   7.6928359e-07      0.99999923
      0.00000       4.1600000   7.9753162e-07      0.99999920
      0.00000       4.1610000   8.2680986e-07      0.99999917
      0.00000       4.1620000   8.5715556e-07      0.99999914
      0.00000       4.1630000   8.8860734e-07      0.99999911
      0.00000       4.1640000   9.2120519e-07      0.99999908
      0.00000       4.1650000   9.5499071e-07      0.99999905
      0.00000       4.1660000   9.9000661e-07      0.99999901
      0.00000       4.1670000   1.0262977e-06      0.99999897
      0.00000       4.1680000   1.0639098e-06      0.99999894
      0.00000       4.1690000   1.1028907e-06      0.99999890
      0.00000       4.1700000   1.1432902e-06      0.99999886
      0.00000       4.1710000   1.1851590e-06      0.99999881
      0.00000       4.1720000   1.2285509e-06      0.99999877
      0.00000       4.1730000   1.2735202e-06      0.99999873
      0.00000       4.1740000   1.3201243e-06      0.99999868
      0.00000       4.1750000   1.3684221e-06      0.99999863
      0.00000       4.1760000   1.4184747e-06      0.99999858
      0.00000       4.1770000   1.4703454e-06      0.99999853
      0.00000       4.1780000   1.5240997e-06      0.99999848
      0.00000       4.1790000   1.5798059e-06      0.99999842
      0.00000       4.1800000   1.6375338e-06      0.99999836
      0.00000       4.1810000   1.6973568e-06      0.99999830
      0.00000       4.1820000   1.7593500e-06      0.99999824
      0.00000       4.1830000   1.8235918e-06      0.99999818
      0.00000       4.1840000   1.8901632e-06      0.99999811
      0.00000       4.1850000   1.9591478e-06      0.99999804
      0.00000       4.1860000   2.0306331e-06      0.99999797
      0.00000       4.1870000   2.1047086e-06      0.99999790
      0.00000       4.1880000   2.1814676e-06      0.99999782
      0.00000       4.1890000   2.2610066e-06      0.99999774
      0.00000       4.1900000   2.3434257e-06      0.99999766
      0.00000       4.1910000   2.4288282e-06      0.99999757
      0.00000       4.1920000   2.5173219e-06      0.99999748
      0.00000       4.1930000   2.6090174e-06      0.99999739
      0.00000       4.1940000   2.7040300e-06      0.99999730
      0.00000       4.1950000   2.8024787e-06      0.99999720
      0.00000       4.1960000   2.9044868e-06      0.99999710
      0.00000       4.1970000   3.0101824e-06      0.99999699
      0.00000       4.1980000   3.1196978e-06      0.99999688
      0.00000       4.1990000   3.2331700e-06      0.99999677
      0.00000       4.2000000   3.3507412e-06      0.99999665
      0.00000       4.2010000   3.4725580e-06      0.99999653
      0.00000       4.2020000   3.5987727e-06      0.99999640
      0.00000       4.2030000   3.7295434e-06      0.99999627
      0.00000       4.2040000   3.8650328e-06      0.99999613
      0.00000       4.2050000   4.0054108e-06      0.99999599
      0.00000       4.2060000   4.1508519e-06      0.99999585
      0.00000       4.2070000   4.3015376e-06      0.99999570
      0.00000       4.2080000   4.4576557e-06      0.99999554
      0.00000       4.2090000   4.6194009e-06      0.99999538
      0.00000       4.2100000   4.7869743e-06      0.99999521
      0.00000       4.2110000   4.9605847e-06      0.99999504
      0.00000       4.2120000   5.1404477e-06      0.99999486
      0.00000       4.2130000   5.3267876e-06      0.99999467
      0.00000       4.2140000   5.5198353e-06      0.99999448
      0.00000       4.2150000   5.7198308e-06      0.99999428
      0.00000       4.2160000   5.9270227e-06      0.99999407
      0.00000       4.2170000   6.1416679e-06      0.99999386
      0.00000       4.2180000   6.3640324e-06      0.99999364
      0.00000       4.2190000   6.5943925e-06      0.99999341
      0.00000       4.2200000   6.8330330e-06      0.99999317
      0.00000       4.2210000   7.0802501e-06      0.99999292
      0.00000       4.2220000   7.3363495e-06      0.99999266
      0.00000       4.2230000   7.6016486e-06      0.99999240
      0.00000       4.2240000   7.8764748e-06      0.99999212
      0.00000       4.2250000   8.1611683e-06      0.99999184
      0.00000       4.2260000   8.4560809e-06      0.99999154
      0.00000       4.2270000   8.7615767e-06      0.99999124
      0.00000       4.2280000   9.0780330e-06      0.99999092
      0.00000       4.2290000   9.4058400e-06      0.99999059
      0.00000       4.2300000   9.7454028e-06      0.99999025
      0.00000       4.2310000   1.0097139e-05      0.99998990
      0.00000       4.2320000   1.0461483e-05      0.99998954
      0.00000       4.2330000   1.0838882e-05      0.99998916
      0.00000       4.2340000   1.1229803e-05      0.99998877
      0.00000       4.2350000   1.1634725e-05      0.99998837
      0.00000       4.2360000   1.2054146e-05      0.99998795
      0.00000       4.2370000   1.2488583e-05      0.99998751
      0.00000       4.2380000   1.2938569e-05      0.99998706
      0.00000       4.2390000   1.3404656e-05      0.99998660
      0.00000       4.2400000   1.3887417e-05      0.99998611
      0.00000       4.2410000   1.4387444e-05      0.99998561
      0.00000       4.2420000   1.4905351e-05      0.99998509
      0.00000       4.2430000   1.5441771e-05      0.99998456
      0.00000       4.2440000   1.5997363e-05      0.99998400
      0.00000       4.2450000   1.6572807e-05      0.99998343
      0.00000       4.2460000   1.7168807e-05      0.99998283
      0.00000       4.2470000   1.7786092e-05      0.99998221
      0.00000       4.2480000   1.8425417e-05      0.99998157
      0.00000       4.2490000   1.9087564e-05      0.99998091
      0.00000       4.2500000   1.9773342e-05      0.99998023
      0.00000       4.2510000   2.0483588e-05      0.99997952
      0.00000       4.2520000   2.1219168e-05      0.99997878
      0.00000       4.2530000   2.1980981e-05      0.99997802
      0.00000       4.2540000   2.2769955e-05      0.99997723
      0.00000       4.2550000   2.3587052e-05      0.99997641
      0.00000       4.2560000   2.4433268e-05      0.99997557
      0.00000       4.2570000   2.5309632e-05      0.99997469
      0.00000       4.2580000   2.6217211e-05      0.99997378
      0.00000       4.2590000   2.7157110e-05      0.99997284
      0.00000       4.2600000   2.8130471e-05      0.99997187
      0.00000       4.2610000   2.9138478e-05      0.99997086
      0.00000       4.2620000   3.0182354e-05      0.99996982
      0.00000       4.2630000   3.1263367e-05      0.99996874
      0.00000       4.2640000   3.2382830e-05      0.99996762
      0.00000       4.2650000   3.3542100e-05      0.99996646
      0.00000       4.2660000   3.4742583e-05      0.99996526
      0.00000       4.2670000   3.5985733e-05      0.99996401
      0.00000       4.2680000   3.7273056e-05      0.99996273
      0.00000       4.2690000   3.8606112e-05      0.99996139
      0.00000       4.2700000   3.9986513e-05      0.99996001
      0.00000       4.2710000   4.1415929e-05      0.99995858
      0.00000       4.2720000   4.2896088e-05      0.99995710
      0.00000       4.2730000   4.4428779e-05      0.99995557
      0.00000       4.2740000   4.6015853e-05      0.99995398
      0.00000       4.2750000   4.7659227e-05      0.99995234
      0.00000       4.2760000   4.9360882e-05      0.99995064
      0.00000       4.2770000   5.1122873e-05      0.99994888
      0.00000       4.2780000   5.2947322e-05      0.99994705
      0.00000       4.2790000   5.4836429e-05      0.99994516
      0.00000       4.2800000   5.6792468e-05      0.99994321
      0.00000       4.2810000   5.8817794e-05      0.99994118
      0.00000       4.2820000   6.0914844e-05      0.99993909
      0.00000       4.2830000   6.3086141e-05      0.99993691
      0.00000       4.2840000   6.5334294e-05      0.99993467
      0.00000       4.2850000   6.7662006e-05      0.99993234
      0.00000       4.2860000   7.0072070e-05      0.99992993
      0.00000       4.2870000   7.2567380e-05      0.99992743
      0.00000       4.2880000   7.5150930e-05      0.99992485
      0.00000       4.2890000   7.7825818e-05      0.99992217
      0.00000       4.2900000   8.0595251e-05      0.99991940
      0.00000       4.2910000   8.3462545e-05      0.99991654
      0.00000       4.2920000   8.6431136e-05      0.99991357
      0.00000       4.2930000   8.9504576e-05      0.99991050
      0.00000       4.2940000   9.2686542e-05      0.99990731
      0.00000       4.2950000   9.5980838e-05      0.99990402
      0.00000       4.2960000   9.9391402e-05      0.99990061
      0.00000       4.2970000   0.00010292231      0.99989708
      0.00000       4.2980000   0.00010657777      0.99989342
      0.00000       4.2990000   0.00011036216      0.99988964
      0.00000       4.3000000   0.00011427998      0.99988572
      0.00000       4.3010000   0.00011833590      0.99988166
      0.00000       4.3020000   0.00012253477      0.99987747
      0.00000       4.3030000   0.00012688157      0.99987312
      0.00000       4.3040000   0.00013138149      0.99986862
      0.00000       4.3050000   0.00013603988      0.99986396
      0.00000       4.3060000   0.00014086228      0.99985914
      0.00000       4.3070000   0.00014585443      0.99985415
      0.00000       4.3080000   0.00015102225      0.99984898
      0.00000       4.3090000   0.00015637188      0.99984363
      0.00000       4.3100000   0.00016190967      0.99983809
      0.00000       4.3110000   0.00016764220      0.99983236
      0.00000       4.3120000   0.00017357625      0.99982642
      0.00000       4.3130000   0.00017971887      0.99982028
      0.00000       4.3140000   0.00018607733      0.99981392
      0.00000       4.3150000   0.00019265916      0.99980734
      0.00000       4.3160000   0.00019947214      0.99980053
      0.00000       4.3170000   0.00020652435      0.99979348
      0.00000       4.3180000   0.00021382411      0.99978618
      0.00000       4.3190000   0.00022138005      0.99977862
      0.00000       4.3200000   0.00022920109      0.99977080
      0.00000       4.3210000   0.00023729647      0.99976270
      0.00000       4.3220000   0.00024567574      0.99975432
      0.00000       4.3230000   0.00025434879      0.99974565
      0.00000       4.3240000   0.00026332582      0.99973667
      0.00000       4.3250000   0.00027261743      0.99972738
      0.00000       4.3260000   0.00028223454      0.99971777
      0.00000       4.3270000   0.00029218848      0.99970781
      0.00000       4.3280000   0.00030249096      0.99969751
      0.00000       4.3290000   0.00031315409      0.99968685
      0.00000       4.3300000   0.00032419039      0.99967581
      0.00000       4.3310000   0.00033561283      0.99966439
      0.00000       4.3320000   0.00034743482      0.99965257
      0.00000       4.3330000   0.00035967022      0.99964033
      0.00000       4.3340000   0.00037233338      0.99962767
      0.00000       4.3350000   0.00038543915      0.99961456
      0.00000       4.3360000   0.00039900287      0.99960100
      0.00000       4.3370000   0.00041304042      0.99958696
      0.00000       4.3380000   0.00042756822      0.99957243
      0.00000       4.3390000   0.00044260327      0.99955740
      0.00000       4.3400000   0.00045816313      0.99954184
      0.00000       4.3410000   0.00047426599      0.99952573
      0.00000       4.3420000   0.00049093063      0.99950907
      0.00000       4.3430000   0.00050817652      0.99949182
      0.00000       4.3440000   0.00052602375      0.99947398
      0.00000       4.3450000   0.00054449312      0.99945551
      0.00000       4.3460000   0.00056360617      0.99943639
      0.00000       4.3470000   0.00058338512      0.99941661
      0.00000       4.3480000   0.00060385301      0.99939615
      0.00000       4.3490000   0.00062503362      0.99937497
      0.00000       4.3500000   0.00064695158      0.99935305
      0.00000       4.3510000   0.00066963234      0.99933037
      0.00000       4.3520000   0.00069310223      0.99930690
      0.00000       4.3530000   0.00071738847      0.99928261
      0.00000       4.3540000   0.00074251924      0.99925748
      0.00000       4.3550000   0.00076852364      0.99923148
      0.00000       4.3560000   0.00079543180      0.99920457
      0.00000       4.3570000   0.00082327485      0.99917673
      0.00000       4.3580000   0.00085208499      0.99914792
      0.00000       4.3590000   0.00088189554      0.99911810
      0.00000       4.3600000   0.00091274092      0.99908726
      0.00000       4.3610000   0.00094465674      0.99905534
      0.00000       4.3620000   0.00097767983      0.99902232
      0.00000       4.3630000    0.0010118483      0.99898815
      0.00000       4.3640000    0.0010472014      0.99895280
      0.00000       4.3650000    0.0010837799      0.99891622
      0.00000       4.3660000    0.0011216260      0.99887837
      0.00000       4.3670000    0.0011607831      0.99883922
      0.00000       4.3680000    0.0012012962      0.99879870
      0.00000       4.3690000    0.0012432119      0.99875679
      0.00000       4.3700000    0.0012865782      0.99871342
      0.00000       4.3710000    0.0013314448      0.99866856
      0.00000       4.3720000    0.0013778633      0.99862214
      0.00000       4.3730000    0.0014258867      0.99857411
      0.00000       4.3740000    0.0014755700      0.99852443
      0.00000       4.3750000    0.0015269700      0.99847303
      0.00000       4.3760000    0.0015801454      0.99841985
      0.00000       4.3770000    0.0016351569      0.99836484
      0.00000       4.3780000    0.0016920674      0.99830793
      0.00000       4.3790000    0.0017509416      0.99824906
      0.00000       4.3800000    0.0018118466      0.99818815
      0.00000       4.3810000    0.0018748518      0.99812515
      0.00000       4.3820000    0.0019400288      0.99805997
      0.00000       4.3830000    0.0020074516      0.99799255
      0.00000       4.3840000    0.0020771967      0.99792280
      0.00000       4.3850000    0.0021493434      0.99785066
      0.00000       4.3860000    0.0022239734      0.99777603
      0.00000       4.3870000    0.0023011711      0.99769883
      0.00000       4.3880000    0.0023810239      0.99761898
      0.00000       4.3890000    0.0024636221      0.99753638
      0.00000       4.3900000    0.0025490589      0.99745094
      0.00000       4.3910000    0.0026374307      0.99736257
      0.00000       4.3920000    0.0027288372      0.99727116
      0.00000       4.3930000    0.0028233812      0.99717662
      0.00000       4.3940000    0.0029211691      0.99707883
      0.00000       4.3950000    0.0030223107      0.99697769
      0.00000       4.3960000    0.0031269197      0.99687308
      0.00000       4.3970000    0.0032351133      0.99676489
      0.00000       4.3980000    0.0033470127      0.99665299
      0.00000       4.3990000    0.0034627432      0.99653726
      0.00000       4.4000000    0.0035824340      0.99641757
      0.00000       4.4010000    0.0037062189      0.99629378
      0.00000       4.4020000    0.0038342358      0.99616576
      0.00000       4.4030000    0.0039666273      0.99603337
      0.00000       4.4040000    0.0041035407      0.99589646
      0.00000       4.4050000    0.0042451281      0.99575487
      0.00000       4.4060000    0.0043915467      0.99560845
      0.00000       4.4070000    0.0045429588      0.99545704
      0.00000       4.4080000    0.0046995317      0.99530047
      0.00000       4.4090000    0.0048614388      0.99513856
      0.00000       4.4100000    0.0050288586      0.99497114
      0.00000       4.4110000    0.0052019756      0.99479802
      0.00000       4.4120000    0.0053809805      0.99461902
      0.00000       4.4130000    0.0055660699      0.99443393
      0.00000       4.4140000    0.0057574469      0.99424255
      0.00000       4.4150000    0.0059553211      0.99404468
      0.00000       4.4160000    0.0061599091      0.99384009
      0.00000       4.4170000    0.0063714342      0.99362857
      0.00000       4.4180000    0.0065901270      0.99340987
      0.00000       4.4190000    0.0068162256      0.99318377
      0.00000       4.4200000    0.0070499755      0.99295002
      0.00000       4.4210000    0.0072916303      0.99270837
      0.00000       4.4220000    0.0075414516      0.99245855
      0.00000       4.4230000    0.0077997092      0.99220029
      0.00000       4.4240000    0.0080666815      0.99193332
      0.00000       4.4250000    0.0083426560      0.99165734
      0.00000       4.4260000    0.0086279289      0.99137207
      0.00000       4.4270000    0.0089228060      0.99107719
      0.00000       4.4280000    0.0092276025      0.99077240
      0.00000       4.4290000    0.0095426437      0.99045736
      0.00000       4.4300000    0.0098682648      0.99013174
      0.00000       4.4310000     0.010204812      0.98979519
      0.00000       4.4320000     0.010552641      0.98944736
      0.00000       4.4330000     0.010912120      0.98908788
      0.00000       4.4340000     0.011283628      0.98871637
      0.00000       4.4350000     0.011667555      0.98833245
      0.00000       4.4360000     0.012064304      0.98793570
      0.00000       4.4370000     0.012474289      0.98752571
      0.00000       4.4380000     0.012897938      0.98710206
      0.00000       4.4390000     0.013335692      0.98666431
      0.00000       4.4400000     0.013788003      0.98621200
      0.00000       4.4410000     0.014255339      0.98574466
      0.00000       4.4420000     0.014738182      0.98526182
      0.00000       4.4430000     0.015237026      0.98476297
      0.00000       4.4440000     0.015752381      0.98424762
      0.00000       4.4450000     0.016284774      0.98371523
      0.00000       4.4460000     0.016834744      0.98316526
      0.00000       4.4470000     0.017402847      0.98259715
      0.00000       4.4480000     0.017989657      0.98201034
      0.00000       4.4490000     0.018595761      0.98140424
      0.00000       4.4500000     0.019221766      0.98077823
      0.00000       4.4510000     0.019868295      0.98013171
      0.00000       4.4520000     0.020535987      0.97946401
      0.00000       4.4530000     0.021225502      0.97877450
      0.00000       4.4540000     0.021937517      0.97806248
      0.00000       4.4550000     0.022672726      0.97732727
      0.00000       4.4560000     0.023431846      0.97656815
      0.00000       4.4570000     0.024215608      0.97578439
      0.00000       4.4580000     0.025024769      0.97497523
      0.00000       4.4590000     0.025860101      0.97413990
      0.00000       4.4600000     0.026722399      0.97327760
      0.00000       4.4610000     0.027612479      0.97238752
      0.00000       4.4620000     0.028531177      0.97146882
      0.00000       4.4630000     0.029479351      0.97052065
      0.00000       4.4640000     0.030457881      0.96954212
      0.00000       4.4650000     0.031467670      0.96853233
      0.00000       4.4660000     0.032509641      0.96749036
      0.00000       4.4670000     0.033584741      0.96641526
      0.00000       4.4680000     0.034693941      0.96530606
      0.00000       4.4690000     0.035838234      0.96416177
      0.00000       4.4700000     0.037018635      0.96298136
      0.00000       4.4710000     0.038236185      0.96176381
      0.00000       4.4720000     0.039491947      0.96050805
      0.00000       4.4730000     0.040787009      0.95921299
      0.00000       4.4740000     0.042122481      0.95787752
      0.00000       4.4750000     0.043499499      0.95650050
      0.00000       4.4760000     0.044919220      0.95508078
      0.00000       4.4770000     0.046382830      0.95361717
      0.00000       4.4780000     0.047891532      0.95210847
      0.00000       4.4790000     0.049446559      0.95055344
      0.00000       4.4800000     0.051049164      0.94895084
      0.00000       4.4810000     0.052700623      0.94729938
      0.00000       4.4820000     0.054402238      0.94559776
      0.00000       4.4830000     0.056155330      0.94384467
      0.00000       4.4840000     0.057961245      0.94203875
      0.00000       4.4850000     0.059821351      0.94017865
      0.00000       4.4860000     0.061737035      0.93826297
      0.00000       4.4870000     0.063709705      0.93629029
      0.00000       4.4880000     0.065740792      0.93425921
      0.00000       4.4890000     0.067831742      0.93216826
      0.00000       4.4900000     0.069984023      0.93001598
      0.00000       4.4910000     0.072199117      0.92780088
      0.00000       4.4920000     0.074478525      0.92552147
      0.00000       4.4930000     0.076823761      0.92317624
      0.00000       4.4940000     0.079236355      0.92076364
      0.00000       4.4950000     0.081717847      0.91828215
      0.00000       4.4960000     0.084269790      0.91573021
      0.00000       4.4970000     0.086893745      0.91310625
      0.00000       4.4980000     0.089591281      0.91040872
      0.00000       4.4990000     0.092363974      0.90763603
      0.00000       4.5000000     0.095213401      0.90478660
      0.00000       4.5010000     0.098141143      0.90185886
      0.00000       4.5020000      0.10114878      0.89885122
      0.00000       4.5030000      0.10423789      0.89576211
      0.00000       4.5040000      0.10741004      0.89258996
      0.00000       4.5050000      0.11066679      0.88933321
      0.00000       4.5060000      0.11400970      0.88599030
      0.00000       4.5070000      0.11744031      0.88255969
      0.00000       4.5080000      0.12096013      0.87903987
      0.00000       4.5090000      0.12457066      0.87542934
      0.00000       4.5100000      0.12827338      0.87172662
      0.00000       4.5110000      0.13206975      0.86793025
      0.00000       4.5120000      0.13596117      0.86403883
      0.00000       4.5130000      0.13994903      0.86005097
      0.00000       4.5140000      0.14403467      0.85596533
      0.00000       4.5150000      0.14821940      0.85178060
      0.00000       4.5160000      0.15250446      0.84749554
      0.00000       4.5170000      0.15689107      0.84310893
      0.00000       4.5180000      0.16138036      0.83861964
      0.00000       4.5190000      0.16597342      0.83402658
      0.00000       4.5200000      0.17067127      0.82932873
      0.00000       4.5210000      0.17547487      0.82452513
      0.00000       4.5220000      0.18038508      0.81961492
      0.00000       4.5230000      0.18540271      0.81459729
      0.00000       4.5240000      0.19052846      0.80947154
      0.00000       4.5250000      0.19576296      0.80423704
      0.00000       4.5260000      0.20110673      0.79889327
      0.00000       4.5270000      0.20656021      0.79343979
      0.00000       4.5280000      0.21212372      0.78787628
      0.00000       4.5290000      0.21779747      0.78220253
      0.00000       4.5300000      0.22358157      0.77641843
      0.00000       4.5310000      0.22947600      0.77052400
      0.00000       4.5320000      0.23548063      0.76451937
      0.00000       4.5330000      0.24159518      0.75840482
      0.00000       4.5340000      0.24781927      0.75218073
      0.00000       4.5350000      0.25415235      0.74584765
      0.00000       4.5360000      0.26059377      0.73940623
      0.00000       4.5370000      0.26714270      0.73285730
      0.00000       4.5380000      0.27379819      0.72620181
      0.00000       4.5390000      0.28055914      0.71944086
      0.00000       4.5400000      0.28742427      0.71257573
      0.00000       4.5410000      0.29439219      0.70560781
      0.00000       4.5420000      0.30146132      0.69853868
      0.00000       4.5430000      0.30862994      0.69137006
      0.00000       4.5440000      0.31589617      0.68410383
      0.00000       4.5450000      0.32325796      0.67674204
      0.00000       4.5460000      0.33071313      0.66928687
      0.00000       4.5470000      0.33825931      0.66174069
      0.00000       4.5480000      0.34589400      0.65410600
      0.00000       4.5490000      0.35361452      0.64638548
      0.00000       4.5500000      0.36141804      0.63858196
      0.00000       4.5510000      0.36930161      0.63069839
      0.00000       4.5520000      0.37726208      0.62273792
      0.00000       4.5530000      0.38529621      0.61470379
      0.00000       4.5540000      0.39340057      0.60659943
      0.00000       4.5550000      0.40157163      0.59842837
      0.00000       4.5560000      0.40980571      0.59019429
      0.00000       4.5570000      0.41809901      0.58190099
      0.00000       4.5580000      0.42644762      0.57355238
      0.00000       4.5590000      0.43484749      0.56515251
      0.00000       4.5600000      0.44329450      0.55670550
      0.00000       4.5610000      0.45178442      0.54821558
      0.00000       4.5620000      0.46031291      0.53968709
      0.00000       4.5630000      0.46887558      0.53112442
      0.00000       4.5640000      0.47746795      0.52253205
      0.00000       4.5650000      0.48608548      0.51391452
      0.00000       4.5660000      0.49472357      0.50527643
      0.00000       4.5670000      0.50337758      0.49662242
      0.00000       4.5680000      0.51204284      0.48795716
      0.00000       4.5690000      0.52071465      0.47928535
      0.00000       4.5700000      0.52938831      0.47061169
      0.00000       4.5710000      0.53805907      0.46194093
      0.00000       4.5720000      0.54672225      0.45327775
      0.00000       4.5730000      0.55537313      0.44462687
      0.00000       4.5740000      0.56400704      0.43599296
      0.00000       4.5750000      0.57261934      0.42738066
      0.00000       4.5760000      0.58120545      0.41879455
      0.00000       4.5770000      0.58976082      0.41023918
      0.00000       4.5780000      0.59828097      0.40171903
      0.00000       4.5790000      0.60676150      0.39323850
      0.00000       4.5800000      0.61519808      0.38480192
      0.00000       4.5810000      0.62358649      0.37641351
      0.00000       4.5820000      0.63192257      0.36807743
      0.00000       4.5830000      0.64020231      0.35979769
      0.00000       4.5840000      0.64842177      0.35157823
      0.00000       4.5850000      0.65657715      0.34342285
      0.00000       4.5860000      0.66466477      0.33533523
      0.00000       4.5870000      0.67268107      0.32731893
      0.00000       4.5880000      0.68062263      0.31937737
      0.00000       4.5890000      0.68848617      0.31151383
      0.00000       4.5900000      0.69626856      0.30373144
      0.00000       4.5910000      0.70396680      0.29603320
      0.00000       4.5920000      0.71157804      0.28842196
      0.00000       4.5930000      0.71909958      0.28090042
      0.00000       4.5940000      0.72652889      0.27347111
      0.00000       4.5950000      0.73386357      0.26613643
      0.00000       4.5960000      0.74110139      0.25889861
      0.00000       4.5970000      0.74824026      0.25175974
      0.00000       4.5980000      0.75527826      0.24472174
      0.00000       4.5990000      0.76221361      0.23778639
      0.00000       4.6000000      0.76904469      0.23095531
      0.00000       4.6010000      0.77577002      0.22422998
      0.00000       4.6020000      0.78238828      0.21761172
      0.00000       4.6030000      0.78889829      0.21110171
      0.00000       4.6040000      0.79529902      0.20470098
      0.00000       4.6050000      0.80158957      0.19841043
      0.00000       4.6060000      0.80776917      0.19223083
      0.00000       4.6070000      0.81383722      0.18616278
      0.00000       4.6080000      0.81979320      0.18020680
      0.00000       4.6090000      0.82563676      0.17436324
      0.00000       4.6100000      0.83136763      0.16863237
      0.00000       4.6110000      0.83698570      0.16301430
      0.00000       4.6120000      0.84249093      0.15750907
      0.00000       4.6130000      0.84788342      0.15211658
      0.00000       4.6140000      0.85316335      0.14683665
      0.00000       4.6150000      0.85833102      0.14166898
      0.00000       4.6160000      0.86338680      0.13661320
      0.00000       4.6170000      0.86833117      0.13166883
      0.00000       4.6180000      0.87316467      0.12683533
      0.00000       4.6190000      0.87788793      0.12211207
      0.00000       4.6200000      0.88250167      0.11749833
      0.00000       4.6210000      0.88700665      0.11299335
      0.00000       4.6220000      0.89140371      0.10859629
      0.00000       4.6230000      0.89569374      0.10430626
      0.00000       4.6240000      0.89987770      0.10012230
      0.00000       4.6250000      0.90395657     0.096043425
      0.00000       4.6260000      0.90793142     0.092068578
      0.00000       4.6270000      0.91180332     0.088196679
      0.00000       4.6280000      0.91557340     0.084426604
      0.00000       4.6290000      0.91924280     0.080757199
      0.00000       4.6300000      0.92281272     0.077187281
      0.00000       4.6310000      0.92628436     0.073715643
      0.00000       4.6320000      0.92965894     0.070341056
      0.00000       4.6330000      0.93293773     0.067062275
      0.00000       4.6340000      0.93612196     0.063878039
      0.00000       4.6350000      0.93921292     0.060787080
      0.00000       4.6360000      0.94221188     0.057788121
      0.00000       4.6370000      0.94512012     0.054879880
      0.00000       4.6380000      0.94793892     0.052061077
      0.00000       4.6390000      0.95066957     0.049330429
      0.00000       4.6400000      0.95331334     0.046686663
      0.00000       4.6410000      0.95587149     0.044128509
      0.00000       4.6420000      0.95834529     0.041654706
      0.00000       4.6430000      0.96073599     0.039264008
      0.00000       4.6440000      0.96304482     0.036955179
      0.00000       4.6450000      0.96527300     0.034727002
      0.00000       4.6460000      0.96742173     0.032578275
      0.00000       4.6470000      0.96949218     0.030507817
      0.00000       4.6480000      0.97148553     0.028514469
      0.00000       4.6490000      0.97340291     0.026597092
      0.00000       4.6500000      0.97524542     0.024754575
      0.00000       4.6510000      0.97701417     0.022985830
      0.00000       4.6520000      0.97871020     0.021289796
      0.00000       4.6530000      0.98033456     0.019665442
      0.00000       4.6540000      0.98188823     0.018111765
      0.00000       4.6550000      0.98337221     0.016627793
      0.00000       4.6560000      0.98478742     0.015212585
      0.00000       4.6570000      0.98613477     0.013865232
      0.00000       4.6580000      0.98741514     0.012584858
      0.00000       4.6590000      0.98862938     0.011370622
      0.00000       4.6600000      0.98977828     0.010221717
      0.00000       4.6610000      0.99086263    0.0091373695
      0.00000       4.6620000      0.99188316    0.0081168438
      0.00000       4.6630000      0.99284056    0.0071594393
      0.00000       4.6640000      0.99373551    0.0062644924
      0.00000       4.6650000      0.99456862    0.0054313767
      0.00000       4.6660000      0.99534050    0.0046595031
      0.00000       4.6670000      0.99605168    0.0039483203
      0.00000       4.6680000      0.99670268    0.0032973153
      0.00000       4.6690000      0.99729399    0.0027060133
      0.00000       4.6700000      0.99782602    0.0021739782
      0.00000       4.6710000      0.99829919    0.0017008126
      0.00000       4.6720000      0.99871384    0.0012861581
      0.00000       4.6730000      0.99907030   0.00092969525
      0.00000       4.6740000      0.99936886   0.00063114394
      0.00000       4.6750000      0.99960974   0.00039026313
      0.00000       4.6760000      0.99979315   0.00020685113
      0.00000       4.6770000      0.99991925   8.0745495e-05
      0.00000       4.6780000      0.99998818   1.1823086e-05
      0.00000       4.6790000       1.0000000       0.0000000
      0.00000       4.6800000      0.99995477   4.5231530e-05
      0.00000       4.6810000      0.99985249   0.00014751208
      0.00000       4.6820000      0.99969312   0.00030687507
      0.00000       4.6830000      0.99947661   0.00052339281
      0.00000       4.6840000      0.99920282   0.00079717633
      0.00000       4.6850000      0.99887162    0.0011283752
      0.00000       4.6860000      0.99848282    0.0015171775
      0.00000       4.6870000      0.99803619    0.0019638093
      0.00000       4.6880000      0.99753147    0.0024685346
      0.00000       4.6890000      0.99696834    0.0030316550
      0.00000       4.6900000      0.99634649    0.0036535096
      0.00000       4.6910000      0.99566553    0.0043344742
      0.00000       4.6920000      0.99492504    0.0050749615
      0.00000       4.6930000      0.99412458    0.0058754203
      0.00000       4.6940000      0.99326366    0.0067363353
      0.00000       4.6950000      0.99234177    0.0076582265
      0.00000       4.6960000      0.99135835    0.0086416486
      0.00000       4.6970000      0.99031281    0.0096871909
      0.00000       4.6980000      0.98920452     0.010795476
      0.00000       4.6990000      0.98803284     0.011967161
      0.00000       4.7000000      0.98679707     0.013202933
      0.00000       4.7010000      0.98549649     0.014503512
      0.00000       4.7020000      0.98413035     0.015869651
      0.00000       4.7030000      0.98269787     0.017302130
      0.00000       4.7040000      0.98119824     0.018801759
      0.00000       4.7050000      0.97963062     0.020369378
      0.00000       4.7060000      0.97799415     0.022005853
      0.00000       4.7070000      0.97628792     0.023712076
      0.00000       4.7080000      0.97451103     0.025488965
      0.00000       4.7090000      0.97266254     0.027337462
      0.00000       4.7100000      0.97074147     0.029258530
      0.00000       4.7110000      0.96874685     0.031253155
      0.00000       4.7120000      0.96667766     0.033322342
      0.00000       4.7130000      0.96453288     0.035467116
      0.00000       4.7140000      0.96231148     0.037688516
      0.00000       4.7150000      0.96001240     0.039987598
      0.00000       4.7160000      0.95763457     0.042365432
      0.00000       4.7170000      0.95517690     0.044823096
      0.00000       4.7180000      0.95263832     0.047361681
      0.00000       4.7190000      0.95001772     0.049982285
      0.00000       4.7200000      0.94731399     0.052686008
      0.00000       4.7210000      0.94452604     0.055473957
      0.00000       4.7220000      0.94165276     0.058347237
      0.00000       4.7230000      0.93869305     0.061306952
      0.00000       4.7240000      0.93564580     0.064354201
      0.00000       4.7250000      0.93250992     0.067490078
      0.00000       4.7260000      0.92928434     0.070715663
      0.00000       4.7270000      0.92596797     0.074032027
      0.00000       4.7280000      0.92255978     0.077440224
      0.00000       4.7290000      0.91905871     0.080941287
      0.00000       4.7300000      0.91546377     0.084536230
      0.00000       4.7310000      0.91177396     0.088226040
      0.00000       4.7320000      0.90798833     0.092011675
      0.00000       4.7330000      0.90410594     0.095894061
      0.00000       4.7340000      0.90012591     0.099874089
      0.00000       4.7350000      0.89604739      0.10395261
      0.00000       4.7360000      0.89186957      0.10813043
      0.00000       4.7370000      0.88759169      0.11240831
      0.00000       4.7380000      0.88321304      0.11678696
      0.00000       4.7390000      0.87873297      0.12126703
      0.00000       4.7400000      0.87415088      0.12584912
      0.00000       4.7410000      0.86946623      0.13053377
      0.00000       4.7420000      0.86467856      0.13532144
      0.00000       4.7430000      0.85978747      0.14021253
      0.00000       4.7440000      0.85479264      0.14520736
      0.00000       4.7450000      0.84969384      0.15030616
      0.00000       4.7460000      0.84449089      0.15550911
      0.00000       4.7470000      0.83918372      0.16081628
      0.00000       4.7480000      0.83377236      0.16622764
      0.00000       4.7490000      0.82825690      0.17174310
      0.00000       4.7500000      0.82263757      0.17736243
      0.00000       4.7510000      0.81691466      0.18308534
      0.00000       4.7520000      0.81108860      0.18891140
      0.00000       4.7530000      0.80515991      0.19484009
      0.00000       4.7540000      0.79912921      0.20087079
      0.00000       4.7550000      0.79299726      0.20700274
      0.00000       4.7560000      0.78676493      0.21323507
      0.00000       4.7570000      0.78043318      0.21956682
      0.00000       4.7580000      0.77400314      0.22599686
      0.00000       4.7590000      0.76747602      0.23252398
      0.00000       4.7600000      0.76085318      0.23914682
      0.00000       4.7610000      0.75413610      0.24586390
      0.00000       4.7620000      0.74732639      0.25267361
      0.00000       4.7630000      0.74042578      0.25957422
      0.00000       4.7640000      0.73343613      0.26656387
      0.00000       4.7650000      0.72635945      0.27364055
      0.00000       4.7660000      0.71919784      0.28080216
      0.00000       4.7670000      0.71195357      0.28804643
      0.00000       4.7680000      0.70462899      0.29537101
      0.00000       4.7690000      0.69722663      0.30277337
      0.00000       4.7700000      0.68974908      0.31025092
      0.00000       4.7710000      0.68219912      0.31780088
      0.00000       4.7720000      0.67457958      0.32542042
      0.00000       4.7730000      0.66689346      0.33310654
      0.00000       4.7740000      0.65914383      0.34085617
      0.00000       4.7750000      0.65133390      0.34866610
      0.00000       4.7760000      0.64346697      0.35653303
      0.00000       4.7770000      0.63554642      0.36445358
      0.00000       4.7780000      0.62757576      0.37242424
      0.00000       4.7790000      0.61955855      0.38044145
      0.00000       4.7800000      0.61149846      0.38850154
      0.00000       4.7810000      0.60339922      0.39660078
      0.00000       4.7820000      0.59526464      0.40473536
      0.00000       4.7830000      0.58709859      0.41290141
      0.00000       4.7840000      0.57890498      0.42109502
      0.00000       4.7850000      0.57068779      0.42931221
      0.00000       4.7860000      0.56245102      0.43754898
      0.00000       4.7870000      0.55419873      0.44580127
      0.00000       4.7880000      0.54593498      0.45406502
      0.00000       4.7890000      0.53766386      0.46233614
      0.00000       4.7900000      0.52938948      0.47061052
      0.00000       4.7910000      0.52111592      0.47888408
      0.00000       4.7920000      0.51284729      0.48715271
      0.00000       4.7930000      0.50458767      0.49541233
      0.00000       4.7940000      0.49634110      0.50365890
      0.00000       4.7950000      0.48811163      0.51188837
      0.00000       4.7960000      0.47990324      0.52009676
      0.00000       4.7970000      0.47171989      0.52828011
      0.00000       4.7980000      0.46356546      0.53643454
      0.00000       4.7990000      0.45544379      0.54455621
      0.00000       4.8000000      0.44735865      0.55264135
      0.00000       4.8010000      0.43931373      0.56068627
      0.00000       4.8020000      0.43131267      0.56868733
      0.00000       4.8030000      0.42335898      0.57664102
      0.00000       4.8040000      0.41545611      0.58454389
      0.00000       4.8050000      0.40760741      0.59239259
      0.00000       4.8060000      0.39981612      0.60018388
      0.00000       4.8070000      0.39208538      0.60791462
      0.00000       4.8080000      0.38441822      0.61558178
      0.00000       4.8090000      0.37681756      0.62318244
      0.00000       4.8100000      0.36928620      0.63071380
      0.00000       4.8110000      0.36182682      0.63817318
      0.00000       4.8120000      0.35444197      0.64555803
      0.00000       4.8130000      0.34713408      0.65286592
      0.00000       4.8140000      0.33990547      0.66009453
      0.00000       4.8150000      0.33275830      0.66724170
      0.00000       4.8160000      0.32569462      0.67430538
      0.00000       4.8170000      0.31871637      0.68128363
      0.00000       4.8180000      0.31182531      0.68817469
      0.00000       4.8190000      0.30502311      0.69497689
      0.00000       4.8200000      0.29831131      0.70168869
      0.00000       4.8210000      0.29169129      0.70830871
      0.00000       4.8220000      0.28516434      0.71483566
      0.00000       4.8230000      0.27873160      0.72126840
      0.00000       4.8240000      0.27239409      0.72760591
      0.00000       4.8250000      0.26615272      0.73384728
      0.00000       4.8260000      0.26000826      0.73999174
      0.00000       4.8270000      0.25396139      0.74603861
      0.00000       4.8280000      0.24801263      0.75198737
      0.00000       4.8290000      0.24216243      0.75783757
      0.00000       4.8300000      0.23641112      0.76358888
      0.00000       4.8310000      0.23075892      0.76924108
      0.00000       4.8320000      0.22520593      0.77479407
      0.00000       4.8330000      0.21975219      0.78024781
      0.00000       4.8340000      0.21439761      0.78560239
      0.00000       4.8350000      0.20914202      0.79085798
      0.00000       4.8360000      0.20398516      0.79601484
      0.00000       4.8370000      0.19892669      0.80107331
      0.00000       4.8380000      0.19396618      0.80603382
      0.00000       4.8390000      0.18910314      0.81089686
      0.00000       4.8400000      0.18433698      0.81566302
      0.00000       4.8410000      0.17966707      0.82033293
      0.00000       4.8420000      0.17509268      0.82490732
      0.00000       4.8430000      0.17061306      0.82938694
      0.00000       4.8440000      0.16622737      0.83377263
      0.00000       4.8450000      0.16193472      0.83806528
      0.00000       4.8460000      0.15773417      0.84226583
      0.00000       4.8470000      0.15362475      0.84637525
      0.00000       4.8480000      0.14960542      0.85039458
      0.00000       4.8490000      0.14567512      0.85432488
      0.00000       4.8500000      0.14183273      0.85816727
      0.00000       4.8510000      0.13807713      0.86192287
      0.00000       4.8520000      0.13440713      0.86559287
      0.00000       4.8530000      0.13082154      0.86917846
      0.00000       4.8540000      0.12731914      0.87268086
      0.00000       4.8550000      0.12389867      0.87610133
      0.00000       4.8560000      0.12055887      0.87944113
      0.00000       4.8570000      0.11729847      0.88270153
      0.00000       4.8580000      0.11411616      0.88588384
      0.00000       4.8590000      0.11101063      0.88898937
      0.00000       4.8600000      0.10798056      0.89201944
      0.00000       4.8610000      0.10502463      0.89497537
      0.00000       4.8620000      0.10214151      0.89785849
      0.00000       4.8630000     0.099329864      0.90067014
      0.00000       4.8640000     0.096588351      0.90341165
      0.00000       4.8650000     0.093915637      0.90608436
      0.00000       4.8660000     0.091310388      0.90868961
      0.00000       4.8670000     0.088771274      0.91122873
      0.00000       4.8680000     0.086296967      0.91370303
      0.00000       4.8690000     0.083886150      0.91611385
      0.00000       4.8700000     0.081537509      0.91846249
      0.00000       4.8710000     0.079249742      0.92075026
      0.00000       4.8720000     0.077021555      0.92297844
      0.00000       4.8730000     0.074851668      0.92514833
      0.00000       4.8740000     0.072738808      0.92726119
      0.00000       4.8750000     0.070681720      0.92931828
      0.00000       4.8760000     0.068679160      0.93132084
      0.00000       4.8770000     0.066729898      0.93327010
      0.00000       4.8780000     0.064832721      0.93516728
      0.00000       4.8790000     0.062986430      0.93701357
      0.00000       4.8800000     0.061189843      0.93881016
      0.00000       4.8810000     0.059441794      0.94055821
      0.00000       4.8820000     0.057741136      0.94225886
      0.00000       4.8830000     0.056086737      0.94391326
      0.00000       4.8840000     0.054477485      0.94552251
      0.00000       4.8850000     0.052912285      0.94708771
      0.00000       4.8860000     0.051390061      0.94860994
      0.00000       4.8870000     0.049909755      0.95009025
      0.00000       4.8880000     0.048470328      0.95152967
      0.00000       4.8890000     0.047070760      0.95292924
      0.00000       4.8900000     0.045710050      0.95428995
      0.00000       4.8910000     0.044387216      0.95561278
      0.00000       4.8920000     0.043101295      0.95689871
      0.00000       4.8930000     0.041851342      0.95814866
      0.00000       4.8940000     0.040636432      0.95936357
      0.00000       4.8950000     0.039455660      0.96054434
      0.00000       4.8960000     0.038308137      0.96169186
      0.00000       4.8970000     0.037192996      0.96280700
      0.00000       4.8980000     0.036109385      0.96389062
      0.00000       4.8990000     0.035056473      0.96494353
      0.00000       4.9000000     0.034033448      0.96596655
      0.00000       4.9010000     0.033039513      0.96696049
      0.00000       4.9020000     0.032073890      0.96792611
      0.00000       4.9030000     0.031135822      0.96886418
      0.00000       4.9040000     0.030224565      0.96977544
      0.00000       4.9050000     0.029339394      0.97066061
      0.00000       4.9060000     0.028479601      0.97152040
      0.00000       4.9070000     0.027644496      0.97235550
      0.00000       4.9080000     0.026833403      0.97316660
      0.00000       4.9090000     0.026045666      0.97395433
      0.00000       4.9100000     0.025280640      0.97471936
      0.00000       4.9110000     0.024537701      0.97546230
      0.00000       4.9120000     0.023816236      0.97618376
      0.00000       4.9130000     0.023115651      0.97688435
      0.00000       4.9140000     0.022435363      0.97756464
      0.00000       4.9150000     0.021774808      0.97822519
      0.00000       4.9160000     0.021133434      0.97886657
      0.00000       4.9170000     0.020510702      0.97948930
      0.00000       4.9180000     0.019906089      0.98009391
      0.00000       4.9190000     0.019319085      0.98068092
      0.00000       4.9200000     0.018749193      0.98125081
      0.00000       4.9210000     0.018195928      0.98180407
      0.00000       4.9220000     0.017658820      0.98234118
      0.00000       4.9230000     0.017137409      0.98286259
      0.00000       4.9240000     0.016631250      0.98336875
      0.00000       4.9250000     0.016139906      0.98386009
      0.00000       4.9260000     0.015662956      0.98433704
      0.00000       4.9270000     0.015199988      0.98480001
      0.00000       4.9280000     0.014750600      0.98524940
      0.00000       4.9290000     0.014314403      0.98568560
      0.00000       4.9300000     0.013891019      0.98610898
      0.00000       4.9310000     0.013480077      0.98651992
      0.00000       4.9320000     0.013081220      0.98691878
      0.00000       4.9330000     0.012694099      0.98730590
      0.00000       4.9340000     0.012318374      0.98768163
      0.00000       4.9350000     0.011953716      0.98804628
      0.00000       4.9360000     0.011599803      0.98840020
      0.00000       4.9370000     0.011256325      0.98874368
      0.00000       4.9380000     0.010922978      0.98907702
      0.00000       4.9390000     0.010599467      0.98940053
      0.00000       4.9400000     0.010285506      0.98971449
      0.00000       4.9410000    0.0099808178      0.99001918
      0.00000       4.9420000    0.0096851304      0.99031487
      0.00000       4.9430000    0.0093981817      0.99060182
      0.00000       4.9440000    0.0091197163      0.99088028
      0.00000       4.9450000    0.0088494860      0.99115051
      0.00000       4.9460000    0.0085872497      0.99141275
      0.00000       4.9470000    0.0083327732      0.99166723
      0.00000       4.9480000    0.0080858291      0.99191417
      0.00000       4.9490000    0.0078461963      0.99215380
      0.00000       4.9500000    0.0076136602      0.99238634
      0.00000       4.9510000    0.0073880121      0.99261199
      0.00000       4.9520000    0.0071690496      0.99283095
      0.00000       4.9530000    0.0069565759      0.99304342
      0.00000       4.9540000    0.0067504000      0.99324960
      0.00000       4.9550000    0.0065503364      0.99344966
      0.00000       4.9560000    0.0063562050      0.99364380
      0.00000       4.9570000    0.0061678307      0.99383217
      0.00000       4.9580000    0.0059850437      0.99401496
      0.00000       4.9590000    0.0058076790      0.99419232
      0.00000       4.9600000    0.0056355765      0.99436442
      0.00000       4.9610000    0.0054685808      0.99453142
      0.00000       4.9620000    0.0053065407      0.99469346
      0.00000       4.9630000    0.0051493099      0.99485069
      0.00000       4.9640000    0.0049967459      0.99500325
      0.00000       4.9650000    0.0048487107      0.99515129
      0.00000       4.9660000    0.0047050701      0.99529493
      0.00000       4.9670000    0.0045656940      0.99543431
      0.00000       4.9680000    0.0044304561      0.99556954
      0.00000       4.9690000    0.0042992336      0.99570077
      0.00000       4.9700000    0.0041719077      0.99582809
      0.00000       4.9710000    0.0040483626      0.99595164
      0.00000       4.9720000    0.0039284862      0.99607151
      0.00000       4.9730000    0.0038121697      0.99618783
      0.00000       4.9740000    0.0036993075      0.99630069
      0.00000       4.9750000    0.0035897970      0.99641020
      0.00000       4.9760000    0.0034835386      0.99651646
      0.00000       4.9770000    0.0033804359      0.99661956
      0.00000       4.9780000    0.0032803949      0.99671961
      0.00000       4.9790000    0.0031833249      0.99681668
      0.00000       4.9800000    0.0030891376      0.99691086
      0.00000       4.9810000    0.0029977471      0.99700225
      0.00000       4.9820000    0.0029090706      0.99709093
      0.00000       4.9830000    0.0028230271      0.99717697
      0.00000       4.9840000    0.0027395385      0.99726046
      0.00000       4.9850000    0.0026585288      0.99734147
      0.00000       4.9860000    0.0025799243      0.99742008
      0.00000       4.9870000    0.0025036535      0.99749635
      0.00000       4.9880000    0.0024296469      0.99757035
      0.00000       4.9890000    0.0023578372      0.99764216
      0.00000       4.9900000    0.0022881590      0.99771184
      0.00000       4.9910000    0.0022205490      0.99777945
      0.00000       4.9920000    0.0021549456      0.99784505
      0.00000       4.9930000    0.0020912890      0.99790871
      0.00000       4.9940000    0.0020295215      0.99797048
      0.00000       4.9950000    0.0019695867      0.99803041
      0.00000       4.9960000    0.0019114301      0.99808857
      0.00000       4.9970000    0.0018549989      0.99814500
      0.00000       4.9980000    0.0018002416      0.99819976
      0.00000       4.9990000    0.0017471086      0.99825289
      0.00000       5.0000000    0.0016955513      0.99830445
      0.00000       5.0010000    0.0016455230      0.99835448
      0.00000       5.0020000    0.0015969781      0.99840302
      0.00000       5.0030000    0.0015498726      0.99845013
      0.00000       5.0040000    0.0015041635      0.99849584
      0.00000       5.0050000    0.0014598094      0.99854019
      0.00000       5.0060000    0.0014167699      0.99858323
      0.00000       5.0070000    0.0013750059      0.99862499
      0.00000       5.0080000    0.0013344794      0.99866552
      0.00000       5.0090000    0.0012951537      0.99870485
      0.00000       5.0100000    0.0012569930      0.99874301
      0.00000       5.0110000    0.0012199626      0.99878004
      0.00000       5.0120000    0.0011840290      0.99881597
      0.00000       5.0130000    0.0011491595      0.99885084
      0.00000       5.0140000    0.0011153225      0.99888468
      0.00000       5.0150000    0.0010824872      0.99891751
      0.00000       5.0160000    0.0010506239      0.99894938
      0.00000       5.0170000    0.0010197037      0.99898030
      0.00000       5.0180000   0.00098969856      0.99901030
      0.00000       5.0190000   0.00096058121      0.99903942
      0.00000       5.0200000   0.00093232530      0.99906767
      0.00000       5.0210000   0.00090490521      0.99909509
      0.00000       5.0220000   0.00087829612      0.99912170
      0.00000       5.0230000   0.00085247391      0.99914753
      0.00000       5.0240000   0.00082741521      0.99917258
      0.00000       5.0250000   0.00080309732      0.99919690
      0.00000       5.0260000   0.00077949824      0.99922050
      0.00000       5.0270000   0.00075659662      0.99924340
      0.00000       5.0280000   0.00073437173      0.99926563
      0.00000       5.0290000   0.00071280348      0.99928720
      0.00000       5.0300000   0.00069187237      0.99930813
      0.00000       5.0310000   0.00067155948      0.99932844
      0.00000       5.0320000   0.00065184646      0.99934815
      0.00000       5.0330000   0.00063271549      0.99936728
      0.00000       5.0340000   0.00061414930      0.99938585
      0.00000       5.0350000   0.00059613114      0.99940387
      0.00000       5.0360000   0.00057864473      0.99942136
      0.00000       5.0370000   0.00056167430      0.99943833
      0.00000       5.0380000   0.00054520454      0.99945480
      0.00000       5.0390000   0.00052922061      0.99947078
      0.00000       5.0400000   0.00051370808      0.99948629
      0.00000       5.0410000   0.00049865299      0.99950135
      0.00000       5.0420000   0.00048404177      0.99951596
      0.00000       5.0430000   0.00046986126      0.99953014
      0.00000       5.0440000   0.00045609869      0.99954390
      0.00000       5.0450000   0.00044274168      0.99955726
      0.00000       5.0460000   0.00042977820      0.99957022
      0.00000       5.0470000   0.00041719660      0.99958280
      0.00000       5.0480000   0.00040498557      0.99959501
      0.00000       5.0490000   0.00039313412      0.99960687
      0.00000       5.0500000   0.00038163162      0.99961837
      0.00000       5.0510000   0.00037046772      0.99962953
      0.00000       5.0520000   0.00035963240      0.99964037
      0.00000       5.0530000   0.00034911594      0.99965088
      0.00000       5.0540000   0.00033890889      0.99966109
      0.00000       5.0550000   0.00032900210      0.99967100
      0.00000       5.0560000   0.00031938669      0.99968061
      0.00000       5.0570000   0.00031005404      0.99968995
      0.00000       5.0580000   0.00030099578      0.99969900
      0.00000       5.0590000   0.00029220379      0.99970780
      0.00000       5.0600000   0.00028367021      0.99971633
      0.00000       5.0610000   0.00027538740      0.99972461
      0.00000       5.0620000   0.00026734794      0.99973265
      0.00000       5.0630000   0.00025954463      0.99974046
      0.00000       5.0640000   0.00025197051      0.99974803
      0.00000       5.0650000   0.00024461880      0.99975538
      0.00000       5.0660000   0.00023748293      0.99976252
      0.00000       5.0670000   0.00023055652      0.99976944
      0.00000       5.0680000   0.00022383339      0.99977617
      0.00000       5.0690000   0.00021730754      0.99978269
      0.00000       5.0700000   0.00021097315      0.99978903
      0.00000       5.0710000   0.00020482456      0.99979518
      0.00000       5.0720000   0.00019885629      0.99980114
      0.00000       5.0730000   0.00019306302      0.99980694
      0.00000       5.0740000   0.00018743958      0.99981256
      0.00000       5.0750000   0.00018198098      0.99981802
      0.00000       5.0760000   0.00017668234      0.99982332
      0.00000       5.0770000   0.00017153895      0.99982846
      0.00000       5.0780000   0.00016654624      0.99983345
      0.00000       5.0790000   0.00016169976      0.99983830
      0.00000       5.0800000   0.00015699521      0.99984300
      0.00000       5.0810000   0.00015242839      0.99984757
      0.00000       5.0820000   0.00014799526      0.99985200
      0.00000       5.0830000   0.00014369188      0.99985631
      0.00000       5.0840000   0.00013951443      0.99986049
      0.00000       5.0850000   0.00013545919      0.99986454
      0.00000       5.0860000   0.00013152258      0.99986848
      0.00000       5.0870000   0.00012770109      0.99987230
      0.00000       5.0880000   0.00012399135      0.99987601
      0.00000       5.0890000   0.00012039006      0.99987961
      0.00000       5.0900000   0.00011689403      0.99988311
      0.00000       5.0910000   0.00011350017      0.99988650
      0.00000       5.0920000   0.00011020548      0.99988979
      0.00000       5.0930000   0.00010700703      0.99989299
      0.00000       5.0940000   0.00010390200      0.99989610
      0.00000       5.0950000   0.00010088765      0.99989911
      0.00000       5.0960000   9.7961302e-05      0.99990204
      0.00000       5.0970000   9.5120380e-05      0.99990488
      0.00000       5.0980000   9.2362372e-05      0.99990764
      0.00000       5.0990000   8.9684842e-05      0.99991032
      0.00000       5.1000000   8.7085429e-05      0.99991291
      0.00000       5.1010000   8.4561838e-05      0.99991544
      0.00000       5.1020000   8.2111845e-05      0.99991789
      0.00000       5.1030000   7.9733289e-05      0.99992027
      0.00000       5.1040000   7.7424074e-05      0.99992258
      0.00000       5.1050000   7.5182165e-05      0.99992482
      0.00000       5.1060000   7.3005590e-05      0.99992699
      0.00000       5.1070000   7.0892432e-05      0.99992911
      0.00000       5.1080000   6.8840831e-05      0.99993116
      0.00000       5.1090000   6.6848984e-05      0.99993315
      0.00000       5.1100000   6.4915138e-05      0.99993508
      0.00000       5.1110000   6.3037595e-05      0.99993696
      0.00000       5.1120000   6.1214704e-05      0.99993879
      0.00000       5.1130000   5.9444864e-05      0.99994056
      0.00000       5.1140000   5.7726523e-05      0.99994227
      0.00000       5.1150000   5.6058172e-05      0.99994394
      0.00000       5.1160000   5.4438347e-05      0.99994556
      0.00000       5.1170000   5.2865629e-05      0.99994713
      0.00000       5.1180000   5.1338638e-05      0.99994866
      0.00000       5.1190000   4.9856037e-05      0.99995014
      0.00000       5.1200000   4.8416526e-05      0.99995158
      0.00000       5.1210000   4.7018847e-05      0.99995298
      0.00000       5.1220000   4.5661774e-05      0.99995434
      0.00000       5.1230000   4.4344122e-05      0.99995566
      0.00000       5.1240000   4.3064738e-05      0.99995694
      0.00000       5.1250000   4.1822503e-05      0.99995818
      0.00000       5.1260000   4.0616332e-05      0.99995938
      0.00000       5.1270000   3.9445170e-05      0.99996055
      0.00000       5.1280000   3.8307997e-05      0.99996169
      0.00000       5.1290000   3.7203818e-05      0.99996280
      0.00000       5.1300000   3.6131671e-05      0.99996387
      0.00000       5.1310000   3.5090620e-05      0.99996491
      0.00000       5.1320000   3.4079758e-05      0.99996592
      0.00000       5.1330000   3.3098203e-05      0.99996690
      0.00000       5.1340000   3.2145101e-05      0.99996785
      0.00000       5.1350000   3.1219622e-05      0.99996878
      0.00000       5.1360000   3.0320959e-05      0.99996968
      0.00000       5.1370000   2.9448332e-05      0.99997055
      0.00000       5.1380000   2.8600980e-05      0.99997140
      0.00000       5.1390000   2.7778167e-05      0.99997222
      0.00000       5.1400000   2.6979178e-05      0.99997302
      0.00000       5.1410000   2.6203319e-05      0.99997380
      0.00000       5.1420000   2.5449916e-05      0.99997455
      0.00000       5.1430000   2.4718314e-05      0.99997528
      0.00000       5.1440000   2.4007879e-05      0.99997599
      0.00000       5.1450000   2.3317995e-05      0.99997668
      0.00000       5.1460000   2.2648063e-05      0.99997735
      0.00000       5.1470000   2.1997502e-05      0.99997800
      0.00000       5.1480000   2.1365750e-05      0.99997863
      0.00000       5.1490000   2.0752257e-05      0.99997925
      0.00000       5.1500000   2.0156495e-05      0.99997984
      0.00000       5.1510000   1.9577946e-05      0.99998042
      0.00000       5.1520000   1.9016110e-05      0.99998098
      0.00000       5.1530000   1.8470502e-05      0.99998153
      0.00000       5.1540000   1.7940649e-05      0.99998206
      0.00000       5.1550000   1.7426094e-05      0.99998257
      0.00000       5.1560000   1.6926392e-05      0.99998307
      0.00000       5.1570000   1.6441112e-05      0.99998356
      0.00000       5.1580000   1.5969834e-05      0.99998403
      0.00000       5.1590000   1.5512153e-05      0.99998449
      0.00000       5.1600000   1.5067674e-05      0.99998493
      0.00000       5.1610000   1.4636012e-05      0.99998536
      0.00000       5.1620000   1.4216797e-05      0.99998578
      0.00000       5.1630000   1.3809667e-05      0.99998619
      0.00000       5.1640000   1.3414271e-05      0.99998659
      0.00000       5.1650000   1.3030270e-05      0.99998697
      0.00000       5.1660000   1.2657332e-05      0.99998734
      0.00000       5.1670000   1.2295137e-05      0.99998770
      0.00000       5.1680000   1.1943373e-05      0.99998806
      0.00000       5.1690000   1.1601738e-05      0.99998840
      0.00000       5.1700000   1.1269939e-05      0.99998873
      0.00000       5.1710000   1.0947690e-05      0.99998905
      0.00000       5.1720000   1.0634715e-05      0.99998937
      0.00000       5.1730000   1.0330745e-05      0.99998967
      0.00000       5.1740000   1.0035520e-05      0.99998996
      0.00000       5.1750000   9.7487855e-06      0.99999025
      0.00000       5.1760000   9.4702970e-06      0.99999053
      0.00000       5.1770000   9.1998154e-06      0.99999080
      0.00000       5.1780000   8.9371090e-06      0.99999106
      0.00000       5.1790000   8.6819528e-06      0.99999132
      0.00000       5.1800000   8.4341285e-06      0.99999157
      0.00000       5.1810000   8.1934240e-06      0.99999181
      0.00000       5.1820000   7.9596335e-06      0.99999204
      0.00000       5.1830000   7.7325571e-06      0.99999227
      0.00000       5.1840000   7.5120008e-06      0.99999249
      0.00000       5.1850000   7.2977760e-06      0.99999270
      0.00000       5.1860000   7.0897000e-06      0.99999291
      0.00000       5.1870000   6.8875951e-06      0.99999311
      0.00000       5.1880000   6.6912888e-06      0.99999331
      0.00000       5.1890000   6.5006138e-06      0.99999350
      0.00000       5.1900000   6.3154073e-06      0.99999368
      0.00000       5.1910000   6.1355116e-06      0.99999386
      0.00000       5.1920000   5.9607735e-06      0.99999404
      0.00000       5.1930000   5.7910441e-06      0.99999421
      0.00000       5.1940000   5.6261788e-06      0.99999437
      0.00000       5.1950000   5.4660375e-06      0.99999453
      0.00000       5.1960000   5.3104839e-06      0.99999469
      0.00000       5.1970000   5.1593857e-06      0.99999484
      0.00000       5.1980000   5.0126145e-06      0.99999499
      0.00000       5.1990000   4.8700455e-06      0.99999513
      0.00000       5.2000000   4.7315578e-06      0.99999527
      0.00000       5.2010000   4.5970336e-06      0.99999540
      0.00000       5.2020000   4.4663589e-06      0.99999553
      0.00000       5.2030000   4.3394228e-06      0.99999566
      0.00000       5.2040000   4.2161176e-06      0.99999578
      0.00000       5.2050000   4.0963389e-06      0.99999590
      0.00000       5.2060000   3.9799850e-06      0.99999602
      0.00000       5.2070000   3.8669575e-06      0.99999613
      0.00000       5.2080000   3.7571606e-06      0.99999624
      0.00000       5.2090000   3.6505014e-06      0.99999635
      0.00000       5.2100000   3.5468897e-06      0.99999645
      0.00000       5.2110000   3.4462378e-06      0.99999655
      0.00000       5.2120000   3.3484607e-06      0.99999665
      0.00000       5.2130000   3.2534756e-06      0.99999675
      0.00000       5.2140000   3.1612025e-06      0.99999684
      0.00000       5.2150000   3.0715632e-06      0.99999693
      0.00000       5.2160000   2.9844823e-06      0.99999702
      0.00000       5.2170000   2.8998861e-06      0.99999710
      0.00000       5.2180000   2.8177033e-06      0.99999718
      0.00000       5.2190000   2.7378647e-06      0.99999726
      0.00000       5.2200000   2.6603029e-06      0.99999734
      0.00000       5.2210000   2.5849526e-06      0.99999742
      0.00000       5.2220000   2.5117504e-06      0.99999749
      0.00000       5.2230000   2.4406346e-06      0.99999756
      0.00000       5.2240000   2.3715453e-06      0.99999763
      0.00000       5.2250000   2.3044244e-06      0.99999770
      0.00000       5.2260000   2.2392156e-06      0.99999776
      0.00000       5.2270000   2.1758639e-06      0.99999782
      0.00000       5.2280000   2.1143162e-06      0.99999789
      0.00000       5.2290000   2.0545207e-06      0.99999795
      0.00000       5.2300000   1.9964272e-06      0.99999800
      0.00000       5.2310000   1.9399871e-06      0.99999806
      0.00000       5.2320000   1.8851528e-06      0.99999811
      0.00000       5.2330000   1.8318785e-06      0.99999817
      0.00000       5.2340000   1.7801195e-06      0.99999822
      0.00000       5.2350000   1.7298324e-06      0.99999827
      0.00000       5.2360000   1.6809750e-06      0.99999832
      0.00000       5.2370000   1.6335065e-06      0.99999837
      0.00000       5.2380000   1.5873872e-06      0.99999841
      0.00000       5.2390000   1.5425784e-06      0.99999846
      0.00000       5.2400000   1.4990426e-06      0.99999850
      0.00000       5.2410000   1.4567435e-06      0.99999854
      0.00000       5.2420000   1.4156457e-06      0.99999858
      0.00000       5.2430000   1.3757148e-06      0.99999862
      0.00000       5.2440000   1.3369176e-06      0.99999866
      0.00000       5.2450000   1.2992216e-06      0.99999870
      0.00000       5.2460000   1.2625953e-06      0.99999874
      0.00000       5.2470000   1.2270083e-06      0.99999877
      0.00000       5.2480000   1.1924308e-06      0.99999881
      0.00000       5.2490000   1.1588340e-06      0.99999884
      0.00000       5.2500000   1.1261900e-06      0.99999887
      0.00000       5.2510000   1.0944715e-06      0.99999891
      0.00000       5.2520000   1.0636521e-06      0.99999894
      0.00000       5.2530000   1.0337061e-06      0.99999897
      0.00000       5.2540000   1.0046087e-06      0.99999900
      0.00000       5.2550000   9.7633572e-07      0.99999902
      0.00000       5.2560000   9.4886354e-07      0.99999905
      0.00000       5.2570000   9.2216939e-07      0.99999908
      0.00000       5.2580000   8.9623108e-07      0.99999910
      0.00000       5.2590000   8.7102707e-07      0.99999913
      0.00000       5.2600000   8.4653645e-07      0.99999915
      0.00000       5.2610000   8.2273889e-07      0.99999918
      0.00000       5.2620000   7.9961465e-07      0.99999920
      0.00000       5.2630000   7.7714456e-07      0.99999922
      0.00000       5.2640000   7.5531000e-07      0.99999924
      0.00000       5.2650000   7.3409287e-07      0.99999927
      0.00000       5.2660000   7.1347560e-07      0.99999929
      0.00000       5.2670000   6.9344113e-07      0.99999931
      0.00000       5.2680000   6.7397287e-07      0.99999933
      0.00000       5.2690000   6.5505472e-07      0.99999934
      0.00000       5.2700000   6.3667103e-07      0.99999936
      0.00000       5.2710000   6.1880661e-07      0.99999938
      0.00000       5.2720000   6.0144670e-07      0.99999940
      0.00000       5.2730000   5.8457696e-07      0.99999942
      0.00000       5.2740000   5.6818345e-07      0.99999943
      0.00000       5.2750000   5.5225265e-07      0.99999945
      0.00000       5.2760000   5.3677142e-07      0.99999946
      0.00000       5.2770000   5.2172698e-07      0.99999948
      0.00000       5.2780000   5.0710693e-07      0.99999949
      0.00000       5.2790000   4.9289922e-07      0.99999951
      0.00000       5.2800000   4.7909215e-07      0.99999952
      0.00000       5.2810000   4.6567435e-07      0.99999953
      0.00000       5.2820000   4.5263478e-07      0.99999955
      0.00000       5.2830000   4.3996269e-07      0.99999956
      0.00000       5.2840000   4.2764768e-07      0.99999957
      0.00000       5.2850000   4.1567960e-07      0.99999958
      0.00000       5.2860000   4.0404864e-07      0.99999960
      0.00000       5.2870000   3.9274522e-07      0.99999961
      0.00000       5.2880000   3.8176007e-07      0.99999962
      0.00000       5.2890000   3.7108417e-07      0.99999963
      0.00000       5.2900000   3.6070875e-07      0.99999964
      0.00000       5.2910000   3.5062531e-07      0.99999965
      0.00000       5.2920000   3.4082557e-07      0.99999966
      0.00000       5.2930000   3.3130150e-07      0.99999967
      0.00000       5.2940000   3.2204529e-07      0.99999968
      0.00000       5.2950000   3.1304937e-07      0.99999969
      0.00000       5.2960000   3.0430637e-07      0.99999970
      0.00000       5.2970000   2.9580913e-07      0.99999970
      0.00000       5.2980000   2.8755069e-07      0.99999971
      0.00000       5.2990000   2.7952431e-07      0.99999972
      0.00000       5.3000000   2.7172343e-07      0.99999973
      0.00000       5.3010000   2.6414165e-07      0.99999974
      0.00000       5.3020000   2.5677280e-07      0.99999974
      0.00000       5.3030000   2.4961085e-07      0.99999975
      0.00000       5.3040000   2.4264996e-07      0.99999976
      0.00000       5.3050000   2.3588444e-07      0.99999976
      0.00000       5.3060000   2.2930878e-07      0.99999977
      0.00000       5.3070000   2.2291762e-07      0.99999978
      0.00000       5.3080000   2.1670574e-07      0.99999978
      0.00000       5.3090000   2.1066808e-07      0.99999979
      0.00000       5.3100000   2.0479973e-07      0.99999980
      0.00000       5.3110000   1.9909591e-07      0.99999980
      0.00000       5.3120000   1.9355197e-07      0.99999981
      0.00000       5.3130000   1.8816341e-07      0.99999981
      0.00000       5.3140000   1.8292584e-07      0.99999982
      0.00000       5.3150000   1.7783500e-07      0.99999982
      0.00000       5.3160000   1.7288675e-07      0.99999983
      0.00000       5.3170000   1.6807709e-07      0.99999983
      0.00000       5.3180000   1.6340209e-07      0.99999984
      0.00000       5.3190000   1.5885797e-07      0.99999984
      0.00000       5.3200000   1.5444104e-07      0.99999985
      0.00000       5.3210000   1.5014772e-07      0.99999985
      0.00000       5.3220000   1.4597452e-07      0.99999985
      0.00000       5.3230000   1.4191805e-07      0.99999986
      0.00000       5.3240000   1.3797505e-07      0.99999986
      0.00000       5.3250000   1.3414230e-07      0.99999987
      0.00000       5.3260000   1.3041672e-07      0.99999987
      0.00000       5.3270000   1.2679527e-07      0.99999987
      0.00000       5.3280000   1.2327504e-07      0.99999988
      0.00000       5.3290000   1.1985318e-07      0.99999988
      0.00000       5.3300000   1.1652691e-07      0.99999988
      0.00000       5.3310000   1.1329356e-07      0.99999989
      0.00000       5.3320000   1.1015050e-07      0.99999989
      0.00000       5.3330000   1.0709521e-07      0.99999989
      0.00000       5.3340000   1.0412521e-07      0.99999990
      0.00000       5.3350000   1.0123811e-07      0.99999990
      0.00000       5.3360000   9.8431580e-08      0.99999990
      0.00000       5.3370000   9.5703357e-08      0.99999990
      0.00000       5.3380000   9.3051243e-08      0.99999991
      0.00000       5.3390000   9.0473099e-08      0.99999991
      0.00000       5.3400000   8.7966850e-08      0.99999991
      0.00000       5.3410000   8.5530479e-08      0.99999991
      0.00000       5.3420000   8.3162023e-08      0.99999992
      0.00000       5.3430000   8.0859578e-08      0.99999992
      0.00000       5.3440000   7.8621293e-08      0.99999992
      0.00000       5.3450000   7.6445367e-08      0.99999992
      0.00000       5.3460000   7.4330053e-08      0.99999993
      0.00000       5.3470000   7.2273650e-08      0.99999993
      0.00000       5.3480000   7.0274508e-08      0.99999993
      0.00000       5.3490000   6.8331023e-08      0.99999993
      0.00000       5.3500000   6.6441634e-08      0.99999993
      0.00000       5.3510000   6.4604826e-08      0.99999994
      0.00000       5.3520000   6.2819127e-08      0.99999994
      0.00000       5.3530000   6.1083104e-08      0.99999994
      0.00000       5.3540000   5.9395369e-08      0.99999994
      0.00000       5.3550000   5.7754567e-08      0.99999994
      0.00000       5.3560000   5.6159387e-08      0.99999994
      0.00000       5.3570000   5.4608551e-08      0.99999995
      0.00000       5.3580000   5.3100819e-08      0.99999995
      0.00000       5.3590000   5.1634985e-08      0.99999995
      0.00000       5.3600000   5.0209877e-08      0.99999995
      0.00000       5.3610000   4.8824357e-08      0.99999995
      0.00000       5.3620000   4.7477317e-08      0.99999995
      0.00000       5.3630000   4.6167682e-08      0.99999995
      0.00000       5.3640000   4.4894407e-08      0.99999996
      0.00000       5.3650000   4.3656475e-08      0.99999996
      0.00000       5.3660000   4.2452900e-08      0.99999996
      0.00000       5.3670000   4.1282722e-08      0.99999996
      0.00000       5.3680000   4.0145007e-08      0.99999996
      0.00000       5.3690000   3.9038851e-08      0.99999996
      0.00000       5.3700000   3.7963370e-08      0.99999996
      0.00000       5.3710000   3.6917711e-08      0.99999996
      0.00000       5.3720000   3.5901039e-08      0.99999996
      0.00000       5.3730000   3.4912547e-08      0.99999997
      0.00000       5.3740000   3.3951448e-08      0.99999997
      0.00000       5.3750000   3.3016979e-08      0.99999997
      0.00000       5.3760000   3.2108396e-08      0.99999997
      0.00000       5.3770000   3.1224979e-08      0.99999997
      0.00000       5.3780000   3.0366024e-08      0.99999997
      0.00000       5.3790000   2.9530852e-08      0.99999997
      0.00000       5.3800000   2.8718799e-08      0.99999997
      0.00000       5.3810000   2.7929221e-08      0.99999997
      0.00000       5.3820000   2.7161491e-08      0.99999997
      0.00000       5.3830000   2.6415002e-08      0.99999997
      0.00000       5.3840000   2.5689162e-08      0.99999997
      0.00000       5.3850000   2.4983396e-08      0.99999998
      0.00000       5.3860000   2.4297146e-08      0.99999998
      0.00000       5.3870000   2.3629868e-08      0.99999998
      0.00000       5.3880000   2.2981034e-08      0.99999998
      0.00000       5.3890000   2.2350132e-08      0.99999998
      0.00000       5.3900000   2.1736662e-08      0.99999998
      0.00000       5.3910000   2.1140140e-08      0.99999998
      0.00000       5.3920000   2.0560094e-08      0.99999998
      0.00000       5.3930000   1.9996067e-08      0.99999998
      0.00000       5.3940000   1.9447613e-08      0.99999998
      0.00000       5.3950000   1.8914300e-08      0.99999998
      0.00000       5.3960000   1.8395707e-08      0.99999998
      0.00000       5.3970000   1.7891424e-08      0.99999998
      0.00000       5.3980000   1.7401056e-08      0.99999998
      0.00000       5.3990000   1.6924214e-08      0.99999998
      0.00000       5.4000000   1.6460524e-08      0.99999998
      0.00000       5.4010000   1.6009620e-08      0.99999998
      0.00000       5.4020000   1.5571149e-08      0.99999998
      0.00000       5.4030000   1.5144764e-08      0.99999998
      0.00000       5.4040000   1.4730130e-08      0.99999999
      0.00000       5.4050000   1.4326922e-08      0.99999999
      0.00000       5.4060000   1.3934822e-08      0.99999999
      0.00000       5.4070000   1.3553523e-08      0.99999999
      0.00000       5.4080000   1.3182725e-08      0.99999999
      0.00000       5.4090000   1.2822137e-08      0.99999999
      0.00000       5.4100000   1.2471476e-08      0.99999999
      0.00000       5.4110000   1.2130467e-08      0.99999999
      0.00000       5.4120000   1.1798843e-08      0.99999999
      0.00000       5.4130000   1.1476344e-08      0.99999999
      0.00000       5.4140000   1.1162717e-08      0.99999999
      0.00000       5.4150000   1.0857716e-08      0.99999999
      0.00000       5.4160000   1.0561103e-08      0.99999999
      0.00000       5.4170000   1.0272645e-08      0.99999999
      0.00000       5.4180000   9.9921173e-09      0.99999999
      0.00000       5.4190000   9.7192998e-09      0.99999999
      0.00000       5.4200000   9.4539793e-09      0.99999999
      0.00000       5.4210000   9.1959487e-09      0.99999999
      0.00000       5.4220000   8.9450061e-09      0.99999999
      0.00000       5.4230000   8.7009558e-09      0.99999999
      0.00000       5.4240000   8.4636072e-09      0.99999999
      0.00000       5.4250000   8.2327751e-09      0.99999999
      0.00000       5.4260000   8.0082794e-09      0.99999999
      0.00000       5.4270000   7.7899450e-09      0.99999999
      0.00000       5.4280000   7.5776018e-09      0.99999999
      0.00000       5.4290000   7.3710844e-09      0.99999999
      0.00000       5.4300000   7.1702317e-09      0.99999999
      0.00000       5.4310000   6.9748876e-09      0.99999999
      0.00000       5.4320000   6.7848998e-09      0.99999999
      0.00000       5.4330000   6.6001207e-09      0.99999999
      0.00000       5.4340000   6.4204064e-09      0.99999999
      0.00000       5.4350000   6.2456173e-09      0.99999999
      0.00000       5.4360000   6.0756175e-09      0.99999999
      0.00000       5.4370000   5.9102749e-09      0.99999999
      0.00000       5.4380000   5.7494611e-09      0.99999999
      0.00000       5.4390000   5.5930514e-09      0.99999999
      0.00000       5.4400000   5.4409242e-09      0.99999999
      0.00000       5.4410000   5.2929616e-09      0.99999999
      0.00000       5.4420000   5.1490489e-09      0.99999999
      0.00000       5.4430000   5.0090744e-09      0.99999999
      0.00000       5.4440000   4.8729298e-09       1.0000000
      0.00000       5.4450000   4.7405095e-09       1.0000000
      0.00000       5.4460000   4.6117110e-09       1.0000000
      0.00000       5.4470000   4.4864346e-09       1.0000000
      0.00000       5.4480000   4.3645834e-09       1.0000000
      0.00000       5.4490000   4.2460631e-09       1.0000000
      0.00000       5.4500000   4.1307821e-09       1.0000000
      0.00000       5.4510000   4.0186513e-09       1.0000000
      0.00000       5.4520000   3.9095841e-09       1.0000000
      0.00000       5.4530000   3.8034961e-09       1.0000000
      0.00000       5.4540000   3.7003056e-09       1.0000000
      0.00000       5.4550000   3.5999328e-09       1.0000000
      0.00000       5.4560000   3.5023003e-09       1.0000000
      0.00000       5.4570000   3.4073329e-09       1.0000000
      0.00000       5.4580000   3.3149572e-09       1.0000000
      0.00000       5.4590000   3.2251022e-09       1.0000000
      0.00000       5.4600000   3.1376986e-09       1.0000000
      0.00000       5.4610000   3.0526791e-09       1.0000000
      0.00000       5.4620000   2.9699782e-09       1.0000000
      0.00000       5.4630000   2.8895323e-09       1.0000000
      0.00000       5.4640000   2.8112795e-09       1.0000000
      0.00000       5.4650000   2.7351597e-09       1.0000000
      0.00000       5.4660000   2.6611143e-09       1.0000000
      0.00000       5.4670000   2.5890864e-09       1.0000000
      0.00000       5.4680000   2.5190208e-09       1.0000000
      0.00000       5.4690000   2.4508635e-09       1.0000000
      0.00000       5.4700000   2.3845623e-09       1.0000000
      0.00000       5.4710000   2.3200664e-09       1.0000000
      0.00000       5.4720000   2.2573262e-09       1.0000000
      0.00000       5.4730000   2.1962937e-09       1.0000000
      0.00000       5.4740000   2.1369220e-09       1.0000000
      0.00000       5.4750000   2.0791657e-09       1.0000000
      0.00000       5.4760000   2.0229806e-09       1.0000000
      0.00000       5.4770000   1.9683236e-09       1.0000000
      0.00000       5.4780000   1.9151529e-09       1.0000000
      0.00000       5.4790000   1.8634278e-09       1.0000000
      0.00000       5.4800000   1.8131088e-09       1.0000000
      0.00000       5.4810000   1.7641574e-09       1.0000000
      0.00000       5.4820000   1.7165361e-09       1.0000000
      0.00000       5.4830000   1.6702087e-09       1.0000000
      0.00000       5.4840000   1.6251398e-09       1.0000000
      0.00000       5.4850000   1.5812948e-09       1.0000000
      0.00000       5.4860000   1.5386404e-09       1.0000000
      0.00000       5.4870000   1.4971441e-09       1.0000000
      0.00000       5.4880000   1.4567742e-09       1.0000000
      0.00000       5.4890000   1.4174998e-09       1.0000000
      0.00000       5.4900000   1.3792912e-09       1.0000000
      0.00000       5.4910000   1.3421192e-09       1.0000000
      0.00000       5.4920000   1.3059554e-09       1.0000000
      0.00000       5.4930000   1.2707724e-09       1.0000000
      0.00000       5.4940000   1.2365434e-09       1.0000000
      0.00000       5.4950000   1.2032424e-09       1.0000000
      0.00000       5.4960000   1.1708440e-09       1.0000000
      0.00000       5.4970000   1.1393236e-09       1.0000000
      0.00000       5.4980000   1.1086573e-09       1.0000000
      0.00000       5.4990000   1.0788217e-09       1.0000000
      0.00000       5.5000000   1.0497943e-09       1.0000000
      0.00000       5.5010000   1.0215530e-09       1.0000000
      0.00000       5.5020000   9.9407631e-10       1.0000000
      0.00000       5.5030000   9.6734349e-10       1.0000000
      0.00000       5.5040000   9.4133422e-10       1.0000000
      0.00000       5.5050000   9.1602882e-10       1.0000000
      0.00000       5.5060000   8.9140810e-10       1.0000000
      0.00000       5.5070000   8.6745341e-10       1.0000000
      0.00000       5.5080000   8.4414664e-10       1.0000000
      0.00000       5.5090000   8.2147013e-10       1.0000000
      0.00000       5.5100000   7.9940674e-10       1.0000000
      0.00000       5.5110000   7.7793978e-10       1.0000000
      0.00000       5.5120000   7.5705302e-10       1.0000000
      0.00000       5.5130000   7.3673069e-10       1.0000000
      0.00000       5.5140000   7.1695743e-10       1.0000000
      0.00000       5.5150000   6.9771830e-10       1.0000000
      0.00000       5.5160000   6.7899880e-10       1.0000000
      0.00000       5.5170000   6.6078479e-10       1.0000000
      0.00000       5.5180000   6.4306254e-10       1.0000000
      0.00000       5.5190000   6.2581868e-10       1.0000000
      0.00000       5.5200000   6.0904022e-10       1.0000000
      0.00000       5.5210000   5.9271451e-10       1.0000000
      0.00000       5.5220000   5.7682927e-10       1.0000000
      0.00000       5.5230000   5.6137252e-10       1.0000000
      0.00000       5.5240000   5.4633264e-10       1.0000000
      0.00000       5.5250000   5.3169831e-10       1.0000000
      0.00000       5.5260000   5.1745852e-10       1.0000000
      0.00000       5.5270000   5.0360258e-10       1.0000000
      0.00000       5.5280000   4.9012006e-10       1.0000000
      0.00000       5.5290000   4.7700084e-10       1.0000000
      0.00000       5.5300000   4.6423506e-10       1.0000000
      0.00000       5.5310000   4.5181315e-10       1.0000000
      0.00000       5.5320000   4.3972577e-10       1.0000000
      0.00000       5.5330000   4.2796387e-10       1.0000000
      0.00000       5.5340000   4.1651861e-10       1.0000000
      0.00000       5.5350000   4.0538143e-10       1.0000000
      0.00000       5.5360000   3.9454398e-10       1.0000000
      0.00000       5.5370000   3.8399813e-10       1.0000000
      0.00000       5.5380000   3.7373599e-10       1.0000000
      0.00000       5.5390000   3.6374988e-10       1.0000000
      0.00000       5.5400000   3.5403233e-10       1.0000000
      0.00000       5.5410000   3.4457607e-10       1.0000000
      0.00000       5.5420000   3.3537402e-10       1.0000000
      0.00000       5.5430000   3.2641931e-10       1.0000000
      0.00000       5.5440000   3.1770525e-10       1.0000000
      0.00000       5.5450000   3.0922533e-10       1.0000000
      0.00000       5.5460000   3.0097321e-10       1.0000000
      0.00000       5.5470000   2.9294275e-10       1.0000000
      0.00000       5.5480000   2.8512794e-10       1.0000000
      0.00000       5.5490000   2.7752296e-10       1.0000000
      0.00000       5.5500000   2.7012213e-10       1.0000000
      0.00000       5.5510000   2.6291995e-10       1.0000000
      0.00000       5.5520000   2.5591104e-10       1.0000000
      0.00000       5.5530000   2.4909018e-10       1.0000000
      0.00000       5.5540000   2.4245231e-10       1.0000000
      0.00000       5.5550000   2.3599247e-10       1.0000000
      0.00000       5.5560000   2.2970586e-10       1.0000000
      0.00000       5.5570000   2.2358781e-10       1.0000000
      0.00000       5.5580000   2.1763376e-10       1.0000000
      0.00000       5.5590000   2.1183930e-10       1.0000000
      0.00000       5.5600000   2.0620011e-10       1.0000000
      0.00000       5.5610000   2.0071202e-10       1.0000000
      0.00000       5.5620000   1.9537093e-10       1.0000000
      0.00000       5.5630000   1.9017291e-10       1.0000000
      0.00000       5.5640000   1.8511407e-10       1.0000000
      0.00000       5.5650000   1.8019068e-10       1.0000000
      0.00000       5.5660000   1.7539909e-10       1.0000000
      0.00000       5.5670000   1.7073574e-10       1.0000000
      0.00000       5.5680000   1.6619718e-10       1.0000000
      0.00000       5.5690000   1.6178004e-10       1.0000000
      0.00000       5.5700000   1.5748107e-10       1.0000000
      0.00000       5.5710000   1.5329707e-10       1.0000000
      0.00000       5.5720000   1.4922496e-10       1.0000000
      0.00000       5.5730000   1.4526172e-10       1.0000000
      0.00000       5.5740000   1.4140442e-10       1.0000000
      0.00000       5.5750000   1.3765021e-10       1.0000000
      0.00000       5.5760000   1.3399632e-10       1.0000000
      0.00000       5.5770000   1.3044005e-10       1.0000000
      0.00000       5.5780000   1.2697878e-10       1.0000000
      0.00000       5.5790000   1.2360995e-10       1.0000000
      0.00000       5.5800000   1.2033107e-10       1.0000000
      0.00000       5.5810000   1.1713974e-10       1.0000000
      0.00000       5.5820000   1.1403359e-10       1.0000000
      0.00000       5.5830000   1.1101035e-10       1.0000000
      0.00000       5.5840000   1.0806777e-10       1.0000000
      0.00000       5.5850000   1.0520370e-10       1.0000000
      0.00000       5.5860000   1.0241603e-10       1.0000000
      0.00000       5.5870000   9.9702702e-11       1.0000000
      0.00000       5.5880000   9.7061728e-11       1.0000000
      0.00000       5.5890000   9.4491162e-11       1.0000000
      0.00000       5.5900000   9.1989117e-11       1.0000000
      0.00000       5.5910000   8.9553754e-11       1.0000000
      0.00000       5.5920000   8.7183284e-11       1.0000000
      0.00000       5.5930000   8.4875967e-11       1.0000000
      0.00000       5.5940000   8.2630109e-11       1.0000000
      0.00000       5.5950000   8.0444064e-11       1.0000000
      0.00000       5.5960000   7.8316228e-11       1.0000000
      0.00000       5.5970000   7.6245040e-11       1.0000000
      0.00000       5.5980000   7.4228984e-11       1.0000000
      0.00000       5.5990000   7.2266581e-11       1.0000000
      0.00000       5.6000000   7.0356396e-11       1.0000000
      0.00000       5.6010000   6.8497029e-11       1.0000000
      0.00000       5.6020000   6.6687120e-11       1.0000000
      0.00000       5.6030000   6.4925345e-11       1.0000000
      0.00000       5.6040000   6.3210415e-11       1.0000000
      0.00000       5.6050000   6.1541077e-11       1.0000000
      0.00000       5.6060000   5.9916111e-11       1.0000000
      0.00000       5.6070000   5.8334331e-11       1.0000000
      0.00000       5.6080000   5.6794580e-11       1.0000000
      0.00000       5.6090000   5.5295735e-11       1.0000000
      0.00000       5.6100000   5.3836702e-11       1.0000000
      0.00000       5.6110000   5.2416417e-11       1.0000000
      0.00000       5.6120000   5.1033844e-11       1.0000000
      0.00000       5.6130000   4.9687975e-11       1.0000000
      0.00000       5.6140000   4.8377831e-11       1.0000000
      0.00000       5.6150000   4.7102455e-11       1.0000000
      0.00000       5.6160000   4.5860920e-11       1.0000000
      0.00000       5.6170000   4.4652322e-11       1.0000000
      0.00000       5.6180000   4.3475782e-11       1.0000000
      0.00000       5.6190000   4.2330444e-11       1.0000000
      0.00000       5.6200000   4.1215474e-11       1.0000000
      0.00000       5.6210000   4.0130063e-11       1.0000000
      0.00000       5.6220000   3.9073422e-11       1.0000000
      0.00000       5.6230000   3.8044783e-11       1.0000000
      0.00000       5.6240000   3.7043399e-11       1.0000000
      0.00000       5.6250000   3.6068544e-11       1.0000000
      0.00000       5.6260000   3.5119511e-11       1.0000000
      0.00000       5.6270000   3.4195610e-11       1.0000000
      0.00000       5.6280000   3.3296173e-11       1.0000000
      0.00000       5.6290000   3.2420547e-11       1.0000000
      0.00000       5.6300000   3.1568097e-11       1.0000000
      0.00000       5.6310000   3.0738207e-11       1.0000000
      0.00000       5.6320000   2.9930275e-11       1.0000000
      0.00000       5.6330000   2.9143717e-11       1.0000000
      0.00000       5.6340000   2.8377964e-11       1.0000000
      0.00000       5.6350000   2.7632462e-11       1.0000000
      0.00000       5.6360000   2.6906671e-11       1.0000000
      0.00000       5.6370000   2.6200068e-11       1.0000000
      0.00000       5.6380000   2.5512141e-11       1.0000000
      0.00000       5.6390000   2.4842394e-11       1.0000000
      0.00000       5.6400000   2.4190344e-11       1.0000000
      0.00000       5.6410000   2.3555519e-11       1.0000000
      0.00000       5.6420000   2.2937462e-11       1.0000000
      0.00000       5.6430000   2.2335727e-11       1.0000000
      0.00000       5.6440000   2.1749880e-11       1.0000000
      0.00000       5.6450000   2.1179500e-11       1.0000000
      0.00000       5.6460000   2.0624174e-11       1.0000000
      0.00000       5.6470000   2.0083503e-11       1.0000000
      0.00000       5.6480000   1.9557099e-11       1.0000000
      0.00000       5.6490000   1.9044581e-11       1.0000000
      0.00000       5.6500000   1.8545582e-11       1.0000000
      0.00000       5.6510000   1.8059742e-11       1.0000000
      0.00000       5.6520000   1.7586712e-11       1.0000000
      0.00000       5.6530000   1.7126153e-11       1.0000000
      0.00000       5.6540000   1.6677733e-11       1.0000000
      0.00000       5.6550000   1.6241130e-11       1.0000000
      0.00000       5.6560000   1.5816031e-11       1.0000000
      0.00000       5.6570000   1.5402131e-11       1.0000000
      0.00000       5.6580000   1.4999133e-11       1.0000000
      0.00000       5.6590000   1.4606748e-11       1.0000000
      0.00000       5.6600000   1.4224695e-11       1.0000000
      0.00000       5.6610000   1.3852699e-11       1.0000000
      0.00000       5.6620000   1.3490495e-11       1.0000000
      0.00000       5.6630000   1.3137822e-11       1.0000000
      0.00000       5.6640000   1.2794430e-11       1.0000000
      0.00000       5.6650000   1.2460071e-11       1.0000000
      0.00000       5.6660000   1.2134506e-11       1.0000000
      0.00000       5.6670000   1.1817503e-11       1.0000000
      0.00000       5.6680000   1.1508836e-11       1.0000000
      0.00000       5.6690000   1.1208283e-11       1.0000000
      0.00000       5.6700000   1.0915630e-11       1.0000000
      0.00000       5.6710000   1.0630668e-11       1.0000000
      0.00000       5.6720000   1.0353193e-11       1.0000000
      0.00000       5.6730000   1.0083008e-11       1.0000000
      0.00000       5.6740000   9.8199192e-12       1.0000000
      0.00000       5.6750000   9.5637398e-12       1.0000000
      0.00000       5.6760000   9.3142870e-12       1.0000000
      0.00000       5.6770000   9.0713829e-12       1.0000000
      0.00000       5.6780000   8.8348546e-12       1.0000000
      0.00000       5.6790000   8.6045335e-12       1.0000000
      0.00000       5.6800000   8.3802558e-12       1.0000000
      0.00000       5.6810000   8.1618619e-12       1.0000000
      0.00000       5.6820000   7.9491964e-12       1.0000000
      0.00000       5.6830000   7.7421080e-12       1.0000000
      0.00000       5.6840000   7.5404497e-12       1.0000000
      0.00000       5.6850000   7.3440780e-12       1.0000000
      0.00000       5.6860000   7.1528535e-12       1.0000000
      0.00000       5.6870000   6.9666404e-12       1.0000000
      0.00000       5.6880000   6.7853066e-12       1.0000000
      0.00000       5.6890000   6.6087233e-12       1.0000000
      0.00000       5.6900000   6.4367653e-12       1.0000000
      0.00000       5.6910000   6.2693107e-12       1.0000000
      0.00000       5.6920000   6.1062407e-12       1.0000000
      0.00000       5.6930000   5.9474399e-12       1.0000000
      0.00000       5.6940000   5.7927957e-12       1.0000000
      0.00000       5.6950000   5.6421986e-12       1.0000000
      0.00000       5.6960000   5.4955421e-12       1.0000000
      0.00000       5.6970000   5.3527223e-12       1.0000000
      0.00000       5.6980000   5.2136383e-12       1.0000000
      0.00000       5.6990000   5.0781917e-12       1.0000000
      0.00000       5.7000000   4.9462867e-12       1.0000000
      0.00000       5.7010000   4.8178301e-12       1.0000000
      0.00000       5.7020000   4.6927313e-12       1.0000000
      0.00000       5.7030000   4.5709018e-12       1.0000000
      0.00000       5.7040000   4.4522558e-12       1.0000000
      0.00000       5.7050000   4.3367094e-12       1.0000000
      0.00000       5.7060000   4.2241812e-12       1.0000000
      0.00000       5.7070000   4.1145918e-12       1.0000000
      0.00000       5.7080000   4.0078639e-12       1.0000000
      0.00000       5.7090000   3.9039225e-12       1.0000000
      0.00000       5.7100000   3.8026941e-12       1.0000000
      0.00000       5.7110000   3.7041077e-12       1.0000000
      0.00000       5.7120000   3.6080938e-12       1.0000000
      0.00000       5.7130000   3.5145848e-12       1.0000000
      0.00000       5.7140000   3.4235149e-12       1.0000000
      0.00000       5.7150000   3.3348202e-12       1.0000000
      0.00000       5.7160000   3.2484382e-12       1.0000000
      0.00000       5.7170000   3.1643084e-12       1.0000000
      0.00000       5.7180000   3.0823715e-12       1.0000000
      0.00000       5.7190000   3.0025701e-12       1.0000000
      0.00000       5.7200000   2.9248481e-12       1.0000000
      0.00000       5.7210000   2.8491510e-12       1.0000000
      0.00000       5.7220000   2.7754257e-12       1.0000000
      0.00000       5.7230000   2.7036206e-12       1.0000000
      0.00000       5.7240000   2.6336852e-12       1.0000000
      0.00000       5.7250000   2.5655707e-12       1.0000000
      0.00000       5.7260000   2.4992292e-12       1.0000000
      0.00000       5.7270000   2.4346143e-12       1.0000000
      0.00000       5.7280000   2.3716808e-12       1.0000000
      0.00000       5.7290000   2.3103847e-12       1.0000000
      0.00000       5.7300000   2.2506830e-12       1.0000000
      0.00000       5.7310000   2.1925341e-12       1.0000000
      0.00000       5.7320000   2.1358973e-12       1.0000000
      0.00000       5.7330000   2.0807331e-12       1.0000000
      0.00000       5.7340000   2.0270028e-12       1.0000000
      0.00000       5.7350000   1.9746690e-12       1.0000000
      0.00000       5.7360000   1.9236951e-12       1.0000000
      0.00000       5.7370000   1.8740456e-12       1.0000000
      0.00000       5.7380000   1.8256858e-12       1.0000000
      0.00000       5.7390000   1.7785821e-12       1.0000000
      0.00000       5.7400000   1.7327016e-12       1.0000000
      0.00000       5.7410000   1.6880123e-12       1.0000000
      0.00000       5.7420000   1.6444831e-12       1.0000000
      0.00000       5.7430000   1.6020837e-12       1.0000000
      0.00000       5.7440000   1.5607845e-12       1.0000000
      0.00000       5.7450000   1.5205569e-12       1.0000000
      0.00000       5.7460000   1.4813729e-12       1.0000000
      0.00000       5.7470000   1.4432051e-12       1.0000000
      0.00000       5.7480000   1.4060272e-12       1.0000000
      0.00000       5.7490000   1.3698132e-12       1.0000000
      0.00000       5.7500000   1.3345380e-12       1.0000000
      0.00000       5.7510000   1.3001770e-12       1.0000000
      0.00000       5.7520000   1.2667066e-12       1.0000000
      0.00000       5.7530000   1.2341033e-12       1.0000000
      0.00000       5.7540000   1.2023447e-12       1.0000000
      0.00000       5.7550000   1.1714087e-12       1.0000000
      0.00000       5.7560000   1.1412738e-12       1.0000000
      0.00000       5.7570000   1.1119192e-12       1.0000000
      0.00000       5.7580000   1.0833245e-12       1.0000000
      0.00000       5.7590000   1.0554699e-12       1.0000000
      0.00000       5.7600000   1.0283362e-12       1.0000000
      0.00000       5.7610000   1.0019046e-12       1.0000000
      0.00000       5.7620000   9.7615671e-13       1.0000000
      0.00000       5.7630000   9.5107485e-13       1.0000000
      0.00000       5.7640000   9.2664164e-13       1.0000000
      0.00000       5.7650000   9.0284020e-13       1.0000000
      0.00000       5.7660000   8.7965409e-13       1.0000000
      0.00000       5.7670000   8.5706729e-13       1.0000000
      0.00000       5.7680000   8.3506422e-13       1.0000000
      0.00000       5.7690000   8.1362969e-13       1.0000000
      0.00000       5.7700000   7.9274892e-13       1.0000000
      0.00000       5.7710000   7.7240751e-13       1.0000000
      0.00000       5.7720000   7.5259143e-13       1.0000000
      0.00000       5.7730000   7.3328704e-13       1.0000000
      0.00000       5.7740000   7.1448103e-13       1.0000000
      0.00000       5.7750000   6.9616045e-13       1.0000000
      0.00000       5.7760000   6.7831270e-13       1.0000000
      0.00000       5.7770000   6.6092549e-13       1.0000000
      0.00000       5.7780000   6.4398686e-13       1.0000000
      0.00000       5.7790000   6.2748517e-13       1.0000000
      0.00000       5.7800000   6.1140906e-13       1.0000000
      0.00000       5.7810000   5.9574750e-13       1.0000000
      0.00000       5.7820000   5.8048972e-13       1.0000000
      0.00000       5.7830000   5.6562525e-13       1.0000000
      0.00000       5.7840000   5.5114388e-13       1.0000000
      0.00000       5.7850000   5.3703568e-13       1.0000000
      0.00000       5.7860000   5.2329097e-13       1.0000000
      0.00000       5.7870000   5.0990031e-13       1.0000000
      0.00000       5.7880000   4.9685454e-13       1.0000000
      0.00000       5.7890000   4.8414472e-13       1.0000000
      0.00000       5.7900000   4.7176213e-13       1.0000000
      0.00000       5.7910000   4.5969830e-13       1.0000000
      0.00000       5.7920000   4.4794496e-13       1.0000000
      0.00000       5.7930000   4.3649408e-13       1.0000000
      0.00000       5.7940000   4.2533782e-13       1.0000000
      0.00000       5.7950000   4.1446856e-13       1.0000000
      0.00000       5.7960000   4.0387885e-13       1.0000000
      0.00000       5.7970000   3.9356147e-13       1.0000000
      0.00000       5.7980000   3.8350937e-13       1.0000000
      0.00000       5.7990000   3.7371568e-13       1.0000000
      0.00000       5.8000000   3.6417372e-13       1.0000000
      0.00000       5.8010000   3.5487697e-13       1.0000000
      0.00000       5.8020000   3.4581909e-13       1.0000000
      0.00000       5.8030000   3.3699391e-13       1.0000000
      0.00000       5.8040000   3.2839540e-13       1.0000000
      0.00000       5.8050000   3.2001772e-13       1.0000000
      0.00000       5.8060000   3.1185514e-13       1.0000000
      0.00000       5.8070000   3.0390212e-13       1.0000000
      0.00000       5.8080000   2.9615323e-13       1.0000000
      0.00000       5.8090000   2.8860321e-13       1.0000000
      0.00000       5.8100000   2.8124692e-13       1.0000000
      0.00000       5.8110000   2.7407935e-13       1.0000000
      0.00000       5.8120000   2.6709563e-13       1.0000000
      0.00000       5.8130000   2.6029102e-13       1.0000000
      0.00000       5.8140000   2.5366089e-13       1.0000000
      0.00000       5.8150000   2.4720074e-13       1.0000000
      0.00000       5.8160000   2.4090619e-13       1.0000000
      0.00000       5.8170000   2.3477295e-13       1.0000000
      0.00000       5.8180000   2.2879688e-13       1.0000000
      0.00000       5.8190000   2.2297391e-13       1.0000000
      0.00000       5.8200000   2.1730010e-13       1.0000000
      0.00000       5.8210000   2.1177161e-13       1.0000000
      0.00000       5.8220000   2.0638469e-13       1.0000000
      0.00000       5.8230000   2.0113568e-13       1.0000000
      0.00000       5.8240000   1.9602104e-13       1.0000000
      0.00000       5.8250000   1.9103730e-13       1.0000000
      0.00000       5.8260000   1.8618110e-13       1.0000000
      0.00000       5.8270000   1.8144914e-13       1.0000000
      0.00000       5.8280000   1.7683823e-13       1.0000000
      0.00000       5.8290000   1.7234526e-13       1.0000000
      0.00000       5.8300000   1.6796718e-13       1.0000000
      0.00000       5.8310000   1.6370103e-13       1.0000000
      0.00000       5.8320000   1.5954395e-13       1.0000000
      0.00000       5.8330000   1.5549312e-13       1.0000000
      0.00000       5.8340000   1.5154580e-13       1.0000000
      0.00000       5.8350000   1.4769935e-13       1.0000000
      0.00000       5.8360000   1.4395115e-13       1.0000000
      0.00000       5.8370000   1.4029870e-13       1.0000000
      0.00000       5.8380000   1.3673952e-13       1.0000000
      0.00000       5.8390000   1.3327121e-13       1.0000000
      0.00000       5.8400000   1.2989145e-13       1.0000000
      0.00000       5.8410000   1.2659796e-13       1.0000000
      0.00000       5.8420000   1.2338852e-13       1.0000000
      0.00000       5.8430000   1.2026097e-13       1.0000000
      0.00000       5.8440000   1.1721321e-13       1.0000000
      0.00000       5.8450000   1.1424319e-13       1.0000000
      0.00000       5.8460000   1.1134891e-13       1.0000000
      0.00000       5.8470000   1.0852844e-13       1.0000000
      0.00000       5.8480000   1.0577987e-13       1.0000000
      0.00000       5.8490000   1.0310137e-13       1.0000000
      0.00000       5.8500000   1.0049113e-13       1.0000000
      0.00000       5.8510000   9.7947401e-14       1.0000000
      0.00000       5.8520000   9.5468482e-14       1.0000000
      0.00000       5.8530000   9.3052708e-14       1.0000000
      0.00000       5.8540000   9.0698461e-14       1.0000000
      0.00000       5.8550000   8.8404164e-14       1.0000000
      0.00000       5.8560000   8.6168280e-14       1.0000000
      0.00000       5.8570000   8.3989313e-14       1.0000000
      0.00000       5.8580000   8.1865804e-14       1.0000000
      0.00000       5.8590000   7.9796333e-14       1.0000000
      0.00000       5.8600000   7.7779515e-14       1.0000000
      0.00000       5.8610000   7.5814003e-14       1.0000000
      0.00000       5.8620000   7.3898482e-14       1.0000000
      0.00000       5.8630000   7.2031674e-14       1.0000000
      0.00000       5.8640000   7.0212330e-14       1.0000000
      0.00000       5.8650000   6.8439238e-14       1.0000000
      0.00000       5.8660000   6.6711213e-14       1.0000000
      0.00000       5.8670000   6.5027102e-14       1.0000000
      0.00000       5.8680000   6.3385783e-14       1.0000000
      0.00000       5.8690000   6.1786160e-14       1.0000000
      0.00000       5.8700000   6.0227169e-14       1.0000000
      0.00000       5.8710000   5.8707769e-14       1.0000000
      0.00000       5.8720000   5.7226950e-14       1.0000000
      0.00000       5.8730000   5.5783724e-14       1.0000000
      0.00000       5.8740000   5.4377133e-14       1.0000000
      0.00000       5.8750000   5.3006239e-14       1.0000000
      0.00000       5.8760000   5.1670131e-14       1.0000000
      0.00000       5.8770000   5.0367921e-14       1.0000000
      0.00000       5.8780000   4.9098743e-14       1.0000000
      0.00000       5.8790000   4.7861753e-14       1.0000000
      0.00000       5.8800000   4.6656131e-14       1.0000000
      0.00000       5.8810000   4.5481075e-14       1.0000000
      0.00000       5.8820000   4.4335806e-14       1.0000000
      0.00000       5.8830000   4.3219563e-14       1.0000000
      0.00000       5.8840000   4.2131607e-14       1.0000000
      0.00000       5.8850000   4.1071216e-14       1.0000000
      0.00000       5.8860000   4.0037686e-14       1.0000000
      0.00000       5.8870000   3.9030333e-14       1.0000000
      0.00000       5.8880000   3.8048491e-14       1.0000000
      0.00000       5.8890000   3.7091508e-14       1.0000000
      0.00000       5.8900000   3.6158751e-14       1.0000000
      0.00000       5.8910000   3.5249602e-14       1.0000000
      0.00000       5.8920000   3.4363462e-14       1.0000000
      0.00000       5.8930000   3.3499743e-14       1.0000000
      0.00000       5.8940000   3.2657874e-14       1.0000000
      0.00000       5.8950000   3.1837299e-14       1.0000000
      0.00000       5.8960000   3.1037477e-14       1.0000000
      0.00000       5.8970000   3.0257878e-14       1.0000000
      0.00000       5.8980000   2.9497988e-14       1.0000000
      0.00000       5.8990000   2.8757307e-14       1.0000000
      0.00000       5.9000000   2.8035344e-14       1.0000000
      0.00000       5.9010000   2.7331624e-14       1.0000000
      0.00000       5.9020000   2.6645683e-14       1.0000000
      0.00000       5.9030000   2.5977069e-14       1.0000000
      0.00000       5.9040000   2.5325342e-14       1.0000000
      0.00000       5.9050000   2.4690071e-14       1.0000000
      0.00000       5.9060000   2.4070840e-14       1.0000000
      0.00000       5.9070000   2.3467239e-14       1.0000000
      0.00000       5.9080000   2.2878874e-14       1.0000000
      0.00000       5.9090000   2.2305355e-14       1.0000000
      0.00000       5.9100000   2.1746306e-14       1.0000000
      0.00000       5.9110000   2.1201361e-14       1.0000000
      0.00000       5.9120000   2.0670159e-14       1.0000000
      0.00000       5.9130000   2.0152354e-14       1.0000000
      0.00000       5.9140000   1.9647604e-14       1.0000000
      0.00000       5.9150000   1.9155579e-14       1.0000000
      0.00000       5.9160000   1.8675956e-14       1.0000000
      0.00000       5.9170000   1.8208419e-14       1.0000000
      0.00000       5.9180000   1.7752663e-14       1.0000000
      0.00000       5.9190000   1.7308389e-14       1.0000000
      0.00000       5.9200000   1.6875305e-14       1.0000000
      0.00000       5.9210000   1.6453128e-14       1.0000000
      0.00000       5.9220000   1.6041581e-14       1.0000000
      0.00000       5.9230000   1.5640396e-14       1.0000000
      0.00000       5.9240000   1.5249309e-14       1.0000000
      0.00000       5.9250000   1.4868064e-14       1.0000000
      0.00000       5.9260000   1.4496413e-14       1.0000000
      0.00000       5.9270000   1.4134113e-14       1.0000000
      0.00000       5.9280000   1.3780926e-14       1.0000000
      0.00000       5.9290000   1.3436621e-14       1.0000000
      0.00000       5.9300000   1.3100975e-14       1.0000000
      0.00000       5.9310000   1.2773768e-14       1.0000000
      0.00000       5.9320000   1.2454786e-14       1.0000000
      0.00000       5.9330000   1.2143822e-14       1.0000000
      0.00000       5.9340000   1.1840672e-14       1.0000000
      0.00000       5.9350000   1.1545138e-14       1.0000000
      0.00000       5.9360000   1.1257029e-14       1.0000000
      0.00000       5.9370000   1.0976157e-14       1.0000000
      0.00000       5.9380000   1.0702338e-14       1.0000000
      0.00000       5.9390000   1.0435394e-14       1.0000000
      0.00000       5.9400000   1.0175152e-14       1.0000000
      0.00000       5.9410000   9.9214415e-15       1.0000000
      0.00000       5.9420000   9.6740987e-15       1.0000000
      0.00000       5.9430000   9.4329622e-15       1.0000000
      0.00000       5.9440000   9.1978754e-15       1.0000000
      0.00000       5.9450000   8.9686854e-15       1.0000000
      0.00000       5.9460000   8.7452434e-15       1.0000000
      0.00000       5.9470000   8.5274044e-15       1.0000000
      0.00000       5.9480000   8.3150268e-15       1.0000000
      0.00000       5.9490000   8.1079730e-15       1.0000000
      0.00000       5.9500000   7.9061086e-15       1.0000000
      0.00000       5.9510000   7.7093026e-15       1.0000000
      0.00000       5.9520000   7.5174276e-15       1.0000000
      0.00000       5.9530000   7.3303591e-15       1.0000000
      0.00000       5.9540000   7.1479760e-15       1.0000000
      0.00000       5.9550000   6.9701602e-15       1.0000000
      0.00000       5.9560000   6.7967966e-15       1.0000000
      0.00000       5.9570000   6.6277729e-15       1.0000000
      0.00000       5.9580000   6.4629798e-15       1.0000000
      0.00000       5.9590000   6.3023108e-15       1.0000000
      0.00000       5.9600000   6.1456620e-15       1.0000000
      0.00000       5.9610000   5.9929321e-15       1.0000000
      0.00000       5.9620000   5.8440225e-15       1.0000000
      0.00000       5.9630000   5.6988370e-15       1.0000000
      0.00000       5.9640000   5.5572818e-15       1.0000000
      0.00000       5.9650000   5.4192655e-15       1.0000000
      0.00000       5.9660000   5.2846993e-15       1.0000000
      0.00000       5.9670000   5.1534962e-15       1.0000000
      0.00000       5.9680000   5.0255716e-15       1.0000000
      0.00000       5.9690000   4.9008431e-15       1.0000000
      0.00000       5.9700000   4.7792304e-15       1.0000000
      0.00000       5.9710000   4.6606550e-15       1.0000000
      0.00000       5.9720000   4.5450407e-15       1.0000000
      0.00000       5.9730000   4.4323130e-15       1.0000000
      0.00000       5.9740000   4.3223994e-15       1.0000000
      0.00000       5.9750000   4.2152292e-15       1.0000000
      0.00000       5.9760000   4.1107334e-15       1.0000000
      0.00000       5.9770000   4.0088449e-15       1.0000000
      0.00000       5.9780000   3.9094983e-15       1.0000000
      0.00000       5.9790000   3.8126296e-15       1.0000000
      0.00000       5.9800000   3.7181768e-15       1.0000000
      0.00000       5.9810000   3.6260791e-15       1.0000000
      0.00000       5.9820000   3.5362774e-15       1.0000000
      0.00000       5.9830000   3.4487142e-15       1.0000000
      0.00000       5.9840000   3.3633333e-15       1.0000000
      0.00000       5.9850000   3.2800799e-15       1.0000000
      0.00000       5.9860000   3.1989007e-15       1.0000000
      0.00000       5.9870000   3.1197437e-15       1.0000000
      0.00000       5.9880000   3.0425581e-15       1.0000000
      0.00000       5.9890000   2.9672946e-15       1.0000000
      0.00000       5.9900000   2.8939050e-15       1.0000000
      0.00000       5.9910000   2.8223424e-15       1.0000000
      0.00000       5.9920000   2.7525609e-15       1.0000000
      0.00000       5.9930000   2.6845159e-15       1.0000000
      0.00000       5.9940000   2.6181640e-15       1.0000000
      0.00000       5.9950000   2.5534627e-15       1.0000000
      0.00000       5.9960000   2.4903708e-15       1.0000000
      0.00000       5.9970000   2.4288478e-15       1.0000000
      0.00000       5.9980000   2.3688547e-15       1.0000000
      0.00000       5.9990000   2.3103530e-15       1.0000000
