      0.00000       0.0000000       0.0000000       1.0000000
      0.00000    0.0010000000       0.0000000       1.0000000
      0.00000    0.0020000000       0.0000000       1.0000000
      0.00000    0.0030000000       0.0000000       1.0000000
      0.00000    0.0040000000       0.0000000       1.0000000
      0.00000    0.0050000000       0.0000000       1.0000000
      0.00000    0.0060000000       0.0000000       1.0000000
      0.00000    0.0070000000       0.0000000       1.0000000
      0.00000    0.0080000000       0.0000000       1.0000000
      0.00000    0.0090000000       0.0000000       1.0000000
      0.00000     0.010000000       0.0000000       1.0000000
      0.00000     0.011000000       0.0000000       1.0000000
      0.00000     0.012000000       0.0000000       1.0000000
      0.00000     0.013000000       0.0000000       1.0000000
      0.00000     0.014000000       0.0000000       1.0000000
      0.00000     0.015000000       0.0000000       1.0000000
      0.00000     0.016000000       0.0000000       1.0000000
      0.00000     0.017000000       0.0000000       1.0000000
      0.00000     0.018000000       0.0000000       1.0000000
      0.00000     0.019000000       0.0000000       1.0000000
      0.00000     0.020000000       0.0000000       1.0000000
      0.00000     0.021000000       0.0000000       1.0000000
      0.00000     0.022000000       0.0000000       1.0000000
      0.00000     0.023000000       0.0000000       1.0000000
      0.00000     0.024000000       0.0000000       1.0000000
      0.00000     0.025000000       0.0000000       1.0000000
      0.00000     0.026000000       0.0000000       1.0000000
      0.00000     0.027000000       0.0000000       1.0000000
      0.00000     0.028000000       0.0000000       1.0000000
      0.00000     0.029000000       0.0000000       1.0000000
      0.00000     0.030000000       0.0000000       1.0000000
      0.00000     0.031000000       0.0000000       1.0000000
      0.00000     0.032000000       0.0000000       1.0000000
      0.00000     0.033000000       0.0000000       1.0000000
      0.00000     0.034000000       0.0000000       1.0000000
      0.00000     0.035000000       0.0000000       1.0000000
      0.00000     0.036000000       0.0000000       1.0000000
      0.00000     0.037000000       0.0000000       1.0000000
      0.00000     0.038000000       0.0000000       1.0000000
      0.00000     0.039000000       0.0000000       1.0000000
      0.00000     0.040000000       0.0000000       1.0000000
      0.00000     0.041000000       0.0000000       1.0000000
      0.00000     0.042000000       0.0000000       1.0000000
      0.00000     0.043000000       0.0000000       1.0000000
      0.00000     0.044000000       0.0000000       1.0000000
      0.00000     0.045000000       0.0000000       1.0000000
      0.00000     0.046000000       0.0000000       1.0000000
      0.00000     0.047000000       0.0000000       1.0000000
      0.00000     0.048000000       0.0000000       1.0000000
      0.00000     0.049000000       0.0000000       1.0000000
      0.00000     0.050000000       0.0000000       1.0000000
      0.00000     0.051000000       0.0000000       1.0000000
      0.00000     0.052000000       0.0000000       1.0000000
      0.00000     0.053000000       0.0000000       1.0000000
      0.00000     0.054000000       0.0000000       1.0000000
      0.00000     0.055000000       0.0000000       1.0000000
      0.00000     0.056000000       0.0000000       1.0000000
      0.00000     0.057000000       0.0000000       1.0000000
      0.00000     0.058000000       0.0000000       1.0000000
      0.00000     0.059000000       0.0000000       1.0000000
      0.00000     0.060000000       0.0000000       1.0000000
      0.00000     0.061000000       0.0000000       1.0000000
      0.00000     0.062000000       0.0000000       1.0000000
      0.00000     0.063000000       0.0000000       1.0000000
      0.00000     0.064000000       0.0000000       1.0000000
      0.00000     0.065000000       0.0000000       1.0000000
      0.00000     0.066000000       0.0000000       1.0000000
      0.00000     0.067000000       0.0000000       1.0000000
      0.00000     0.068000000       0.0000000       1.0000000
      0.00000     0.069000000       0.0000000       1.0000000
      0.00000     0.070000000       0.0000000       1.0000000
      0.00000     0.071000000       0.0000000       1.0000000
      0.00000     0.072000000       0.0000000       1.0000000
      0.00000     0.073000000       0.0000000       1.0000000
      0.00000     0.074000000       0.0000000       1.0000000
      0.00000     0.075000000       0.0000000       1.0000000
      0.00000     0.076000000       0.0000000       1.0000000
      0.00000     0.077000000       0.0000000       1.0000000
      0.00000     0.078000000       0.0000000       1.0000000
      0.00000     0.079000000       0.0000000       1.0000000
      0.00000     0.080000000       0.0000000       1.0000000
      0.00000     0.081000000       0.0000000       1.0000000
      0.00000     0.082000000       0.0000000       1.0000000
      0.00000     0.083000000       0.0000000       1.0000000
      0.00000     0.084000000       0.0000000       1.0000000
      0.00000     0.085000000       0.0000000       1.0000000
      0.00000     0.086000000       0.0000000       1.0000000
      0.00000     0.087000000       0.0000000       1.0000000
      0.00000     0.088000000       0.0000000       1.0000000
      0.00000     0.089000000       0.0000000       1.0000000
      0.00000     0.090000000       0.0000000       1.0000000
      0.00000     0.091000000       0.0000000       1.0000000
      0.00000     0.092000000       0.0000000       1.0000000
      0.00000     0.093000000       0.0000000       1.0000000
      0.00000     0.094000000       0.0000000       1.0000000
      0.00000     0.095000000       0.0000000       1.0000000
      0.00000     0.096000000       0.0000000       1.0000000
      0.00000     0.097000000       0.0000000       1.0000000
      0.00000     0.098000000       0.0000000       1.0000000
      0.00000     0.099000000       0.0000000       1.0000000
      0.00000      0.10000000       0.0000000       1.0000000
      0.00000      0.10100000       0.0000000       1.0000000
      0.00000      0.10200000       0.0000000       1.0000000
      0.00000      0.10300000       0.0000000       1.0000000
      0.00000      0.10400000       0.0000000       1.0000000
      0.00000      0.10500000       0.0000000       1.0000000
      0.00000      0.10600000       0.0000000       1.0000000
      0.00000      0.10700000       0.0000000       1.0000000
      0.00000      0.10800000       0.0000000       1.0000000
      0.00000      0.10900000       0.0000000       1.0000000
      0.00000      0.11000000       0.0000000       1.0000000
      0.00000      0.11100000       0.0000000       1.0000000
      0.00000      0.11200000       0.0000000       1.0000000
      0.00000      0.11300000       0.0000000       1.0000000
      0.00000      0.11400000       0.0000000       1.0000000
      0.00000      0.11500000       0.0000000       1.0000000
      0.00000      0.11600000       0.0000000       1.0000000
      0.00000      0.11700000       0.0000000       1.0000000
      0.00000      0.11800000       0.0000000       1.0000000
      0.00000      0.11900000       0.0000000       1.0000000
      0.00000      0.12000000       0.0000000       1.0000000
      0.00000      0.12100000       0.0000000       1.0000000
      0.00000      0.12200000       0.0000000       1.0000000
      0.00000      0.12300000       0.0000000       1.0000000
      0.00000      0.12400000       0.0000000       1.0000000
      0.00000      0.12500000       0.0000000       1.0000000
      0.00000      0.12600000       0.0000000       1.0000000
      0.00000      0.12700000       0.0000000       1.0000000
      0.00000      0.12800000       0.0000000       1.0000000
      0.00000      0.12900000       0.0000000       1.0000000
      0.00000      0.13000000       0.0000000       1.0000000
      0.00000      0.13100000       0.0000000       1.0000000
      0.00000      0.13200000       0.0000000       1.0000000
      0.00000      0.13300000       0.0000000       1.0000000
      0.00000      0.13400000       0.0000000       1.0000000
      0.00000      0.13500000       0.0000000       1.0000000
      0.00000      0.13600000       0.0000000       1.0000000
      0.00000      0.13700000       0.0000000       1.0000000
      0.00000      0.13800000       0.0000000       1.0000000
      0.00000      0.13900000       0.0000000       1.0000000
      0.00000      0.14000000       0.0000000       1.0000000
      0.00000      0.14100000       0.0000000       1.0000000
      0.00000      0.14200000       0.0000000       1.0000000
      0.00000      0.14300000       0.0000000       1.0000000
      0.00000      0.14400000       0.0000000       1.0000000
      0.00000      0.14500000       0.0000000       1.0000000
      0.00000      0.14600000       0.0000000       1.0000000
      0.00000      0.14700000       0.0000000       1.0000000
      0.00000      0.14800000       0.0000000       1.0000000
      0.00000      0.14900000       0.0000000       1.0000000
      0.00000      0.15000000       0.0000000       1.0000000
      0.00000      0.15100000       0.0000000       1.0000000
      0.00000      0.15200000       0.0000000       1.0000000
      0.00000      0.15300000       0.0000000       1.0000000
      0.00000      0.15400000       0.0000000       1.0000000
      0.00000      0.15500000       0.0000000       1.0000000
      0.00000      0.15600000       0.0000000       1.0000000
      0.00000      0.15700000       0.0000000       1.0000000
      0.00000      0.15800000       0.0000000       1.0000000
      0.00000      0.15900000       0.0000000       1.0000000
      0.00000      0.16000000       0.0000000       1.0000000
      0.00000      0.16100000       0.0000000       1.0000000
      0.00000      0.16200000       0.0000000       1.0000000
      0.00000      0.16300000       0.0000000       1.0000000
      0.00000      0.16400000       0.0000000       1.0000000
      0.00000      0.16500000       0.0000000       1.0000000
      0.00000      0.16600000       0.0000000       1.0000000
      0.00000      0.16700000       0.0000000       1.0000000
      0.00000      0.16800000       0.0000000       1.0000000
      0.00000      0.16900000       0.0000000       1.0000000
      0.00000      0.17000000       0.0000000       1.0000000
      0.00000      0.17100000       0.0000000       1.0000000
      0.00000      0.17200000       0.0000000       1.0000000
      0.00000      0.17300000       0.0000000       1.0000000
      0.00000      0.17400000       0.0000000       1.0000000
      0.00000      0.17500000       0.0000000       1.0000000
      0.00000      0.17600000       0.0000000       1.0000000
      0.00000      0.17700000       0.0000000       1.0000000
      0.00000      0.17800000       0.0000000       1.0000000
      0.00000      0.17900000       0.0000000       1.0000000
      0.00000      0.18000000       0.0000000       1.0000000
      0.00000      0.18100000       0.0000000       1.0000000
      0.00000      0.18200000       0.0000000       1.0000000
      0.00000      0.18300000       0.0000000       1.0000000
      0.00000      0.18400000       0.0000000       1.0000000
      0.00000      0.18500000       0.0000000       1.0000000
      0.00000      0.18600000       0.0000000       1.0000000
      0.00000      0.18700000       0.0000000       1.0000000
      0.00000      0.18800000       0.0000000       1.0000000
      0.00000      0.18900000       0.0000000       1.0000000
      0.00000      0.19000000       0.0000000       1.0000000
      0.00000      0.19100000       0.0000000       1.0000000
      0.00000      0.19200000       0.0000000       1.0000000
      0.00000      0.19300000       0.0000000       1.0000000
      0.00000      0.19400000       0.0000000       1.0000000
      0.00000      0.19500000       0.0000000       1.0000000
      0.00000      0.19600000       0.0000000       1.0000000
      0.00000      0.19700000       0.0000000       1.0000000
      0.00000      0.19800000       0.0000000       1.0000000
      0.00000      0.19900000       0.0000000       1.0000000
      0.00000      0.20000000       0.0000000       1.0000000
      0.00000      0.20100000       0.0000000       1.0000000
      0.00000      0.20200000       0.0000000       1.0000000
      0.00000      0.20300000       0.0000000       1.0000000
      0.00000      0.20400000       0.0000000       1.0000000
      0.00000      0.20500000       0.0000000       1.0000000
      0.00000      0.20600000       0.0000000       1.0000000
      0.00000      0.20700000       0.0000000       1.0000000
      0.00000      0.20800000       0.0000000       1.0000000
      0.00000      0.20900000       0.0000000       1.0000000
      0.00000      0.21000000       0.0000000       1.0000000
      0.00000      0.21100000       0.0000000       1.0000000
      0.00000      0.21200000       0.0000000       1.0000000
      0.00000      0.21300000       0.0000000       1.0000000
      0.00000      0.21400000       0.0000000       1.0000000
      0.00000      0.21500000       0.0000000       1.0000000
      0.00000      0.21600000       0.0000000       1.0000000
      0.00000      0.21700000       0.0000000       1.0000000
      0.00000      0.21800000       0.0000000       1.0000000
      0.00000      0.21900000       0.0000000       1.0000000
      0.00000      0.22000000       0.0000000       1.0000000
      0.00000      0.22100000       0.0000000       1.0000000
      0.00000      0.22200000       0.0000000       1.0000000
      0.00000      0.22300000       0.0000000       1.0000000
      0.00000      0.22400000       0.0000000       1.0000000
      0.00000      0.22500000       0.0000000       1.0000000
      0.00000      0.22600000       0.0000000       1.0000000
      0.00000      0.22700000       0.0000000       1.0000000
      0.00000      0.22800000       0.0000000       1.0000000
      0.00000      0.22900000       0.0000000       1.0000000
      0.00000      0.23000000       0.0000000       1.0000000
      0.00000      0.23100000       0.0000000       1.0000000
      0.00000      0.23200000       0.0000000       1.0000000
      0.00000      0.23300000       0.0000000       1.0000000
      0.00000      0.23400000       0.0000000       1.0000000
      0.00000      0.23500000       0.0000000       1.0000000
      0.00000      0.23600000       0.0000000       1.0000000
      0.00000      0.23700000       0.0000000       1.0000000
      0.00000      0.23800000       0.0000000       1.0000000
      0.00000      0.23900000       0.0000000       1.0000000
      0.00000      0.24000000       0.0000000       1.0000000
      0.00000      0.24100000       0.0000000       1.0000000
      0.00000      0.24200000       0.0000000       1.0000000
      0.00000      0.24300000       0.0000000       1.0000000
      0.00000      0.24400000       0.0000000       1.0000000
      0.00000      0.24500000       0.0000000       1.0000000
      0.00000      0.24600000       0.0000000       1.0000000
      0.00000      0.24700000       0.0000000       1.0000000
      0.00000      0.24800000       0.0000000       1.0000000
      0.00000      0.24900000       0.0000000       1.0000000
      0.00000      0.25000000       0.0000000       1.0000000
      0.00000      0.25100000       0.0000000       1.0000000
      0.00000      0.25200000       0.0000000       1.0000000
      0.00000      0.25300000       0.0000000       1.0000000
      0.00000      0.25400000       0.0000000       1.0000000
      0.00000      0.25500000       0.0000000       1.0000000
      0.00000      0.25600000       0.0000000       1.0000000
      0.00000      0.25700000       0.0000000       1.0000000
      0.00000      0.25800000       0.0000000       1.0000000
      0.00000      0.25900000       0.0000000       1.0000000
      0.00000      0.26000000       0.0000000       1.0000000
      0.00000      0.26100000       0.0000000       1.0000000
      0.00000      0.26200000       0.0000000       1.0000000
      0.00000      0.26300000       0.0000000       1.0000000
      0.00000      0.26400000       0.0000000       1.0000000
      0.00000      0.26500000       0.0000000       1.0000000
      0.00000      0.26600000       0.0000000       1.0000000
      0.00000      0.26700000       0.0000000       1.0000000
      0.00000      0.26800000       0.0000000       1.0000000
      0.00000      0.26900000       0.0000000       1.0000000
      0.00000      0.27000000       0.0000000       1.0000000
      0.00000      0.27100000       0.0000000       1.0000000
      0.00000      0.27200000       0.0000000       1.0000000
      0.00000      0.27300000       0.0000000       1.0000000
      0.00000      0.27400000       0.0000000       1.0000000
      0.00000      0.27500000       0.0000000       1.0000000
      0.00000      0.27600000       0.0000000       1.0000000
      0.00000      0.27700000       0.0000000       1.0000000
      0.00000      0.27800000       0.0000000       1.0000000
      0.00000      0.27900000       0.0000000       1.0000000
      0.00000      0.28000000       0.0000000       1.0000000
      0.00000      0.28100000       0.0000000       1.0000000
      0.00000      0.28200000       0.0000000       1.0000000
      0.00000      0.28300000       0.0000000       1.0000000
      0.00000      0.28400000       0.0000000       1.0000000
      0.00000      0.28500000       0.0000000       1.0000000
      0.00000      0.28600000       0.0000000       1.0000000
      0.00000      0.28700000       0.0000000       1.0000000
      0.00000      0.28800000       0.0000000       1.0000000
      0.00000      0.28900000       0.0000000       1.0000000
      0.00000      0.29000000       0.0000000       1.0000000
      0.00000      0.29100000       0.0000000       1.0000000
      0.00000      0.29200000       0.0000000       1.0000000
      0.00000      0.29300000       0.0000000       1.0000000
      0.00000      0.29400000       0.0000000       1.0000000
      0.00000      0.29500000       0.0000000       1.0000000
      0.00000      0.29600000       0.0000000       1.0000000
      0.00000      0.29700000       0.0000000       1.0000000
      0.00000      0.29800000       0.0000000       1.0000000
      0.00000      0.29900000       0.0000000       1.0000000
      0.00000      0.30000000       0.0000000       1.0000000
      0.00000      0.30100000       0.0000000       1.0000000
      0.00000      0.30200000       0.0000000       1.0000000
      0.00000      0.30300000       0.0000000       1.0000000
      0.00000      0.30400000       0.0000000       1.0000000
      0.00000      0.30500000       0.0000000       1.0000000
      0.00000      0.30600000       0.0000000       1.0000000
      0.00000      0.30700000       0.0000000       1.0000000
      0.00000      0.30800000       0.0000000       1.0000000
      0.00000      0.30900000       0.0000000       1.0000000
      0.00000      0.31000000       0.0000000       1.0000000
      0.00000      0.31100000       0.0000000       1.0000000
      0.00000      0.31200000       0.0000000       1.0000000
      0.00000      0.31300000       0.0000000       1.0000000
      0.00000      0.31400000       0.0000000       1.0000000
      0.00000      0.31500000       0.0000000       1.0000000
      0.00000      0.31600000       0.0000000       1.0000000
      0.00000      0.31700000       0.0000000       1.0000000
      0.00000      0.31800000       0.0000000       1.0000000
      0.00000      0.31900000       0.0000000       1.0000000
      0.00000      0.32000000       0.0000000       1.0000000
      0.00000      0.32100000       0.0000000       1.0000000
      0.00000      0.32200000       0.0000000       1.0000000
      0.00000      0.32300000       0.0000000       1.0000000
      0.00000      0.32400000       0.0000000       1.0000000
      0.00000      0.32500000       0.0000000       1.0000000
      0.00000      0.32600000       0.0000000       1.0000000
      0.00000      0.32700000       0.0000000       1.0000000
      0.00000      0.32800000       0.0000000       1.0000000
      0.00000      0.32900000       0.0000000       1.0000000
      0.00000      0.33000000       0.0000000       1.0000000
      0.00000      0.33100000       0.0000000       1.0000000
      0.00000      0.33200000       0.0000000       1.0000000
      0.00000      0.33300000       0.0000000       1.0000000
      0.00000      0.33400000       0.0000000       1.0000000
      0.00000      0.33500000       0.0000000       1.0000000
      0.00000      0.33600000       0.0000000       1.0000000
      0.00000      0.33700000       0.0000000       1.0000000
      0.00000      0.33800000       0.0000000       1.0000000
      0.00000      0.33900000       0.0000000       1.0000000
      0.00000      0.34000000       0.0000000       1.0000000
      0.00000      0.34100000       0.0000000       1.0000000
      0.00000      0.34200000       0.0000000       1.0000000
      0.00000      0.34300000       0.0000000       1.0000000
      0.00000      0.34400000       0.0000000       1.0000000
      0.00000      0.34500000       0.0000000       1.0000000
      0.00000      0.34600000       0.0000000       1.0000000
      0.00000      0.34700000       0.0000000       1.0000000
      0.00000      0.34800000       0.0000000       1.0000000
      0.00000      0.34900000       0.0000000       1.0000000
      0.00000      0.35000000       0.0000000       1.0000000
      0.00000      0.35100000       0.0000000       1.0000000
      0.00000      0.35200000       0.0000000       1.0000000
      0.00000      0.35300000       0.0000000       1.0000000
      0.00000      0.35400000       0.0000000       1.0000000
      0.00000      0.35500000       0.0000000       1.0000000
      0.00000      0.35600000       0.0000000       1.0000000
      0.00000      0.35700000       0.0000000       1.0000000
      0.00000      0.35800000       0.0000000       1.0000000
      0.00000      0.35900000       0.0000000       1.0000000
      0.00000      0.36000000       0.0000000       1.0000000
      0.00000      0.36100000       0.0000000       1.0000000
      0.00000      0.36200000       0.0000000       1.0000000
      0.00000      0.36300000       0.0000000       1.0000000
      0.00000      0.36400000       0.0000000       1.0000000
      0.00000      0.36500000       0.0000000       1.0000000
      0.00000      0.36600000       0.0000000       1.0000000
      0.00000      0.36700000       0.0000000       1.0000000
      0.00000      0.36800000       0.0000000       1.0000000
      0.00000      0.36900000       0.0000000       1.0000000
      0.00000      0.37000000       0.0000000       1.0000000
      0.00000      0.37100000       0.0000000       1.0000000
      0.00000      0.37200000       0.0000000       1.0000000
      0.00000      0.37300000       0.0000000       1.0000000
      0.00000      0.37400000       0.0000000       1.0000000
      0.00000      0.37500000       0.0000000       1.0000000
      0.00000      0.37600000       0.0000000       1.0000000
      0.00000      0.37700000       0.0000000       1.0000000
      0.00000      0.37800000       0.0000000       1.0000000
      0.00000      0.37900000       0.0000000       1.0000000
      0.00000      0.38000000       0.0000000       1.0000000
      0.00000      0.38100000       0.0000000       1.0000000
      0.00000      0.38200000       0.0000000       1.0000000
      0.00000      0.38300000       0.0000000       1.0000000
      0.00000      0.38400000       0.0000000       1.0000000
      0.00000      0.38500000       0.0000000       1.0000000
      0.00000      0.38600000       0.0000000       1.0000000
      0.00000      0.38700000       0.0000000       1.0000000
      0.00000      0.38800000       0.0000000       1.0000000
      0.00000      0.38900000       0.0000000       1.0000000
      0.00000      0.39000000       0.0000000       1.0000000
      0.00000      0.39100000       0.0000000       1.0000000
      0.00000      0.39200000       0.0000000       1.0000000
      0.00000      0.39300000       0.0000000       1.0000000
      0.00000      0.39400000       0.0000000       1.0000000
      0.00000      0.39500000       0.0000000       1.0000000
      0.00000      0.39600000       0.0000000       1.0000000
      0.00000      0.39700000       0.0000000       1.0000000
      0.00000      0.39800000       0.0000000       1.0000000
      0.00000      0.39900000       0.0000000       1.0000000
      0.00000      0.40000000       0.0000000       1.0000000
      0.00000      0.40100000       0.0000000       1.0000000
      0.00000      0.40200000       0.0000000       1.0000000
      0.00000      0.40300000       0.0000000       1.0000000
      0.00000      0.40400000       0.0000000       1.0000000
      0.00000      0.40500000       0.0000000       1.0000000
      0.00000      0.40600000       0.0000000       1.0000000
      0.00000      0.40700000       0.0000000       1.0000000
      0.00000      0.40800000       0.0000000       1.0000000
      0.00000      0.40900000       0.0000000       1.0000000
      0.00000      0.41000000       0.0000000       1.0000000
      0.00000      0.41100000       0.0000000       1.0000000
      0.00000      0.41200000       0.0000000       1.0000000
      0.00000      0.41300000       0.0000000       1.0000000
      0.00000      0.41400000       0.0000000       1.0000000
      0.00000      0.41500000       0.0000000       1.0000000
      0.00000      0.41600000       0.0000000       1.0000000
      0.00000      0.41700000       0.0000000       1.0000000
      0.00000      0.41800000       0.0000000       1.0000000
      0.00000      0.41900000       0.0000000       1.0000000
      0.00000      0.42000000       0.0000000       1.0000000
      0.00000      0.42100000       0.0000000       1.0000000
      0.00000      0.42200000       0.0000000       1.0000000
      0.00000      0.42300000       0.0000000       1.0000000
      0.00000      0.42400000       0.0000000       1.0000000
      0.00000      0.42500000       0.0000000       1.0000000
      0.00000      0.42600000       0.0000000       1.0000000
      0.00000      0.42700000       0.0000000       1.0000000
      0.00000      0.42800000       0.0000000       1.0000000
      0.00000      0.42900000       0.0000000       1.0000000
      0.00000      0.43000000       0.0000000       1.0000000
      0.00000      0.43100000       0.0000000       1.0000000
      0.00000      0.43200000       0.0000000       1.0000000
      0.00000      0.43300000       0.0000000       1.0000000
      0.00000      0.43400000       0.0000000       1.0000000
      0.00000      0.43500000       0.0000000       1.0000000
      0.00000      0.43600000       0.0000000       1.0000000
      0.00000      0.43700000       0.0000000       1.0000000
      0.00000      0.43800000       0.0000000       1.0000000
      0.00000      0.43900000       0.0000000       1.0000000
      0.00000      0.44000000       0.0000000       1.0000000
      0.00000      0.44100000       0.0000000       1.0000000
      0.00000      0.44200000       0.0000000       1.0000000
      0.00000      0.44300000       0.0000000       1.0000000
      0.00000      0.44400000       0.0000000       1.0000000
      0.00000      0.44500000       0.0000000       1.0000000
      0.00000      0.44600000       0.0000000       1.0000000
      0.00000      0.44700000       0.0000000       1.0000000
      0.00000      0.44800000       0.0000000       1.0000000
      0.00000      0.44900000       0.0000000       1.0000000
      0.00000      0.45000000       0.0000000       1.0000000
      0.00000      0.45100000       0.0000000       1.0000000
      0.00000      0.45200000       0.0000000       1.0000000
      0.00000      0.45300000       0.0000000       1.0000000
      0.00000      0.45400000       0.0000000       1.0000000
      0.00000      0.45500000       0.0000000       1.0000000
      0.00000      0.45600000       0.0000000       1.0000000
      0.00000      0.45700000       0.0000000       1.0000000
      0.00000      0.45800000       0.0000000       1.0000000
      0.00000      0.45900000       0.0000000       1.0000000
      0.00000      0.46000000       0.0000000       1.0000000
      0.00000      0.46100000       0.0000000       1.0000000
      0.00000      0.46200000       0.0000000       1.0000000
      0.00000      0.46300000       0.0000000       1.0000000
      0.00000      0.46400000       0.0000000       1.0000000
      0.00000      0.46500000       0.0000000       1.0000000
      0.00000      0.46600000       0.0000000       1.0000000
      0.00000      0.46700000       0.0000000       1.0000000
      0.00000      0.46800000       0.0000000       1.0000000
      0.00000      0.46900000       0.0000000       1.0000000
      0.00000      0.47000000       0.0000000       1.0000000
      0.00000      0.47100000       0.0000000       1.0000000
      0.00000      0.47200000       0.0000000       1.0000000
      0.00000      0.47300000       0.0000000       1.0000000
      0.00000      0.47400000       0.0000000       1.0000000
      0.00000      0.47500000       0.0000000       1.0000000
      0.00000      0.47600000       0.0000000       1.0000000
      0.00000      0.47700000       0.0000000       1.0000000
      0.00000      0.47800000       0.0000000       1.0000000
      0.00000      0.47900000       0.0000000       1.0000000
      0.00000      0.48000000       0.0000000       1.0000000
      0.00000      0.48100000       0.0000000       1.0000000
      0.00000      0.48200000       0.0000000       1.0000000
      0.00000      0.48300000       0.0000000       1.0000000
      0.00000      0.48400000       0.0000000       1.0000000
      0.00000      0.48500000       0.0000000       1.0000000
      0.00000      0.48600000       0.0000000       1.0000000
      0.00000      0.48700000       0.0000000       1.0000000
      0.00000      0.48800000       0.0000000       1.0000000
      0.00000      0.48900000       0.0000000       1.0000000
      0.00000      0.49000000       0.0000000       1.0000000
      0.00000      0.49100000       0.0000000       1.0000000
      0.00000      0.49200000       0.0000000       1.0000000
      0.00000      0.49300000       0.0000000       1.0000000
      0.00000      0.49400000       0.0000000       1.0000000
      0.00000      0.49500000       0.0000000       1.0000000
      0.00000      0.49600000       0.0000000       1.0000000
      0.00000      0.49700000       0.0000000       1.0000000
      0.00000      0.49800000       0.0000000       1.0000000
      0.00000      0.49900000       0.0000000       1.0000000
      0.00000      0.50000000       0.0000000       1.0000000
      0.00000      0.50100000       0.0000000       1.0000000
      0.00000      0.50200000       0.0000000       1.0000000
      0.00000      0.50300000       0.0000000       1.0000000
      0.00000      0.50400000       0.0000000       1.0000000
      0.00000      0.50500000       0.0000000       1.0000000
      0.00000      0.50600000       0.0000000       1.0000000
      0.00000      0.50700000       0.0000000       1.0000000
      0.00000      0.50800000       0.0000000       1.0000000
      0.00000      0.50900000       0.0000000       1.0000000
      0.00000      0.51000000       0.0000000       1.0000000
      0.00000      0.51100000       0.0000000       1.0000000
      0.00000      0.51200000       0.0000000       1.0000000
      0.00000      0.51300000       0.0000000       1.0000000
      0.00000      0.51400000       0.0000000       1.0000000
      0.00000      0.51500000       0.0000000       1.0000000
      0.00000      0.51600000       0.0000000       1.0000000
      0.00000      0.51700000       0.0000000       1.0000000
      0.00000      0.51800000       0.0000000       1.0000000
      0.00000      0.51900000       0.0000000       1.0000000
      0.00000      0.52000000       0.0000000       1.0000000
      0.00000      0.52100000       0.0000000       1.0000000
      0.00000      0.52200000       0.0000000       1.0000000
      0.00000      0.52300000       0.0000000       1.0000000
      0.00000      0.52400000       0.0000000       1.0000000
      0.00000      0.52500000       0.0000000       1.0000000
      0.00000      0.52600000       0.0000000       1.0000000
      0.00000      0.52700000       0.0000000       1.0000000
      0.00000      0.52800000       0.0000000       1.0000000
      0.00000      0.52900000       0.0000000       1.0000000
      0.00000      0.53000000       0.0000000       1.0000000
      0.00000      0.53100000       0.0000000       1.0000000
      0.00000      0.53200000       0.0000000       1.0000000
      0.00000      0.53300000       0.0000000       1.0000000
      0.00000      0.53400000       0.0000000       1.0000000
      0.00000      0.53500000       0.0000000       1.0000000
      0.00000      0.53600000       0.0000000       1.0000000
      0.00000      0.53700000       0.0000000       1.0000000
      0.00000      0.53800000       0.0000000       1.0000000
      0.00000      0.53900000       0.0000000       1.0000000
      0.00000      0.54000000       0.0000000       1.0000000
      0.00000      0.54100000       0.0000000       1.0000000
      0.00000      0.54200000       0.0000000       1.0000000
      0.00000      0.54300000       0.0000000       1.0000000
      0.00000      0.54400000       0.0000000       1.0000000
      0.00000      0.54500000       0.0000000       1.0000000
      0.00000      0.54600000       0.0000000       1.0000000
      0.00000      0.54700000       0.0000000       1.0000000
      0.00000      0.54800000       0.0000000       1.0000000
      0.00000      0.54900000       0.0000000       1.0000000
      0.00000      0.55000000       0.0000000       1.0000000
      0.00000      0.55100000       0.0000000       1.0000000
      0.00000      0.55200000       0.0000000       1.0000000
      0.00000      0.55300000       0.0000000       1.0000000
      0.00000      0.55400000       0.0000000       1.0000000
      0.00000      0.55500000       0.0000000       1.0000000
      0.00000      0.55600000       0.0000000       1.0000000
      0.00000      0.55700000       0.0000000       1.0000000
      0.00000      0.55800000       0.0000000       1.0000000
      0.00000      0.55900000       0.0000000       1.0000000
      0.00000      0.56000000       0.0000000       1.0000000
      0.00000      0.56100000       0.0000000       1.0000000
      0.00000      0.56200000       0.0000000       1.0000000
      0.00000      0.56300000       0.0000000       1.0000000
      0.00000      0.56400000       0.0000000       1.0000000
      0.00000      0.56500000       0.0000000       1.0000000
      0.00000      0.56600000       0.0000000       1.0000000
      0.00000      0.56700000       0.0000000       1.0000000
      0.00000      0.56800000       0.0000000       1.0000000
      0.00000      0.56900000       0.0000000       1.0000000
      0.00000      0.57000000       0.0000000       1.0000000
      0.00000      0.57100000       0.0000000       1.0000000
      0.00000      0.57200000       0.0000000       1.0000000
      0.00000      0.57300000       0.0000000       1.0000000
      0.00000      0.57400000       0.0000000       1.0000000
      0.00000      0.57500000       0.0000000       1.0000000
      0.00000      0.57600000       0.0000000       1.0000000
      0.00000      0.57700000       0.0000000       1.0000000
      0.00000      0.57800000       0.0000000       1.0000000
      0.00000      0.57900000       0.0000000       1.0000000
      0.00000      0.58000000       0.0000000       1.0000000
      0.00000      0.58100000       0.0000000       1.0000000
      0.00000      0.58200000       0.0000000       1.0000000
      0.00000      0.58300000       0.0000000       1.0000000
      0.00000      0.58400000       0.0000000       1.0000000
      0.00000      0.58500000       0.0000000       1.0000000
      0.00000      0.58600000       0.0000000       1.0000000
      0.00000      0.58700000       0.0000000       1.0000000
      0.00000      0.58800000       0.0000000       1.0000000
      0.00000      0.58900000       0.0000000       1.0000000
      0.00000      0.59000000       0.0000000       1.0000000
      0.00000      0.59100000       0.0000000       1.0000000
      0.00000      0.59200000       0.0000000       1.0000000
      0.00000      0.59300000       0.0000000       1.0000000
      0.00000      0.59400000       0.0000000       1.0000000
      0.00000      0.59500000       0.0000000       1.0000000
      0.00000      0.59600000       0.0000000       1.0000000
      0.00000      0.59700000       0.0000000       1.0000000
      0.00000      0.59800000       0.0000000       1.0000000
      0.00000      0.59900000       0.0000000       1.0000000
      0.00000      0.60000000       0.0000000       1.0000000
      0.00000      0.60100000       0.0000000       1.0000000
      0.00000      0.60200000       0.0000000       1.0000000
      0.00000      0.60300000       0.0000000       1.0000000
      0.00000      0.60400000       0.0000000       1.0000000
      0.00000      0.60500000       0.0000000       1.0000000
      0.00000      0.60600000       0.0000000       1.0000000
      0.00000      0.60700000       0.0000000       1.0000000
      0.00000      0.60800000       0.0000000       1.0000000
      0.00000      0.60900000       0.0000000       1.0000000
      0.00000      0.61000000       0.0000000       1.0000000
      0.00000      0.61100000       0.0000000       1.0000000
      0.00000      0.61200000       0.0000000       1.0000000
      0.00000      0.61300000       0.0000000       1.0000000
      0.00000      0.61400000       0.0000000       1.0000000
      0.00000      0.61500000       0.0000000       1.0000000
      0.00000      0.61600000       0.0000000       1.0000000
      0.00000      0.61700000       0.0000000       1.0000000
      0.00000      0.61800000       0.0000000       1.0000000
      0.00000      0.61900000       0.0000000       1.0000000
      0.00000      0.62000000       0.0000000       1.0000000
      0.00000      0.62100000       0.0000000       1.0000000
      0.00000      0.62200000       0.0000000       1.0000000
      0.00000      0.62300000       0.0000000       1.0000000
      0.00000      0.62400000       0.0000000       1.0000000
      0.00000      0.62500000       0.0000000       1.0000000
      0.00000      0.62600000       0.0000000       1.0000000
      0.00000      0.62700000       0.0000000       1.0000000
      0.00000      0.62800000       0.0000000       1.0000000
      0.00000      0.62900000       0.0000000       1.0000000
      0.00000      0.63000000       0.0000000       1.0000000
      0.00000      0.63100000       0.0000000       1.0000000
      0.00000      0.63200000       0.0000000       1.0000000
      0.00000      0.63300000       0.0000000       1.0000000
      0.00000      0.63400000       0.0000000       1.0000000
      0.00000      0.63500000       0.0000000       1.0000000
      0.00000      0.63600000       0.0000000       1.0000000
      0.00000      0.63700000       0.0000000       1.0000000
      0.00000      0.63800000       0.0000000       1.0000000
      0.00000      0.63900000       0.0000000       1.0000000
      0.00000      0.64000000       0.0000000       1.0000000
      0.00000      0.64100000       0.0000000       1.0000000
      0.00000      0.64200000       0.0000000       1.0000000
      0.00000      0.64300000       0.0000000       1.0000000
      0.00000      0.64400000       0.0000000       1.0000000
      0.00000      0.64500000       0.0000000       1.0000000
      0.00000      0.64600000       0.0000000       1.0000000
      0.00000      0.64700000       0.0000000       1.0000000
      0.00000      0.64800000       0.0000000       1.0000000
      0.00000      0.64900000       0.0000000       1.0000000
      0.00000      0.65000000       0.0000000       1.0000000
      0.00000      0.65100000       0.0000000       1.0000000
      0.00000      0.65200000       0.0000000       1.0000000
      0.00000      0.65300000       0.0000000       1.0000000
      0.00000      0.65400000       0.0000000       1.0000000
      0.00000      0.65500000       0.0000000       1.0000000
      0.00000      0.65600000       0.0000000       1.0000000
      0.00000      0.65700000       0.0000000       1.0000000
      0.00000      0.65800000       0.0000000       1.0000000
      0.00000      0.65900000       0.0000000       1.0000000
      0.00000      0.66000000       0.0000000       1.0000000
      0.00000      0.66100000       0.0000000       1.0000000
      0.00000      0.66200000       0.0000000       1.0000000
      0.00000      0.66300000       0.0000000       1.0000000
      0.00000      0.66400000       0.0000000       1.0000000
      0.00000      0.66500000       0.0000000       1.0000000
      0.00000      0.66600000       0.0000000       1.0000000
      0.00000      0.66700000       0.0000000       1.0000000
      0.00000      0.66800000       0.0000000       1.0000000
      0.00000      0.66900000       0.0000000       1.0000000
      0.00000      0.67000000       0.0000000       1.0000000
      0.00000      0.67100000       0.0000000       1.0000000
      0.00000      0.67200000       0.0000000       1.0000000
      0.00000      0.67300000       0.0000000       1.0000000
      0.00000      0.67400000       0.0000000       1.0000000
      0.00000      0.67500000       0.0000000       1.0000000
      0.00000      0.67600000       0.0000000       1.0000000
      0.00000      0.67700000       0.0000000       1.0000000
      0.00000      0.67800000       0.0000000       1.0000000
      0.00000      0.67900000       0.0000000       1.0000000
      0.00000      0.68000000       0.0000000       1.0000000
      0.00000      0.68100000       0.0000000       1.0000000
      0.00000      0.68200000       0.0000000       1.0000000
      0.00000      0.68300000       0.0000000       1.0000000
      0.00000      0.68400000       0.0000000       1.0000000
      0.00000      0.68500000       0.0000000       1.0000000
      0.00000      0.68600000       0.0000000       1.0000000
      0.00000      0.68700000       0.0000000       1.0000000
      0.00000      0.68800000       0.0000000       1.0000000
      0.00000      0.68900000       0.0000000       1.0000000
      0.00000      0.69000000       0.0000000       1.0000000
      0.00000      0.69100000       0.0000000       1.0000000
      0.00000      0.69200000       0.0000000       1.0000000
      0.00000      0.69300000       0.0000000       1.0000000
      0.00000      0.69400000       0.0000000       1.0000000
      0.00000      0.69500000       0.0000000       1.0000000
      0.00000      0.69600000       0.0000000       1.0000000
      0.00000      0.69700000       0.0000000       1.0000000
      0.00000      0.69800000       0.0000000       1.0000000
      0.00000      0.69900000       0.0000000       1.0000000
      0.00000      0.70000000       0.0000000       1.0000000
      0.00000      0.70100000       0.0000000       1.0000000
      0.00000      0.70200000       0.0000000       1.0000000
      0.00000      0.70300000       0.0000000       1.0000000
      0.00000      0.70400000       0.0000000       1.0000000
      0.00000      0.70500000       0.0000000       1.0000000
      0.00000      0.70600000       0.0000000       1.0000000
      0.00000      0.70700000       0.0000000       1.0000000
      0.00000      0.70800000       0.0000000       1.0000000
      0.00000      0.70900000       0.0000000       1.0000000
      0.00000      0.71000000       0.0000000       1.0000000
      0.00000      0.71100000       0.0000000       1.0000000
      0.00000      0.71200000       0.0000000       1.0000000
      0.00000      0.71300000       0.0000000       1.0000000
      0.00000      0.71400000       0.0000000       1.0000000
      0.00000      0.71500000       0.0000000       1.0000000
      0.00000      0.71600000       0.0000000       1.0000000
      0.00000      0.71700000       0.0000000       1.0000000
      0.00000      0.71800000       0.0000000       1.0000000
      0.00000      0.71900000       0.0000000       1.0000000
      0.00000      0.72000000       0.0000000       1.0000000
      0.00000      0.72100000       0.0000000       1.0000000
      0.00000      0.72200000       0.0000000       1.0000000
      0.00000      0.72300000       0.0000000       1.0000000
      0.00000      0.72400000       0.0000000       1.0000000
      0.00000      0.72500000       0.0000000       1.0000000
      0.00000      0.72600000       0.0000000       1.0000000
      0.00000      0.72700000       0.0000000       1.0000000
      0.00000      0.72800000       0.0000000       1.0000000
      0.00000      0.72900000       0.0000000       1.0000000
      0.00000      0.73000000       0.0000000       1.0000000
      0.00000      0.73100000       0.0000000       1.0000000
      0.00000      0.73200000       0.0000000       1.0000000
      0.00000      0.73300000       0.0000000       1.0000000
      0.00000      0.73400000       0.0000000       1.0000000
      0.00000      0.73500000       0.0000000       1.0000000
      0.00000      0.73600000       0.0000000       1.0000000
      0.00000      0.73700000       0.0000000       1.0000000
      0.00000      0.73800000       0.0000000       1.0000000
      0.00000      0.73900000       0.0000000       1.0000000
      0.00000      0.74000000       0.0000000       1.0000000
      0.00000      0.74100000       0.0000000       1.0000000
      0.00000      0.74200000       0.0000000       1.0000000
      0.00000      0.74300000       0.0000000       1.0000000
      0.00000      0.74400000       0.0000000       1.0000000
      0.00000      0.74500000       0.0000000       1.0000000
      0.00000      0.74600000       0.0000000       1.0000000
      0.00000      0.74700000       0.0000000       1.0000000
      0.00000      0.74800000       0.0000000       1.0000000
      0.00000      0.74900000       0.0000000       1.0000000
      0.00000      0.75000000       0.0000000       1.0000000
      0.00000      0.75100000       0.0000000       1.0000000
      0.00000      0.75200000       0.0000000       1.0000000
      0.00000      0.75300000       0.0000000       1.0000000
      0.00000      0.75400000       0.0000000       1.0000000
      0.00000      0.75500000       0.0000000       1.0000000
      0.00000      0.75600000       0.0000000       1.0000000
      0.00000      0.75700000       0.0000000       1.0000000
      0.00000      0.75800000       0.0000000       1.0000000
      0.00000      0.75900000       0.0000000       1.0000000
      0.00000      0.76000000       0.0000000       1.0000000
      0.00000      0.76100000       0.0000000       1.0000000
      0.00000      0.76200000       0.0000000       1.0000000
      0.00000      0.76300000       0.0000000       1.0000000
      0.00000      0.76400000       0.0000000       1.0000000
      0.00000      0.76500000       0.0000000       1.0000000
      0.00000      0.76600000       0.0000000       1.0000000
      0.00000      0.76700000       0.0000000       1.0000000
      0.00000      0.76800000       0.0000000       1.0000000
      0.00000      0.76900000       0.0000000       1.0000000
      0.00000      0.77000000       0.0000000       1.0000000
      0.00000      0.77100000       0.0000000       1.0000000
      0.00000      0.77200000       0.0000000       1.0000000
      0.00000      0.77300000       0.0000000       1.0000000
      0.00000      0.77400000       0.0000000       1.0000000
      0.00000      0.77500000       0.0000000       1.0000000
      0.00000      0.77600000       0.0000000       1.0000000
      0.00000      0.77700000       0.0000000       1.0000000
      0.00000      0.77800000       0.0000000       1.0000000
      0.00000      0.77900000       0.0000000       1.0000000
      0.00000      0.78000000       0.0000000       1.0000000
      0.00000      0.78100000       0.0000000       1.0000000
      0.00000      0.78200000       0.0000000       1.0000000
      0.00000      0.78300000       0.0000000       1.0000000
      0.00000      0.78400000       0.0000000       1.0000000
      0.00000      0.78500000       0.0000000       1.0000000
      0.00000      0.78600000       0.0000000       1.0000000
      0.00000      0.78700000       0.0000000       1.0000000
      0.00000      0.78800000       0.0000000       1.0000000
      0.00000      0.78900000       0.0000000       1.0000000
      0.00000      0.79000000       0.0000000       1.0000000
      0.00000      0.79100000       0.0000000       1.0000000
      0.00000      0.79200000       0.0000000       1.0000000
      0.00000      0.79300000       0.0000000       1.0000000
      0.00000      0.79400000       0.0000000       1.0000000
      0.00000      0.79500000       0.0000000       1.0000000
      0.00000      0.79600000       0.0000000       1.0000000
      0.00000      0.79700000       0.0000000       1.0000000
      0.00000      0.79800000       0.0000000       1.0000000
      0.00000      0.79900000       0.0000000       1.0000000
      0.00000      0.80000000       0.0000000       1.0000000
      0.00000      0.80100000       0.0000000       1.0000000
      0.00000      0.80200000       0.0000000       1.0000000
      0.00000      0.80300000       0.0000000       1.0000000
      0.00000      0.80400000       0.0000000       1.0000000
      0.00000      0.80500000       0.0000000       1.0000000
      0.00000      0.80600000       0.0000000       1.0000000
      0.00000      0.80700000       0.0000000       1.0000000
      0.00000      0.80800000       0.0000000       1.0000000
      0.00000      0.80900000       0.0000000       1.0000000
      0.00000      0.81000000       0.0000000       1.0000000
      0.00000      0.81100000       0.0000000       1.0000000
      0.00000      0.81200000       0.0000000       1.0000000
      0.00000      0.81300000       0.0000000       1.0000000
      0.00000      0.81400000       0.0000000       1.0000000
      0.00000      0.81500000       0.0000000       1.0000000
      0.00000      0.81600000       0.0000000       1.0000000
      0.00000      0.81700000       0.0000000       1.0000000
      0.00000      0.81800000       0.0000000       1.0000000
      0.00000      0.81900000       0.0000000       1.0000000
      0.00000      0.82000000       0.0000000       1.0000000
      0.00000      0.82100000       0.0000000       1.0000000
      0.00000      0.82200000       0.0000000       1.0000000
      0.00000      0.82300000       0.0000000       1.0000000
      0.00000      0.82400000       0.0000000       1.0000000
      0.00000      0.82500000       0.0000000       1.0000000
      0.00000      0.82600000       0.0000000       1.0000000
      0.00000      0.82700000       0.0000000       1.0000000
      0.00000      0.82800000       0.0000000       1.0000000
      0.00000      0.82900000       0.0000000       1.0000000
      0.00000      0.83000000       0.0000000       1.0000000
      0.00000      0.83100000       0.0000000       1.0000000
      0.00000      0.83200000       0.0000000       1.0000000
      0.00000      0.83300000       0.0000000       1.0000000
      0.00000      0.83400000       0.0000000       1.0000000
      0.00000      0.83500000       0.0000000       1.0000000
      0.00000      0.83600000       0.0000000       1.0000000
      0.00000      0.83700000       0.0000000       1.0000000
      0.00000      0.83800000       0.0000000       1.0000000
      0.00000      0.83900000       0.0000000       1.0000000
      0.00000      0.84000000       0.0000000       1.0000000
      0.00000      0.84100000       0.0000000       1.0000000
      0.00000      0.84200000       0.0000000       1.0000000
      0.00000      0.84300000       0.0000000       1.0000000
      0.00000      0.84400000       0.0000000       1.0000000
      0.00000      0.84500000       0.0000000       1.0000000
      0.00000      0.84600000       0.0000000       1.0000000
      0.00000      0.84700000       0.0000000       1.0000000
      0.00000      0.84800000       0.0000000       1.0000000
      0.00000      0.84900000       0.0000000       1.0000000
      0.00000      0.85000000       0.0000000       1.0000000
      0.00000      0.85100000       0.0000000       1.0000000
      0.00000      0.85200000       0.0000000       1.0000000
      0.00000      0.85300000       0.0000000       1.0000000
      0.00000      0.85400000       0.0000000       1.0000000
      0.00000      0.85500000       0.0000000       1.0000000
      0.00000      0.85600000       0.0000000       1.0000000
      0.00000      0.85700000       0.0000000       1.0000000
      0.00000      0.85800000       0.0000000       1.0000000
      0.00000      0.85900000       0.0000000       1.0000000
      0.00000      0.86000000       0.0000000       1.0000000
      0.00000      0.86100000       0.0000000       1.0000000
      0.00000      0.86200000       0.0000000       1.0000000
      0.00000      0.86300000       0.0000000       1.0000000
      0.00000      0.86400000       0.0000000       1.0000000
      0.00000      0.86500000       0.0000000       1.0000000
      0.00000      0.86600000       0.0000000       1.0000000
      0.00000      0.86700000       0.0000000       1.0000000
      0.00000      0.86800000       0.0000000       1.0000000
      0.00000      0.86900000       0.0000000       1.0000000
      0.00000      0.87000000       0.0000000       1.0000000
      0.00000      0.87100000       0.0000000       1.0000000
      0.00000      0.87200000       0.0000000       1.0000000
      0.00000      0.87300000       0.0000000       1.0000000
      0.00000      0.87400000       0.0000000       1.0000000
      0.00000      0.87500000       0.0000000       1.0000000
      0.00000      0.87600000       0.0000000       1.0000000
      0.00000      0.87700000       0.0000000       1.0000000
      0.00000      0.87800000       0.0000000       1.0000000
      0.00000      0.87900000       0.0000000       1.0000000
      0.00000      0.88000000       0.0000000       1.0000000
      0.00000      0.88100000       0.0000000       1.0000000
      0.00000      0.88200000       0.0000000       1.0000000
      0.00000      0.88300000       0.0000000       1.0000000
      0.00000      0.88400000       0.0000000       1.0000000
      0.00000      0.88500000       0.0000000       1.0000000
      0.00000      0.88600000       0.0000000       1.0000000
      0.00000      0.88700000       0.0000000       1.0000000
      0.00000      0.88800000       0.0000000       1.0000000
      0.00000      0.88900000       0.0000000       1.0000000
      0.00000      0.89000000       0.0000000       1.0000000
      0.00000      0.89100000       0.0000000       1.0000000
      0.00000      0.89200000       0.0000000       1.0000000
      0.00000      0.89300000       0.0000000       1.0000000
      0.00000      0.89400000       0.0000000       1.0000000
      0.00000      0.89500000       0.0000000       1.0000000
      0.00000      0.89600000       0.0000000       1.0000000
      0.00000      0.89700000       0.0000000       1.0000000
      0.00000      0.89800000       0.0000000       1.0000000
      0.00000      0.89900000       0.0000000       1.0000000
      0.00000      0.90000000       0.0000000       1.0000000
      0.00000      0.90100000       0.0000000       1.0000000
      0.00000      0.90200000       0.0000000       1.0000000
      0.00000      0.90300000       0.0000000       1.0000000
      0.00000      0.90400000       0.0000000       1.0000000
      0.00000      0.90500000       0.0000000       1.0000000
      0.00000      0.90600000       0.0000000       1.0000000
      0.00000      0.90700000       0.0000000       1.0000000
      0.00000      0.90800000       0.0000000       1.0000000
      0.00000      0.90900000       0.0000000       1.0000000
      0.00000      0.91000000       0.0000000       1.0000000
      0.00000      0.91100000       0.0000000       1.0000000
      0.00000      0.91200000       0.0000000       1.0000000
      0.00000      0.91300000       0.0000000       1.0000000
      0.00000      0.91400000       0.0000000       1.0000000
      0.00000      0.91500000       0.0000000       1.0000000
      0.00000      0.91600000       0.0000000       1.0000000
      0.00000      0.91700000       0.0000000       1.0000000
      0.00000      0.91800000       0.0000000       1.0000000
      0.00000      0.91900000       0.0000000       1.0000000
      0.00000      0.92000000       0.0000000       1.0000000
      0.00000      0.92100000       0.0000000       1.0000000
      0.00000      0.92200000       0.0000000       1.0000000
      0.00000      0.92300000       0.0000000       1.0000000
      0.00000      0.92400000       0.0000000       1.0000000
      0.00000      0.92500000       0.0000000       1.0000000
      0.00000      0.92600000       0.0000000       1.0000000
      0.00000      0.92700000       0.0000000       1.0000000
      0.00000      0.92800000       0.0000000       1.0000000
      0.00000      0.92900000       0.0000000       1.0000000
      0.00000      0.93000000       0.0000000       1.0000000
      0.00000      0.93100000       0.0000000       1.0000000
      0.00000      0.93200000       0.0000000       1.0000000
      0.00000      0.93300000       0.0000000       1.0000000
      0.00000      0.93400000       0.0000000       1.0000000
      0.00000      0.93500000       0.0000000       1.0000000
      0.00000      0.93600000       0.0000000       1.0000000
      0.00000      0.93700000       0.0000000       1.0000000
      0.00000      0.93800000       0.0000000       1.0000000
      0.00000      0.93900000       0.0000000       1.0000000
      0.00000      0.94000000       0.0000000       1.0000000
      0.00000      0.94100000       0.0000000       1.0000000
      0.00000      0.94200000       0.0000000       1.0000000
      0.00000      0.94300000       0.0000000       1.0000000
      0.00000      0.94400000       0.0000000       1.0000000
      0.00000      0.94500000       0.0000000       1.0000000
      0.00000      0.94600000       0.0000000       1.0000000
      0.00000      0.94700000       0.0000000       1.0000000
      0.00000      0.94800000       0.0000000       1.0000000
      0.00000      0.94900000       0.0000000       1.0000000
      0.00000      0.95000000       0.0000000       1.0000000
      0.00000      0.95100000       0.0000000       1.0000000
      0.00000      0.95200000       0.0000000       1.0000000
      0.00000      0.95300000       0.0000000       1.0000000
      0.00000      0.95400000       0.0000000       1.0000000
      0.00000      0.95500000       0.0000000       1.0000000
      0.00000      0.95600000       0.0000000       1.0000000
      0.00000      0.95700000       0.0000000       1.0000000
      0.00000      0.95800000       0.0000000       1.0000000
      0.00000      0.95900000       0.0000000       1.0000000
      0.00000      0.96000000       0.0000000       1.0000000
      0.00000      0.96100000       0.0000000       1.0000000
      0.00000      0.96200000       0.0000000       1.0000000
      0.00000      0.96300000       0.0000000       1.0000000
      0.00000      0.96400000       0.0000000       1.0000000
      0.00000      0.96500000       0.0000000       1.0000000
      0.00000      0.96600000       0.0000000       1.0000000
      0.00000      0.96700000       0.0000000       1.0000000
      0.00000      0.96800000       0.0000000       1.0000000
      0.00000      0.96900000       0.0000000       1.0000000
      0.00000      0.97000000       0.0000000       1.0000000
      0.00000      0.97100000       0.0000000       1.0000000
      0.00000      0.97200000       0.0000000       1.0000000
      0.00000      0.97300000       0.0000000       1.0000000
      0.00000      0.97400000       0.0000000       1.0000000
      0.00000      0.97500000       0.0000000       1.0000000
      0.00000      0.97600000       0.0000000       1.0000000
      0.00000      0.97700000       0.0000000       1.0000000
      0.00000      0.97800000       0.0000000       1.0000000
      0.00000      0.97900000       0.0000000       1.0000000
      0.00000      0.98000000       0.0000000       1.0000000
      0.00000      0.98100000       0.0000000       1.0000000
      0.00000      0.98200000       0.0000000       1.0000000
      0.00000      0.98300000       0.0000000       1.0000000
      0.00000      0.98400000       0.0000000       1.0000000
      0.00000      0.98500000       0.0000000       1.0000000
      0.00000      0.98600000       0.0000000       1.0000000
      0.00000      0.98700000       0.0000000       1.0000000
      0.00000      0.98800000       0.0000000       1.0000000
      0.00000      0.98900000       0.0000000       1.0000000
      0.00000      0.99000000       0.0000000       1.0000000
      0.00000      0.99100000       0.0000000       1.0000000
      0.00000      0.99200000       0.0000000       1.0000000
      0.00000      0.99300000       0.0000000       1.0000000
      0.00000      0.99400000       0.0000000       1.0000000
      0.00000      0.99500000       0.0000000       1.0000000
      0.00000      0.99600000       0.0000000       1.0000000
      0.00000      0.99700000       0.0000000       1.0000000
      0.00000      0.99800000       0.0000000       1.0000000
      0.00000      0.99900000       0.0000000       1.0000000
      0.00000       1.0000000       0.0000000       1.0000000
      0.00000       1.0010000       0.0000000       1.0000000
      0.00000       1.0020000       0.0000000       1.0000000
      0.00000       1.0030000       0.0000000       1.0000000
      0.00000       1.0040000       0.0000000       1.0000000
      0.00000       1.0050000       0.0000000       1.0000000
      0.00000       1.0060000       0.0000000       1.0000000
      0.00000       1.0070000       0.0000000       1.0000000
      0.00000       1.0080000       0.0000000       1.0000000
      0.00000       1.0090000       0.0000000       1.0000000
      0.00000       1.0100000       0.0000000       1.0000000
      0.00000       1.0110000       0.0000000       1.0000000
      0.00000       1.0120000       0.0000000       1.0000000
      0.00000       1.0130000       0.0000000       1.0000000
      0.00000       1.0140000       0.0000000       1.0000000
      0.00000       1.0150000       0.0000000       1.0000000
      0.00000       1.0160000       0.0000000       1.0000000
      0.00000       1.0170000       0.0000000       1.0000000
      0.00000       1.0180000       0.0000000       1.0000000
      0.00000       1.0190000       0.0000000       1.0000000
      0.00000       1.0200000       0.0000000       1.0000000
      0.00000       1.0210000       0.0000000       1.0000000
      0.00000       1.0220000       0.0000000       1.0000000
      0.00000       1.0230000       0.0000000       1.0000000
      0.00000       1.0240000       0.0000000       1.0000000
      0.00000       1.0250000       0.0000000       1.0000000
      0.00000       1.0260000       0.0000000       1.0000000
      0.00000       1.0270000       0.0000000       1.0000000
      0.00000       1.0280000       0.0000000       1.0000000
      0.00000       1.0290000       0.0000000       1.0000000
      0.00000       1.0300000       0.0000000       1.0000000
      0.00000       1.0310000       0.0000000       1.0000000
      0.00000       1.0320000       0.0000000       1.0000000
      0.00000       1.0330000       0.0000000       1.0000000
      0.00000       1.0340000       0.0000000       1.0000000
      0.00000       1.0350000       0.0000000       1.0000000
      0.00000       1.0360000       0.0000000       1.0000000
      0.00000       1.0370000       0.0000000       1.0000000
      0.00000       1.0380000       0.0000000       1.0000000
      0.00000       1.0390000       0.0000000       1.0000000
      0.00000       1.0400000       0.0000000       1.0000000
      0.00000       1.0410000       0.0000000       1.0000000
      0.00000       1.0420000       0.0000000       1.0000000
      0.00000       1.0430000       0.0000000       1.0000000
      0.00000       1.0440000       0.0000000       1.0000000
      0.00000       1.0450000       0.0000000       1.0000000
      0.00000       1.0460000       0.0000000       1.0000000
      0.00000       1.0470000       0.0000000       1.0000000
      0.00000       1.0480000       0.0000000       1.0000000
      0.00000       1.0490000       0.0000000       1.0000000
      0.00000       1.0500000       0.0000000       1.0000000
      0.00000       1.0510000       0.0000000       1.0000000
      0.00000       1.0520000       0.0000000       1.0000000
      0.00000       1.0530000       0.0000000       1.0000000
      0.00000       1.0540000       0.0000000       1.0000000
      0.00000       1.0550000       0.0000000       1.0000000
      0.00000       1.0560000       0.0000000       1.0000000
      0.00000       1.0570000       0.0000000       1.0000000
      0.00000       1.0580000       0.0000000       1.0000000
      0.00000       1.0590000       0.0000000       1.0000000
      0.00000       1.0600000       0.0000000       1.0000000
      0.00000       1.0610000       0.0000000       1.0000000
      0.00000       1.0620000       0.0000000       1.0000000
      0.00000       1.0630000       0.0000000       1.0000000
      0.00000       1.0640000       0.0000000       1.0000000
      0.00000       1.0650000       0.0000000       1.0000000
      0.00000       1.0660000       0.0000000       1.0000000
      0.00000       1.0670000       0.0000000       1.0000000
      0.00000       1.0680000       0.0000000       1.0000000
      0.00000       1.0690000       0.0000000       1.0000000
      0.00000       1.0700000       0.0000000       1.0000000
      0.00000       1.0710000       0.0000000       1.0000000
      0.00000       1.0720000       0.0000000       1.0000000
      0.00000       1.0730000       0.0000000       1.0000000
      0.00000       1.0740000       0.0000000       1.0000000
      0.00000       1.0750000       0.0000000       1.0000000
      0.00000       1.0760000       0.0000000       1.0000000
      0.00000       1.0770000       0.0000000       1.0000000
      0.00000       1.0780000       0.0000000       1.0000000
      0.00000       1.0790000       0.0000000       1.0000000
      0.00000       1.0800000       0.0000000       1.0000000
      0.00000       1.0810000       0.0000000       1.0000000
      0.00000       1.0820000       0.0000000       1.0000000
      0.00000       1.0830000       0.0000000       1.0000000
      0.00000       1.0840000       0.0000000       1.0000000
      0.00000       1.0850000       0.0000000       1.0000000
      0.00000       1.0860000       0.0000000       1.0000000
      0.00000       1.0870000       0.0000000       1.0000000
      0.00000       1.0880000       0.0000000       1.0000000
      0.00000       1.0890000       0.0000000       1.0000000
      0.00000       1.0900000       0.0000000       1.0000000
      0.00000       1.0910000       0.0000000       1.0000000
      0.00000       1.0920000       0.0000000       1.0000000
      0.00000       1.0930000       0.0000000       1.0000000
      0.00000       1.0940000       0.0000000       1.0000000
      0.00000       1.0950000       0.0000000       1.0000000
      0.00000       1.0960000       0.0000000       1.0000000
      0.00000       1.0970000       0.0000000       1.0000000
      0.00000       1.0980000       0.0000000       1.0000000
      0.00000       1.0990000       0.0000000       1.0000000
      0.00000       1.1000000       0.0000000       1.0000000
      0.00000       1.1010000       0.0000000       1.0000000
      0.00000       1.1020000       0.0000000       1.0000000
      0.00000       1.1030000       0.0000000       1.0000000
      0.00000       1.1040000       0.0000000       1.0000000
      0.00000       1.1050000       0.0000000       1.0000000
      0.00000       1.1060000       0.0000000       1.0000000
      0.00000       1.1070000       0.0000000       1.0000000
      0.00000       1.1080000       0.0000000       1.0000000
      0.00000       1.1090000       0.0000000       1.0000000
      0.00000       1.1100000       0.0000000       1.0000000
      0.00000       1.1110000       0.0000000       1.0000000
      0.00000       1.1120000       0.0000000       1.0000000
      0.00000       1.1130000       0.0000000       1.0000000
      0.00000       1.1140000       0.0000000       1.0000000
      0.00000       1.1150000       0.0000000       1.0000000
      0.00000       1.1160000       0.0000000       1.0000000
      0.00000       1.1170000       0.0000000       1.0000000
      0.00000       1.1180000       0.0000000       1.0000000
      0.00000       1.1190000       0.0000000       1.0000000
      0.00000       1.1200000       0.0000000       1.0000000
      0.00000       1.1210000       0.0000000       1.0000000
      0.00000       1.1220000       0.0000000       1.0000000
      0.00000       1.1230000       0.0000000       1.0000000
      0.00000       1.1240000       0.0000000       1.0000000
      0.00000       1.1250000       0.0000000       1.0000000
      0.00000       1.1260000       0.0000000       1.0000000
      0.00000       1.1270000       0.0000000       1.0000000
      0.00000       1.1280000       0.0000000       1.0000000
      0.00000       1.1290000       0.0000000       1.0000000
      0.00000       1.1300000       0.0000000       1.0000000
      0.00000       1.1310000       0.0000000       1.0000000
      0.00000       1.1320000       0.0000000       1.0000000
      0.00000       1.1330000       0.0000000       1.0000000
      0.00000       1.1340000       0.0000000       1.0000000
      0.00000       1.1350000       0.0000000       1.0000000
      0.00000       1.1360000       0.0000000       1.0000000
      0.00000       1.1370000       0.0000000       1.0000000
      0.00000       1.1380000       0.0000000       1.0000000
      0.00000       1.1390000       0.0000000       1.0000000
      0.00000       1.1400000       0.0000000       1.0000000
      0.00000       1.1410000       0.0000000       1.0000000
      0.00000       1.1420000       0.0000000       1.0000000
      0.00000       1.1430000       0.0000000       1.0000000
      0.00000       1.1440000       0.0000000       1.0000000
      0.00000       1.1450000       0.0000000       1.0000000
      0.00000       1.1460000       0.0000000       1.0000000
      0.00000       1.1470000       0.0000000       1.0000000
      0.00000       1.1480000       0.0000000       1.0000000
      0.00000       1.1490000       0.0000000       1.0000000
      0.00000       1.1500000       0.0000000       1.0000000
      0.00000       1.1510000       0.0000000       1.0000000
      0.00000       1.1520000       0.0000000       1.0000000
      0.00000       1.1530000       0.0000000       1.0000000
      0.00000       1.1540000       0.0000000       1.0000000
      0.00000       1.1550000       0.0000000       1.0000000
      0.00000       1.1560000       0.0000000       1.0000000
      0.00000       1.1570000       0.0000000       1.0000000
      0.00000       1.1580000       0.0000000       1.0000000
      0.00000       1.1590000       0.0000000       1.0000000
      0.00000       1.1600000       0.0000000       1.0000000
      0.00000       1.1610000       0.0000000       1.0000000
      0.00000       1.1620000       0.0000000       1.0000000
      0.00000       1.1630000       0.0000000       1.0000000
      0.00000       1.1640000       0.0000000       1.0000000
      0.00000       1.1650000       0.0000000       1.0000000
      0.00000       1.1660000       0.0000000       1.0000000
      0.00000       1.1670000       0.0000000       1.0000000
      0.00000       1.1680000       0.0000000       1.0000000
      0.00000       1.1690000       0.0000000       1.0000000
      0.00000       1.1700000       0.0000000       1.0000000
      0.00000       1.1710000       0.0000000       1.0000000
      0.00000       1.1720000       0.0000000       1.0000000
      0.00000       1.1730000       0.0000000       1.0000000
      0.00000       1.1740000       0.0000000       1.0000000
      0.00000       1.1750000       0.0000000       1.0000000
      0.00000       1.1760000       0.0000000       1.0000000
      0.00000       1.1770000       0.0000000       1.0000000
      0.00000       1.1780000       0.0000000       1.0000000
      0.00000       1.1790000       0.0000000       1.0000000
      0.00000       1.1800000       0.0000000       1.0000000
      0.00000       1.1810000       0.0000000       1.0000000
      0.00000       1.1820000       0.0000000       1.0000000
      0.00000       1.1830000       0.0000000       1.0000000
      0.00000       1.1840000       0.0000000       1.0000000
      0.00000       1.1850000       0.0000000       1.0000000
      0.00000       1.1860000       0.0000000       1.0000000
      0.00000       1.1870000       0.0000000       1.0000000
      0.00000       1.1880000       0.0000000       1.0000000
      0.00000       1.1890000       0.0000000       1.0000000
      0.00000       1.1900000       0.0000000       1.0000000
      0.00000       1.1910000       0.0000000       1.0000000
      0.00000       1.1920000       0.0000000       1.0000000
      0.00000       1.1930000       0.0000000       1.0000000
      0.00000       1.1940000       0.0000000       1.0000000
      0.00000       1.1950000       0.0000000       1.0000000
      0.00000       1.1960000       0.0000000       1.0000000
      0.00000       1.1970000       0.0000000       1.0000000
      0.00000       1.1980000       0.0000000       1.0000000
      0.00000       1.1990000       0.0000000       1.0000000
      0.00000       1.2000000       0.0000000       1.0000000
      0.00000       1.2010000       0.0000000       1.0000000
      0.00000       1.2020000       0.0000000       1.0000000
      0.00000       1.2030000       0.0000000       1.0000000
      0.00000       1.2040000       0.0000000       1.0000000
      0.00000       1.2050000       0.0000000       1.0000000
      0.00000       1.2060000       0.0000000       1.0000000
      0.00000       1.2070000       0.0000000       1.0000000
      0.00000       1.2080000       0.0000000       1.0000000
      0.00000       1.2090000       0.0000000       1.0000000
      0.00000       1.2100000       0.0000000       1.0000000
      0.00000       1.2110000       0.0000000       1.0000000
      0.00000       1.2120000       0.0000000       1.0000000
      0.00000       1.2130000       0.0000000       1.0000000
      0.00000       1.2140000       0.0000000       1.0000000
      0.00000       1.2150000       0.0000000       1.0000000
      0.00000       1.2160000       0.0000000       1.0000000
      0.00000       1.2170000       0.0000000       1.0000000
      0.00000       1.2180000       0.0000000       1.0000000
      0.00000       1.2190000       0.0000000       1.0000000
      0.00000       1.2200000       0.0000000       1.0000000
      0.00000       1.2210000       0.0000000       1.0000000
      0.00000       1.2220000       0.0000000       1.0000000
      0.00000       1.2230000       0.0000000       1.0000000
      0.00000       1.2240000       0.0000000       1.0000000
      0.00000       1.2250000       0.0000000       1.0000000
      0.00000       1.2260000       0.0000000       1.0000000
      0.00000       1.2270000       0.0000000       1.0000000
      0.00000       1.2280000       0.0000000       1.0000000
      0.00000       1.2290000       0.0000000       1.0000000
      0.00000       1.2300000       0.0000000       1.0000000
      0.00000       1.2310000       0.0000000       1.0000000
      0.00000       1.2320000       0.0000000       1.0000000
      0.00000       1.2330000       0.0000000       1.0000000
      0.00000       1.2340000       0.0000000       1.0000000
      0.00000       1.2350000       0.0000000       1.0000000
      0.00000       1.2360000       0.0000000       1.0000000
      0.00000       1.2370000       0.0000000       1.0000000
      0.00000       1.2380000       0.0000000       1.0000000
      0.00000       1.2390000       0.0000000       1.0000000
      0.00000       1.2400000       0.0000000       1.0000000
      0.00000       1.2410000       0.0000000       1.0000000
      0.00000       1.2420000       0.0000000       1.0000000
      0.00000       1.2430000       0.0000000       1.0000000
      0.00000       1.2440000       0.0000000       1.0000000
      0.00000       1.2450000       0.0000000       1.0000000
      0.00000       1.2460000       0.0000000       1.0000000
      0.00000       1.2470000       0.0000000       1.0000000
      0.00000       1.2480000       0.0000000       1.0000000
      0.00000       1.2490000       0.0000000       1.0000000
      0.00000       1.2500000       0.0000000       1.0000000
      0.00000       1.2510000       0.0000000       1.0000000
      0.00000       1.2520000       0.0000000       1.0000000
      0.00000       1.2530000       0.0000000       1.0000000
      0.00000       1.2540000       0.0000000       1.0000000
      0.00000       1.2550000       0.0000000       1.0000000
      0.00000       1.2560000       0.0000000       1.0000000
      0.00000       1.2570000       0.0000000       1.0000000
      0.00000       1.2580000       0.0000000       1.0000000
      0.00000       1.2590000       0.0000000       1.0000000
      0.00000       1.2600000       0.0000000       1.0000000
      0.00000       1.2610000       0.0000000       1.0000000
      0.00000       1.2620000       0.0000000       1.0000000
      0.00000       1.2630000       0.0000000       1.0000000
      0.00000       1.2640000       0.0000000       1.0000000
      0.00000       1.2650000       0.0000000       1.0000000
      0.00000       1.2660000       0.0000000       1.0000000
      0.00000       1.2670000       0.0000000       1.0000000
      0.00000       1.2680000       0.0000000       1.0000000
      0.00000       1.2690000       0.0000000       1.0000000
      0.00000       1.2700000       0.0000000       1.0000000
      0.00000       1.2710000       0.0000000       1.0000000
      0.00000       1.2720000       0.0000000       1.0000000
      0.00000       1.2730000       0.0000000       1.0000000
      0.00000       1.2740000       0.0000000       1.0000000
      0.00000       1.2750000       0.0000000       1.0000000
      0.00000       1.2760000       0.0000000       1.0000000
      0.00000       1.2770000       0.0000000       1.0000000
      0.00000       1.2780000       0.0000000       1.0000000
      0.00000       1.2790000       0.0000000       1.0000000
      0.00000       1.2800000       0.0000000       1.0000000
      0.00000       1.2810000       0.0000000       1.0000000
      0.00000       1.2820000       0.0000000       1.0000000
      0.00000       1.2830000       0.0000000       1.0000000
      0.00000       1.2840000       0.0000000       1.0000000
      0.00000       1.2850000       0.0000000       1.0000000
      0.00000       1.2860000       0.0000000       1.0000000
      0.00000       1.2870000       0.0000000       1.0000000
      0.00000       1.2880000       0.0000000       1.0000000
      0.00000       1.2890000       0.0000000       1.0000000
      0.00000       1.2900000       0.0000000       1.0000000
      0.00000       1.2910000       0.0000000       1.0000000
      0.00000       1.2920000       0.0000000       1.0000000
      0.00000       1.2930000       0.0000000       1.0000000
      0.00000       1.2940000       0.0000000       1.0000000
      0.00000       1.2950000       0.0000000       1.0000000
      0.00000       1.2960000       0.0000000       1.0000000
      0.00000       1.2970000       0.0000000       1.0000000
      0.00000       1.2980000       0.0000000       1.0000000
      0.00000       1.2990000       0.0000000       1.0000000
      0.00000       1.3000000       0.0000000       1.0000000
      0.00000       1.3010000       0.0000000       1.0000000
      0.00000       1.3020000       0.0000000       1.0000000
      0.00000       1.3030000       0.0000000       1.0000000
      0.00000       1.3040000       0.0000000       1.0000000
      0.00000       1.3050000       0.0000000       1.0000000
      0.00000       1.3060000       0.0000000       1.0000000
      0.00000       1.3070000       0.0000000       1.0000000
      0.00000       1.3080000       0.0000000       1.0000000
      0.00000       1.3090000       0.0000000       1.0000000
      0.00000       1.3100000       0.0000000       1.0000000
      0.00000       1.3110000       0.0000000       1.0000000
      0.00000       1.3120000       0.0000000       1.0000000
      0.00000       1.3130000       0.0000000       1.0000000
      0.00000       1.3140000       0.0000000       1.0000000
      0.00000       1.3150000       0.0000000       1.0000000
      0.00000       1.3160000       0.0000000       1.0000000
      0.00000       1.3170000       0.0000000       1.0000000
      0.00000       1.3180000       0.0000000       1.0000000
      0.00000       1.3190000       0.0000000       1.0000000
      0.00000       1.3200000       0.0000000       1.0000000
      0.00000       1.3210000       0.0000000       1.0000000
      0.00000       1.3220000       0.0000000       1.0000000
      0.00000       1.3230000       0.0000000       1.0000000
      0.00000       1.3240000       0.0000000       1.0000000
      0.00000       1.3250000       0.0000000       1.0000000
      0.00000       1.3260000       0.0000000       1.0000000
      0.00000       1.3270000       0.0000000       1.0000000
      0.00000       1.3280000       0.0000000       1.0000000
      0.00000       1.3290000       0.0000000       1.0000000
      0.00000       1.3300000       0.0000000       1.0000000
      0.00000       1.3310000       0.0000000       1.0000000
      0.00000       1.3320000       0.0000000       1.0000000
      0.00000       1.3330000       0.0000000       1.0000000
      0.00000       1.3340000       0.0000000       1.0000000
      0.00000       1.3350000       0.0000000       1.0000000
      0.00000       1.3360000       0.0000000       1.0000000
      0.00000       1.3370000       0.0000000       1.0000000
      0.00000       1.3380000       0.0000000       1.0000000
      0.00000       1.3390000       0.0000000       1.0000000
      0.00000       1.3400000       0.0000000       1.0000000
      0.00000       1.3410000       0.0000000       1.0000000
      0.00000       1.3420000       0.0000000       1.0000000
      0.00000       1.3430000       0.0000000       1.0000000
      0.00000       1.3440000       0.0000000       1.0000000
      0.00000       1.3450000       0.0000000       1.0000000
      0.00000       1.3460000       0.0000000       1.0000000
      0.00000       1.3470000       0.0000000       1.0000000
      0.00000       1.3480000       0.0000000       1.0000000
      0.00000       1.3490000       0.0000000       1.0000000
      0.00000       1.3500000       0.0000000       1.0000000
      0.00000       1.3510000       0.0000000       1.0000000
      0.00000       1.3520000       0.0000000       1.0000000
      0.00000       1.3530000       0.0000000       1.0000000
      0.00000       1.3540000       0.0000000       1.0000000
      0.00000       1.3550000       0.0000000       1.0000000
      0.00000       1.3560000       0.0000000       1.0000000
      0.00000       1.3570000       0.0000000       1.0000000
      0.00000       1.3580000       0.0000000       1.0000000
      0.00000       1.3590000       0.0000000       1.0000000
      0.00000       1.3600000       0.0000000       1.0000000
      0.00000       1.3610000       0.0000000       1.0000000
      0.00000       1.3620000       0.0000000       1.0000000
      0.00000       1.3630000       0.0000000       1.0000000
      0.00000       1.3640000       0.0000000       1.0000000
      0.00000       1.3650000       0.0000000       1.0000000
      0.00000       1.3660000       0.0000000       1.0000000
      0.00000       1.3670000       0.0000000       1.0000000
      0.00000       1.3680000       0.0000000       1.0000000
      0.00000       1.3690000       0.0000000       1.0000000
      0.00000       1.3700000       0.0000000       1.0000000
      0.00000       1.3710000       0.0000000       1.0000000
      0.00000       1.3720000       0.0000000       1.0000000
      0.00000       1.3730000       0.0000000       1.0000000
      0.00000       1.3740000       0.0000000       1.0000000
      0.00000       1.3750000       0.0000000       1.0000000
      0.00000       1.3760000       0.0000000       1.0000000
      0.00000       1.3770000       0.0000000       1.0000000
      0.00000       1.3780000       0.0000000       1.0000000
      0.00000       1.3790000       0.0000000       1.0000000
      0.00000       1.3800000       0.0000000       1.0000000
      0.00000       1.3810000       0.0000000       1.0000000
      0.00000       1.3820000       0.0000000       1.0000000
      0.00000       1.3830000       0.0000000       1.0000000
      0.00000       1.3840000       0.0000000       1.0000000
      0.00000       1.3850000       0.0000000       1.0000000
      0.00000       1.3860000       0.0000000       1.0000000
      0.00000       1.3870000       0.0000000       1.0000000
      0.00000       1.3880000       0.0000000       1.0000000
      0.00000       1.3890000       0.0000000       1.0000000
      0.00000       1.3900000       0.0000000       1.0000000
      0.00000       1.3910000       0.0000000       1.0000000
      0.00000       1.3920000       0.0000000       1.0000000
      0.00000       1.3930000       0.0000000       1.0000000
      0.00000       1.3940000       0.0000000       1.0000000
      0.00000       1.3950000       0.0000000       1.0000000
      0.00000       1.3960000       0.0000000       1.0000000
      0.00000       1.3970000       0.0000000       1.0000000
      0.00000       1.3980000       0.0000000       1.0000000
      0.00000       1.3990000       0.0000000       1.0000000
      0.00000       1.4000000       0.0000000       1.0000000
      0.00000       1.4010000       0.0000000       1.0000000
      0.00000       1.4020000       0.0000000       1.0000000
      0.00000       1.4030000       0.0000000       1.0000000
      0.00000       1.4040000       0.0000000       1.0000000
      0.00000       1.4050000       0.0000000       1.0000000
      0.00000       1.4060000       0.0000000       1.0000000
      0.00000       1.4070000       0.0000000       1.0000000
      0.00000       1.4080000       0.0000000       1.0000000
      0.00000       1.4090000       0.0000000       1.0000000
      0.00000       1.4100000       0.0000000       1.0000000
      0.00000       1.4110000       0.0000000       1.0000000
      0.00000       1.4120000       0.0000000       1.0000000
      0.00000       1.4130000       0.0000000       1.0000000
      0.00000       1.4140000       0.0000000       1.0000000
      0.00000       1.4150000       0.0000000       1.0000000
      0.00000       1.4160000       0.0000000       1.0000000
      0.00000       1.4170000       0.0000000       1.0000000
      0.00000       1.4180000       0.0000000       1.0000000
      0.00000       1.4190000       0.0000000       1.0000000
      0.00000       1.4200000       0.0000000       1.0000000
      0.00000       1.4210000       0.0000000       1.0000000
      0.00000       1.4220000       0.0000000       1.0000000
      0.00000       1.4230000       0.0000000       1.0000000
      0.00000       1.4240000       0.0000000       1.0000000
      0.00000       1.4250000       0.0000000       1.0000000
      0.00000       1.4260000       0.0000000       1.0000000
      0.00000       1.4270000       0.0000000       1.0000000
      0.00000       1.4280000       0.0000000       1.0000000
      0.00000       1.4290000       0.0000000       1.0000000
      0.00000       1.4300000       0.0000000       1.0000000
      0.00000       1.4310000       0.0000000       1.0000000
      0.00000       1.4320000       0.0000000       1.0000000
      0.00000       1.4330000       0.0000000       1.0000000
      0.00000       1.4340000       0.0000000       1.0000000
      0.00000       1.4350000       0.0000000       1.0000000
      0.00000       1.4360000       0.0000000       1.0000000
      0.00000       1.4370000       0.0000000       1.0000000
      0.00000       1.4380000       0.0000000       1.0000000
      0.00000       1.4390000       0.0000000       1.0000000
      0.00000       1.4400000       0.0000000       1.0000000
      0.00000       1.4410000       0.0000000       1.0000000
      0.00000       1.4420000       0.0000000       1.0000000
      0.00000       1.4430000       0.0000000       1.0000000
      0.00000       1.4440000       0.0000000       1.0000000
      0.00000       1.4450000       0.0000000       1.0000000
      0.00000       1.4460000       0.0000000       1.0000000
      0.00000       1.4470000       0.0000000       1.0000000
      0.00000       1.4480000       0.0000000       1.0000000
      0.00000       1.4490000       0.0000000       1.0000000
      0.00000       1.4500000       0.0000000       1.0000000
      0.00000       1.4510000       0.0000000       1.0000000
      0.00000       1.4520000       0.0000000       1.0000000
      0.00000       1.4530000       0.0000000       1.0000000
      0.00000       1.4540000       0.0000000       1.0000000
      0.00000       1.4550000       0.0000000       1.0000000
      0.00000       1.4560000       0.0000000       1.0000000
      0.00000       1.4570000       0.0000000       1.0000000
      0.00000       1.4580000       0.0000000       1.0000000
      0.00000       1.4590000       0.0000000       1.0000000
      0.00000       1.4600000       0.0000000       1.0000000
      0.00000       1.4610000       0.0000000       1.0000000
      0.00000       1.4620000       0.0000000       1.0000000
      0.00000       1.4630000       0.0000000       1.0000000
      0.00000       1.4640000       0.0000000       1.0000000
      0.00000       1.4650000       0.0000000       1.0000000
      0.00000       1.4660000       0.0000000       1.0000000
      0.00000       1.4670000       0.0000000       1.0000000
      0.00000       1.4680000       0.0000000       1.0000000
      0.00000       1.4690000       0.0000000       1.0000000
      0.00000       1.4700000       0.0000000       1.0000000
      0.00000       1.4710000       0.0000000       1.0000000
      0.00000       1.4720000       0.0000000       1.0000000
      0.00000       1.4730000       0.0000000       1.0000000
      0.00000       1.4740000       0.0000000       1.0000000
      0.00000       1.4750000       0.0000000       1.0000000
      0.00000       1.4760000       0.0000000       1.0000000
      0.00000       1.4770000       0.0000000       1.0000000
      0.00000       1.4780000       0.0000000       1.0000000
      0.00000       1.4790000       0.0000000       1.0000000
      0.00000       1.4800000       0.0000000       1.0000000
      0.00000       1.4810000       0.0000000       1.0000000
      0.00000       1.4820000       0.0000000       1.0000000
      0.00000       1.4830000       0.0000000       1.0000000
      0.00000       1.4840000       0.0000000       1.0000000
      0.00000       1.4850000       0.0000000       1.0000000
      0.00000       1.4860000       0.0000000       1.0000000
      0.00000       1.4870000       0.0000000       1.0000000
      0.00000       1.4880000       0.0000000       1.0000000
      0.00000       1.4890000       0.0000000       1.0000000
      0.00000       1.4900000       0.0000000       1.0000000
      0.00000       1.4910000       0.0000000       1.0000000
      0.00000       1.4920000       0.0000000       1.0000000
      0.00000       1.4930000       0.0000000       1.0000000
      0.00000       1.4940000       0.0000000       1.0000000
      0.00000       1.4950000       0.0000000       1.0000000
      0.00000       1.4960000       0.0000000       1.0000000
      0.00000       1.4970000       0.0000000       1.0000000
      0.00000       1.4980000       0.0000000       1.0000000
      0.00000       1.4990000       0.0000000       1.0000000
      0.00000       1.5000000       0.0000000       1.0000000
      0.00000       1.5010000       0.0000000       1.0000000
      0.00000       1.5020000       0.0000000       1.0000000
      0.00000       1.5030000       0.0000000       1.0000000
      0.00000       1.5040000       0.0000000       1.0000000
      0.00000       1.5050000       0.0000000       1.0000000
      0.00000       1.5060000       0.0000000       1.0000000
      0.00000       1.5070000       0.0000000       1.0000000
      0.00000       1.5080000       0.0000000       1.0000000
      0.00000       1.5090000       0.0000000       1.0000000
      0.00000       1.5100000       0.0000000       1.0000000
      0.00000       1.5110000       0.0000000       1.0000000
      0.00000       1.5120000       0.0000000       1.0000000
      0.00000       1.5130000       0.0000000       1.0000000
      0.00000       1.5140000       0.0000000       1.0000000
      0.00000       1.5150000       0.0000000       1.0000000
      0.00000       1.5160000       0.0000000       1.0000000
      0.00000       1.5170000       0.0000000       1.0000000
      0.00000       1.5180000       0.0000000       1.0000000
      0.00000       1.5190000       0.0000000       1.0000000
      0.00000       1.5200000       0.0000000       1.0000000
      0.00000       1.5210000       0.0000000       1.0000000
      0.00000       1.5220000       0.0000000       1.0000000
      0.00000       1.5230000       0.0000000       1.0000000
      0.00000       1.5240000       0.0000000       1.0000000
      0.00000       1.5250000       0.0000000       1.0000000
      0.00000       1.5260000       0.0000000       1.0000000
      0.00000       1.5270000       0.0000000       1.0000000
      0.00000       1.5280000       0.0000000       1.0000000
      0.00000       1.5290000       0.0000000       1.0000000
      0.00000       1.5300000       0.0000000       1.0000000
      0.00000       1.5310000       0.0000000       1.0000000
      0.00000       1.5320000       0.0000000       1.0000000
      0.00000       1.5330000       0.0000000       1.0000000
      0.00000       1.5340000       0.0000000       1.0000000
      0.00000       1.5350000       0.0000000       1.0000000
      0.00000       1.5360000       0.0000000       1.0000000
      0.00000       1.5370000       0.0000000       1.0000000
      0.00000       1.5380000       0.0000000       1.0000000
      0.00000       1.5390000       0.0000000       1.0000000
      0.00000       1.5400000       0.0000000       1.0000000
      0.00000       1.5410000       0.0000000       1.0000000
      0.00000       1.5420000       0.0000000       1.0000000
      0.00000       1.5430000       0.0000000       1.0000000
      0.00000       1.5440000       0.0000000       1.0000000
      0.00000       1.5450000       0.0000000       1.0000000
      0.00000       1.5460000       0.0000000       1.0000000
      0.00000       1.5470000       0.0000000       1.0000000
      0.00000       1.5480000       0.0000000       1.0000000
      0.00000       1.5490000       0.0000000       1.0000000
      0.00000       1.5500000       0.0000000       1.0000000
      0.00000       1.5510000       0.0000000       1.0000000
      0.00000       1.5520000       0.0000000       1.0000000
      0.00000       1.5530000       0.0000000       1.0000000
      0.00000       1.5540000       0.0000000       1.0000000
      0.00000       1.5550000       0.0000000       1.0000000
      0.00000       1.5560000       0.0000000       1.0000000
      0.00000       1.5570000       0.0000000       1.0000000
      0.00000       1.5580000       0.0000000       1.0000000
      0.00000       1.5590000       0.0000000       1.0000000
      0.00000       1.5600000       0.0000000       1.0000000
      0.00000       1.5610000       0.0000000       1.0000000
      0.00000       1.5620000       0.0000000       1.0000000
      0.00000       1.5630000       0.0000000       1.0000000
      0.00000       1.5640000       0.0000000       1.0000000
      0.00000       1.5650000       0.0000000       1.0000000
      0.00000       1.5660000       0.0000000       1.0000000
      0.00000       1.5670000       0.0000000       1.0000000
      0.00000       1.5680000       0.0000000       1.0000000
      0.00000       1.5690000       0.0000000       1.0000000
      0.00000       1.5700000       0.0000000       1.0000000
      0.00000       1.5710000       0.0000000       1.0000000
      0.00000       1.5720000       0.0000000       1.0000000
      0.00000       1.5730000       0.0000000       1.0000000
      0.00000       1.5740000       0.0000000       1.0000000
      0.00000       1.5750000       0.0000000       1.0000000
      0.00000       1.5760000       0.0000000       1.0000000
      0.00000       1.5770000       0.0000000       1.0000000
      0.00000       1.5780000       0.0000000       1.0000000
      0.00000       1.5790000       0.0000000       1.0000000
      0.00000       1.5800000       0.0000000       1.0000000
      0.00000       1.5810000       0.0000000       1.0000000
      0.00000       1.5820000       0.0000000       1.0000000
      0.00000       1.5830000       0.0000000       1.0000000
      0.00000       1.5840000       0.0000000       1.0000000
      0.00000       1.5850000       0.0000000       1.0000000
      0.00000       1.5860000       0.0000000       1.0000000
      0.00000       1.5870000       0.0000000       1.0000000
      0.00000       1.5880000       0.0000000       1.0000000
      0.00000       1.5890000       0.0000000       1.0000000
      0.00000       1.5900000       0.0000000       1.0000000
      0.00000       1.5910000       0.0000000       1.0000000
      0.00000       1.5920000       0.0000000       1.0000000
      0.00000       1.5930000       0.0000000       1.0000000
      0.00000       1.5940000       0.0000000       1.0000000
      0.00000       1.5950000       0.0000000       1.0000000
      0.00000       1.5960000       0.0000000       1.0000000
      0.00000       1.5970000       0.0000000       1.0000000
      0.00000       1.5980000       0.0000000       1.0000000
      0.00000       1.5990000       0.0000000       1.0000000
      0.00000       1.6000000       0.0000000       1.0000000
      0.00000       1.6010000       0.0000000       1.0000000
      0.00000       1.6020000       0.0000000       1.0000000
      0.00000       1.6030000       0.0000000       1.0000000
      0.00000       1.6040000       0.0000000       1.0000000
      0.00000       1.6050000       0.0000000       1.0000000
      0.00000       1.6060000       0.0000000       1.0000000
      0.00000       1.6070000       0.0000000       1.0000000
      0.00000       1.6080000       0.0000000       1.0000000
      0.00000       1.6090000       0.0000000       1.0000000
      0.00000       1.6100000       0.0000000       1.0000000
      0.00000       1.6110000       0.0000000       1.0000000
      0.00000       1.6120000       0.0000000       1.0000000
      0.00000       1.6130000       0.0000000       1.0000000
      0.00000       1.6140000       0.0000000       1.0000000
      0.00000       1.6150000       0.0000000       1.0000000
      0.00000       1.6160000       0.0000000       1.0000000
      0.00000       1.6170000       0.0000000       1.0000000
      0.00000       1.6180000       0.0000000       1.0000000
      0.00000       1.6190000       0.0000000       1.0000000
      0.00000       1.6200000       0.0000000       1.0000000
      0.00000       1.6210000       0.0000000       1.0000000
      0.00000       1.6220000       0.0000000       1.0000000
      0.00000       1.6230000       0.0000000       1.0000000
      0.00000       1.6240000       0.0000000       1.0000000
      0.00000       1.6250000       0.0000000       1.0000000
      0.00000       1.6260000       0.0000000       1.0000000
      0.00000       1.6270000       0.0000000       1.0000000
      0.00000       1.6280000       0.0000000       1.0000000
      0.00000       1.6290000       0.0000000       1.0000000
      0.00000       1.6300000       0.0000000       1.0000000
      0.00000       1.6310000       0.0000000       1.0000000
      0.00000       1.6320000       0.0000000       1.0000000
      0.00000       1.6330000       0.0000000       1.0000000
      0.00000       1.6340000       0.0000000       1.0000000
      0.00000       1.6350000       0.0000000       1.0000000
      0.00000       1.6360000       0.0000000       1.0000000
      0.00000       1.6370000       0.0000000       1.0000000
      0.00000       1.6380000       0.0000000       1.0000000
      0.00000       1.6390000       0.0000000       1.0000000
      0.00000       1.6400000       0.0000000       1.0000000
      0.00000       1.6410000       0.0000000       1.0000000
      0.00000       1.6420000       0.0000000       1.0000000
      0.00000       1.6430000       0.0000000       1.0000000
      0.00000       1.6440000       0.0000000       1.0000000
      0.00000       1.6450000       0.0000000       1.0000000
      0.00000       1.6460000       0.0000000       1.0000000
      0.00000       1.6470000       0.0000000       1.0000000
      0.00000       1.6480000       0.0000000       1.0000000
      0.00000       1.6490000       0.0000000       1.0000000
      0.00000       1.6500000       0.0000000       1.0000000
      0.00000       1.6510000       0.0000000       1.0000000
      0.00000       1.6520000       0.0000000       1.0000000
      0.00000       1.6530000       0.0000000       1.0000000
      0.00000       1.6540000       0.0000000       1.0000000
      0.00000       1.6550000       0.0000000       1.0000000
      0.00000       1.6560000       0.0000000       1.0000000
      0.00000       1.6570000       0.0000000       1.0000000
      0.00000       1.6580000       0.0000000       1.0000000
      0.00000       1.6590000       0.0000000       1.0000000
      0.00000       1.6600000       0.0000000       1.0000000
      0.00000       1.6610000       0.0000000       1.0000000
      0.00000       1.6620000       0.0000000       1.0000000
      0.00000       1.6630000       0.0000000       1.0000000
      0.00000       1.6640000       0.0000000       1.0000000
      0.00000       1.6650000       0.0000000       1.0000000
      0.00000       1.6660000       0.0000000       1.0000000
      0.00000       1.6670000       0.0000000       1.0000000
      0.00000       1.6680000       0.0000000       1.0000000
      0.00000       1.6690000       0.0000000       1.0000000
      0.00000       1.6700000       0.0000000       1.0000000
      0.00000       1.6710000       0.0000000       1.0000000
      0.00000       1.6720000       0.0000000       1.0000000
      0.00000       1.6730000       0.0000000       1.0000000
      0.00000       1.6740000       0.0000000       1.0000000
      0.00000       1.6750000       0.0000000       1.0000000
      0.00000       1.6760000       0.0000000       1.0000000
      0.00000       1.6770000       0.0000000       1.0000000
      0.00000       1.6780000       0.0000000       1.0000000
      0.00000       1.6790000       0.0000000       1.0000000
      0.00000       1.6800000       0.0000000       1.0000000
      0.00000       1.6810000       0.0000000       1.0000000
      0.00000       1.6820000       0.0000000       1.0000000
      0.00000       1.6830000       0.0000000       1.0000000
      0.00000       1.6840000       0.0000000       1.0000000
      0.00000       1.6850000       0.0000000       1.0000000
      0.00000       1.6860000       0.0000000       1.0000000
      0.00000       1.6870000       0.0000000       1.0000000
      0.00000       1.6880000       0.0000000       1.0000000
      0.00000       1.6890000       0.0000000       1.0000000
      0.00000       1.6900000       0.0000000       1.0000000
      0.00000       1.6910000       0.0000000       1.0000000
      0.00000       1.6920000       0.0000000       1.0000000
      0.00000       1.6930000       0.0000000       1.0000000
      0.00000       1.6940000       0.0000000       1.0000000
      0.00000       1.6950000       0.0000000       1.0000000
      0.00000       1.6960000       0.0000000       1.0000000
      0.00000       1.6970000       0.0000000       1.0000000
      0.00000       1.6980000       0.0000000       1.0000000
      0.00000       1.6990000       0.0000000       1.0000000
      0.00000       1.7000000       0.0000000       1.0000000
      0.00000       1.7010000       0.0000000       1.0000000
      0.00000       1.7020000       0.0000000       1.0000000
      0.00000       1.7030000       0.0000000       1.0000000
      0.00000       1.7040000       0.0000000       1.0000000
      0.00000       1.7050000       0.0000000       1.0000000
      0.00000       1.7060000       0.0000000       1.0000000
      0.00000       1.7070000       0.0000000       1.0000000
      0.00000       1.7080000       0.0000000       1.0000000
      0.00000       1.7090000       0.0000000       1.0000000
      0.00000       1.7100000       0.0000000       1.0000000
      0.00000       1.7110000       0.0000000       1.0000000
      0.00000       1.7120000       0.0000000       1.0000000
      0.00000       1.7130000       0.0000000       1.0000000
      0.00000       1.7140000       0.0000000       1.0000000
      0.00000       1.7150000       0.0000000       1.0000000
      0.00000       1.7160000       0.0000000       1.0000000
      0.00000       1.7170000       0.0000000       1.0000000
      0.00000       1.7180000       0.0000000       1.0000000
      0.00000       1.7190000       0.0000000       1.0000000
      0.00000       1.7200000       0.0000000       1.0000000
      0.00000       1.7210000       0.0000000       1.0000000
      0.00000       1.7220000       0.0000000       1.0000000
      0.00000       1.7230000       0.0000000       1.0000000
      0.00000       1.7240000       0.0000000       1.0000000
      0.00000       1.7250000       0.0000000       1.0000000
      0.00000       1.7260000       0.0000000       1.0000000
      0.00000       1.7270000       0.0000000       1.0000000
      0.00000       1.7280000       0.0000000       1.0000000
      0.00000       1.7290000       0.0000000       1.0000000
      0.00000       1.7300000       0.0000000       1.0000000
      0.00000       1.7310000       0.0000000       1.0000000
      0.00000       1.7320000       0.0000000       1.0000000
      0.00000       1.7330000       0.0000000       1.0000000
      0.00000       1.7340000       0.0000000       1.0000000
      0.00000       1.7350000       0.0000000       1.0000000
      0.00000       1.7360000       0.0000000       1.0000000
      0.00000       1.7370000       0.0000000       1.0000000
      0.00000       1.7380000       0.0000000       1.0000000
      0.00000       1.7390000       0.0000000       1.0000000
      0.00000       1.7400000       0.0000000       1.0000000
      0.00000       1.7410000       0.0000000       1.0000000
      0.00000       1.7420000       0.0000000       1.0000000
      0.00000       1.7430000       0.0000000       1.0000000
      0.00000       1.7440000       0.0000000       1.0000000
      0.00000       1.7450000       0.0000000       1.0000000
      0.00000       1.7460000       0.0000000       1.0000000
      0.00000       1.7470000       0.0000000       1.0000000
      0.00000       1.7480000       0.0000000       1.0000000
      0.00000       1.7490000       0.0000000       1.0000000
      0.00000       1.7500000       0.0000000       1.0000000
      0.00000       1.7510000       0.0000000       1.0000000
      0.00000       1.7520000       0.0000000       1.0000000
      0.00000       1.7530000       0.0000000       1.0000000
      0.00000       1.7540000       0.0000000       1.0000000
      0.00000       1.7550000       0.0000000       1.0000000
      0.00000       1.7560000       0.0000000       1.0000000
      0.00000       1.7570000       0.0000000       1.0000000
      0.00000       1.7580000       0.0000000       1.0000000
      0.00000       1.7590000       0.0000000       1.0000000
      0.00000       1.7600000       0.0000000       1.0000000
      0.00000       1.7610000       0.0000000       1.0000000
      0.00000       1.7620000       0.0000000       1.0000000
      0.00000       1.7630000       0.0000000       1.0000000
      0.00000       1.7640000       0.0000000       1.0000000
      0.00000       1.7650000       0.0000000       1.0000000
      0.00000       1.7660000       0.0000000       1.0000000
      0.00000       1.7670000       0.0000000       1.0000000
      0.00000       1.7680000       0.0000000       1.0000000
      0.00000       1.7690000       0.0000000       1.0000000
      0.00000       1.7700000       0.0000000       1.0000000
      0.00000       1.7710000       0.0000000       1.0000000
      0.00000       1.7720000       0.0000000       1.0000000
      0.00000       1.7730000       0.0000000       1.0000000
      0.00000       1.7740000       0.0000000       1.0000000
      0.00000       1.7750000       0.0000000       1.0000000
      0.00000       1.7760000       0.0000000       1.0000000
      0.00000       1.7770000       0.0000000       1.0000000
      0.00000       1.7780000       0.0000000       1.0000000
      0.00000       1.7790000       0.0000000       1.0000000
      0.00000       1.7800000       0.0000000       1.0000000
      0.00000       1.7810000       0.0000000       1.0000000
      0.00000       1.7820000       0.0000000       1.0000000
      0.00000       1.7830000       0.0000000       1.0000000
      0.00000       1.7840000       0.0000000       1.0000000
      0.00000       1.7850000       0.0000000       1.0000000
      0.00000       1.7860000       0.0000000       1.0000000
      0.00000       1.7870000       0.0000000       1.0000000
      0.00000       1.7880000       0.0000000       1.0000000
      0.00000       1.7890000       0.0000000       1.0000000
      0.00000       1.7900000       0.0000000       1.0000000
      0.00000       1.7910000       0.0000000       1.0000000
      0.00000       1.7920000       0.0000000       1.0000000
      0.00000       1.7930000       0.0000000       1.0000000
      0.00000       1.7940000       0.0000000       1.0000000
      0.00000       1.7950000       0.0000000       1.0000000
      0.00000       1.7960000       0.0000000       1.0000000
      0.00000       1.7970000       0.0000000       1.0000000
      0.00000       1.7980000       0.0000000       1.0000000
      0.00000       1.7990000       0.0000000       1.0000000
      0.00000       1.8000000       0.0000000       1.0000000
      0.00000       1.8010000       0.0000000       1.0000000
      0.00000       1.8020000       0.0000000       1.0000000
      0.00000       1.8030000       0.0000000       1.0000000
      0.00000       1.8040000       0.0000000       1.0000000
      0.00000       1.8050000       0.0000000       1.0000000
      0.00000       1.8060000       0.0000000       1.0000000
      0.00000       1.8070000       0.0000000       1.0000000
      0.00000       1.8080000       0.0000000       1.0000000
      0.00000       1.8090000       0.0000000       1.0000000
      0.00000       1.8100000       0.0000000       1.0000000
      0.00000       1.8110000       0.0000000       1.0000000
      0.00000       1.8120000       0.0000000       1.0000000
      0.00000       1.8130000       0.0000000       1.0000000
      0.00000       1.8140000       0.0000000       1.0000000
      0.00000       1.8150000       0.0000000       1.0000000
      0.00000       1.8160000       0.0000000       1.0000000
      0.00000       1.8170000       0.0000000       1.0000000
      0.00000       1.8180000       0.0000000       1.0000000
      0.00000       1.8190000       0.0000000       1.0000000
      0.00000       1.8200000       0.0000000       1.0000000
      0.00000       1.8210000       0.0000000       1.0000000
      0.00000       1.8220000       0.0000000       1.0000000
      0.00000       1.8230000       0.0000000       1.0000000
      0.00000       1.8240000       0.0000000       1.0000000
      0.00000       1.8250000       0.0000000       1.0000000
      0.00000       1.8260000       0.0000000       1.0000000
      0.00000       1.8270000       0.0000000       1.0000000
      0.00000       1.8280000       0.0000000       1.0000000
      0.00000       1.8290000       0.0000000       1.0000000
      0.00000       1.8300000       0.0000000       1.0000000
      0.00000       1.8310000       0.0000000       1.0000000
      0.00000       1.8320000       0.0000000       1.0000000
      0.00000       1.8330000       0.0000000       1.0000000
      0.00000       1.8340000       0.0000000       1.0000000
      0.00000       1.8350000       0.0000000       1.0000000
      0.00000       1.8360000       0.0000000       1.0000000
      0.00000       1.8370000       0.0000000       1.0000000
      0.00000       1.8380000       0.0000000       1.0000000
      0.00000       1.8390000       0.0000000       1.0000000
      0.00000       1.8400000       0.0000000       1.0000000
      0.00000       1.8410000       0.0000000       1.0000000
      0.00000       1.8420000       0.0000000       1.0000000
      0.00000       1.8430000       0.0000000       1.0000000
      0.00000       1.8440000       0.0000000       1.0000000
      0.00000       1.8450000       0.0000000       1.0000000
      0.00000       1.8460000       0.0000000       1.0000000
      0.00000       1.8470000       0.0000000       1.0000000
      0.00000       1.8480000       0.0000000       1.0000000
      0.00000       1.8490000       0.0000000       1.0000000
      0.00000       1.8500000       0.0000000       1.0000000
      0.00000       1.8510000       0.0000000       1.0000000
      0.00000       1.8520000       0.0000000       1.0000000
      0.00000       1.8530000       0.0000000       1.0000000
      0.00000       1.8540000       0.0000000       1.0000000
      0.00000       1.8550000       0.0000000       1.0000000
      0.00000       1.8560000       0.0000000       1.0000000
      0.00000       1.8570000       0.0000000       1.0000000
      0.00000       1.8580000       0.0000000       1.0000000
      0.00000       1.8590000       0.0000000       1.0000000
      0.00000       1.8600000       0.0000000       1.0000000
      0.00000       1.8610000       0.0000000       1.0000000
      0.00000       1.8620000       0.0000000       1.0000000
      0.00000       1.8630000       0.0000000       1.0000000
      0.00000       1.8640000       0.0000000       1.0000000
      0.00000       1.8650000       0.0000000       1.0000000
      0.00000       1.8660000       0.0000000       1.0000000
      0.00000       1.8670000       0.0000000       1.0000000
      0.00000       1.8680000       0.0000000       1.0000000
      0.00000       1.8690000       0.0000000       1.0000000
      0.00000       1.8700000       0.0000000       1.0000000
      0.00000       1.8710000       0.0000000       1.0000000
      0.00000       1.8720000       0.0000000       1.0000000
      0.00000       1.8730000       0.0000000       1.0000000
      0.00000       1.8740000       0.0000000       1.0000000
      0.00000       1.8750000       0.0000000       1.0000000
      0.00000       1.8760000       0.0000000       1.0000000
      0.00000       1.8770000       0.0000000       1.0000000
      0.00000       1.8780000       0.0000000       1.0000000
      0.00000       1.8790000       0.0000000       1.0000000
      0.00000       1.8800000       0.0000000       1.0000000
      0.00000       1.8810000       0.0000000       1.0000000
      0.00000       1.8820000       0.0000000       1.0000000
      0.00000       1.8830000       0.0000000       1.0000000
      0.00000       1.8840000       0.0000000       1.0000000
      0.00000       1.8850000       0.0000000       1.0000000
      0.00000       1.8860000       0.0000000       1.0000000
      0.00000       1.8870000       0.0000000       1.0000000
      0.00000       1.8880000       0.0000000       1.0000000
      0.00000       1.8890000       0.0000000       1.0000000
      0.00000       1.8900000       0.0000000       1.0000000
      0.00000       1.8910000       0.0000000       1.0000000
      0.00000       1.8920000       0.0000000       1.0000000
      0.00000       1.8930000       0.0000000       1.0000000
      0.00000       1.8940000       0.0000000       1.0000000
      0.00000       1.8950000       0.0000000       1.0000000
      0.00000       1.8960000       0.0000000       1.0000000
      0.00000       1.8970000       0.0000000       1.0000000
      0.00000       1.8980000       0.0000000       1.0000000
      0.00000       1.8990000       0.0000000       1.0000000
      0.00000       1.9000000       0.0000000       1.0000000
      0.00000       1.9010000       0.0000000       1.0000000
      0.00000       1.9020000       0.0000000       1.0000000
      0.00000       1.9030000       0.0000000       1.0000000
      0.00000       1.9040000       0.0000000       1.0000000
      0.00000       1.9050000       0.0000000       1.0000000
      0.00000       1.9060000       0.0000000       1.0000000
      0.00000       1.9070000       0.0000000       1.0000000
      0.00000       1.9080000       0.0000000       1.0000000
      0.00000       1.9090000       0.0000000       1.0000000
      0.00000       1.9100000       0.0000000       1.0000000
      0.00000       1.9110000       0.0000000       1.0000000
      0.00000       1.9120000       0.0000000       1.0000000
      0.00000       1.9130000       0.0000000       1.0000000
      0.00000       1.9140000       0.0000000       1.0000000
      0.00000       1.9150000       0.0000000       1.0000000
      0.00000       1.9160000       0.0000000       1.0000000
      0.00000       1.9170000       0.0000000       1.0000000
      0.00000       1.9180000       0.0000000       1.0000000
      0.00000       1.9190000       0.0000000       1.0000000
      0.00000       1.9200000       0.0000000       1.0000000
      0.00000       1.9210000       0.0000000       1.0000000
      0.00000       1.9220000       0.0000000       1.0000000
      0.00000       1.9230000       0.0000000       1.0000000
      0.00000       1.9240000       0.0000000       1.0000000
      0.00000       1.9250000       0.0000000       1.0000000
      0.00000       1.9260000       0.0000000       1.0000000
      0.00000       1.9270000       0.0000000       1.0000000
      0.00000       1.9280000       0.0000000       1.0000000
      0.00000       1.9290000       0.0000000       1.0000000
      0.00000       1.9300000       0.0000000       1.0000000
      0.00000       1.9310000       0.0000000       1.0000000
      0.00000       1.9320000       0.0000000       1.0000000
      0.00000       1.9330000       0.0000000       1.0000000
      0.00000       1.9340000       0.0000000       1.0000000
      0.00000       1.9350000       0.0000000       1.0000000
      0.00000       1.9360000       0.0000000       1.0000000
      0.00000       1.9370000       0.0000000       1.0000000
      0.00000       1.9380000       0.0000000       1.0000000
      0.00000       1.9390000       0.0000000       1.0000000
      0.00000       1.9400000       0.0000000       1.0000000
      0.00000       1.9410000       0.0000000       1.0000000
      0.00000       1.9420000       0.0000000       1.0000000
      0.00000       1.9430000       0.0000000       1.0000000
      0.00000       1.9440000       0.0000000       1.0000000
      0.00000       1.9450000       0.0000000       1.0000000
      0.00000       1.9460000       0.0000000       1.0000000
      0.00000       1.9470000       0.0000000       1.0000000
      0.00000       1.9480000       0.0000000       1.0000000
      0.00000       1.9490000       0.0000000       1.0000000
      0.00000       1.9500000       0.0000000       1.0000000
      0.00000       1.9510000       0.0000000       1.0000000
      0.00000       1.9520000       0.0000000       1.0000000
      0.00000       1.9530000       0.0000000       1.0000000
      0.00000       1.9540000       0.0000000       1.0000000
      0.00000       1.9550000       0.0000000       1.0000000
      0.00000       1.9560000       0.0000000       1.0000000
      0.00000       1.9570000       0.0000000       1.0000000
      0.00000       1.9580000       0.0000000       1.0000000
      0.00000       1.9590000       0.0000000       1.0000000
      0.00000       1.9600000       0.0000000       1.0000000
      0.00000       1.9610000       0.0000000       1.0000000
      0.00000       1.9620000       0.0000000       1.0000000
      0.00000       1.9630000       0.0000000       1.0000000
      0.00000       1.9640000       0.0000000       1.0000000
      0.00000       1.9650000       0.0000000       1.0000000
      0.00000       1.9660000       0.0000000       1.0000000
      0.00000       1.9670000       0.0000000       1.0000000
      0.00000       1.9680000       0.0000000       1.0000000
      0.00000       1.9690000       0.0000000       1.0000000
      0.00000       1.9700000       0.0000000       1.0000000
      0.00000       1.9710000       0.0000000       1.0000000
      0.00000       1.9720000       0.0000000       1.0000000
      0.00000       1.9730000       0.0000000       1.0000000
      0.00000       1.9740000       0.0000000       1.0000000
      0.00000       1.9750000       0.0000000       1.0000000
      0.00000       1.9760000       0.0000000       1.0000000
      0.00000       1.9770000       0.0000000       1.0000000
      0.00000       1.9780000       0.0000000       1.0000000
      0.00000       1.9790000       0.0000000       1.0000000
      0.00000       1.9800000       0.0000000       1.0000000
      0.00000       1.9810000       0.0000000       1.0000000
      0.00000       1.9820000       0.0000000       1.0000000
      0.00000       1.9830000       0.0000000       1.0000000
      0.00000       1.9840000       0.0000000       1.0000000
      0.00000       1.9850000       0.0000000       1.0000000
      0.00000       1.9860000       0.0000000       1.0000000
      0.00000       1.9870000       0.0000000       1.0000000
      0.00000       1.9880000       0.0000000       1.0000000
      0.00000       1.9890000       0.0000000       1.0000000
      0.00000       1.9900000       0.0000000       1.0000000
      0.00000       1.9910000       0.0000000       1.0000000
      0.00000       1.9920000       0.0000000       1.0000000
      0.00000       1.9930000       0.0000000       1.0000000
      0.00000       1.9940000       0.0000000       1.0000000
      0.00000       1.9950000       0.0000000       1.0000000
      0.00000       1.9960000       0.0000000       1.0000000
      0.00000       1.9970000       0.0000000       1.0000000
      0.00000       1.9980000       0.0000000       1.0000000
      0.00000       1.9990000       0.0000000       1.0000000
      0.00000       2.0000000       0.0000000       1.0000000
      0.00000       2.0010000       0.0000000       1.0000000
      0.00000       2.0020000       0.0000000       1.0000000
      0.00000       2.0030000       0.0000000       1.0000000
      0.00000       2.0040000       0.0000000       1.0000000
      0.00000       2.0050000       0.0000000       1.0000000
      0.00000       2.0060000       0.0000000       1.0000000
      0.00000       2.0070000       0.0000000       1.0000000
      0.00000       2.0080000       0.0000000       1.0000000
      0.00000       2.0090000       0.0000000       1.0000000
      0.00000       2.0100000       0.0000000       1.0000000
      0.00000       2.0110000       0.0000000       1.0000000
      0.00000       2.0120000       0.0000000       1.0000000
      0.00000       2.0130000       0.0000000       1.0000000
      0.00000       2.0140000       0.0000000       1.0000000
      0.00000       2.0150000       0.0000000       1.0000000
      0.00000       2.0160000       0.0000000       1.0000000
      0.00000       2.0170000       0.0000000       1.0000000
      0.00000       2.0180000       0.0000000       1.0000000
      0.00000       2.0190000       0.0000000       1.0000000
      0.00000       2.0200000       0.0000000       1.0000000
      0.00000       2.0210000       0.0000000       1.0000000
      0.00000       2.0220000       0.0000000       1.0000000
      0.00000       2.0230000       0.0000000       1.0000000
      0.00000       2.0240000       0.0000000       1.0000000
      0.00000       2.0250000       0.0000000       1.0000000
      0.00000       2.0260000       0.0000000       1.0000000
      0.00000       2.0270000       0.0000000       1.0000000
      0.00000       2.0280000       0.0000000       1.0000000
      0.00000       2.0290000       0.0000000       1.0000000
      0.00000       2.0300000       0.0000000       1.0000000
      0.00000       2.0310000       0.0000000       1.0000000
      0.00000       2.0320000       0.0000000       1.0000000
      0.00000       2.0330000       0.0000000       1.0000000
      0.00000       2.0340000       0.0000000       1.0000000
      0.00000       2.0350000       0.0000000       1.0000000
      0.00000       2.0360000       0.0000000       1.0000000
      0.00000       2.0370000       0.0000000       1.0000000
      0.00000       2.0380000       0.0000000       1.0000000
      0.00000       2.0390000       0.0000000       1.0000000
      0.00000       2.0400000       0.0000000       1.0000000
      0.00000       2.0410000       0.0000000       1.0000000
      0.00000       2.0420000       0.0000000       1.0000000
      0.00000       2.0430000       0.0000000       1.0000000
      0.00000       2.0440000       0.0000000       1.0000000
      0.00000       2.0450000       0.0000000       1.0000000
      0.00000       2.0460000       0.0000000       1.0000000
      0.00000       2.0470000       0.0000000       1.0000000
      0.00000       2.0480000       0.0000000       1.0000000
      0.00000       2.0490000       0.0000000       1.0000000
      0.00000       2.0500000       0.0000000       1.0000000
      0.00000       2.0510000       0.0000000       1.0000000
      0.00000       2.0520000       0.0000000       1.0000000
      0.00000       2.0530000       0.0000000       1.0000000
      0.00000       2.0540000       0.0000000       1.0000000
      0.00000       2.0550000       0.0000000       1.0000000
      0.00000       2.0560000       0.0000000       1.0000000
      0.00000       2.0570000       0.0000000       1.0000000
      0.00000       2.0580000       0.0000000       1.0000000
      0.00000       2.0590000       0.0000000       1.0000000
      0.00000       2.0600000       0.0000000       1.0000000
      0.00000       2.0610000       0.0000000       1.0000000
      0.00000       2.0620000       0.0000000       1.0000000
      0.00000       2.0630000       0.0000000       1.0000000
      0.00000       2.0640000       0.0000000       1.0000000
      0.00000       2.0650000       0.0000000       1.0000000
      0.00000       2.0660000       0.0000000       1.0000000
      0.00000       2.0670000       0.0000000       1.0000000
      0.00000       2.0680000       0.0000000       1.0000000
      0.00000       2.0690000       0.0000000       1.0000000
      0.00000       2.0700000       0.0000000       1.0000000
      0.00000       2.0710000       0.0000000       1.0000000
      0.00000       2.0720000       0.0000000       1.0000000
      0.00000       2.0730000       0.0000000       1.0000000
      0.00000       2.0740000       0.0000000       1.0000000
      0.00000       2.0750000       0.0000000       1.0000000
      0.00000       2.0760000       0.0000000       1.0000000
      0.00000       2.0770000       0.0000000       1.0000000
      0.00000       2.0780000       0.0000000       1.0000000
      0.00000       2.0790000       0.0000000       1.0000000
      0.00000       2.0800000       0.0000000       1.0000000
      0.00000       2.0810000       0.0000000       1.0000000
      0.00000       2.0820000       0.0000000       1.0000000
      0.00000       2.0830000       0.0000000       1.0000000
      0.00000       2.0840000       0.0000000       1.0000000
      0.00000       2.0850000       0.0000000       1.0000000
      0.00000       2.0860000       0.0000000       1.0000000
      0.00000       2.0870000       0.0000000       1.0000000
      0.00000       2.0880000       0.0000000       1.0000000
      0.00000       2.0890000       0.0000000       1.0000000
      0.00000       2.0900000       0.0000000       1.0000000
      0.00000       2.0910000       0.0000000       1.0000000
      0.00000       2.0920000       0.0000000       1.0000000
      0.00000       2.0930000       0.0000000       1.0000000
      0.00000       2.0940000       0.0000000       1.0000000
      0.00000       2.0950000       0.0000000       1.0000000
      0.00000       2.0960000       0.0000000       1.0000000
      0.00000       2.0970000       0.0000000       1.0000000
      0.00000       2.0980000       0.0000000       1.0000000
      0.00000       2.0990000       0.0000000       1.0000000
      0.00000       2.1000000       0.0000000       1.0000000
      0.00000       2.1010000       0.0000000       1.0000000
      0.00000       2.1020000       0.0000000       1.0000000
      0.00000       2.1030000       0.0000000       1.0000000
      0.00000       2.1040000       0.0000000       1.0000000
      0.00000       2.1050000       0.0000000       1.0000000
      0.00000       2.1060000       0.0000000       1.0000000
      0.00000       2.1070000       0.0000000       1.0000000
      0.00000       2.1080000       0.0000000       1.0000000
      0.00000       2.1090000       0.0000000       1.0000000
      0.00000       2.1100000       0.0000000       1.0000000
      0.00000       2.1110000       0.0000000       1.0000000
      0.00000       2.1120000       0.0000000       1.0000000
      0.00000       2.1130000       0.0000000       1.0000000
      0.00000       2.1140000       0.0000000       1.0000000
      0.00000       2.1150000       0.0000000       1.0000000
      0.00000       2.1160000       0.0000000       1.0000000
      0.00000       2.1170000       0.0000000       1.0000000
      0.00000       2.1180000       0.0000000       1.0000000
      0.00000       2.1190000       0.0000000       1.0000000
      0.00000       2.1200000       0.0000000       1.0000000
      0.00000       2.1210000       0.0000000       1.0000000
      0.00000       2.1220000       0.0000000       1.0000000
      0.00000       2.1230000       0.0000000       1.0000000
      0.00000       2.1240000       0.0000000       1.0000000
      0.00000       2.1250000       0.0000000       1.0000000
      0.00000       2.1260000       0.0000000       1.0000000
      0.00000       2.1270000       0.0000000       1.0000000
      0.00000       2.1280000       0.0000000       1.0000000
      0.00000       2.1290000       0.0000000       1.0000000
      0.00000       2.1300000       0.0000000       1.0000000
      0.00000       2.1310000       0.0000000       1.0000000
      0.00000       2.1320000       0.0000000       1.0000000
      0.00000       2.1330000       0.0000000       1.0000000
      0.00000       2.1340000       0.0000000       1.0000000
      0.00000       2.1350000       0.0000000       1.0000000
      0.00000       2.1360000       0.0000000       1.0000000
      0.00000       2.1370000       0.0000000       1.0000000
      0.00000       2.1380000       0.0000000       1.0000000
      0.00000       2.1390000       0.0000000       1.0000000
      0.00000       2.1400000       0.0000000       1.0000000
      0.00000       2.1410000       0.0000000       1.0000000
      0.00000       2.1420000       0.0000000       1.0000000
      0.00000       2.1430000       0.0000000       1.0000000
      0.00000       2.1440000       0.0000000       1.0000000
      0.00000       2.1450000       0.0000000       1.0000000
      0.00000       2.1460000       0.0000000       1.0000000
      0.00000       2.1470000       0.0000000       1.0000000
      0.00000       2.1480000       0.0000000       1.0000000
      0.00000       2.1490000       0.0000000       1.0000000
      0.00000       2.1500000       0.0000000       1.0000000
      0.00000       2.1510000       0.0000000       1.0000000
      0.00000       2.1520000       0.0000000       1.0000000
      0.00000       2.1530000       0.0000000       1.0000000
      0.00000       2.1540000       0.0000000       1.0000000
      0.00000       2.1550000       0.0000000       1.0000000
      0.00000       2.1560000       0.0000000       1.0000000
      0.00000       2.1570000       0.0000000       1.0000000
      0.00000       2.1580000       0.0000000       1.0000000
      0.00000       2.1590000       0.0000000       1.0000000
      0.00000       2.1600000       0.0000000       1.0000000
      0.00000       2.1610000       0.0000000       1.0000000
      0.00000       2.1620000       0.0000000       1.0000000
      0.00000       2.1630000       0.0000000       1.0000000
      0.00000       2.1640000       0.0000000       1.0000000
      0.00000       2.1650000       0.0000000       1.0000000
      0.00000       2.1660000       0.0000000       1.0000000
      0.00000       2.1670000       0.0000000       1.0000000
      0.00000       2.1680000       0.0000000       1.0000000
      0.00000       2.1690000       0.0000000       1.0000000
      0.00000       2.1700000       0.0000000       1.0000000
      0.00000       2.1710000       0.0000000       1.0000000
      0.00000       2.1720000       0.0000000       1.0000000
      0.00000       2.1730000       0.0000000       1.0000000
      0.00000       2.1740000       0.0000000       1.0000000
      0.00000       2.1750000       0.0000000       1.0000000
      0.00000       2.1760000       0.0000000       1.0000000
      0.00000       2.1770000       0.0000000       1.0000000
      0.00000       2.1780000       0.0000000       1.0000000
      0.00000       2.1790000       0.0000000       1.0000000
      0.00000       2.1800000       0.0000000       1.0000000
      0.00000       2.1810000       0.0000000       1.0000000
      0.00000       2.1820000       0.0000000       1.0000000
      0.00000       2.1830000       0.0000000       1.0000000
      0.00000       2.1840000       0.0000000       1.0000000
      0.00000       2.1850000       0.0000000       1.0000000
      0.00000       2.1860000       0.0000000       1.0000000
      0.00000       2.1870000       0.0000000       1.0000000
      0.00000       2.1880000       0.0000000       1.0000000
      0.00000       2.1890000       0.0000000       1.0000000
      0.00000       2.1900000       0.0000000       1.0000000
      0.00000       2.1910000       0.0000000       1.0000000
      0.00000       2.1920000       0.0000000       1.0000000
      0.00000       2.1930000       0.0000000       1.0000000
      0.00000       2.1940000       0.0000000       1.0000000
      0.00000       2.1950000       0.0000000       1.0000000
      0.00000       2.1960000       0.0000000       1.0000000
      0.00000       2.1970000       0.0000000       1.0000000
      0.00000       2.1980000       0.0000000       1.0000000
      0.00000       2.1990000       0.0000000       1.0000000
      0.00000       2.2000000       0.0000000       1.0000000
      0.00000       2.2010000       0.0000000       1.0000000
      0.00000       2.2020000       0.0000000       1.0000000
      0.00000       2.2030000       0.0000000       1.0000000
      0.00000       2.2040000       0.0000000       1.0000000
      0.00000       2.2050000       0.0000000       1.0000000
      0.00000       2.2060000       0.0000000       1.0000000
      0.00000       2.2070000       0.0000000       1.0000000
      0.00000       2.2080000       0.0000000       1.0000000
      0.00000       2.2090000       0.0000000       1.0000000
      0.00000       2.2100000       0.0000000       1.0000000
      0.00000       2.2110000       0.0000000       1.0000000
      0.00000       2.2120000       0.0000000       1.0000000
      0.00000       2.2130000       0.0000000       1.0000000
      0.00000       2.2140000       0.0000000       1.0000000
      0.00000       2.2150000       0.0000000       1.0000000
      0.00000       2.2160000       0.0000000       1.0000000
      0.00000       2.2170000       0.0000000       1.0000000
      0.00000       2.2180000       0.0000000       1.0000000
      0.00000       2.2190000       0.0000000       1.0000000
      0.00000       2.2200000       0.0000000       1.0000000
      0.00000       2.2210000       0.0000000       1.0000000
      0.00000       2.2220000       0.0000000       1.0000000
      0.00000       2.2230000       0.0000000       1.0000000
      0.00000       2.2240000       0.0000000       1.0000000
      0.00000       2.2250000       0.0000000       1.0000000
      0.00000       2.2260000       0.0000000       1.0000000
      0.00000       2.2270000       0.0000000       1.0000000
      0.00000       2.2280000       0.0000000       1.0000000
      0.00000       2.2290000       0.0000000       1.0000000
      0.00000       2.2300000       0.0000000       1.0000000
      0.00000       2.2310000       0.0000000       1.0000000
      0.00000       2.2320000       0.0000000       1.0000000
      0.00000       2.2330000       0.0000000       1.0000000
      0.00000       2.2340000       0.0000000       1.0000000
      0.00000       2.2350000       0.0000000       1.0000000
      0.00000       2.2360000       0.0000000       1.0000000
      0.00000       2.2370000       0.0000000       1.0000000
      0.00000       2.2380000       0.0000000       1.0000000
      0.00000       2.2390000       0.0000000       1.0000000
      0.00000       2.2400000       0.0000000       1.0000000
      0.00000       2.2410000       0.0000000       1.0000000
      0.00000       2.2420000       0.0000000       1.0000000
      0.00000       2.2430000       0.0000000       1.0000000
      0.00000       2.2440000       0.0000000       1.0000000
      0.00000       2.2450000       0.0000000       1.0000000
      0.00000       2.2460000       0.0000000       1.0000000
      0.00000       2.2470000       0.0000000       1.0000000
      0.00000       2.2480000       0.0000000       1.0000000
      0.00000       2.2490000       0.0000000       1.0000000
      0.00000       2.2500000       0.0000000       1.0000000
      0.00000       2.2510000       0.0000000       1.0000000
      0.00000       2.2520000       0.0000000       1.0000000
      0.00000       2.2530000       0.0000000       1.0000000
      0.00000       2.2540000       0.0000000       1.0000000
      0.00000       2.2550000       0.0000000       1.0000000
      0.00000       2.2560000       0.0000000       1.0000000
      0.00000       2.2570000       0.0000000       1.0000000
      0.00000       2.2580000       0.0000000       1.0000000
      0.00000       2.2590000       0.0000000       1.0000000
      0.00000       2.2600000       0.0000000       1.0000000
      0.00000       2.2610000       0.0000000       1.0000000
      0.00000       2.2620000       0.0000000       1.0000000
      0.00000       2.2630000       0.0000000       1.0000000
      0.00000       2.2640000       0.0000000       1.0000000
      0.00000       2.2650000       0.0000000       1.0000000
      0.00000       2.2660000       0.0000000       1.0000000
      0.00000       2.2670000       0.0000000       1.0000000
      0.00000       2.2680000       0.0000000       1.0000000
      0.00000       2.2690000       0.0000000       1.0000000
      0.00000       2.2700000       0.0000000       1.0000000
      0.00000       2.2710000       0.0000000       1.0000000
      0.00000       2.2720000       0.0000000       1.0000000
      0.00000       2.2730000       0.0000000       1.0000000
      0.00000       2.2740000       0.0000000       1.0000000
      0.00000       2.2750000       0.0000000       1.0000000
      0.00000       2.2760000       0.0000000       1.0000000
      0.00000       2.2770000       0.0000000       1.0000000
      0.00000       2.2780000       0.0000000       1.0000000
      0.00000       2.2790000       0.0000000       1.0000000
      0.00000       2.2800000       0.0000000       1.0000000
      0.00000       2.2810000       0.0000000       1.0000000
      0.00000       2.2820000       0.0000000       1.0000000
      0.00000       2.2830000       0.0000000       1.0000000
      0.00000       2.2840000       0.0000000       1.0000000
      0.00000       2.2850000       0.0000000       1.0000000
      0.00000       2.2860000       0.0000000       1.0000000
      0.00000       2.2870000       0.0000000       1.0000000
      0.00000       2.2880000       0.0000000       1.0000000
      0.00000       2.2890000       0.0000000       1.0000000
      0.00000       2.2900000       0.0000000       1.0000000
      0.00000       2.2910000       0.0000000       1.0000000
      0.00000       2.2920000       0.0000000       1.0000000
      0.00000       2.2930000       0.0000000       1.0000000
      0.00000       2.2940000       0.0000000       1.0000000
      0.00000       2.2950000       0.0000000       1.0000000
      0.00000       2.2960000       0.0000000       1.0000000
      0.00000       2.2970000       0.0000000       1.0000000
      0.00000       2.2980000       0.0000000       1.0000000
      0.00000       2.2990000       0.0000000       1.0000000
      0.00000       2.3000000       0.0000000       1.0000000
      0.00000       2.3010000       0.0000000       1.0000000
      0.00000       2.3020000       0.0000000       1.0000000
      0.00000       2.3030000       0.0000000       1.0000000
      0.00000       2.3040000       0.0000000       1.0000000
      0.00000       2.3050000       0.0000000       1.0000000
      0.00000       2.3060000       0.0000000       1.0000000
      0.00000       2.3070000       0.0000000       1.0000000
      0.00000       2.3080000       0.0000000       1.0000000
      0.00000       2.3090000       0.0000000       1.0000000
      0.00000       2.3100000       0.0000000       1.0000000
      0.00000       2.3110000       0.0000000       1.0000000
      0.00000       2.3120000       0.0000000       1.0000000
      0.00000       2.3130000       0.0000000       1.0000000
      0.00000       2.3140000       0.0000000       1.0000000
      0.00000       2.3150000       0.0000000       1.0000000
      0.00000       2.3160000       0.0000000       1.0000000
      0.00000       2.3170000       0.0000000       1.0000000
      0.00000       2.3180000       0.0000000       1.0000000
      0.00000       2.3190000       0.0000000       1.0000000
      0.00000       2.3200000       0.0000000       1.0000000
      0.00000       2.3210000       0.0000000       1.0000000
      0.00000       2.3220000       0.0000000       1.0000000
      0.00000       2.3230000       0.0000000       1.0000000
      0.00000       2.3240000       0.0000000       1.0000000
      0.00000       2.3250000       0.0000000       1.0000000
      0.00000       2.3260000       0.0000000       1.0000000
      0.00000       2.3270000       0.0000000       1.0000000
      0.00000       2.3280000       0.0000000       1.0000000
      0.00000       2.3290000       0.0000000       1.0000000
      0.00000       2.3300000       0.0000000       1.0000000
      0.00000       2.3310000       0.0000000       1.0000000
      0.00000       2.3320000       0.0000000       1.0000000
      0.00000       2.3330000       0.0000000       1.0000000
      0.00000       2.3340000       0.0000000       1.0000000
      0.00000       2.3350000       0.0000000       1.0000000
      0.00000       2.3360000       0.0000000       1.0000000
      0.00000       2.3370000       0.0000000       1.0000000
      0.00000       2.3380000       0.0000000       1.0000000
      0.00000       2.3390000       0.0000000       1.0000000
      0.00000       2.3400000       0.0000000       1.0000000
      0.00000       2.3410000       0.0000000       1.0000000
      0.00000       2.3420000       0.0000000       1.0000000
      0.00000       2.3430000       0.0000000       1.0000000
      0.00000       2.3440000       0.0000000       1.0000000
      0.00000       2.3450000       0.0000000       1.0000000
      0.00000       2.3460000       0.0000000       1.0000000
      0.00000       2.3470000       0.0000000       1.0000000
      0.00000       2.3480000       0.0000000       1.0000000
      0.00000       2.3490000       0.0000000       1.0000000
      0.00000       2.3500000       0.0000000       1.0000000
      0.00000       2.3510000       0.0000000       1.0000000
      0.00000       2.3520000       0.0000000       1.0000000
      0.00000       2.3530000       0.0000000       1.0000000
      0.00000       2.3540000       0.0000000       1.0000000
      0.00000       2.3550000       0.0000000       1.0000000
      0.00000       2.3560000       0.0000000       1.0000000
      0.00000       2.3570000       0.0000000       1.0000000
      0.00000       2.3580000       0.0000000       1.0000000
      0.00000       2.3590000       0.0000000       1.0000000
      0.00000       2.3600000       0.0000000       1.0000000
      0.00000       2.3610000       0.0000000       1.0000000
      0.00000       2.3620000       0.0000000       1.0000000
      0.00000       2.3630000       0.0000000       1.0000000
      0.00000       2.3640000       0.0000000       1.0000000
      0.00000       2.3650000       0.0000000       1.0000000
      0.00000       2.3660000       0.0000000       1.0000000
      0.00000       2.3670000       0.0000000       1.0000000
      0.00000       2.3680000       0.0000000       1.0000000
      0.00000       2.3690000       0.0000000       1.0000000
      0.00000       2.3700000       0.0000000       1.0000000
      0.00000       2.3710000       0.0000000       1.0000000
      0.00000       2.3720000       0.0000000       1.0000000
      0.00000       2.3730000       0.0000000       1.0000000
      0.00000       2.3740000       0.0000000       1.0000000
      0.00000       2.3750000       0.0000000       1.0000000
      0.00000       2.3760000       0.0000000       1.0000000
      0.00000       2.3770000       0.0000000       1.0000000
      0.00000       2.3780000       0.0000000       1.0000000
      0.00000       2.3790000       0.0000000       1.0000000
      0.00000       2.3800000       0.0000000       1.0000000
      0.00000       2.3810000       0.0000000       1.0000000
      0.00000       2.3820000       0.0000000       1.0000000
      0.00000       2.3830000       0.0000000       1.0000000
      0.00000       2.3840000       0.0000000       1.0000000
      0.00000       2.3850000       0.0000000       1.0000000
      0.00000       2.3860000       0.0000000       1.0000000
      0.00000       2.3870000       0.0000000       1.0000000
      0.00000       2.3880000       0.0000000       1.0000000
      0.00000       2.3890000       0.0000000       1.0000000
      0.00000       2.3900000       0.0000000       1.0000000
      0.00000       2.3910000       0.0000000       1.0000000
      0.00000       2.3920000       0.0000000       1.0000000
      0.00000       2.3930000       0.0000000       1.0000000
      0.00000       2.3940000       0.0000000       1.0000000
      0.00000       2.3950000       0.0000000       1.0000000
      0.00000       2.3960000       0.0000000       1.0000000
      0.00000       2.3970000       0.0000000       1.0000000
      0.00000       2.3980000       0.0000000       1.0000000
      0.00000       2.3990000       0.0000000       1.0000000
      0.00000       2.4000000       0.0000000       1.0000000
      0.00000       2.4010000       0.0000000       1.0000000
      0.00000       2.4020000       0.0000000       1.0000000
      0.00000       2.4030000       0.0000000       1.0000000
      0.00000       2.4040000       0.0000000       1.0000000
      0.00000       2.4050000       0.0000000       1.0000000
      0.00000       2.4060000       0.0000000       1.0000000
      0.00000       2.4070000       0.0000000       1.0000000
      0.00000       2.4080000       0.0000000       1.0000000
      0.00000       2.4090000       0.0000000       1.0000000
      0.00000       2.4100000       0.0000000       1.0000000
      0.00000       2.4110000       0.0000000       1.0000000
      0.00000       2.4120000       0.0000000       1.0000000
      0.00000       2.4130000       0.0000000       1.0000000
      0.00000       2.4140000       0.0000000       1.0000000
      0.00000       2.4150000       0.0000000       1.0000000
      0.00000       2.4160000       0.0000000       1.0000000
      0.00000       2.4170000       0.0000000       1.0000000
      0.00000       2.4180000       0.0000000       1.0000000
      0.00000       2.4190000       0.0000000       1.0000000
      0.00000       2.4200000       0.0000000       1.0000000
      0.00000       2.4210000       0.0000000       1.0000000
      0.00000       2.4220000       0.0000000       1.0000000
      0.00000       2.4230000       0.0000000       1.0000000
      0.00000       2.4240000       0.0000000       1.0000000
      0.00000       2.4250000       0.0000000       1.0000000
      0.00000       2.4260000       0.0000000       1.0000000
      0.00000       2.4270000       0.0000000       1.0000000
      0.00000       2.4280000       0.0000000       1.0000000
      0.00000       2.4290000       0.0000000       1.0000000
      0.00000       2.4300000       0.0000000       1.0000000
      0.00000       2.4310000       0.0000000       1.0000000
      0.00000       2.4320000       0.0000000       1.0000000
      0.00000       2.4330000       0.0000000       1.0000000
      0.00000       2.4340000       0.0000000       1.0000000
      0.00000       2.4350000       0.0000000       1.0000000
      0.00000       2.4360000       0.0000000       1.0000000
      0.00000       2.4370000       0.0000000       1.0000000
      0.00000       2.4380000       0.0000000       1.0000000
      0.00000       2.4390000       0.0000000       1.0000000
      0.00000       2.4400000       0.0000000       1.0000000
      0.00000       2.4410000       0.0000000       1.0000000
      0.00000       2.4420000       0.0000000       1.0000000
      0.00000       2.4430000       0.0000000       1.0000000
      0.00000       2.4440000       0.0000000       1.0000000
      0.00000       2.4450000       0.0000000       1.0000000
      0.00000       2.4460000       0.0000000       1.0000000
      0.00000       2.4470000       0.0000000       1.0000000
      0.00000       2.4480000       0.0000000       1.0000000
      0.00000       2.4490000       0.0000000       1.0000000
      0.00000       2.4500000       0.0000000       1.0000000
      0.00000       2.4510000       0.0000000       1.0000000
      0.00000       2.4520000       0.0000000       1.0000000
      0.00000       2.4530000       0.0000000       1.0000000
      0.00000       2.4540000       0.0000000       1.0000000
      0.00000       2.4550000       0.0000000       1.0000000
      0.00000       2.4560000       0.0000000       1.0000000
      0.00000       2.4570000       0.0000000       1.0000000
      0.00000       2.4580000       0.0000000       1.0000000
      0.00000       2.4590000       0.0000000       1.0000000
      0.00000       2.4600000       0.0000000       1.0000000
      0.00000       2.4610000       0.0000000       1.0000000
      0.00000       2.4620000       0.0000000       1.0000000
      0.00000       2.4630000       0.0000000       1.0000000
      0.00000       2.4640000       0.0000000       1.0000000
      0.00000       2.4650000       0.0000000       1.0000000
      0.00000       2.4660000       0.0000000       1.0000000
      0.00000       2.4670000       0.0000000       1.0000000
      0.00000       2.4680000       0.0000000       1.0000000
      0.00000       2.4690000       0.0000000       1.0000000
      0.00000       2.4700000       0.0000000       1.0000000
      0.00000       2.4710000       0.0000000       1.0000000
      0.00000       2.4720000       0.0000000       1.0000000
      0.00000       2.4730000       0.0000000       1.0000000
      0.00000       2.4740000       0.0000000       1.0000000
      0.00000       2.4750000       0.0000000       1.0000000
      0.00000       2.4760000       0.0000000       1.0000000
      0.00000       2.4770000       0.0000000       1.0000000
      0.00000       2.4780000       0.0000000       1.0000000
      0.00000       2.4790000       0.0000000       1.0000000
      0.00000       2.4800000       0.0000000       1.0000000
      0.00000       2.4810000       0.0000000       1.0000000
      0.00000       2.4820000       0.0000000       1.0000000
      0.00000       2.4830000       0.0000000       1.0000000
      0.00000       2.4840000       0.0000000       1.0000000
      0.00000       2.4850000       0.0000000       1.0000000
      0.00000       2.4860000       0.0000000       1.0000000
      0.00000       2.4870000       0.0000000       1.0000000
      0.00000       2.4880000       0.0000000       1.0000000
      0.00000       2.4890000       0.0000000       1.0000000
      0.00000       2.4900000       0.0000000       1.0000000
      0.00000       2.4910000       0.0000000       1.0000000
      0.00000       2.4920000       0.0000000       1.0000000
      0.00000       2.4930000       0.0000000       1.0000000
      0.00000       2.4940000       0.0000000       1.0000000
      0.00000       2.4950000       0.0000000       1.0000000
      0.00000       2.4960000       0.0000000       1.0000000
      0.00000       2.4970000       0.0000000       1.0000000
      0.00000       2.4980000       0.0000000       1.0000000
      0.00000       2.4990000       0.0000000       1.0000000
      0.00000       2.5000000       0.0000000       1.0000000
      0.00000       2.5010000       0.0000000       1.0000000
      0.00000       2.5020000       0.0000000       1.0000000
      0.00000       2.5030000       0.0000000       1.0000000
      0.00000       2.5040000       0.0000000       1.0000000
      0.00000       2.5050000       0.0000000       1.0000000
      0.00000       2.5060000       0.0000000       1.0000000
      0.00000       2.5070000       0.0000000       1.0000000
      0.00000       2.5080000       0.0000000       1.0000000
      0.00000       2.5090000       0.0000000       1.0000000
      0.00000       2.5100000       0.0000000       1.0000000
      0.00000       2.5110000       0.0000000       1.0000000
      0.00000       2.5120000       0.0000000       1.0000000
      0.00000       2.5130000       0.0000000       1.0000000
      0.00000       2.5140000       0.0000000       1.0000000
      0.00000       2.5150000       0.0000000       1.0000000
      0.00000       2.5160000       0.0000000       1.0000000
      0.00000       2.5170000       0.0000000       1.0000000
      0.00000       2.5180000       0.0000000       1.0000000
      0.00000       2.5190000       0.0000000       1.0000000
      0.00000       2.5200000       0.0000000       1.0000000
      0.00000       2.5210000       0.0000000       1.0000000
      0.00000       2.5220000       0.0000000       1.0000000
      0.00000       2.5230000       0.0000000       1.0000000
      0.00000       2.5240000       0.0000000       1.0000000
      0.00000       2.5250000       0.0000000       1.0000000
      0.00000       2.5260000       0.0000000       1.0000000
      0.00000       2.5270000       0.0000000       1.0000000
      0.00000       2.5280000       0.0000000       1.0000000
      0.00000       2.5290000       0.0000000       1.0000000
      0.00000       2.5300000       0.0000000       1.0000000
      0.00000       2.5310000       0.0000000       1.0000000
      0.00000       2.5320000       0.0000000       1.0000000
      0.00000       2.5330000       0.0000000       1.0000000
      0.00000       2.5340000       0.0000000       1.0000000
      0.00000       2.5350000       0.0000000       1.0000000
      0.00000       2.5360000       0.0000000       1.0000000
      0.00000       2.5370000       0.0000000       1.0000000
      0.00000       2.5380000       0.0000000       1.0000000
      0.00000       2.5390000       0.0000000       1.0000000
      0.00000       2.5400000       0.0000000       1.0000000
      0.00000       2.5410000       0.0000000       1.0000000
      0.00000       2.5420000       0.0000000       1.0000000
      0.00000       2.5430000       0.0000000       1.0000000
      0.00000       2.5440000       0.0000000       1.0000000
      0.00000       2.5450000       0.0000000       1.0000000
      0.00000       2.5460000       0.0000000       1.0000000
      0.00000       2.5470000       0.0000000       1.0000000
      0.00000       2.5480000       0.0000000       1.0000000
      0.00000       2.5490000       0.0000000       1.0000000
      0.00000       2.5500000       0.0000000       1.0000000
      0.00000       2.5510000       0.0000000       1.0000000
      0.00000       2.5520000       0.0000000       1.0000000
      0.00000       2.5530000       0.0000000       1.0000000
      0.00000       2.5540000       0.0000000       1.0000000
      0.00000       2.5550000       0.0000000       1.0000000
      0.00000       2.5560000       0.0000000       1.0000000
      0.00000       2.5570000       0.0000000       1.0000000
      0.00000       2.5580000       0.0000000       1.0000000
      0.00000       2.5590000       0.0000000       1.0000000
      0.00000       2.5600000       0.0000000       1.0000000
      0.00000       2.5610000       0.0000000       1.0000000
      0.00000       2.5620000       0.0000000       1.0000000
      0.00000       2.5630000       0.0000000       1.0000000
      0.00000       2.5640000       0.0000000       1.0000000
      0.00000       2.5650000       0.0000000       1.0000000
      0.00000       2.5660000       0.0000000       1.0000000
      0.00000       2.5670000       0.0000000       1.0000000
      0.00000       2.5680000       0.0000000       1.0000000
      0.00000       2.5690000       0.0000000       1.0000000
      0.00000       2.5700000       0.0000000       1.0000000
      0.00000       2.5710000       0.0000000       1.0000000
      0.00000       2.5720000       0.0000000       1.0000000
      0.00000       2.5730000       0.0000000       1.0000000
      0.00000       2.5740000       0.0000000       1.0000000
      0.00000       2.5750000       0.0000000       1.0000000
      0.00000       2.5760000       0.0000000       1.0000000
      0.00000       2.5770000       0.0000000       1.0000000
      0.00000       2.5780000       0.0000000       1.0000000
      0.00000       2.5790000       0.0000000       1.0000000
      0.00000       2.5800000       0.0000000       1.0000000
      0.00000       2.5810000       0.0000000       1.0000000
      0.00000       2.5820000       0.0000000       1.0000000
      0.00000       2.5830000       0.0000000       1.0000000
      0.00000       2.5840000       0.0000000       1.0000000
      0.00000       2.5850000       0.0000000       1.0000000
      0.00000       2.5860000       0.0000000       1.0000000
      0.00000       2.5870000       0.0000000       1.0000000
      0.00000       2.5880000       0.0000000       1.0000000
      0.00000       2.5890000       0.0000000       1.0000000
      0.00000       2.5900000       0.0000000       1.0000000
      0.00000       2.5910000       0.0000000       1.0000000
      0.00000       2.5920000       0.0000000       1.0000000
      0.00000       2.5930000       0.0000000       1.0000000
      0.00000       2.5940000       0.0000000       1.0000000
      0.00000       2.5950000       0.0000000       1.0000000
      0.00000       2.5960000       0.0000000       1.0000000
      0.00000       2.5970000       0.0000000       1.0000000
      0.00000       2.5980000       0.0000000       1.0000000
      0.00000       2.5990000       0.0000000       1.0000000
      0.00000       2.6000000       0.0000000       1.0000000
      0.00000       2.6010000       0.0000000       1.0000000
      0.00000       2.6020000       0.0000000       1.0000000
      0.00000       2.6030000       0.0000000       1.0000000
      0.00000       2.6040000       0.0000000       1.0000000
      0.00000       2.6050000       0.0000000       1.0000000
      0.00000       2.6060000       0.0000000       1.0000000
      0.00000       2.6070000       0.0000000       1.0000000
      0.00000       2.6080000       0.0000000       1.0000000
      0.00000       2.6090000       0.0000000       1.0000000
      0.00000       2.6100000       0.0000000       1.0000000
      0.00000       2.6110000       0.0000000       1.0000000
      0.00000       2.6120000       0.0000000       1.0000000
      0.00000       2.6130000       0.0000000       1.0000000
      0.00000       2.6140000       0.0000000       1.0000000
      0.00000       2.6150000       0.0000000       1.0000000
      0.00000       2.6160000       0.0000000       1.0000000
      0.00000       2.6170000       0.0000000       1.0000000
      0.00000       2.6180000       0.0000000       1.0000000
      0.00000       2.6190000       0.0000000       1.0000000
      0.00000       2.6200000       0.0000000       1.0000000
      0.00000       2.6210000       0.0000000       1.0000000
      0.00000       2.6220000       0.0000000       1.0000000
      0.00000       2.6230000       0.0000000       1.0000000
      0.00000       2.6240000       0.0000000       1.0000000
      0.00000       2.6250000       0.0000000       1.0000000
      0.00000       2.6260000       0.0000000       1.0000000
      0.00000       2.6270000       0.0000000       1.0000000
      0.00000       2.6280000       0.0000000       1.0000000
      0.00000       2.6290000       0.0000000       1.0000000
      0.00000       2.6300000       0.0000000       1.0000000
      0.00000       2.6310000       0.0000000       1.0000000
      0.00000       2.6320000       0.0000000       1.0000000
      0.00000       2.6330000       0.0000000       1.0000000
      0.00000       2.6340000       0.0000000       1.0000000
      0.00000       2.6350000       0.0000000       1.0000000
      0.00000       2.6360000       0.0000000       1.0000000
      0.00000       2.6370000       0.0000000       1.0000000
      0.00000       2.6380000       0.0000000       1.0000000
      0.00000       2.6390000       0.0000000       1.0000000
      0.00000       2.6400000       0.0000000       1.0000000
      0.00000       2.6410000       0.0000000       1.0000000
      0.00000       2.6420000       0.0000000       1.0000000
      0.00000       2.6430000       0.0000000       1.0000000
      0.00000       2.6440000       0.0000000       1.0000000
      0.00000       2.6450000       0.0000000       1.0000000
      0.00000       2.6460000       0.0000000       1.0000000
      0.00000       2.6470000       0.0000000       1.0000000
      0.00000       2.6480000       0.0000000       1.0000000
      0.00000       2.6490000       0.0000000       1.0000000
      0.00000       2.6500000       0.0000000       1.0000000
      0.00000       2.6510000       0.0000000       1.0000000
      0.00000       2.6520000       0.0000000       1.0000000
      0.00000       2.6530000       0.0000000       1.0000000
      0.00000       2.6540000       0.0000000       1.0000000
      0.00000       2.6550000       0.0000000       1.0000000
      0.00000       2.6560000       0.0000000       1.0000000
      0.00000       2.6570000       0.0000000       1.0000000
      0.00000       2.6580000       0.0000000       1.0000000
      0.00000       2.6590000       0.0000000       1.0000000
      0.00000       2.6600000       0.0000000       1.0000000
      0.00000       2.6610000       0.0000000       1.0000000
      0.00000       2.6620000       0.0000000       1.0000000
      0.00000       2.6630000       0.0000000       1.0000000
      0.00000       2.6640000       0.0000000       1.0000000
      0.00000       2.6650000       0.0000000       1.0000000
      0.00000       2.6660000       0.0000000       1.0000000
      0.00000       2.6670000       0.0000000       1.0000000
      0.00000       2.6680000       0.0000000       1.0000000
      0.00000       2.6690000       0.0000000       1.0000000
      0.00000       2.6700000       0.0000000       1.0000000
      0.00000       2.6710000       0.0000000       1.0000000
      0.00000       2.6720000       0.0000000       1.0000000
      0.00000       2.6730000       0.0000000       1.0000000
      0.00000       2.6740000       0.0000000       1.0000000
      0.00000       2.6750000       0.0000000       1.0000000
      0.00000       2.6760000       0.0000000       1.0000000
      0.00000       2.6770000       0.0000000       1.0000000
      0.00000       2.6780000       0.0000000       1.0000000
      0.00000       2.6790000       0.0000000       1.0000000
      0.00000       2.6800000       0.0000000       1.0000000
      0.00000       2.6810000       0.0000000       1.0000000
      0.00000       2.6820000       0.0000000       1.0000000
      0.00000       2.6830000       0.0000000       1.0000000
      0.00000       2.6840000       0.0000000       1.0000000
      0.00000       2.6850000       0.0000000       1.0000000
      0.00000       2.6860000       0.0000000       1.0000000
      0.00000       2.6870000       0.0000000       1.0000000
      0.00000       2.6880000       0.0000000       1.0000000
      0.00000       2.6890000       0.0000000       1.0000000
      0.00000       2.6900000       0.0000000       1.0000000
      0.00000       2.6910000       0.0000000       1.0000000
      0.00000       2.6920000       0.0000000       1.0000000
      0.00000       2.6930000       0.0000000       1.0000000
      0.00000       2.6940000       0.0000000       1.0000000
      0.00000       2.6950000       0.0000000       1.0000000
      0.00000       2.6960000       0.0000000       1.0000000
      0.00000       2.6970000       0.0000000       1.0000000
      0.00000       2.6980000       0.0000000       1.0000000
      0.00000       2.6990000       0.0000000       1.0000000
      0.00000       2.7000000       0.0000000       1.0000000
      0.00000       2.7010000       0.0000000       1.0000000
      0.00000       2.7020000       0.0000000       1.0000000
      0.00000       2.7030000       0.0000000       1.0000000
      0.00000       2.7040000       0.0000000       1.0000000
      0.00000       2.7050000       0.0000000       1.0000000
      0.00000       2.7060000       0.0000000       1.0000000
      0.00000       2.7070000       0.0000000       1.0000000
      0.00000       2.7080000       0.0000000       1.0000000
      0.00000       2.7090000       0.0000000       1.0000000
      0.00000       2.7100000       0.0000000       1.0000000
      0.00000       2.7110000       0.0000000       1.0000000
      0.00000       2.7120000       0.0000000       1.0000000
      0.00000       2.7130000       0.0000000       1.0000000
      0.00000       2.7140000       0.0000000       1.0000000
      0.00000       2.7150000       0.0000000       1.0000000
      0.00000       2.7160000       0.0000000       1.0000000
      0.00000       2.7170000       0.0000000       1.0000000
      0.00000       2.7180000       0.0000000       1.0000000
      0.00000       2.7190000       0.0000000       1.0000000
      0.00000       2.7200000       0.0000000       1.0000000
      0.00000       2.7210000       0.0000000       1.0000000
      0.00000       2.7220000       0.0000000       1.0000000
      0.00000       2.7230000       0.0000000       1.0000000
      0.00000       2.7240000       0.0000000       1.0000000
      0.00000       2.7250000       0.0000000       1.0000000
      0.00000       2.7260000       0.0000000       1.0000000
      0.00000       2.7270000       0.0000000       1.0000000
      0.00000       2.7280000       0.0000000       1.0000000
      0.00000       2.7290000       0.0000000       1.0000000
      0.00000       2.7300000       0.0000000       1.0000000
      0.00000       2.7310000       0.0000000       1.0000000
      0.00000       2.7320000       0.0000000       1.0000000
      0.00000       2.7330000       0.0000000       1.0000000
      0.00000       2.7340000       0.0000000       1.0000000
      0.00000       2.7350000       0.0000000       1.0000000
      0.00000       2.7360000       0.0000000       1.0000000
      0.00000       2.7370000       0.0000000       1.0000000
      0.00000       2.7380000       0.0000000       1.0000000
      0.00000       2.7390000       0.0000000       1.0000000
      0.00000       2.7400000       0.0000000       1.0000000
      0.00000       2.7410000       0.0000000       1.0000000
      0.00000       2.7420000       0.0000000       1.0000000
      0.00000       2.7430000       0.0000000       1.0000000
      0.00000       2.7440000       0.0000000       1.0000000
      0.00000       2.7450000       0.0000000       1.0000000
      0.00000       2.7460000       0.0000000       1.0000000
      0.00000       2.7470000       0.0000000       1.0000000
      0.00000       2.7480000       0.0000000       1.0000000
      0.00000       2.7490000       0.0000000       1.0000000
      0.00000       2.7500000       0.0000000       1.0000000
      0.00000       2.7510000       0.0000000       1.0000000
      0.00000       2.7520000       0.0000000       1.0000000
      0.00000       2.7530000       0.0000000       1.0000000
      0.00000       2.7540000       0.0000000       1.0000000
      0.00000       2.7550000       0.0000000       1.0000000
      0.00000       2.7560000       0.0000000       1.0000000
      0.00000       2.7570000       0.0000000       1.0000000
      0.00000       2.7580000       0.0000000       1.0000000
      0.00000       2.7590000       0.0000000       1.0000000
      0.00000       2.7600000       0.0000000       1.0000000
      0.00000       2.7610000       0.0000000       1.0000000
      0.00000       2.7620000       0.0000000       1.0000000
      0.00000       2.7630000       0.0000000       1.0000000
      0.00000       2.7640000       0.0000000       1.0000000
      0.00000       2.7650000       0.0000000       1.0000000
      0.00000       2.7660000       0.0000000       1.0000000
      0.00000       2.7670000       0.0000000       1.0000000
      0.00000       2.7680000       0.0000000       1.0000000
      0.00000       2.7690000       0.0000000       1.0000000
      0.00000       2.7700000       0.0000000       1.0000000
      0.00000       2.7710000       0.0000000       1.0000000
      0.00000       2.7720000       0.0000000       1.0000000
      0.00000       2.7730000       0.0000000       1.0000000
      0.00000       2.7740000       0.0000000       1.0000000
      0.00000       2.7750000       0.0000000       1.0000000
      0.00000       2.7760000       0.0000000       1.0000000
      0.00000       2.7770000       0.0000000       1.0000000
      0.00000       2.7780000       0.0000000       1.0000000
      0.00000       2.7790000       0.0000000       1.0000000
      0.00000       2.7800000       0.0000000       1.0000000
      0.00000       2.7810000       0.0000000       1.0000000
      0.00000       2.7820000       0.0000000       1.0000000
      0.00000       2.7830000       0.0000000       1.0000000
      0.00000       2.7840000       0.0000000       1.0000000
      0.00000       2.7850000       0.0000000       1.0000000
      0.00000       2.7860000       0.0000000       1.0000000
      0.00000       2.7870000       0.0000000       1.0000000
      0.00000       2.7880000       0.0000000       1.0000000
      0.00000       2.7890000       0.0000000       1.0000000
      0.00000       2.7900000       0.0000000       1.0000000
      0.00000       2.7910000       0.0000000       1.0000000
      0.00000       2.7920000       0.0000000       1.0000000
      0.00000       2.7930000       0.0000000       1.0000000
      0.00000       2.7940000       0.0000000       1.0000000
      0.00000       2.7950000       0.0000000       1.0000000
      0.00000       2.7960000       0.0000000       1.0000000
      0.00000       2.7970000       0.0000000       1.0000000
      0.00000       2.7980000       0.0000000       1.0000000
      0.00000       2.7990000       0.0000000       1.0000000
      0.00000       2.8000000       0.0000000       1.0000000
      0.00000       2.8010000       0.0000000       1.0000000
      0.00000       2.8020000       0.0000000       1.0000000
      0.00000       2.8030000       0.0000000       1.0000000
      0.00000       2.8040000       0.0000000       1.0000000
      0.00000       2.8050000       0.0000000       1.0000000
      0.00000       2.8060000       0.0000000       1.0000000
      0.00000       2.8070000       0.0000000       1.0000000
      0.00000       2.8080000       0.0000000       1.0000000
      0.00000       2.8090000       0.0000000       1.0000000
      0.00000       2.8100000       0.0000000       1.0000000
      0.00000       2.8110000       0.0000000       1.0000000
      0.00000       2.8120000       0.0000000       1.0000000
      0.00000       2.8130000       0.0000000       1.0000000
      0.00000       2.8140000       0.0000000       1.0000000
      0.00000       2.8150000       0.0000000       1.0000000
      0.00000       2.8160000       0.0000000       1.0000000
      0.00000       2.8170000       0.0000000       1.0000000
      0.00000       2.8180000       0.0000000       1.0000000
      0.00000       2.8190000       0.0000000       1.0000000
      0.00000       2.8200000       0.0000000       1.0000000
      0.00000       2.8210000       0.0000000       1.0000000
      0.00000       2.8220000       0.0000000       1.0000000
      0.00000       2.8230000       0.0000000       1.0000000
      0.00000       2.8240000       0.0000000       1.0000000
      0.00000       2.8250000       0.0000000       1.0000000
      0.00000       2.8260000       0.0000000       1.0000000
      0.00000       2.8270000       0.0000000       1.0000000
      0.00000       2.8280000       0.0000000       1.0000000
      0.00000       2.8290000       0.0000000       1.0000000
      0.00000       2.8300000       0.0000000       1.0000000
      0.00000       2.8310000       0.0000000       1.0000000
      0.00000       2.8320000       0.0000000       1.0000000
      0.00000       2.8330000       0.0000000       1.0000000
      0.00000       2.8340000       0.0000000       1.0000000
      0.00000       2.8350000       0.0000000       1.0000000
      0.00000       2.8360000       0.0000000       1.0000000
      0.00000       2.8370000       0.0000000       1.0000000
      0.00000       2.8380000       0.0000000       1.0000000
      0.00000       2.8390000       0.0000000       1.0000000
      0.00000       2.8400000       0.0000000       1.0000000
      0.00000       2.8410000       0.0000000       1.0000000
      0.00000       2.8420000       0.0000000       1.0000000
      0.00000       2.8430000       0.0000000       1.0000000
      0.00000       2.8440000       0.0000000       1.0000000
      0.00000       2.8450000       0.0000000       1.0000000
      0.00000       2.8460000       0.0000000       1.0000000
      0.00000       2.8470000       0.0000000       1.0000000
      0.00000       2.8480000       0.0000000       1.0000000
      0.00000       2.8490000       0.0000000       1.0000000
      0.00000       2.8500000       0.0000000       1.0000000
      0.00000       2.8510000       0.0000000       1.0000000
      0.00000       2.8520000       0.0000000       1.0000000
      0.00000       2.8530000       0.0000000       1.0000000
      0.00000       2.8540000       0.0000000       1.0000000
      0.00000       2.8550000       0.0000000       1.0000000
      0.00000       2.8560000       0.0000000       1.0000000
      0.00000       2.8570000       0.0000000       1.0000000
      0.00000       2.8580000       0.0000000       1.0000000
      0.00000       2.8590000       0.0000000       1.0000000
      0.00000       2.8600000       0.0000000       1.0000000
      0.00000       2.8610000       0.0000000       1.0000000
      0.00000       2.8620000       0.0000000       1.0000000
      0.00000       2.8630000       0.0000000       1.0000000
      0.00000       2.8640000       0.0000000       1.0000000
      0.00000       2.8650000       0.0000000       1.0000000
      0.00000       2.8660000       0.0000000       1.0000000
      0.00000       2.8670000       0.0000000       1.0000000
      0.00000       2.8680000       0.0000000       1.0000000
      0.00000       2.8690000       0.0000000       1.0000000
      0.00000       2.8700000       0.0000000       1.0000000
      0.00000       2.8710000       0.0000000       1.0000000
      0.00000       2.8720000       0.0000000       1.0000000
      0.00000       2.8730000       0.0000000       1.0000000
      0.00000       2.8740000       0.0000000       1.0000000
      0.00000       2.8750000       0.0000000       1.0000000
      0.00000       2.8760000       0.0000000       1.0000000
      0.00000       2.8770000       0.0000000       1.0000000
      0.00000       2.8780000       0.0000000       1.0000000
      0.00000       2.8790000       0.0000000       1.0000000
      0.00000       2.8800000       0.0000000       1.0000000
      0.00000       2.8810000       0.0000000       1.0000000
      0.00000       2.8820000       0.0000000       1.0000000
      0.00000       2.8830000       0.0000000       1.0000000
      0.00000       2.8840000       0.0000000       1.0000000
      0.00000       2.8850000       0.0000000       1.0000000
      0.00000       2.8860000       0.0000000       1.0000000
      0.00000       2.8870000       0.0000000       1.0000000
      0.00000       2.8880000       0.0000000       1.0000000
      0.00000       2.8890000       0.0000000       1.0000000
      0.00000       2.8900000       0.0000000       1.0000000
      0.00000       2.8910000       0.0000000       1.0000000
      0.00000       2.8920000       0.0000000       1.0000000
      0.00000       2.8930000       0.0000000       1.0000000
      0.00000       2.8940000       0.0000000       1.0000000
      0.00000       2.8950000       0.0000000       1.0000000
      0.00000       2.8960000       0.0000000       1.0000000
      0.00000       2.8970000       0.0000000       1.0000000
      0.00000       2.8980000       0.0000000       1.0000000
      0.00000       2.8990000       0.0000000       1.0000000
      0.00000       2.9000000       0.0000000       1.0000000
      0.00000       2.9010000       0.0000000       1.0000000
      0.00000       2.9020000       0.0000000       1.0000000
      0.00000       2.9030000       0.0000000       1.0000000
      0.00000       2.9040000       0.0000000       1.0000000
      0.00000       2.9050000       0.0000000       1.0000000
      0.00000       2.9060000       0.0000000       1.0000000
      0.00000       2.9070000       0.0000000       1.0000000
      0.00000       2.9080000       0.0000000       1.0000000
      0.00000       2.9090000       0.0000000       1.0000000
      0.00000       2.9100000       0.0000000       1.0000000
      0.00000       2.9110000       0.0000000       1.0000000
      0.00000       2.9120000       0.0000000       1.0000000
      0.00000       2.9130000       0.0000000       1.0000000
      0.00000       2.9140000       0.0000000       1.0000000
      0.00000       2.9150000       0.0000000       1.0000000
      0.00000       2.9160000       0.0000000       1.0000000
      0.00000       2.9170000       0.0000000       1.0000000
      0.00000       2.9180000       0.0000000       1.0000000
      0.00000       2.9190000       0.0000000       1.0000000
      0.00000       2.9200000       0.0000000       1.0000000
      0.00000       2.9210000       0.0000000       1.0000000
      0.00000       2.9220000       0.0000000       1.0000000
      0.00000       2.9230000       0.0000000       1.0000000
      0.00000       2.9240000       0.0000000       1.0000000
      0.00000       2.9250000       0.0000000       1.0000000
      0.00000       2.9260000       0.0000000       1.0000000
      0.00000       2.9270000       0.0000000       1.0000000
      0.00000       2.9280000       0.0000000       1.0000000
      0.00000       2.9290000       0.0000000       1.0000000
      0.00000       2.9300000       0.0000000       1.0000000
      0.00000       2.9310000       0.0000000       1.0000000
      0.00000       2.9320000       0.0000000       1.0000000
      0.00000       2.9330000       0.0000000       1.0000000
      0.00000       2.9340000       0.0000000       1.0000000
      0.00000       2.9350000       0.0000000       1.0000000
      0.00000       2.9360000       0.0000000       1.0000000
      0.00000       2.9370000       0.0000000       1.0000000
      0.00000       2.9380000       0.0000000       1.0000000
      0.00000       2.9390000       0.0000000       1.0000000
      0.00000       2.9400000       0.0000000       1.0000000
      0.00000       2.9410000       0.0000000       1.0000000
      0.00000       2.9420000       0.0000000       1.0000000
      0.00000       2.9430000       0.0000000       1.0000000
      0.00000       2.9440000       0.0000000       1.0000000
      0.00000       2.9450000       0.0000000       1.0000000
      0.00000       2.9460000       0.0000000       1.0000000
      0.00000       2.9470000       0.0000000       1.0000000
      0.00000       2.9480000       0.0000000       1.0000000
      0.00000       2.9490000       0.0000000       1.0000000
      0.00000       2.9500000       0.0000000       1.0000000
      0.00000       2.9510000       0.0000000       1.0000000
      0.00000       2.9520000       0.0000000       1.0000000
      0.00000       2.9530000       0.0000000       1.0000000
      0.00000       2.9540000       0.0000000       1.0000000
      0.00000       2.9550000       0.0000000       1.0000000
      0.00000       2.9560000       0.0000000       1.0000000
      0.00000       2.9570000       0.0000000       1.0000000
      0.00000       2.9580000       0.0000000       1.0000000
      0.00000       2.9590000       0.0000000       1.0000000
      0.00000       2.9600000       0.0000000       1.0000000
      0.00000       2.9610000       0.0000000       1.0000000
      0.00000       2.9620000       0.0000000       1.0000000
      0.00000       2.9630000       0.0000000       1.0000000
      0.00000       2.9640000       0.0000000       1.0000000
      0.00000       2.9650000       0.0000000       1.0000000
      0.00000       2.9660000       0.0000000       1.0000000
      0.00000       2.9670000       0.0000000       1.0000000
      0.00000       2.9680000       0.0000000       1.0000000
      0.00000       2.9690000       0.0000000       1.0000000
      0.00000       2.9700000       0.0000000       1.0000000
      0.00000       2.9710000       0.0000000       1.0000000
      0.00000       2.9720000       0.0000000       1.0000000
      0.00000       2.9730000       0.0000000       1.0000000
      0.00000       2.9740000       0.0000000       1.0000000
      0.00000       2.9750000       0.0000000       1.0000000
      0.00000       2.9760000       0.0000000       1.0000000
      0.00000       2.9770000       0.0000000       1.0000000
      0.00000       2.9780000       0.0000000       1.0000000
      0.00000       2.9790000       0.0000000       1.0000000
      0.00000       2.9800000       0.0000000       1.0000000
      0.00000       2.9810000       0.0000000       1.0000000
      0.00000       2.9820000       0.0000000       1.0000000
      0.00000       2.9830000       0.0000000       1.0000000
      0.00000       2.9840000       0.0000000       1.0000000
      0.00000       2.9850000       0.0000000       1.0000000
      0.00000       2.9860000       0.0000000       1.0000000
      0.00000       2.9870000       0.0000000       1.0000000
      0.00000       2.9880000       0.0000000       1.0000000
      0.00000       2.9890000       0.0000000       1.0000000
      0.00000       2.9900000       0.0000000       1.0000000
      0.00000       2.9910000       0.0000000       1.0000000
      0.00000       2.9920000       0.0000000       1.0000000
      0.00000       2.9930000       0.0000000       1.0000000
      0.00000       2.9940000       0.0000000       1.0000000
      0.00000       2.9950000       0.0000000       1.0000000
      0.00000       2.9960000       0.0000000       1.0000000
      0.00000       2.9970000       0.0000000       1.0000000
      0.00000       2.9980000       0.0000000       1.0000000
      0.00000       2.9990000       0.0000000       1.0000000
      0.00000       3.0000000       0.0000000       1.0000000
      0.00000       3.0010000       0.0000000       1.0000000
      0.00000       3.0020000       0.0000000       1.0000000
      0.00000       3.0030000       0.0000000       1.0000000
      0.00000       3.0040000       0.0000000       1.0000000
      0.00000       3.0050000       0.0000000       1.0000000
      0.00000       3.0060000       0.0000000       1.0000000
      0.00000       3.0070000       0.0000000       1.0000000
      0.00000       3.0080000       0.0000000       1.0000000
      0.00000       3.0090000       0.0000000       1.0000000
      0.00000       3.0100000       0.0000000       1.0000000
      0.00000       3.0110000       0.0000000       1.0000000
      0.00000       3.0120000       0.0000000       1.0000000
      0.00000       3.0130000       0.0000000       1.0000000
      0.00000       3.0140000       0.0000000       1.0000000
      0.00000       3.0150000       0.0000000       1.0000000
      0.00000       3.0160000       0.0000000       1.0000000
      0.00000       3.0170000       0.0000000       1.0000000
      0.00000       3.0180000       0.0000000       1.0000000
      0.00000       3.0190000       0.0000000       1.0000000
      0.00000       3.0200000       0.0000000       1.0000000
      0.00000       3.0210000       0.0000000       1.0000000
      0.00000       3.0220000       0.0000000       1.0000000
      0.00000       3.0230000       0.0000000       1.0000000
      0.00000       3.0240000       0.0000000       1.0000000
      0.00000       3.0250000       0.0000000       1.0000000
      0.00000       3.0260000       0.0000000       1.0000000
      0.00000       3.0270000       0.0000000       1.0000000
      0.00000       3.0280000       0.0000000       1.0000000
      0.00000       3.0290000       0.0000000       1.0000000
      0.00000       3.0300000       0.0000000       1.0000000
      0.00000       3.0310000       0.0000000       1.0000000
      0.00000       3.0320000       0.0000000       1.0000000
      0.00000       3.0330000       0.0000000       1.0000000
      0.00000       3.0340000       0.0000000       1.0000000
      0.00000       3.0350000       0.0000000       1.0000000
      0.00000       3.0360000       0.0000000       1.0000000
      0.00000       3.0370000       0.0000000       1.0000000
      0.00000       3.0380000       0.0000000       1.0000000
      0.00000       3.0390000       0.0000000       1.0000000
      0.00000       3.0400000       0.0000000       1.0000000
      0.00000       3.0410000       0.0000000       1.0000000
      0.00000       3.0420000       0.0000000       1.0000000
      0.00000       3.0430000       0.0000000       1.0000000
      0.00000       3.0440000       0.0000000       1.0000000
      0.00000       3.0450000       0.0000000       1.0000000
      0.00000       3.0460000       0.0000000       1.0000000
      0.00000       3.0470000       0.0000000       1.0000000
      0.00000       3.0480000       0.0000000       1.0000000
      0.00000       3.0490000       0.0000000       1.0000000
      0.00000       3.0500000       0.0000000       1.0000000
      0.00000       3.0510000       0.0000000       1.0000000
      0.00000       3.0520000       0.0000000       1.0000000
      0.00000       3.0530000       0.0000000       1.0000000
      0.00000       3.0540000       0.0000000       1.0000000
      0.00000       3.0550000       0.0000000       1.0000000
      0.00000       3.0560000       0.0000000       1.0000000
      0.00000       3.0570000       0.0000000       1.0000000
      0.00000       3.0580000       0.0000000       1.0000000
      0.00000       3.0590000       0.0000000       1.0000000
      0.00000       3.0600000       0.0000000       1.0000000
      0.00000       3.0610000       0.0000000       1.0000000
      0.00000       3.0620000       0.0000000       1.0000000
      0.00000       3.0630000       0.0000000       1.0000000
      0.00000       3.0640000       0.0000000       1.0000000
      0.00000       3.0650000       0.0000000       1.0000000
      0.00000       3.0660000       0.0000000       1.0000000
      0.00000       3.0670000       0.0000000       1.0000000
      0.00000       3.0680000       0.0000000       1.0000000
      0.00000       3.0690000       0.0000000       1.0000000
      0.00000       3.0700000       0.0000000       1.0000000
      0.00000       3.0710000       0.0000000       1.0000000
      0.00000       3.0720000       0.0000000       1.0000000
      0.00000       3.0730000       0.0000000       1.0000000
      0.00000       3.0740000       0.0000000       1.0000000
      0.00000       3.0750000       0.0000000       1.0000000
      0.00000       3.0760000       0.0000000       1.0000000
      0.00000       3.0770000       0.0000000       1.0000000
      0.00000       3.0780000       0.0000000       1.0000000
      0.00000       3.0790000       0.0000000       1.0000000
      0.00000       3.0800000       0.0000000       1.0000000
      0.00000       3.0810000       0.0000000       1.0000000
      0.00000       3.0820000       0.0000000       1.0000000
      0.00000       3.0830000       0.0000000       1.0000000
      0.00000       3.0840000       0.0000000       1.0000000
      0.00000       3.0850000       0.0000000       1.0000000
      0.00000       3.0860000       0.0000000       1.0000000
      0.00000       3.0870000       0.0000000       1.0000000
      0.00000       3.0880000       0.0000000       1.0000000
      0.00000       3.0890000       0.0000000       1.0000000
      0.00000       3.0900000       0.0000000       1.0000000
      0.00000       3.0910000       0.0000000       1.0000000
      0.00000       3.0920000       0.0000000       1.0000000
      0.00000       3.0930000       0.0000000       1.0000000
      0.00000       3.0940000       0.0000000       1.0000000
      0.00000       3.0950000       0.0000000       1.0000000
      0.00000       3.0960000       0.0000000       1.0000000
      0.00000       3.0970000       0.0000000       1.0000000
      0.00000       3.0980000       0.0000000       1.0000000
      0.00000       3.0990000       0.0000000       1.0000000
      0.00000       3.1000000       0.0000000       1.0000000
      0.00000       3.1010000       0.0000000       1.0000000
      0.00000       3.1020000       0.0000000       1.0000000
      0.00000       3.1030000       0.0000000       1.0000000
      0.00000       3.1040000       0.0000000       1.0000000
      0.00000       3.1050000       0.0000000       1.0000000
      0.00000       3.1060000       0.0000000       1.0000000
      0.00000       3.1070000       0.0000000       1.0000000
      0.00000       3.1080000       0.0000000       1.0000000
      0.00000       3.1090000       0.0000000       1.0000000
      0.00000       3.1100000       0.0000000       1.0000000
      0.00000       3.1110000       0.0000000       1.0000000
      0.00000       3.1120000       0.0000000       1.0000000
      0.00000       3.1130000       0.0000000       1.0000000
      0.00000       3.1140000       0.0000000       1.0000000
      0.00000       3.1150000       0.0000000       1.0000000
      0.00000       3.1160000       0.0000000       1.0000000
      0.00000       3.1170000       0.0000000       1.0000000
      0.00000       3.1180000       0.0000000       1.0000000
      0.00000       3.1190000       0.0000000       1.0000000
      0.00000       3.1200000       0.0000000       1.0000000
      0.00000       3.1210000       0.0000000       1.0000000
      0.00000       3.1220000       0.0000000       1.0000000
      0.00000       3.1230000       0.0000000       1.0000000
      0.00000       3.1240000       0.0000000       1.0000000
      0.00000       3.1250000       0.0000000       1.0000000
      0.00000       3.1260000       0.0000000       1.0000000
      0.00000       3.1270000       0.0000000       1.0000000
      0.00000       3.1280000       0.0000000       1.0000000
      0.00000       3.1290000       0.0000000       1.0000000
      0.00000       3.1300000       0.0000000       1.0000000
      0.00000       3.1310000       0.0000000       1.0000000
      0.00000       3.1320000       0.0000000       1.0000000
      0.00000       3.1330000       0.0000000       1.0000000
      0.00000       3.1340000       0.0000000       1.0000000
      0.00000       3.1350000       0.0000000       1.0000000
      0.00000       3.1360000       0.0000000       1.0000000
      0.00000       3.1370000       0.0000000       1.0000000
      0.00000       3.1380000       0.0000000       1.0000000
      0.00000       3.1390000       0.0000000       1.0000000
      0.00000       3.1400000       0.0000000       1.0000000
      0.00000       3.1410000       0.0000000       1.0000000
      0.00000       3.1420000       0.0000000       1.0000000
      0.00000       3.1430000       0.0000000       1.0000000
      0.00000       3.1440000       0.0000000       1.0000000
      0.00000       3.1450000       0.0000000       1.0000000
      0.00000       3.1460000       0.0000000       1.0000000
      0.00000       3.1470000       0.0000000       1.0000000
      0.00000       3.1480000       0.0000000       1.0000000
      0.00000       3.1490000       0.0000000       1.0000000
      0.00000       3.1500000       0.0000000       1.0000000
      0.00000       3.1510000       0.0000000       1.0000000
      0.00000       3.1520000       0.0000000       1.0000000
      0.00000       3.1530000       0.0000000       1.0000000
      0.00000       3.1540000       0.0000000       1.0000000
      0.00000       3.1550000       0.0000000       1.0000000
      0.00000       3.1560000       0.0000000       1.0000000
      0.00000       3.1570000       0.0000000       1.0000000
      0.00000       3.1580000       0.0000000       1.0000000
      0.00000       3.1590000       0.0000000       1.0000000
      0.00000       3.1600000       0.0000000       1.0000000
      0.00000       3.1610000       0.0000000       1.0000000
      0.00000       3.1620000       0.0000000       1.0000000
      0.00000       3.1630000       0.0000000       1.0000000
      0.00000       3.1640000       0.0000000       1.0000000
      0.00000       3.1650000       0.0000000       1.0000000
      0.00000       3.1660000       0.0000000       1.0000000
      0.00000       3.1670000       0.0000000       1.0000000
      0.00000       3.1680000       0.0000000       1.0000000
      0.00000       3.1690000       0.0000000       1.0000000
      0.00000       3.1700000       0.0000000       1.0000000
      0.00000       3.1710000       0.0000000       1.0000000
      0.00000       3.1720000       0.0000000       1.0000000
      0.00000       3.1730000       0.0000000       1.0000000
      0.00000       3.1740000       0.0000000       1.0000000
      0.00000       3.1750000       0.0000000       1.0000000
      0.00000       3.1760000       0.0000000       1.0000000
      0.00000       3.1770000       0.0000000       1.0000000
      0.00000       3.1780000       0.0000000       1.0000000
      0.00000       3.1790000       0.0000000       1.0000000
      0.00000       3.1800000       0.0000000       1.0000000
      0.00000       3.1810000       0.0000000       1.0000000
      0.00000       3.1820000       0.0000000       1.0000000
      0.00000       3.1830000       0.0000000       1.0000000
      0.00000       3.1840000       0.0000000       1.0000000
      0.00000       3.1850000       0.0000000       1.0000000
      0.00000       3.1860000       0.0000000       1.0000000
      0.00000       3.1870000       0.0000000       1.0000000
      0.00000       3.1880000       0.0000000       1.0000000
      0.00000       3.1890000       0.0000000       1.0000000
      0.00000       3.1900000       0.0000000       1.0000000
      0.00000       3.1910000       0.0000000       1.0000000
      0.00000       3.1920000       0.0000000       1.0000000
      0.00000       3.1930000       0.0000000       1.0000000
      0.00000       3.1940000       0.0000000       1.0000000
      0.00000       3.1950000       0.0000000       1.0000000
      0.00000       3.1960000       0.0000000       1.0000000
      0.00000       3.1970000       0.0000000       1.0000000
      0.00000       3.1980000       0.0000000       1.0000000
      0.00000       3.1990000       0.0000000       1.0000000
      0.00000       3.2000000       0.0000000       1.0000000
      0.00000       3.2010000       0.0000000       1.0000000
      0.00000       3.2020000       0.0000000       1.0000000
      0.00000       3.2030000       0.0000000       1.0000000
      0.00000       3.2040000       0.0000000       1.0000000
      0.00000       3.2050000       0.0000000       1.0000000
      0.00000       3.2060000       0.0000000       1.0000000
      0.00000       3.2070000       0.0000000       1.0000000
      0.00000       3.2080000       0.0000000       1.0000000
      0.00000       3.2090000       0.0000000       1.0000000
      0.00000       3.2100000       0.0000000       1.0000000
      0.00000       3.2110000       0.0000000       1.0000000
      0.00000       3.2120000       0.0000000       1.0000000
      0.00000       3.2130000       0.0000000       1.0000000
      0.00000       3.2140000       0.0000000       1.0000000
      0.00000       3.2150000       0.0000000       1.0000000
      0.00000       3.2160000       0.0000000       1.0000000
      0.00000       3.2170000       0.0000000       1.0000000
      0.00000       3.2180000       0.0000000       1.0000000
      0.00000       3.2190000       0.0000000       1.0000000
      0.00000       3.2200000       0.0000000       1.0000000
      0.00000       3.2210000       0.0000000       1.0000000
      0.00000       3.2220000       0.0000000       1.0000000
      0.00000       3.2230000       0.0000000       1.0000000
      0.00000       3.2240000       0.0000000       1.0000000
      0.00000       3.2250000       0.0000000       1.0000000
      0.00000       3.2260000   0.00029994115      0.99970006
      0.00000       3.2270000   0.00029993891      0.99970006
      0.00000       3.2280000   0.00029993657      0.99970006
      0.00000       3.2290000   0.00029993411      0.99970007
      0.00000       3.2300000   0.00029993154      0.99970007
      0.00000       3.2310000   0.00029992884      0.99970007
      0.00000       3.2320000   0.00029992602      0.99970007
      0.00000       3.2330000   0.00029992307      0.99970008
      0.00000       3.2340000   0.00029991998      0.99970008
      0.00000       3.2350000   0.00029991674      0.99970008
      0.00000       3.2360000   0.00029991335      0.99970009
      0.00000       3.2370000   0.00029990979      0.99970009
      0.00000       3.2380000   0.00029990608      0.99970009
      0.00000       3.2390000   0.00029990218      0.99970010
      0.00000       3.2400000   0.00029989811      0.99970010
      0.00000       3.2410000   0.00029989384      0.99970011
      0.00000       3.2420000   0.00029988937      0.99970011
      0.00000       3.2430000   0.00029988469      0.99970012
      0.00000       3.2440000   0.00029987979      0.99970012
      0.00000       3.2450000   0.00029987466      0.99970013
      0.00000       3.2460000   0.00029986929      0.99970013
      0.00000       3.2470000   0.00029986367      0.99970014
      0.00000       3.2480000   0.00029985779      0.99970014
      0.00000       3.2490000   0.00059970325      0.99940030
      0.00000       3.2500000   0.00059969035      0.99940031
      0.00000       3.2510000   0.00059967685      0.99940032
      0.00000       3.2520000   0.00059966271      0.99940034
      0.00000       3.2530000   0.00059964791      0.99940035
      0.00000       3.2540000   0.00059963241      0.99940037
      0.00000       3.2550000   0.00059961620      0.99940038
      0.00000       3.2560000   0.00059959922      0.99940040
      0.00000       3.2570000   0.00059958145      0.99940042
      0.00000       3.2580000   0.00059956285      0.99940044
      0.00000       3.2590000   0.00059954338      0.99940046
      0.00000       3.2600000   0.00089928450      0.99910072
      0.00000       3.2610000   0.00089925250      0.99910075
      0.00000       3.2620000   0.00089921901      0.99910078
      0.00000       3.2630000   0.00089918396      0.99910082
      0.00000       3.2640000   0.00089914727      0.99910085
      0.00000       3.2650000   0.00089910887      0.99910089
      0.00000       3.2660000   0.00089906868      0.99910093
      0.00000       3.2670000   0.00089902662      0.99910097
      0.00000       3.2680000    0.0011986435      0.99880136
      0.00000       3.2690000    0.0011985820      0.99880142
      0.00000       3.2700000    0.0011985178      0.99880148
      0.00000       3.2710000    0.0011984505      0.99880155
      0.00000       3.2720000    0.0011983801      0.99880162
      0.00000       3.2730000    0.0014978830      0.99850212
      0.00000       3.2740000    0.0014977867      0.99850221
      0.00000       3.2750000    0.0014976858      0.99850231
      0.00000       3.2760000    0.0014975803      0.99850242
      0.00000       3.2770000    0.0017969639      0.99820304
      0.00000       3.2780000    0.0017968253      0.99820317
      0.00000       3.2790000    0.0017966802      0.99820332
      0.00000       3.2800000    0.0017965284      0.99820347
      0.00000       3.2810000    0.0020957646      0.99790424
      0.00000       3.2820000    0.0020955707      0.99790443
      0.00000       3.2830000    0.0020953679      0.99790463
      0.00000       3.2840000    0.0023944637      0.99760554
      0.00000       3.2850000    0.0023942100      0.99760579
      0.00000       3.2860000    0.0023939446      0.99760606
      0.00000       3.2870000    0.0026928753      0.99730712
      0.00000       3.2880000    0.0026925486      0.99730745
      0.00000       3.2890000    0.0029913408      0.99700866
      0.00000       3.2900000    0.0029909435      0.99700906
      0.00000       3.2910000    0.0029905279      0.99700947
      0.00000       3.2920000    0.0032891025      0.99671090
      0.00000       3.2930000    0.0032886023      0.99671140
      0.00000       3.2940000    0.0035869954      0.99641300
      0.00000       3.2950000    0.0038852649      0.99611474
      0.00000       3.2960000    0.0038845885      0.99611541
      0.00000       3.2970000    0.0041826412      0.99581736
      0.00000       3.2980000    0.0041818444      0.99581816
      0.00000       3.2990000    0.0044796548      0.99552035
      0.00000       3.3000000    0.0047773026      0.99522270
      0.00000       3.3010000    0.0047762611      0.99522374
      0.00000       3.3020000    0.0050736203      0.99492638
      0.00000       3.3030000    0.0053707875      0.99462921
      0.00000       3.3040000    0.0056677505      0.99433225
      0.00000       3.3050000    0.0059644969      0.99403550
      0.00000       3.3060000    0.0062610131      0.99373899
      0.00000       3.3070000    0.0065572852      0.99344271
      0.00000       3.3080000    0.0068532982      0.99314670
      0.00000       3.3090000    0.0071490364      0.99285096
      0.00000       3.3100000    0.0074444831      0.99255552
      0.00000       3.3110000    0.0077396208      0.99226038
      0.00000       3.3120000    0.0080344311      0.99196557
      0.00000       3.3130000    0.0083288944      0.99167111
      0.00000       3.3140000    0.0089203346      0.99107967
      0.00000       3.3150000    0.0092139199      0.99078608
      0.00000       3.3160000    0.0095070877      0.99049291
      0.00000       3.3170000     0.010096778      0.98990322
      0.00000       3.3180000     0.010685723      0.98931428
      0.00000       3.3190000     0.010977198      0.98902280
      0.00000       3.3200000     0.011564667      0.98843533
      0.00000       3.3210000     0.012151253      0.98784875
      0.00000       3.3220000     0.012736905      0.98726310
      0.00000       3.3230000     0.013321565      0.98667844
      0.00000       3.3240000     0.013905174      0.98609483
      0.00000       3.3250000     0.014487670      0.98551233
      0.00000       3.3260000     0.015068988      0.98493101
      0.00000       3.3270000     0.015649058      0.98435094
      0.00000       3.3280000     0.016522859      0.98347714
      0.00000       3.3290000     0.017099989      0.98290001
      0.00000       3.3300000     0.017970225      0.98202978
      0.00000       3.3310000     0.018838401      0.98116160
      0.00000       3.3320000     0.019704395      0.98029560
      0.00000       3.3330000     0.020568080      0.97943192
      0.00000       3.3340000     0.021429322      0.97857068
      0.00000       3.3350000     0.022287978      0.97771202
      0.00000       3.3360000     0.023436861      0.97656314
      0.00000       3.3370000     0.024582224      0.97541778
      0.00000       3.3380000     0.025431546      0.97456845
      0.00000       3.3390000     0.026861561      0.97313844
      0.00000       3.3400000     0.027995094      0.97200491
      0.00000       3.3410000     0.029124225      0.97087578
      0.00000       3.3420000     0.030539557      0.96946044
      0.00000       3.3430000     0.031949165      0.96805083
      0.00000       3.3440000     0.033352726      0.96664727
      0.00000       3.3450000     0.034749897      0.96525010
      0.00000       3.3460000     0.036140323      0.96385968
      0.00000       3.3470000     0.037812274      0.96218773
      0.00000       3.3480000     0.039475717      0.96052428
      0.00000       3.3490000     0.041130181      0.95886982
      0.00000       3.3500000     0.043062255      0.95693774
      0.00000       3.3510000     0.044983215      0.95501679
      0.00000       3.3520000     0.046892452      0.95310755
      0.00000       3.3530000     0.048789334      0.95121067
      0.00000       3.3540000     0.050957878      0.94904212
      0.00000       3.3550000     0.053111391      0.94688861
      0.00000       3.3560000     0.055532401      0.94446760
      0.00000       3.3570000     0.057935313      0.94206469
      0.00000       3.3580000     0.060319176      0.93968082
      0.00000       3.3590000     0.062964090      0.93703591
      0.00000       3.3600000     0.065586325      0.93441368
      0.00000       3.3610000     0.068464163      0.93153584
      0.00000       3.3620000     0.071315211      0.92868479
      0.00000       3.3630000     0.074415789      0.92558421
      0.00000       3.3640000     0.077484948      0.92251505
      0.00000       3.3650000     0.080796889      0.91920311
      0.00000       3.3660000     0.084072225      0.91592778
      0.00000       3.3670000     0.087582875      0.91241712
      0.00000       3.3680000     0.091323744      0.90867626
      0.00000       3.3690000     0.095017959      0.90498204
      0.00000       3.3700000     0.098933641      0.90106636
      0.00000       3.3710000      0.10306490      0.89693510
      0.00000       3.3720000      0.10713769      0.89286231
      0.00000       3.3730000      0.11141592      0.88858408
      0.00000       3.3740000      0.11589284      0.88410716
      0.00000       3.3750000      0.12056140      0.87943860
      0.00000       3.3760000      0.12541416      0.87458584
      0.00000       3.3770000      0.13044335      0.86955665
      0.00000       3.3780000      0.13538150      0.86461850
      0.00000       3.3790000      0.14074042      0.85925958
      0.00000       3.3800000      0.14625037      0.85374963
      0.00000       3.3810000      0.15190216      0.84809784
      0.00000       3.3820000      0.15768621      0.84231379
      0.00000       3.3830000      0.16359261      0.83640739
      0.00000       3.3840000      0.16986017      0.83013983
      0.00000       3.3850000      0.17597822      0.82402178
      0.00000       3.3860000      0.18267715      0.81732285
      0.00000       3.3870000      0.18944723      0.81055277
      0.00000       3.3880000      0.19627654      0.80372346
      0.00000       3.3890000      0.20339187      0.79660813
      0.00000       3.3900000      0.21053736      0.78946264
      0.00000       3.3910000      0.21793470      0.78206530
      0.00000       3.3920000      0.22556385      0.77443615
      0.00000       3.3930000      0.23340428      0.76659572
      0.00000       3.3940000      0.24143493      0.75856507
      0.00000       3.3950000      0.24963426      0.75036574
      0.00000       3.3960000      0.25798035      0.74201965
      0.00000       3.3970000      0.26645086      0.73354914
      0.00000       3.3980000      0.27524057      0.72475943
      0.00000       3.3990000      0.28410382      0.71589618
      0.00000       3.4000000      0.29322936      0.70677064
      0.00000       3.4010000      0.30237623      0.69762377
      0.00000       3.4020000      0.31193368      0.68806632
      0.00000       3.4030000      0.32145376      0.67854624
      0.00000       3.4040000      0.33111336      0.66888664
      0.00000       3.4050000      0.34087999      0.65912001
      0.00000       3.4060000      0.35091593      0.64908407
      0.00000       3.4070000      0.36098803      0.63901197
      0.00000       3.4080000      0.37125271      0.62874729
      0.00000       3.4090000      0.38148320      0.61851680
      0.00000       3.4100000      0.39201280      0.60798720
      0.00000       3.4110000      0.40243306      0.59756694
      0.00000       3.4120000      0.41306564      0.58693436
      0.00000       3.4130000      0.42368879      0.57631121
      0.00000       3.4140000      0.43460320      0.56539680
      0.00000       3.4150000      0.44541901      0.55458099
      0.00000       3.4160000      0.45626269      0.54373731
      0.00000       3.4170000      0.46708899      0.53291101
      0.00000       3.4180000      0.47801052      0.52198948
      0.00000       3.4190000      0.48897488      0.51102512
      0.00000       3.4200000      0.49993121      0.50006879
      0.00000       3.4210000      0.51097709      0.48902291
      0.00000       3.4220000      0.52191196      0.47808804
      0.00000       3.4230000      0.53283071      0.46716929
      0.00000       3.4240000      0.54368043      0.45631957
      0.00000       3.4250000      0.55454417      0.44545583
      0.00000       3.4260000      0.56536411      0.43463589
      0.00000       3.4270000      0.57608512      0.42391488
      0.00000       3.4280000      0.58677887      0.41322113
      0.00000       3.4290000      0.59726570      0.40273430
      0.00000       3.4300000      0.60773466      0.39226534
      0.00000       3.4310000      0.61812396      0.38187604
      0.00000       3.4320000      0.62837532      0.37162468
      0.00000       3.4330000      0.63854257      0.36145743
      0.00000       3.4340000      0.64856577      0.35143423
      0.00000       3.4350000      0.65849141      0.34150859
      0.00000       3.4360000      0.66825878      0.33174122
      0.00000       3.4370000      0.67781143      0.32218857
      0.00000       3.4380000      0.68728487      0.31271513
      0.00000       3.4390000      0.69661450      0.30338550
      0.00000       3.4400000      0.70574057      0.29425943
      0.00000       3.4410000      0.71469370      0.28530630
      0.00000       3.4420000      0.72349870      0.27650130
      0.00000       3.4430000      0.73209463      0.26790537
      0.00000       3.4440000      0.74058142      0.25941858
      0.00000       3.4450000      0.74881820      0.25118180
      0.00000       3.4460000      0.75697113      0.24302887
      0.00000       3.4470000      0.76490086      0.23509914
      0.00000       3.4480000      0.77261981      0.22738019
      0.00000       3.4490000      0.78013684      0.21986316
      0.00000       3.4500000      0.78752140      0.21247860
      0.00000       3.4510000      0.79470832      0.20529168
      0.00000       3.4520000      0.80169820      0.19830180
      0.00000       3.4530000      0.80854693      0.19145307
      0.00000       3.4540000      0.81513425      0.18486575
      0.00000       3.4550000      0.82162173      0.17837827
      0.00000       3.4560000      0.82788862      0.17211138
      0.00000       3.4570000      0.83397779      0.16602221
      0.00000       3.4580000      0.83987620      0.16012380
      0.00000       3.4590000      0.84566314      0.15433686
      0.00000       3.4600000      0.85122591      0.14877409
      0.00000       3.4610000      0.85663752      0.14336248
      0.00000       3.4620000      0.86187574      0.13812426
      0.00000       3.4630000      0.86695923      0.13304077
      0.00000       3.4640000      0.87186334      0.12813666
      0.00000       3.4650000      0.87663887      0.12336113
      0.00000       3.4660000      0.88122013      0.11877987
      0.00000       3.4670000      0.88568602      0.11431398
      0.00000       3.4680000      0.89000274      0.10999726
      0.00000       3.4690000      0.89413904      0.10586096
      0.00000       3.4700000      0.89818842      0.10181158
      0.00000       3.4710000      0.90205195     0.097948054
      0.00000       3.4720000      0.90581261     0.094187389
      0.00000       3.4730000      0.90943018     0.090569815
      0.00000       3.4740000      0.91292032     0.087079676
      0.00000       3.4750000      0.91629410     0.083705897
      0.00000       3.4760000      0.91955858     0.080441416
      0.00000       3.4770000      0.92269416     0.077305840
      0.00000       3.4780000      0.92570414     0.074295856
      0.00000       3.4790000      0.92861053     0.071389474
      0.00000       3.4800000      0.93142960     0.068570396
      0.00000       3.4810000      0.93413316     0.065866839
      0.00000       3.4820000      0.93673283     0.063267174
      0.00000       3.4830000      0.93923611     0.060763894
      0.00000       3.4840000      0.94164695     0.058353055
      0.00000       3.4850000      0.94396623     0.056033774
      0.00000       3.4860000      0.94620838     0.053791623
      0.00000       3.4870000      0.94835208     0.051647915
      0.00000       3.4880000      0.95042150     0.049578503
      0.00000       3.4890000      0.95240598     0.047594016
      0.00000       3.4900000      0.95430776     0.045692245
      0.00000       3.4910000      0.95615252     0.043847478
      0.00000       3.4920000      0.95792152     0.042078479
      0.00000       3.4930000      0.95962054     0.040379455
      0.00000       3.4940000      0.96125195     0.038748054
      0.00000       3.4950000      0.96281515     0.037184850
      0.00000       3.4960000      0.96431782     0.035682178
      0.00000       3.4970000      0.96576385     0.034236154
      0.00000       3.4980000      0.96715387     0.032846129
      0.00000       3.4990000      0.96849527     0.031504735
      0.00000       3.5000000      0.96977344     0.030226562
      0.00000       3.5010000      0.97100828     0.028991722
      0.00000       3.5020000      0.97218887     0.027811129
      0.00000       3.5030000      0.97332737     0.026672626
      0.00000       3.5040000      0.97441601     0.025583993
      0.00000       3.5050000      0.97546027     0.024539725
      0.00000       3.5060000      0.97646216     0.023537840
      0.00000       3.5070000      0.97742742     0.022572576
      0.00000       3.5080000      0.97835171     0.021648288
      0.00000       3.5090000      0.97924111     0.020758886
      0.00000       3.5100000      0.98009207     0.019907930
      0.00000       3.5110000      0.98090461     0.019095390
      0.00000       3.5120000      0.98169255     0.018307449
      0.00000       3.5130000      0.98244370     0.017556300
      0.00000       3.5140000      0.98316527     0.016834735
      0.00000       3.5150000      0.98385575     0.016144248
      0.00000       3.5160000      0.98452046     0.015479541
      0.00000       3.5170000      0.98515665     0.014843355
      0.00000       3.5180000      0.98576780     0.014232202
      0.00000       3.5190000      0.98635410     0.013645899
      0.00000       3.5200000      0.98691688     0.013083120
      0.00000       3.5210000      0.98745449     0.012545510
      0.00000       3.5220000      0.98797363     0.012026374
      0.00000       3.5230000      0.98846677     0.011533233
      0.00000       3.5240000      0.98894142     0.011058579
      0.00000       3.5250000      0.98939797     0.010602032
      0.00000       3.5260000      0.98983699     0.010163009
      0.00000       3.5270000      0.99025620    0.0097438019
      0.00000       3.5280000      0.99065650    0.0093434983
      0.00000       3.5290000      0.99104398    0.0089560248
      0.00000       3.5300000      0.99141321    0.0085867940
      0.00000       3.5310000      0.99176675    0.0082332536
      0.00000       3.5320000      0.99210635    0.0078936536
      0.00000       3.5330000      0.99243297    0.0075670316
      0.00000       3.5340000      0.99274463    0.0072553663
      0.00000       3.5350000      0.99304317    0.0069568342
      0.00000       3.5360000      0.99333133    0.0066686723
      0.00000       3.5370000      0.99360673    0.0063932663
      0.00000       3.5380000      0.99387011    0.0061298877
      0.00000       3.5390000      0.99412283    0.0058771697
      0.00000       3.5400000      0.99436495    0.0056350512
      0.00000       3.5410000      0.99459860    0.0054013981
      0.00000       3.5420000      0.99482124    0.0051787585
      0.00000       3.5430000      0.99503540    0.0049646025
      0.00000       3.5440000      0.99524042    0.0047595803
      0.00000       3.5450000      0.99543572    0.0045642790
      0.00000       3.5460000      0.99562460    0.0043753958
      0.00000       3.5470000      0.99580455    0.0041954523
      0.00000       3.5480000      0.99597790    0.0040221030
      0.00000       3.5490000      0.99614385    0.0038561503
      0.00000       3.5500000      0.99630339    0.0036966067
      0.00000       3.5510000      0.99645565    0.0035443521
      0.00000       3.5520000      0.99660118    0.0033988155
      0.00000       3.5530000      0.99674163    0.0032583696
      0.00000       3.5540000      0.99687558    0.0031244181
      0.00000       3.5550000      0.99700449    0.0029955144
      0.00000       3.5560000      0.99712852    0.0028714835
      0.00000       3.5570000      0.99724671    0.0027532939
      0.00000       3.5580000      0.99736023    0.0026397656
      0.00000       3.5590000      0.99746885    0.0025311457
      0.00000       3.5600000      0.99757324    0.0024267577
      0.00000       3.5610000      0.99767331    0.0023266947
      0.00000       3.5620000      0.99776889    0.0022311124
      0.00000       3.5630000      0.99786096    0.0021390392
      0.00000       3.5640000      0.99794882    0.0020511791
      0.00000       3.5650000      0.99803326    0.0019667396
      0.00000       3.5660000      0.99811390    0.0018861025
      0.00000       3.5670000      0.99819201    0.0018079899
      0.00000       3.5680000      0.99826593    0.0017340735
      0.00000       3.5690000      0.99833749    0.0016625077
      0.00000       3.5700000      0.99840600    0.0015940004
      0.00000       3.5710000      0.99847133    0.0015286729
      0.00000       3.5720000      0.99853416    0.0014658379
      0.00000       3.5730000      0.99859446    0.0014055384
      0.00000       3.5740000      0.99865229    0.0013477084
      0.00000       3.5750000      0.99870770    0.0012923034
      0.00000       3.5760000      0.99876059    0.0012394054
      0.00000       3.5770000      0.99881176    0.0011882351
      0.00000       3.5780000      0.99886051    0.0011394900
      0.00000       3.5790000      0.99890714    0.0010928641
      0.00000       3.5800000      0.99895202    0.0010479803
      0.00000       3.5810000      0.99899518    0.0010048196
      0.00000       3.5820000      0.99903653   0.00096347257
      0.00000       3.5830000      0.99907605   0.00092394726
      0.00000       3.5840000      0.99911397   0.00088602602
      0.00000       3.5850000      0.99915033   0.00084967458
      0.00000       3.5860000      0.99918513   0.00081487054
      0.00000       3.5870000      0.99921853   0.00078147390
      0.00000       3.5880000      0.99925064   0.00074935876
      0.00000       3.5890000      0.99928126   0.00071873589
      0.00000       3.5900000      0.99931084   0.00068915665
      0.00000       3.5910000      0.99933906   0.00066094402
      0.00000       3.5920000      0.99936619   0.00063381426
      0.00000       3.5930000      0.99939217   0.00060783382
      0.00000       3.5940000      0.99941707   0.00058293270
      0.00000       3.5950000      0.99944096   0.00055903765
      0.00000       3.5960000      0.99946382   0.00053618021
      0.00000       3.5970000      0.99948573   0.00051427313
      0.00000       3.5980000      0.99950676   0.00049324011
      0.00000       3.5990000      0.99952702   0.00047297842
      0.00000       3.6000000      0.99954639   0.00045360795
      0.00000       3.6010000      0.99956499   0.00043500904
      0.00000       3.6020000      0.99958277   0.00041722625
      0.00000       3.6030000      0.99959982   0.00040018059
      0.00000       3.6040000      0.99961620   0.00038379916
      0.00000       3.6050000      0.99963188   0.00036812037
      0.00000       3.6060000      0.99964694   0.00035305814
      0.00000       3.6070000      0.99966147   0.00033853158
      0.00000       3.6080000      0.99967533   0.00032466797
      0.00000       3.6090000      0.99968860   0.00031139663
      0.00000       3.6100000      0.99970132   0.00029868180
      0.00000       3.6110000      0.99971355   0.00028644804
      0.00000       3.6120000      0.99972522   0.00027477610
      0.00000       3.6130000      0.99973650   0.00026349904
      0.00000       3.6140000      0.99974726   0.00025273691
      0.00000       3.6150000      0.99975764   0.00024235913
      0.00000       3.6160000      0.99976751   0.00023248845
      0.00000       3.6170000      0.99977705   0.00022294860
      0.00000       3.6180000      0.99978619   0.00021381440
      0.00000       3.6190000      0.99979491   0.00020509472
      0.00000       3.6200000      0.99980333   0.00019666929
      0.00000       3.6210000      0.99981135   0.00018864621
      0.00000       3.6220000      0.99981907   0.00018092738
      0.00000       3.6230000      0.99982649   0.00017350906
      0.00000       3.6240000      0.99983358   0.00016641561
      0.00000       3.6250000      0.99984040   0.00015960287
      0.00000       3.6260000      0.99984697   0.00015302757
      0.00000       3.6270000      0.99985321   0.00014679463
      0.00000       3.6280000      0.99985924   0.00014075983
      0.00000       3.6290000      0.99986499   0.00013500862
      0.00000       3.6300000      0.99987056   0.00012944154
      0.00000       3.6310000      0.99987586   0.00012413857
      0.00000       3.6320000      0.99988094   0.00011906367
      0.00000       3.6330000      0.99988581   0.00011418843
      0.00000       3.6340000      0.99989051   0.00010949231
      0.00000       3.6350000      0.99989500   0.00010499866
      0.00000       3.6360000      0.99989932   0.00010068292
      0.00000       3.6370000      0.99990343   9.6568137e-05
      0.00000       3.6380000      0.99990741   9.2590198e-05
      0.00000       3.6390000      0.99991123   8.8770019e-05
      0.00000       3.6400000      0.99991488   8.5115580e-05
      0.00000       3.6410000      0.99991839   8.1612114e-05
      0.00000       3.6420000      0.99992175   7.8254864e-05
      0.00000       3.6430000      0.99992497   7.5032313e-05
      0.00000       3.6440000      0.99992806   7.1939249e-05
      0.00000       3.6450000      0.99993103   6.8969525e-05
      0.00000       3.6460000      0.99993389   6.6114332e-05
      0.00000       3.6470000      0.99993662   6.3384319e-05
      0.00000       3.6480000      0.99993924   6.0755366e-05
      0.00000       3.6490000      0.99994176   5.8238778e-05
      0.00000       3.6500000      0.99994418   5.5818387e-05
      0.00000       3.6510000      0.99994649   5.3513562e-05
      0.00000       3.6520000      0.99994870   5.1296362e-05
      0.00000       3.6530000      0.99995083   4.9169030e-05
      0.00000       3.6540000      0.99995289   4.7110582e-05
      0.00000       3.6550000      0.99995484   4.5158909e-05
      0.00000       3.6560000      0.99995673   4.3268328e-05
      0.00000       3.6570000      0.99995853   4.1469396e-05
      0.00000       3.6580000      0.99996027   3.9728738e-05
      0.00000       3.6590000      0.99996193   3.8071364e-05
      0.00000       3.6600000      0.99996353   3.6472705e-05
      0.00000       3.6610000      0.99996506   3.4943956e-05
      0.00000       3.6620000      0.99996654   3.3464674e-05
      0.00000       3.6630000      0.99996794   3.2056078e-05
      0.00000       3.6640000      0.99996929   3.0710005e-05
      0.00000       3.6650000      0.99997060   2.9403087e-05
      0.00000       3.6660000      0.99997183   2.8165689e-05
      0.00000       3.6670000      0.99997304   2.6962165e-05
      0.00000       3.6680000      0.99997418   2.5816981e-05
      0.00000       3.6690000      0.99997528   2.4717750e-05
      0.00000       3.6700000      0.99997634   2.3658003e-05
      0.00000       3.6710000      0.99997735   2.2645068e-05
      0.00000       3.6720000      0.99997833   2.1674620e-05
      0.00000       3.6730000      0.99997926   2.0738303e-05
      0.00000       3.6740000      0.99998016   1.9843191e-05
      0.00000       3.6750000      0.99998102   1.8983898e-05
      0.00000       3.6760000      0.99998184   1.8157473e-05
      0.00000       3.6770000      0.99998263   1.7367275e-05
      0.00000       3.6780000      0.99998339   1.6607633e-05
      0.00000       3.6790000      0.99998412   1.5876788e-05
      0.00000       3.6800000      0.99998482   1.5175462e-05
      0.00000       3.6810000      0.99998549   1.4506937e-05
      0.00000       3.6820000      0.99998614   1.3859765e-05
      0.00000       3.6830000      0.99998675   1.3245197e-05
      0.00000       3.6840000      0.99998735   1.2652342e-05
      0.00000       3.6850000      0.99998792   1.2081116e-05
      0.00000       3.6860000      0.99998847   1.1533853e-05
      0.00000       3.6870000      0.99998899   1.1012316e-05
      0.00000       3.6880000      0.99998949   1.0509890e-05
      0.00000       3.6890000      0.99998997   1.0028556e-05
      0.00000       3.6900000      0.99999043   9.5653445e-06
      0.00000       3.6910000      0.99999088   9.1216105e-06
      0.00000       3.6920000      0.99999130   8.6952068e-06
      0.00000       3.6930000      0.99999172   8.2839966e-06
      0.00000       3.6940000      0.99999211   7.8922131e-06
      0.00000       3.6950000      0.99999248   7.5169283e-06
      0.00000       3.6960000      0.99999284   7.1557026e-06
      0.00000       3.6970000      0.99999319   6.8098298e-06
      0.00000       3.6980000      0.99999352   6.4770048e-06
      0.00000       3.6990000      0.99999384   6.1597414e-06
      0.00000       3.7000000      0.99999415   5.8541318e-06
      0.00000       3.7010000      0.99999444   5.5608909e-06
      0.00000       3.7020000      0.99999472   5.2798988e-06
      0.00000       3.7030000      0.99999499   5.0104858e-06
      0.00000       3.7040000      0.99999525   4.7523556e-06
      0.00000       3.7050000      0.99999550   4.5043507e-06
      0.00000       3.7060000      0.99999573   4.2687987e-06
      0.00000       3.7070000      0.99999596   4.0406420e-06
      0.00000       3.7080000      0.99999618   3.8228745e-06
      0.00000       3.7090000      0.99999639   3.6139575e-06
      0.00000       3.7100000      0.99999659   3.4142768e-06
      0.00000       3.7110000      0.99999678   3.2231816e-06
      0.00000       3.7120000      0.99999696   3.0401878e-06
      0.00000       3.7130000      0.99999714   2.8647794e-06
      0.00000       3.7140000      0.99999730   2.6959275e-06
      0.00000       3.7150000      0.99999746   2.5352118e-06
      0.00000       3.7160000      0.99999762   2.3815427e-06
      0.00000       3.7170000      0.99999776   2.2350620e-06
      0.00000       3.7180000      0.99999791   2.0939023e-06
      0.00000       3.7190000      0.99999804   1.9598333e-06
      0.00000       3.7200000      0.99999817   1.8320885e-06
      0.00000       3.7210000      0.99999829   1.7089061e-06
      0.00000       3.7220000      0.99999841   1.5926706e-06
      0.00000       3.7230000      0.99999852   1.4813688e-06
      0.00000       3.7240000      0.99999863   1.3743413e-06
      0.00000       3.7250000      0.99999873   1.2740779e-06
      0.00000       3.7260000      0.99999882   1.1776494e-06
      0.00000       3.7270000      0.99999891   1.0859500e-06
      0.00000       3.7280000      0.99999900   9.9872887e-07
      0.00000       3.7290000      0.99999908   9.1620885e-07
      0.00000       3.7300000      0.99999916   8.3840979e-07
      0.00000       3.7310000      0.99999924   7.6417190e-07
      0.00000       3.7320000      0.99999931   6.9350067e-07
      0.00000       3.7330000      0.99999937   6.2774218e-07
      0.00000       3.7340000      0.99999943   5.6511358e-07
      0.00000       3.7350000      0.99999949   5.0691939e-07
      0.00000       3.7360000      0.99999955   4.5157420e-07
      0.00000       3.7370000      0.99999960   4.0014112e-07
      0.00000       3.7380000      0.99999965   3.5212526e-07
      0.00000       3.7390000      0.99999969   3.0718627e-07
      0.00000       3.7400000      0.99999973   2.6603434e-07
      0.00000       3.7410000      0.99999977   2.2758821e-07
      0.00000       3.7420000      0.99999981   1.9259634e-07
      0.00000       3.7430000      0.99999984   1.6046734e-07
      0.00000       3.7440000      0.99999987   1.3147040e-07
      0.00000       3.7450000      0.99999989   1.0573725e-07
      0.00000       3.7460000      0.99999992   8.2637631e-08
      0.00000       3.7470000      0.99999994   6.2438422e-08
      0.00000       3.7480000      0.99999996   4.4897980e-08
      0.00000       3.7490000      0.99999997   3.0697499e-08
      0.00000       3.7500000      0.99999998   1.8809413e-08
      0.00000       3.7510000      0.99999999   9.9164533e-09
      0.00000       3.7520000       1.0000000   3.9232249e-09
      0.00000       3.7530000       1.0000000   6.3489902e-10
      0.00000       3.7540000       1.0000000       0.0000000
      0.00000       3.7550000       1.0000000   2.1395333e-09
      0.00000       3.7560000      0.99999999   6.8654228e-09
      0.00000       3.7570000      0.99999999   1.4647871e-08
      0.00000       3.7580000      0.99999997   2.5182628e-08
      0.00000       3.7590000      0.99999996   3.8175447e-08
      0.00000       3.7600000      0.99999995   5.4295213e-08
      0.00000       3.7610000      0.99999993   7.2971877e-08
      0.00000       3.7620000      0.99999991   9.4669230e-08
      0.00000       3.7630000      0.99999988   1.1929229e-07
      0.00000       3.7640000      0.99999985   1.4671805e-07
      0.00000       3.7650000      0.99999982   1.7714609e-07
      0.00000       3.7660000      0.99999979   2.1047512e-07
      0.00000       3.7670000      0.99999975   2.4698016e-07
      0.00000       3.7680000      0.99999971   2.8666538e-07
      0.00000       3.7690000      0.99999967   3.2936753e-07
      0.00000       3.7700000      0.99999962   3.7540917e-07
      0.00000       3.7710000      0.99999958   4.2469646e-07
      0.00000       3.7720000      0.99999952   4.7739891e-07
      0.00000       3.7730000      0.99999947   5.3347420e-07
      0.00000       3.7740000      0.99999941   5.9323346e-07
      0.00000       3.7750000      0.99999934   6.5658635e-07
      0.00000       3.7760000      0.99999928   7.2360466e-07
      0.00000       3.7770000      0.99999921   7.9455295e-07
      0.00000       3.7780000      0.99999913   8.6933880e-07
      0.00000       3.7790000      0.99999905   9.4830722e-07
      0.00000       3.7800000      0.99999897   1.0313840e-06
      0.00000       3.7810000      0.99999888   1.1188111e-06
      0.00000       3.7820000      0.99999879   1.2107139e-06
      0.00000       3.7830000      0.99999869   1.3071612e-06
      0.00000       3.7840000      0.99999859   1.4083264e-06
      0.00000       3.7850000      0.99999849   1.5143543e-06
      0.00000       3.7860000      0.99999837   1.6254831e-06
      0.00000       3.7870000      0.99999826   1.7418530e-06
      0.00000       3.7880000      0.99999814   1.8635972e-06
      0.00000       3.7890000      0.99999801   1.9909399e-06
      0.00000       3.7900000      0.99999788   2.1240808e-06
      0.00000       3.7910000      0.99999774   2.2631791e-06
      0.00000       3.7920000      0.99999759   2.4085321e-06
      0.00000       3.7930000      0.99999744   2.5602511e-06
      0.00000       3.7940000      0.99999728   2.7186428e-06
      0.00000       3.7950000      0.99999712   2.8839560e-06
      0.00000       3.7960000      0.99999694   3.0563907e-06
      0.00000       3.7970000      0.99999676   3.2362374e-06
      0.00000       3.7980000      0.99999658   3.4237802e-06
      0.00000       3.7990000      0.99999638   3.6192859e-06
      0.00000       3.8000000      0.99999618   3.8230708e-06
      0.00000       3.8010000      0.99999596   4.0354411e-06
      0.00000       3.8020000      0.99999574   4.2567473e-06
      0.00000       3.8030000      0.99999551   4.4872528e-06
      0.00000       3.8040000      0.99999527   4.7274006e-06
      0.00000       3.8050000      0.99999502   4.9774732e-06
      0.00000       3.8060000      0.99999476   5.2379040e-06
      0.00000       3.8070000      0.99999449   5.5090808e-06
      0.00000       3.8080000      0.99999421   5.7914184e-06
      0.00000       3.8090000      0.99999391   6.0853152e-06
      0.00000       3.8100000      0.99999361   6.3912441e-06
      0.00000       3.8110000      0.99999329   6.7096952e-06
      0.00000       3.8120000      0.99999296   7.0410928e-06
      0.00000       3.8130000      0.99999261   7.3859903e-06
      0.00000       3.8140000      0.99999226   7.7448612e-06
      0.00000       3.8150000      0.99999188   8.1183008e-06
      0.00000       3.8160000      0.99999149   8.5068359e-06
      0.00000       3.8170000      0.99999109   8.9110790e-06
      0.00000       3.8180000      0.99999067   9.3316609e-06
      0.00000       3.8190000      0.99999023   9.7691581e-06
      0.00000       3.8200000      0.99998978   1.0224275e-05
      0.00000       3.8210000      0.99998930   1.0697695e-05
      0.00000       3.8220000      0.99998881   1.1190134e-05
      0.00000       3.8230000      0.99998830   1.1702316e-05
      0.00000       3.8240000      0.99998776   1.2235036e-05
      0.00000       3.8250000      0.99998721   1.2789082e-05
      0.00000       3.8260000      0.99998663   1.3365301e-05
      0.00000       3.8270000      0.99998604   1.3964555e-05
      0.00000       3.8280000      0.99998541   1.4587750e-05
      0.00000       3.8290000      0.99998476   1.5235822e-05
      0.00000       3.8300000      0.99998409   1.5909753e-05
      0.00000       3.8310000      0.99998339   1.6610538e-05
      0.00000       3.8320000      0.99998266   1.7339247e-05
      0.00000       3.8330000      0.99998190   1.8096957e-05
      0.00000       3.8340000      0.99998112   1.8884831e-05
      0.00000       3.8350000      0.99998030   1.9704041e-05
      0.00000       3.8360000      0.99997944   2.0555803e-05
      0.00000       3.8370000      0.99997856   2.1441406e-05
      0.00000       3.8380000      0.99997764   2.2362170e-05
      0.00000       3.8390000      0.99997668   2.3319485e-05
      0.00000       3.8400000      0.99997569   2.4314769e-05
      0.00000       3.8410000      0.99997465   2.5349513e-05
      0.00000       3.8420000      0.99997357   2.6425283e-05
      0.00000       3.8430000      0.99997246   2.7543660e-05
      0.00000       3.8440000      0.99997129   2.8706330e-05
      0.00000       3.8450000      0.99997008   2.9915027e-05
      0.00000       3.8460000      0.99996883   3.1171547e-05
      0.00000       3.8470000      0.99996752   3.2477777e-05
      0.00000       3.8480000      0.99996616   3.3835651e-05
      0.00000       3.8490000      0.99996475   3.5247194e-05
      0.00000       3.8500000      0.99996329   3.6714505e-05
      0.00000       3.8510000      0.99996176   3.8239776e-05
      0.00000       3.8520000      0.99996017   3.9825269e-05
      0.00000       3.8530000      0.99995853   4.1473345e-05
      0.00000       3.8540000      0.99995681   4.3186444e-05
      0.00000       3.8550000      0.99995503   4.4967121e-05
      0.00000       3.8560000      0.99995318   4.6818009e-05
      0.00000       3.8570000      0.99995126   4.8741860e-05
      0.00000       3.8580000      0.99994926   5.0741519e-05
      0.00000       3.8590000      0.99994718   5.2819955e-05
      0.00000       3.8600000      0.99994502   5.4980239e-05
      0.00000       3.8610000      0.99994277   5.7225579e-05
      0.00000       3.8620000      0.99994044   5.9559288e-05
      0.00000       3.8630000      0.99993802   6.1984819e-05
      0.00000       3.8640000      0.99993549   6.4505757e-05
      0.00000       3.8650000      0.99993287   6.7125825e-05
      0.00000       3.8660000      0.99993015   6.9848887e-05
      0.00000       3.8670000      0.99992732   7.2678968e-05
      0.00000       3.8680000      0.99992438   7.5620235e-05
      0.00000       3.8690000      0.99992132   7.8677022e-05
      0.00000       3.8700000      0.99991815   8.1853836e-05
      0.00000       3.8710000      0.99991484   8.5155352e-05
      0.00000       3.8720000      0.99991141   8.8586428e-05
      0.00000       3.8730000      0.99990785   9.2152110e-05
      0.00000       3.8740000      0.99990414   9.5857640e-05
      0.00000       3.8750000      0.99990029   9.9708460e-05
      0.00000       3.8760000      0.99989629   0.00010371022
      0.00000       3.8770000      0.99989213   0.00010786881
      0.00000       3.8780000      0.99988781   0.00011219030
      0.00000       3.8790000      0.99988332   0.00011668105
      0.00000       3.8800000      0.99987865   0.00012134763
      0.00000       3.8810000      0.99987380   0.00012619688
      0.00000       3.8820000      0.99986876   0.00013123588
      0.00000       3.8830000      0.99986353   0.00013647201
      0.00000       3.8840000      0.99985809   0.00014191293
      0.00000       3.8850000      0.99985243   0.00014756659
      0.00000       3.8860000      0.99984656   0.00015344124
      0.00000       3.8870000      0.99984045   0.00015954545
      0.00000       3.8880000      0.99983411   0.00016588813
      0.00000       3.8890000      0.99982752   0.00017247853
      0.00000       3.8900000      0.99982067   0.00017932625
      0.00000       3.8910000      0.99981356   0.00018644126
      0.00000       3.8920000      0.99980617   0.00019383392
      0.00000       3.8930000      0.99979849   0.00020151498
      0.00000       3.8940000      0.99979050   0.00020949560
      0.00000       3.8950000      0.99978221   0.00021778739
      0.00000       3.8960000      0.99977360   0.00022640238
      0.00000       3.8970000      0.99976465   0.00023535309
      0.00000       3.8980000      0.99975535   0.00024465248
      0.00000       3.8990000      0.99974569   0.00025431405
      0.00000       3.9000000      0.99973565   0.00026435179
      0.00000       3.9010000      0.99972522   0.00027478024
      0.00000       3.9020000      0.99971439   0.00028561448
      0.00000       3.9030000      0.99970313   0.00029687020
      0.00000       3.9040000      0.99969144   0.00030856366
      0.00000       3.9050000      0.99967929   0.00032071176
      0.00000       3.9060000      0.99966667   0.00033333203
      0.00000       3.9070000      0.99965356   0.00034644269
      0.00000       3.9080000      0.99963994   0.00036006264
      0.00000       3.9090000      0.99962579   0.00037421152
      0.00000       3.9100000      0.99961109   0.00038890971
      0.00000       3.9110000      0.99959582   0.00040417836
      0.00000       3.9120000      0.99957996   0.00042003945
      0.00000       3.9130000      0.99956348   0.00043651577
      0.00000       3.9140000      0.99954637   0.00045363102
      0.00000       3.9150000      0.99952859   0.00047140976
      0.00000       3.9160000      0.99951012   0.00048987751
      0.00000       3.9170000      0.99949094   0.00050906076
      0.00000       3.9180000      0.99947101   0.00052898701
      0.00000       3.9190000      0.99945032   0.00054968480
      0.00000       3.9200000      0.99942882   0.00057118377
      0.00000       3.9210000      0.99940649   0.00059351467
      0.00000       3.9220000      0.99938329   0.00061670943
      0.00000       3.9230000      0.99935920   0.00064080119
      0.00000       3.9240000      0.99933418   0.00066582436
      0.00000       3.9250000      0.99930819   0.00069181465
      0.00000       3.9260000      0.99928119   0.00071880910
      0.00000       3.9270000      0.99925315   0.00074684621
      0.00000       3.9280000      0.99922403   0.00077596588
      0.00000       3.9290000      0.99919379   0.00080620956
      0.00000       3.9300000      0.99916238   0.00083762027
      0.00000       3.9310000      0.99912976   0.00087024265
      0.00000       3.9320000      0.99909588   0.00090412302
      0.00000       3.9330000      0.99906069   0.00093930946
      0.00000       3.9340000      0.99902415   0.00097585187
      0.00000       3.9350000      0.99898620    0.0010138020
      0.00000       3.9360000      0.99894679    0.0010532137
      0.00000       3.9370000      0.99890586    0.0010941426
      0.00000       3.9380000      0.99886335    0.0011366467
      0.00000       3.9390000      0.99881921    0.0011807860
      0.00000       3.9400000      0.99877338    0.0012266227
      0.00000       3.9410000      0.99872578    0.0012742216
      0.00000       3.9420000      0.99867635    0.0013236498
      0.00000       3.9430000      0.99862502    0.0013749768
      0.00000       3.9440000      0.99857173    0.0014282750
      0.00000       3.9450000      0.99851638    0.0014836192
      0.00000       3.9460000      0.99845891    0.0015410871
      0.00000       3.9470000      0.99839924    0.0016007596
      0.00000       3.9480000      0.99833728    0.0016627202
      0.00000       3.9490000      0.99827294    0.0017270558
      0.00000       3.9500000      0.99820614    0.0017938564
      0.00000       3.9510000      0.99813678    0.0018632155
      0.00000       3.9520000      0.99806477    0.0019352300
      0.00000       3.9530000      0.99799000    0.0020100005
      0.00000       3.9540000      0.99791237    0.0020876313
      0.00000       3.9550000      0.99783177    0.0021682304
      0.00000       3.9560000      0.99774809    0.0022519102
      0.00000       3.9570000      0.99766121    0.0023387870
      0.00000       3.9580000      0.99757102    0.0024289814
      0.00000       3.9590000      0.99747738    0.0025226187
      0.00000       3.9600000      0.99738017    0.0026198287
      0.00000       3.9610000      0.99727925    0.0027207460
      0.00000       3.9620000      0.99717449    0.0028255101
      0.00000       3.9630000      0.99706573    0.0029342659
      0.00000       3.9640000      0.99695284    0.0030471633
      0.00000       3.9650000      0.99683564    0.0031643581
      0.00000       3.9660000      0.99671399    0.0032860116
      0.00000       3.9670000      0.99658771    0.0034122911
      0.00000       3.9680000      0.99645663    0.0035433699
      0.00000       3.9690000      0.99632057    0.0036794279
      0.00000       3.9700000      0.99617935    0.0038206514
      0.00000       3.9710000      0.99603277    0.0039672336
      0.00000       3.9720000      0.99588063    0.0041193747
      0.00000       3.9730000      0.99572272    0.0042772822
      0.00000       3.9740000      0.99555883    0.0044411713
      0.00000       3.9750000      0.99538874    0.0046112647
      0.00000       3.9760000      0.99521221    0.0047877934
      0.00000       3.9770000      0.99502900    0.0049709969
      0.00000       3.9780000      0.99483888    0.0051611229
      0.00000       3.9790000      0.99464157    0.0053584286
      0.00000       3.9800000      0.99443682    0.0055631799
      0.00000       3.9810000      0.99422435    0.0057756527
      0.00000       3.9820000      0.99400387    0.0059961325
      0.00000       3.9830000      0.99377508    0.0062249152
      0.00000       3.9840000      0.99353769    0.0064623071
      0.00000       3.9850000      0.99329137    0.0067086255
      0.00000       3.9860000      0.99303580    0.0069641990
      0.00000       3.9870000      0.99277063    0.0072293678
      0.00000       3.9880000      0.99249552    0.0075044840
      0.00000       3.9890000      0.99221009    0.0077899123
      0.00000       3.9900000      0.99191397    0.0080860301
      0.00000       3.9910000      0.99160677    0.0083932281
      0.00000       3.9920000      0.99128809    0.0087119107
      0.00000       3.9930000      0.99095750    0.0090424961
      0.00000       3.9940000      0.99061458    0.0093854172
      0.00000       3.9950000      0.99025888    0.0097411221
      0.00000       3.9960000      0.98988993     0.010110074
      0.00000       3.9970000      0.98950725     0.010492752
      0.00000       3.9980000      0.98911035     0.010889652
      0.00000       3.9990000      0.98869871     0.011301286
      0.00000       4.0000000      0.98827182     0.011728185
      0.00000       4.0010000      0.98782910     0.012170895
      0.00000       4.0020000      0.98737002     0.012629985
      0.00000       4.0030000      0.98689396     0.013106037
      0.00000       4.0040000      0.98640034     0.013599658
      0.00000       4.0050000      0.98588853     0.014111472
      0.00000       4.0060000      0.98535788     0.014642125
      0.00000       4.0070000      0.98480772     0.015192282
      0.00000       4.0080000      0.98423737     0.015762633
      0.00000       4.0090000      0.98364611     0.016353888
      0.00000       4.0100000      0.98303322     0.016966781
      0.00000       4.0110000      0.98239793     0.017602068
      0.00000       4.0120000      0.98173947     0.018260530
      0.00000       4.0130000      0.98105703     0.018942974
      0.00000       4.0140000      0.98034977     0.019650230
      0.00000       4.0150000      0.97961684     0.020383156
      0.00000       4.0160000      0.97885737     0.021142634
      0.00000       4.0170000      0.97807043     0.021929575
      0.00000       4.0180000      0.97725508     0.022744917
      0.00000       4.0190000      0.97641037     0.023589625
      0.00000       4.0200000      0.97553530     0.024464695
      0.00000       4.0210000      0.97462885     0.025371151
      0.00000       4.0220000      0.97368995     0.026310047
      0.00000       4.0230000      0.97271753     0.027282467
      0.00000       4.0240000      0.97171047     0.028289527
      0.00000       4.0250000      0.97066763     0.029332372
      0.00000       4.0260000      0.96958782     0.030412181
      0.00000       4.0270000      0.96846984     0.031530165
      0.00000       4.0280000      0.96731243     0.032687567
      0.00000       4.0290000      0.96611434     0.033885663
      0.00000       4.0300000      0.96487424     0.035125763
      0.00000       4.0310000      0.96359079     0.036409209
      0.00000       4.0320000      0.96226262     0.037737379
      0.00000       4.0330000      0.96088832     0.039111684
      0.00000       4.0340000      0.95946643     0.040533568
      0.00000       4.0350000      0.95799549     0.042004511
      0.00000       4.0360000      0.95647397     0.043526027
      0.00000       4.0370000      0.95490034     0.045099663
      0.00000       4.0380000      0.95327300     0.046727000
      0.00000       4.0390000      0.95159035     0.048409653
      0.00000       4.0400000      0.94985073     0.050149272
      0.00000       4.0410000      0.94805246     0.051947536
      0.00000       4.0420000      0.94619384     0.053806161
      0.00000       4.0430000      0.94427311     0.055726891
      0.00000       4.0440000      0.94228850     0.057711503
      0.00000       4.0450000      0.94023820     0.059761802
      0.00000       4.0460000      0.93812038     0.061879623
      0.00000       4.0470000      0.93593317     0.064066830
      0.00000       4.0480000      0.93367469     0.066325311
      0.00000       4.0490000      0.93134302     0.068656980
      0.00000       4.0500000      0.92893623     0.071063774
      0.00000       4.0510000      0.92645235     0.073547651
      0.00000       4.0520000      0.92388941     0.076110588
      0.00000       4.0530000      0.92124542     0.078754580
      0.00000       4.0540000      0.91851837     0.081481634
      0.00000       4.0550000      0.91570623     0.084293772
      0.00000       4.0560000      0.91280698     0.087193023
      0.00000       4.0570000      0.90981858     0.090181421
      0.00000       4.0580000      0.90673900     0.093261005
      0.00000       4.0590000      0.90356619     0.096433810
      0.00000       4.0600000      0.90029813     0.099701868
      0.00000       4.0610000      0.89693280      0.10306720
      0.00000       4.0620000      0.89346818      0.10653182
      0.00000       4.0630000      0.88990229      0.11009771
      0.00000       4.0640000      0.88623315      0.11376685
      0.00000       4.0650000      0.88245883      0.11754117
      0.00000       4.0660000      0.87857743      0.12142257
      0.00000       4.0670000      0.87458706      0.12541294
      0.00000       4.0680000      0.87048591      0.12951409
      0.00000       4.0690000      0.86627221      0.13372779
      0.00000       4.0700000      0.86194424      0.13805576
      0.00000       4.0710000      0.85750034      0.14249966
      0.00000       4.0720000      0.85293895      0.14706105
      0.00000       4.0730000      0.84825855      0.15174145
      0.00000       4.0740000      0.84345772      0.15654228
      0.00000       4.0750000      0.83853514      0.16146486
      0.00000       4.0760000      0.83348959      0.16651041
      0.00000       4.0770000      0.82831993      0.17168007
      0.00000       4.0780000      0.82302517      0.17697483
      0.00000       4.0790000      0.81760441      0.18239559
      0.00000       4.0800000      0.81205691      0.18794309
      0.00000       4.0810000      0.80638205      0.19361795
      0.00000       4.0820000      0.80057936      0.19942064
      0.00000       4.0830000      0.79464852      0.20535148
      0.00000       4.0840000      0.78858938      0.21141062
      0.00000       4.0850000      0.78240194      0.21759806
      0.00000       4.0860000      0.77608640      0.22391360
      0.00000       4.0870000      0.76964311      0.23035689
      0.00000       4.0880000      0.76307265      0.23692735
      0.00000       4.0890000      0.75637575      0.24362425
      0.00000       4.0900000      0.74955337      0.25044663
      0.00000       4.0910000      0.74260668      0.25739332
      0.00000       4.0920000      0.73553703      0.26446297
      0.00000       4.0930000      0.72834601      0.27165399
      0.00000       4.0940000      0.72103542      0.27896458
      0.00000       4.0950000      0.71360728      0.28639272
      0.00000       4.0960000      0.70606383      0.29393617
      0.00000       4.0970000      0.69840756      0.30159244
      0.00000       4.0980000      0.69064115      0.30935885
      0.00000       4.0990000      0.68276752      0.31723248
      0.00000       4.1000000      0.67478982      0.32521018
      0.00000       4.1010000      0.66671141      0.33328859
      0.00000       4.1020000      0.65853589      0.34146411
      0.00000       4.1030000      0.65026704      0.34973296
      0.00000       4.1040000      0.64190890      0.35809110
      0.00000       4.1050000      0.63346566      0.36653434
      0.00000       4.1060000      0.62494176      0.37505824
      0.00000       4.1070000      0.61634179      0.38365821
      0.00000       4.1080000      0.60767054      0.39232946
      0.00000       4.1090000      0.59893298      0.40106702
      0.00000       4.1100000      0.59013422      0.40986578
      0.00000       4.1110000      0.58127954      0.41872046
      0.00000       4.1120000      0.57237437      0.42762563
      0.00000       4.1130000      0.56342422      0.43657578
      0.00000       4.1140000      0.55443477      0.44556523
      0.00000       4.1150000      0.54541176      0.45458824
      0.00000       4.1160000      0.53636104      0.46363896
      0.00000       4.1170000      0.52728850      0.47271150
      0.00000       4.1180000      0.51820011      0.48179989
      0.00000       4.1190000      0.50910188      0.49089812
      0.00000       4.1200000      0.49999982      0.50000018
      0.00000       4.1210000      0.49089997      0.50910003
      0.00000       4.1220000      0.48180836      0.51819164
      0.00000       4.1230000      0.47273097      0.52726903
      0.00000       4.1240000      0.46367377      0.53632623
      0.00000       4.1250000      0.45464267      0.54535733
      0.00000       4.1260000      0.44564348      0.55435652
      0.00000       4.1270000      0.43668196      0.56331804
      0.00000       4.1280000      0.42776375      0.57223625
      0.00000       4.1290000      0.41889438      0.58110562
      0.00000       4.1300000      0.41007925      0.58992075
      0.00000       4.1310000      0.40132362      0.59867638
      0.00000       4.1320000      0.39263261      0.60736739
      0.00000       4.1330000      0.38401117      0.61598883
      0.00000       4.1340000      0.37546407      0.62453593
      0.00000       4.1350000      0.36699590      0.63300410
      0.00000       4.1360000      0.35861108      0.64138892
      0.00000       4.1370000      0.35031380      0.64968620
      0.00000       4.1380000      0.34210808      0.65789192
      0.00000       4.1390000      0.33399771      0.66600229
      0.00000       4.1400000      0.32598626      0.67401374
      0.00000       4.1410000      0.31807709      0.68192291
      0.00000       4.1420000      0.31027336      0.68972664
      0.00000       4.1430000      0.30257798      0.69742202
      0.00000       4.1440000      0.29499365      0.70500635
      0.00000       4.1450000      0.28752284      0.71247716
      0.00000       4.1460000      0.28016781      0.71983219
      0.00000       4.1470000      0.27293058      0.72706942
      0.00000       4.1480000      0.26581297      0.73418703
      0.00000       4.1490000      0.25881657      0.74118343
      0.00000       4.1500000      0.25194278      0.74805722
      0.00000       4.1510000      0.24519276      0.75480724
      0.00000       4.1520000      0.23856749      0.76143251
      0.00000       4.1530000      0.23206776      0.76793224
      0.00000       4.1540000      0.22569414      0.77430586
      0.00000       4.1550000      0.21944703      0.78055297
      0.00000       4.1560000      0.21332666      0.78667334
      0.00000       4.1570000      0.20733308      0.79266692
      0.00000       4.1580000      0.20146616      0.79853384
      0.00000       4.1590000      0.19572563      0.80427437
      0.00000       4.1600000      0.19011106      0.80988894
      0.00000       4.1610000      0.18462189      0.81537811
      0.00000       4.1620000      0.17925740      0.82074260
      0.00000       4.1630000      0.17401677      0.82598323
      0.00000       4.1640000      0.16889903      0.83110097
      0.00000       4.1650000      0.16390312      0.83609688
      0.00000       4.1660000      0.15902787      0.84097213
      0.00000       4.1670000      0.15427200      0.84572800
      0.00000       4.1680000      0.14963416      0.85036584
      0.00000       4.1690000      0.14511288      0.85488712
      0.00000       4.1700000      0.14070666      0.85929334
      0.00000       4.1710000      0.13641390      0.86358610
      0.00000       4.1720000      0.13223294      0.86776706
      0.00000       4.1730000      0.12816207      0.87183793
      0.00000       4.1740000      0.12419952      0.87580048
      0.00000       4.1750000      0.12034349      0.87965651
      0.00000       4.1760000      0.11659212      0.88340788
      0.00000       4.1770000      0.11294354      0.88705646
      0.00000       4.1780000      0.10939584      0.89060416
      0.00000       4.1790000      0.10594708      0.89405292
      0.00000       4.1800000      0.10259531      0.89740469
      0.00000       4.1810000     0.099338560      0.90066144
      0.00000       4.1820000     0.096174861      0.90382514
      0.00000       4.1830000     0.093102227      0.90689777
      0.00000       4.1840000     0.090118673      0.90988133
      0.00000       4.1850000     0.087222218      0.91277778
      0.00000       4.1860000     0.084410881      0.91558912
      0.00000       4.1870000     0.081682693      0.91831731
      0.00000       4.1880000     0.079035691      0.92096431
      0.00000       4.1890000     0.076467930      0.92353207
      0.00000       4.1900000     0.073977476      0.92602252
      0.00000       4.1910000     0.071562415      0.92843758
      0.00000       4.1920000     0.069220853      0.93077915
      0.00000       4.1930000     0.066950917      0.93304908
      0.00000       4.1940000     0.064750756      0.93524924
      0.00000       4.1950000     0.062618545      0.93738145
      0.00000       4.1960000     0.060552487      0.93944751
      0.00000       4.1970000     0.058550808      0.94144919
      0.00000       4.1980000     0.056611766      0.94338823
      0.00000       4.1990000     0.054733647      0.94526635
      0.00000       4.2000000     0.052914767      0.94708523
      0.00000       4.2010000     0.051153473      0.94884653
      0.00000       4.2020000     0.049448143      0.95055186
      0.00000       4.2030000     0.047797187      0.95220281
      0.00000       4.2040000     0.046199048      0.95380095
      0.00000       4.2050000     0.044652200      0.95534780
      0.00000       4.2060000     0.043155152      0.95684485
      0.00000       4.2070000     0.041706442      0.95829356
      0.00000       4.2080000     0.040304645      0.95969536
      0.00000       4.2090000     0.038948365      0.96105163
      0.00000       4.2100000     0.037636242      0.96236376
      0.00000       4.2110000     0.036366947      0.96363305
      0.00000       4.2120000     0.035139183      0.96486082
      0.00000       4.2130000     0.033951686      0.96604831
      0.00000       4.2140000     0.032803223      0.96719678
      0.00000       4.2150000     0.031692593      0.96830741
      0.00000       4.2160000     0.030618627      0.96938137
      0.00000       4.2170000     0.029580184      0.97041982
      0.00000       4.2180000     0.028576156      0.97142384
      0.00000       4.2190000     0.027605465      0.97239454
      0.00000       4.2200000     0.026667060      0.97333294
      0.00000       4.2210000     0.025759921      0.97424008
      0.00000       4.2220000     0.024883056      0.97511694
      0.00000       4.2230000     0.024035500      0.97596450
      0.00000       4.2240000     0.023216317      0.97678368
      0.00000       4.2250000     0.022424596      0.97757540
      0.00000       4.2260000     0.021659454      0.97834055
      0.00000       4.2270000     0.020920032      0.97907997
      0.00000       4.2280000     0.020205498      0.97979450
      0.00000       4.2290000     0.019515043      0.98048496
      0.00000       4.2300000     0.018847884      0.98115212
      0.00000       4.2310000     0.018203259      0.98179674
      0.00000       4.2320000     0.017580431      0.98241957
      0.00000       4.2330000     0.016978684      0.98302132
      0.00000       4.2340000     0.016397325      0.98360268
      0.00000       4.2350000     0.015835682      0.98416432
      0.00000       4.2360000     0.015293103      0.98470690
      0.00000       4.2370000     0.014768958      0.98523104
      0.00000       4.2380000     0.014262633      0.98573737
      0.00000       4.2390000     0.013773538      0.98622646
      0.00000       4.2400000     0.013301098      0.98669890
      0.00000       4.2410000     0.012844758      0.98715524
      0.00000       4.2420000     0.012403980      0.98759602
      0.00000       4.2430000     0.011978242      0.98802176
      0.00000       4.2440000     0.011567041      0.98843296
      0.00000       4.2450000     0.011169889      0.98883011
      0.00000       4.2460000     0.010786312      0.98921369
      0.00000       4.2470000     0.010415855      0.98958414
      0.00000       4.2480000     0.010058075      0.98994193
      0.00000       4.2490000    0.0097125432      0.99028746
      0.00000       4.2500000    0.0093788468      0.99062115
      0.00000       4.2510000    0.0090565849      0.99094342
      0.00000       4.2520000    0.0087453702      0.99125463
      0.00000       4.2530000    0.0084448283      0.99155517
      0.00000       4.2540000    0.0081545969      0.99184540
      0.00000       4.2550000    0.0078743257      0.99212567
      0.00000       4.2560000    0.0076036760      0.99239632
      0.00000       4.2570000    0.0073423203      0.99265768
      0.00000       4.2580000    0.0070899422      0.99291006
      0.00000       4.2590000    0.0068462354      0.99315376
      0.00000       4.2600000    0.0066109043      0.99338910
      0.00000       4.2610000    0.0063836628      0.99361634
      0.00000       4.2620000    0.0061642347      0.99383577
      0.00000       4.2630000    0.0059523526      0.99404765
      0.00000       4.2640000    0.0057477586      0.99425224
      0.00000       4.2650000    0.0055502032      0.99444980
      0.00000       4.2660000    0.0053594453      0.99464055
      0.00000       4.2670000    0.0051752520      0.99482475
      0.00000       4.2680000    0.0049973981      0.99500260
      0.00000       4.2690000    0.0048256664      0.99517433
      0.00000       4.2700000    0.0046598466      0.99534015
      0.00000       4.2710000    0.0044997358      0.99550026
      0.00000       4.2720000    0.0043451379      0.99565486
      0.00000       4.2730000    0.0041958635      0.99580414
      0.00000       4.2740000    0.0040517296      0.99594827
      0.00000       4.2750000    0.0039125595      0.99608744
      0.00000       4.2760000    0.0037781823      0.99622182
      0.00000       4.2770000    0.0036484333      0.99635157
      0.00000       4.2780000    0.0035231532      0.99647685
      0.00000       4.2790000    0.0034021880      0.99659781
      0.00000       4.2800000    0.0032853891      0.99671461
      0.00000       4.2810000    0.0031726132      0.99682739
      0.00000       4.2820000    0.0030637216      0.99693628
      0.00000       4.2830000    0.0029585805      0.99704142
      0.00000       4.2840000    0.0028570605      0.99714294
      0.00000       4.2850000    0.0027590369      0.99724096
      0.00000       4.2860000    0.0026643892      0.99733561
      0.00000       4.2870000    0.0025730009      0.99742700
      0.00000       4.2880000    0.0024847596      0.99751524
      0.00000       4.2890000    0.0023995568      0.99760044
      0.00000       4.2900000    0.0023172877      0.99768271
      0.00000       4.2910000    0.0022378511      0.99776215
      0.00000       4.2920000    0.0021611492      0.99783885
      0.00000       4.2930000    0.0020870878      0.99791291
      0.00000       4.2940000    0.0020155756      0.99798442
      0.00000       4.2950000    0.0019465248      0.99805348
      0.00000       4.2960000    0.0018798503      0.99812015
      0.00000       4.2970000    0.0018154702      0.99818453
      0.00000       4.2980000    0.0017533053      0.99824669
      0.00000       4.2990000    0.0016932792      0.99830672
      0.00000       4.3000000    0.0016353180      0.99836468
      0.00000       4.3010000    0.0015793505      0.99842065
      0.00000       4.3020000    0.0015253078      0.99847469
      0.00000       4.3030000    0.0014731236      0.99852688
      0.00000       4.3040000    0.0014227337      0.99857727
      0.00000       4.3050000    0.0013740762      0.99862592
      0.00000       4.3060000    0.0013270913      0.99867291
      0.00000       4.3070000    0.0012817212      0.99871828
      0.00000       4.3080000    0.0012379104      0.99876209
      0.00000       4.3090000    0.0011956049      0.99880440
      0.00000       4.3100000    0.0011547528      0.99884525
      0.00000       4.3110000    0.0011153040      0.99888470
      0.00000       4.3120000    0.0010772102      0.99892279
      0.00000       4.3130000    0.0010404244      0.99895958
      0.00000       4.3140000    0.0010049017      0.99899510
      0.00000       4.3150000   0.00097059848      0.99902940
      0.00000       4.3160000   0.00093747266      0.99906253
      0.00000       4.3170000   0.00090548367      0.99909452
      0.00000       4.3180000   0.00087459229      0.99912541
      0.00000       4.3190000   0.00084476071      0.99915524
      0.00000       4.3200000   0.00081595238      0.99918405
      0.00000       4.3210000   0.00078813203      0.99921187
      0.00000       4.3220000   0.00076126563      0.99923873
      0.00000       4.3230000   0.00073532029      0.99926468
      0.00000       4.3240000   0.00071026429      0.99928974
      0.00000       4.3250000   0.00068606698      0.99931393
      0.00000       4.3260000   0.00066269879      0.99933730
      0.00000       4.3270000   0.00064013116      0.99935987
      0.00000       4.3280000   0.00061833653      0.99938166
      0.00000       4.3290000   0.00059728828      0.99940271
      0.00000       4.3300000   0.00057696072      0.99942304
      0.00000       4.3310000   0.00055732904      0.99944267
      0.00000       4.3320000   0.00053836929      0.99946163
      0.00000       4.3330000   0.00052005835      0.99947994
      0.00000       4.3340000   0.00050237389      0.99949763
      0.00000       4.3350000   0.00048529438      0.99951471
      0.00000       4.3360000   0.00046879899      0.99953120
      0.00000       4.3370000   0.00045286765      0.99954713
      0.00000       4.3380000   0.00043748096      0.99956252
      0.00000       4.3390000   0.00042262019      0.99957738
      0.00000       4.3400000   0.00040826728      0.99959173
      0.00000       4.3410000   0.00039440476      0.99960560
      0.00000       4.3420000   0.00038101579      0.99961898
      0.00000       4.3430000   0.00036808410      0.99963192
      0.00000       4.3440000   0.00035559398      0.99964441
      0.00000       4.3450000   0.00034353027      0.99965647
      0.00000       4.3460000   0.00033187832      0.99966812
      0.00000       4.3470000   0.00032062401      0.99967938
      0.00000       4.3480000   0.00030975369      0.99969025
      0.00000       4.3490000   0.00029925417      0.99970075
      0.00000       4.3500000   0.00028911273      0.99971089
      0.00000       4.3510000   0.00027931710      0.99972068
      0.00000       4.3520000   0.00026985541      0.99973014
      0.00000       4.3530000   0.00026071621      0.99973928
      0.00000       4.3540000   0.00025188844      0.99974811
      0.00000       4.3550000   0.00024336142      0.99975664
      0.00000       4.3560000   0.00023512486      0.99976488
      0.00000       4.3570000   0.00022716880      0.99977283
      0.00000       4.3580000   0.00021948363      0.99978052
      0.00000       4.3590000   0.00021206006      0.99978794
      0.00000       4.3600000   0.00020488915      0.99979511
      0.00000       4.3610000   0.00019796224      0.99980204
      0.00000       4.3620000   0.00019127098      0.99980873
      0.00000       4.3630000   0.00018480730      0.99981519
      0.00000       4.3640000   0.00017856342      0.99982144
      0.00000       4.3650000   0.00017253182      0.99982747
      0.00000       4.3660000   0.00016670523      0.99983329
      0.00000       4.3670000   0.00016107665      0.99983892
      0.00000       4.3680000   0.00015563931      0.99984436
      0.00000       4.3690000   0.00015038666      0.99984961
      0.00000       4.3700000   0.00014531240      0.99985469
      0.00000       4.3710000   0.00014041044      0.99985959
      0.00000       4.3720000   0.00013567487      0.99986433
      0.00000       4.3730000   0.00013110003      0.99986890
      0.00000       4.3740000   0.00012668043      0.99987332
      0.00000       4.3750000   0.00012241075      0.99987759
      0.00000       4.3760000   0.00011828590      0.99988171
      0.00000       4.3770000   0.00011430092      0.99988570
      0.00000       4.3780000   0.00011045103      0.99988955
      0.00000       4.3790000   0.00010673165      0.99989327
      0.00000       4.3800000   0.00010313830      0.99989686
      0.00000       4.3810000   9.9666700e-05      0.99990033
      0.00000       4.3820000   9.6312694e-05      0.99990369
      0.00000       4.3830000   9.3072273e-05      0.99990693
      0.00000       4.3840000   8.9941569e-05      0.99991006
      0.00000       4.3850000   8.6916842e-05      0.99991308
      0.00000       4.3860000   8.3994483e-05      0.99991601
      0.00000       4.3870000   8.1171006e-05      0.99991883
      0.00000       4.3880000   7.8443044e-05      0.99992156
      0.00000       4.3890000   7.5807346e-05      0.99992419
      0.00000       4.3900000   7.3260772e-05      0.99992674
      0.00000       4.3910000   7.0800289e-05      0.99992920
      0.00000       4.3920000   6.8422968e-05      0.99993158
      0.00000       4.3930000   6.6125982e-05      0.99993387
      0.00000       4.3940000   6.3906598e-05      0.99993609
      0.00000       4.3950000   6.1762179e-05      0.99993824
      0.00000       4.3960000   5.9690176e-05      0.99994031
      0.00000       4.3970000   5.7688128e-05      0.99994231
      0.00000       4.3980000   5.5753659e-05      0.99994425
      0.00000       4.3990000   5.3884474e-05      0.99994612
      0.00000       4.4000000   5.2078354e-05      0.99994792
      0.00000       4.4010000   5.0333160e-05      0.99994967
      0.00000       4.4020000   4.8646823e-05      0.99995135
      0.00000       4.4030000   4.7017345e-05      0.99995298
      0.00000       4.4040000   4.5442798e-05      0.99995456
      0.00000       4.4050000   4.3921317e-05      0.99995608
      0.00000       4.4060000   4.2451103e-05      0.99995755
      0.00000       4.4070000   4.1030419e-05      0.99995897
      0.00000       4.4080000   3.9657583e-05      0.99996034
      0.00000       4.4090000   3.8330975e-05      0.99996167
      0.00000       4.4100000   3.7049029e-05      0.99996295
      0.00000       4.4110000   3.5810231e-05      0.99996419
      0.00000       4.4120000   3.4613120e-05      0.99996539
      0.00000       4.4130000   3.3456284e-05      0.99996654
      0.00000       4.4140000   3.2338359e-05      0.99996766
      0.00000       4.4150000   3.1258028e-05      0.99996874
      0.00000       4.4160000   3.0214020e-05      0.99996979
      0.00000       4.4170000   2.9205105e-05      0.99997079
      0.00000       4.4180000   2.8230096e-05      0.99997177
      0.00000       4.4190000   2.7287846e-05      0.99997271
      0.00000       4.4200000   2.6377248e-05      0.99997362
      0.00000       4.4210000   2.5497232e-05      0.99997450
      0.00000       4.4220000   2.4646764e-05      0.99997535
      0.00000       4.4230000   2.3824845e-05      0.99997618
      0.00000       4.4240000   2.3030512e-05      0.99997697
      0.00000       4.4250000   2.2262833e-05      0.99997774
      0.00000       4.4260000   2.1520906e-05      0.99997848
      0.00000       4.4270000   2.0803864e-05      0.99997920
      0.00000       4.4280000   2.0110866e-05      0.99997989
      0.00000       4.4290000   1.9441101e-05      0.99998056
      0.00000       4.4300000   1.8793785e-05      0.99998121
      0.00000       4.4310000   1.8168160e-05      0.99998183
      0.00000       4.4320000   1.7563496e-05      0.99998244
      0.00000       4.4330000   1.6979085e-05      0.99998302
      0.00000       4.4340000   1.6414244e-05      0.99998359
      0.00000       4.4350000   1.5868315e-05      0.99998413
      0.00000       4.4360000   1.5340661e-05      0.99998466
      0.00000       4.4370000   1.4830664e-05      0.99998517
      0.00000       4.4380000   1.4337731e-05      0.99998566
      0.00000       4.4390000   1.3861287e-05      0.99998614
      0.00000       4.4400000   1.3400778e-05      0.99998660
      0.00000       4.4410000   1.2955666e-05      0.99998704
      0.00000       4.4420000   1.2525434e-05      0.99998747
      0.00000       4.4430000   1.2109580e-05      0.99998789
      0.00000       4.4440000   1.1707623e-05      0.99998829
      0.00000       4.4450000   1.1319093e-05      0.99998868
      0.00000       4.4460000   1.0943540e-05      0.99998906
      0.00000       4.4470000   1.0580528e-05      0.99998942
      0.00000       4.4480000   1.0229634e-05      0.99998977
      0.00000       4.4490000   9.8904530e-06      0.99999011
      0.00000       4.4500000   9.5625902e-06      0.99999044
      0.00000       4.4510000   9.2456657e-06      0.99999075
      0.00000       4.4520000   8.9393123e-06      0.99999106
      0.00000       4.4530000   8.6431753e-06      0.99999136
      0.00000       4.4540000   8.3569116e-06      0.99999164
      0.00000       4.4550000   8.0801901e-06      0.99999192
      0.00000       4.4560000   7.8126906e-06      0.99999219
      0.00000       4.4570000   7.5541038e-06      0.99999245
      0.00000       4.4580000   7.3041309e-06      0.99999270
      0.00000       4.4590000   7.0624831e-06      0.99999294
      0.00000       4.4600000   6.8288814e-06      0.99999317
      0.00000       4.4610000   6.6030561e-06      0.99999340
      0.00000       4.4620000   6.3847468e-06      0.99999362
      0.00000       4.4630000   6.1737016e-06      0.99999383
      0.00000       4.4640000   5.9696774e-06      0.99999403
      0.00000       4.4650000   5.7724390e-06      0.99999423
      0.00000       4.4660000   5.5817593e-06      0.99999442
      0.00000       4.4670000   5.3974189e-06      0.99999460
      0.00000       4.4680000   5.2192057e-06      0.99999478
      0.00000       4.4690000   5.0469146e-06      0.99999495
      0.00000       4.4700000   4.8803476e-06      0.99999512
      0.00000       4.4710000   4.7193133e-06      0.99999528
      0.00000       4.4720000   4.5636269e-06      0.99999544
      0.00000       4.4730000   4.4131095e-06      0.99999559
      0.00000       4.4740000   4.2675884e-06      0.99999573
      0.00000       4.4750000   4.1268967e-06      0.99999587
      0.00000       4.4760000   3.9908732e-06      0.99999601
      0.00000       4.4770000   3.8593619e-06      0.99999614
      0.00000       4.4780000   3.7322123e-06      0.99999627
      0.00000       4.4790000   3.6092786e-06      0.99999639
      0.00000       4.4800000   3.4904203e-06      0.99999651
      0.00000       4.4810000   3.3755014e-06      0.99999662
      0.00000       4.4820000   3.2643904e-06      0.99999674
      0.00000       4.4830000   3.1569605e-06      0.99999684
      0.00000       4.4840000   3.0530887e-06      0.99999695
      0.00000       4.4850000   2.9526567e-06      0.99999705
      0.00000       4.4860000   2.8555496e-06      0.99999714
      0.00000       4.4870000   2.7616568e-06      0.99999724
      0.00000       4.4880000   2.6708712e-06      0.99999733
      0.00000       4.4890000   2.5830892e-06      0.99999742
      0.00000       4.4900000   2.4982109e-06      0.99999750
      0.00000       4.4910000   2.4161397e-06      0.99999758
      0.00000       4.4920000   2.3367820e-06      0.99999766
      0.00000       4.4930000   2.2600475e-06      0.99999774
      0.00000       4.4940000   2.1858491e-06      0.99999781
      0.00000       4.4950000   2.1141024e-06      0.99999789
      0.00000       4.4960000   2.0447258e-06      0.99999796
      0.00000       4.4970000   1.9776405e-06      0.99999802
      0.00000       4.4980000   1.9127704e-06      0.99999809
      0.00000       4.4990000   1.8500419e-06      0.99999815
      0.00000       4.5000000   1.7893838e-06      0.99999821
      0.00000       4.5010000   1.7307273e-06      0.99999827
      0.00000       4.5020000   1.6740060e-06      0.99999833
      0.00000       4.5030000   1.6191556e-06      0.99999838
      0.00000       4.5040000   1.5661141e-06      0.99999843
      0.00000       4.5050000   1.5148212e-06      0.99999849
      0.00000       4.5060000   1.4652192e-06      0.99999853
      0.00000       4.5070000   1.4172518e-06      0.99999858
      0.00000       4.5080000   1.3708649e-06      0.99999863
      0.00000       4.5090000   1.3260059e-06      0.99999867
      0.00000       4.5100000   1.2826244e-06      0.99999872
      0.00000       4.5110000   1.2406713e-06      0.99999876
      0.00000       4.5120000   1.2000993e-06      0.99999880
      0.00000       4.5130000   1.1608626e-06      0.99999884
      0.00000       4.5140000   1.1229170e-06      0.99999888
      0.00000       4.5150000   1.0862197e-06      0.99999891
      0.00000       4.5160000   1.0507294e-06      0.99999895
      0.00000       4.5170000   1.0164062e-06      0.99999898
      0.00000       4.5180000   9.8321145e-07      0.99999902
      0.00000       4.5190000   9.5110777e-07      0.99999905
      0.00000       4.5200000   9.2005909e-07      0.99999908
      0.00000       4.5210000   8.9003052e-07      0.99999911
      0.00000       4.5220000   8.6098833e-07      0.99999914
      0.00000       4.5230000   8.3289992e-07      0.99999917
      0.00000       4.5240000   8.0573375e-07      0.99999919
      0.00000       4.5250000   7.7945935e-07      0.99999922
      0.00000       4.5260000   7.5404727e-07      0.99999925
      0.00000       4.5270000   7.2946902e-07      0.99999927
      0.00000       4.5280000   7.0569706e-07      0.99999929
      0.00000       4.5290000   6.8270478e-07      0.99999932
      0.00000       4.5300000   6.6046644e-07      0.99999934
      0.00000       4.5310000   6.3895716e-07      0.99999936
      0.00000       4.5320000   6.1815288e-07      0.99999938
      0.00000       4.5330000   5.9803035e-07      0.99999940
      0.00000       4.5340000   5.7856709e-07      0.99999942
      0.00000       4.5350000   5.5974135e-07      0.99999944
      0.00000       4.5360000   5.4153212e-07      0.99999946
      0.00000       4.5370000   5.2391909e-07      0.99999948
      0.00000       4.5380000   5.0688261e-07      0.99999949
      0.00000       4.5390000   4.9040368e-07      0.99999951
      0.00000       4.5400000   4.7446394e-07      0.99999953
      0.00000       4.5410000   4.5904563e-07      0.99999954
      0.00000       4.5420000   4.4413159e-07      0.99999956
      0.00000       4.5430000   4.2970522e-07      0.99999957
      0.00000       4.5440000   4.1575048e-07      0.99999958
      0.00000       4.5450000   4.0225184e-07      0.99999960
      0.00000       4.5460000   3.8919429e-07      0.99999961
      0.00000       4.5470000   3.7656335e-07      0.99999962
      0.00000       4.5480000   3.6434497e-07      0.99999964
      0.00000       4.5490000   3.5252560e-07      0.99999965
      0.00000       4.5500000   3.4109213e-07      0.99999966
      0.00000       4.5510000   3.3003186e-07      0.99999967
      0.00000       4.5520000   3.1933256e-07      0.99999968
      0.00000       4.5530000   3.0898234e-07      0.99999969
      0.00000       4.5540000   2.9896977e-07      0.99999970
      0.00000       4.5550000   2.8928374e-07      0.99999971
      0.00000       4.5560000   2.7991354e-07      0.99999972
      0.00000       4.5570000   2.7084881e-07      0.99999973
      0.00000       4.5580000   2.6207953e-07      0.99999974
      0.00000       4.5590000   2.5359600e-07      0.99999975
      0.00000       4.5600000   2.4538886e-07      0.99999975
      0.00000       4.5610000   2.3744903e-07      0.99999976
      0.00000       4.5620000   2.2976777e-07      0.99999977
      0.00000       4.5630000   2.2233658e-07      0.99999978
      0.00000       4.5640000   2.1514729e-07      0.99999978
      0.00000       4.5650000   2.0819197e-07      0.99999979
      0.00000       4.5660000   2.0146295e-07      0.99999980
      0.00000       4.5670000   1.9495282e-07      0.99999981
      0.00000       4.5680000   1.8865442e-07      0.99999981
      0.00000       4.5690000   1.8256081e-07      0.99999982
      0.00000       4.5700000   1.7666530e-07      0.99999982
      0.00000       4.5710000   1.7096140e-07      0.99999983
      0.00000       4.5720000   1.6544285e-07      0.99999983
      0.00000       4.5730000   1.6010359e-07      0.99999984
      0.00000       4.5740000   1.5493775e-07      0.99999985
      0.00000       4.5750000   1.4993966e-07      0.99999985
      0.00000       4.5760000   1.4510384e-07      0.99999985
      0.00000       4.5770000   1.4042500e-07      0.99999986
      0.00000       4.5780000   1.3589799e-07      0.99999986
      0.00000       4.5790000   1.3151787e-07      0.99999987
      0.00000       4.5800000   1.2727983e-07      0.99999987
      0.00000       4.5810000   1.2317924e-07      0.99999988
      0.00000       4.5820000   1.1921161e-07      0.99999988
      0.00000       4.5830000   1.1537261e-07      0.99999988
      0.00000       4.5840000   1.1165803e-07      0.99999989
      0.00000       4.5850000   1.0806381e-07      0.99999989
      0.00000       4.5860000   1.0458604e-07      0.99999990
      0.00000       4.5870000   1.0122092e-07      0.99999990
      0.00000       4.5880000   9.7964768e-08      0.99999990
      0.00000       4.5890000   9.4814039e-08      0.99999991
      0.00000       4.5900000   9.1765297e-08      0.99999991
      0.00000       4.5910000   8.8815219e-08      0.99999991
      0.00000       4.5920000   8.5960592e-08      0.99999991
      0.00000       4.5930000   8.3198308e-08      0.99999992
      0.00000       4.5940000   8.0525361e-08      0.99999992
      0.00000       4.5950000   7.7938842e-08      0.99999992
      0.00000       4.5960000   7.5435940e-08      0.99999992
      0.00000       4.5970000   7.3013934e-08      0.99999993
      0.00000       4.5980000   7.0670192e-08      0.99999993
      0.00000       4.5990000   6.8402170e-08      0.99999993
      0.00000       4.6000000   6.6207404e-08      0.99999993
      0.00000       4.6010000   6.4083515e-08      0.99999994
      0.00000       4.6020000   6.2028198e-08      0.99999994
      0.00000       4.6030000   6.0039226e-08      0.99999994
      0.00000       4.6040000   5.8114442e-08      0.99999994
      0.00000       4.6050000   5.6251763e-08      0.99999994
      0.00000       4.6060000   5.4449171e-08      0.99999995
      0.00000       4.6070000   5.2704717e-08      0.99999995
      0.00000       4.6080000   5.1016512e-08      0.99999995
      0.00000       4.6090000   4.9382731e-08      0.99999995
      0.00000       4.6100000   4.7801609e-08      0.99999995
      0.00000       4.6110000   4.6271437e-08      0.99999995
      0.00000       4.6120000   4.4790564e-08      0.99999996
      0.00000       4.6130000   4.3357390e-08      0.99999996
      0.00000       4.6140000   4.1970370e-08      0.99999996
      0.00000       4.6150000   4.0628007e-08      0.99999996
      0.00000       4.6160000   3.9328855e-08      0.99999996
      0.00000       4.6170000   3.8071514e-08      0.99999996
      0.00000       4.6180000   3.6854629e-08      0.99999996
      0.00000       4.6190000   3.5676890e-08      0.99999996
      0.00000       4.6200000   3.4537031e-08      0.99999997
      0.00000       4.6210000   3.3433824e-08      0.99999997
      0.00000       4.6220000   3.2366084e-08      0.99999997
      0.00000       4.6230000   3.1332663e-08      0.99999997
      0.00000       4.6240000   3.0332452e-08      0.99999997
      0.00000       4.6250000   2.9364375e-08      0.99999997
      0.00000       4.6260000   2.8427395e-08      0.99999997
      0.00000       4.6270000   2.7520505e-08      0.99999997
      0.00000       4.6280000   2.6642734e-08      0.99999997
      0.00000       4.6290000   2.5793140e-08      0.99999997
      0.00000       4.6300000   2.4970813e-08      0.99999998
      0.00000       4.6310000   2.4174872e-08      0.99999998
      0.00000       4.6320000   2.3404465e-08      0.99999998
      0.00000       4.6330000   2.2658769e-08      0.99999998
      0.00000       4.6340000   2.1936984e-08      0.99999998
      0.00000       4.6350000   2.1238340e-08      0.99999998
      0.00000       4.6360000   2.0562089e-08      0.99999998
      0.00000       4.6370000   1.9907510e-08      0.99999998
      0.00000       4.6380000   1.9273904e-08      0.99999998
      0.00000       4.6390000   1.8660594e-08      0.99999998
      0.00000       4.6400000   1.8066925e-08      0.99999998
      0.00000       4.6410000   1.7492266e-08      0.99999998
      0.00000       4.6420000   1.6936003e-08      0.99999998
      0.00000       4.6430000   1.6397543e-08      0.99999998
      0.00000       4.6440000   1.5876314e-08      0.99999998
      0.00000       4.6450000   1.5371760e-08      0.99999998
      0.00000       4.6460000   1.4883344e-08      0.99999999
      0.00000       4.6470000   1.4410547e-08      0.99999999
      0.00000       4.6480000   1.3952866e-08      0.99999999
      0.00000       4.6490000   1.3509815e-08      0.99999999
      0.00000       4.6500000   1.3080923e-08      0.99999999
      0.00000       4.6510000   1.2665735e-08      0.99999999
      0.00000       4.6520000   1.2263810e-08      0.99999999
      0.00000       4.6530000   1.1874722e-08      0.99999999
      0.00000       4.6540000   1.1498058e-08      0.99999999
      0.00000       4.6550000   1.1133419e-08      0.99999999
      0.00000       4.6560000   1.0780418e-08      0.99999999
      0.00000       4.6570000   1.0438682e-08      0.99999999
      0.00000       4.6580000   1.0107848e-08      0.99999999
      0.00000       4.6590000   9.7875675e-09      0.99999999
      0.00000       4.6600000   9.4775009e-09      0.99999999
      0.00000       4.6610000   9.1773205e-09      0.99999999
      0.00000       4.6620000   8.8867090e-09      0.99999999
      0.00000       4.6630000   8.6053596e-09      0.99999999
      0.00000       4.6640000   8.3329750e-09      0.99999999
      0.00000       4.6650000   8.0692678e-09      0.99999999
      0.00000       4.6660000   7.8139598e-09      0.99999999
      0.00000       4.6670000   7.5667817e-09      0.99999999
      0.00000       4.6680000   7.3274731e-09      0.99999999
      0.00000       4.6690000   7.0957818e-09      0.99999999
      0.00000       4.6700000   6.8714637e-09      0.99999999
      0.00000       4.6710000   6.6542827e-09      0.99999999
      0.00000       4.6720000   6.4440103e-09      0.99999999
      0.00000       4.6730000   6.2404253e-09      0.99999999
      0.00000       4.6740000   6.0433136e-09      0.99999999
      0.00000       4.6750000   5.8524682e-09      0.99999999
      0.00000       4.6760000   5.6676884e-09      0.99999999
      0.00000       4.6770000   5.4887804e-09      0.99999999
      0.00000       4.6780000   5.3155563e-09      0.99999999
      0.00000       4.6790000   5.1478343e-09      0.99999999
      0.00000       4.6800000   4.9854387e-09       1.0000000
      0.00000       4.6810000   4.8281991e-09       1.0000000
      0.00000       4.6820000   4.6759508e-09       1.0000000
      0.00000       4.6830000   4.5285344e-09       1.0000000
      0.00000       4.6840000   4.3857955e-09       1.0000000
      0.00000       4.6850000   4.2475848e-09       1.0000000
      0.00000       4.6860000   4.1137576e-09       1.0000000
      0.00000       4.6870000   3.9841741e-09       1.0000000
      0.00000       4.6880000   3.8586989e-09       1.0000000
      0.00000       4.6890000   3.7372008e-09       1.0000000
      0.00000       4.6900000   3.6195529e-09       1.0000000
      0.00000       4.6910000   3.5056326e-09       1.0000000
      0.00000       4.6920000   3.3953209e-09       1.0000000
      0.00000       4.6930000   3.2885028e-09       1.0000000
      0.00000       4.6940000   3.1850669e-09       1.0000000
      0.00000       4.6950000   3.0849054e-09       1.0000000
      0.00000       4.6960000   2.9879141e-09       1.0000000
      0.00000       4.6970000   2.8939919e-09       1.0000000
      0.00000       4.6980000   2.8030412e-09       1.0000000
      0.00000       4.6990000   2.7149672e-09       1.0000000
      0.00000       4.7000000   2.6296785e-09       1.0000000
      0.00000       4.7010000   2.5470863e-09       1.0000000
      0.00000       4.7020000   2.4671049e-09       1.0000000
      0.00000       4.7030000   2.3896513e-09       1.0000000
      0.00000       4.7040000   2.3146449e-09       1.0000000
      0.00000       4.7050000   2.2420081e-09       1.0000000
      0.00000       4.7060000   2.1716654e-09       1.0000000
      0.00000       4.7070000   2.1035440e-09       1.0000000
      0.00000       4.7080000   2.0375732e-09       1.0000000
      0.00000       4.7090000   1.9736847e-09       1.0000000
      0.00000       4.7100000   1.9118124e-09       1.0000000
      0.00000       4.7110000   1.8518922e-09       1.0000000
      0.00000       4.7120000   1.7938622e-09       1.0000000
      0.00000       4.7130000   1.7376623e-09       1.0000000
      0.00000       4.7140000   1.6832345e-09       1.0000000
      0.00000       4.7150000   1.6305224e-09       1.0000000
      0.00000       4.7160000   1.5794718e-09       1.0000000
      0.00000       4.7170000   1.5300299e-09       1.0000000
      0.00000       4.7180000   1.4821456e-09       1.0000000
      0.00000       4.7190000   1.4357696e-09       1.0000000
      0.00000       4.7200000   1.3908540e-09       1.0000000
      0.00000       4.7210000   1.3473526e-09       1.0000000
      0.00000       4.7220000   1.3052206e-09       1.0000000
      0.00000       4.7230000   1.2644146e-09       1.0000000
      0.00000       4.7240000   1.2248926e-09       1.0000000
      0.00000       4.7250000   1.1866139e-09       1.0000000
      0.00000       4.7260000   1.1495391e-09       1.0000000
      0.00000       4.7270000   1.1136302e-09       1.0000000
      0.00000       4.7280000   1.0788502e-09       1.0000000
      0.00000       4.7290000   1.0451635e-09       1.0000000
      0.00000       4.7300000   1.0125354e-09       1.0000000
      0.00000       4.7310000   9.8093253e-10       1.0000000
      0.00000       4.7320000   9.5032236e-10       1.0000000
      0.00000       4.7330000   9.2067356e-10       1.0000000
      0.00000       4.7340000   8.9195574e-10       1.0000000
      0.00000       4.7350000   8.6413947e-10       1.0000000
      0.00000       4.7360000   8.3719627e-10       1.0000000
      0.00000       4.7370000   8.1109857e-10       1.0000000
      0.00000       4.7380000   7.8581965e-10       1.0000000
      0.00000       4.7390000   7.6133367e-10       1.0000000
      0.00000       4.7400000   7.3761560e-10       1.0000000
      0.00000       4.7410000   7.1464119e-10       1.0000000
      0.00000       4.7420000   6.9238699e-10       1.0000000
      0.00000       4.7430000   6.7083026e-10       1.0000000
      0.00000       4.7440000   6.4994901e-10       1.0000000
      0.00000       4.7450000   6.2972194e-10       1.0000000
      0.00000       4.7460000   6.1012843e-10       1.0000000
      0.00000       4.7470000   5.9114849e-10       1.0000000
      0.00000       4.7480000   5.7276280e-10       1.0000000
      0.00000       4.7490000   5.5495262e-10       1.0000000
      0.00000       4.7500000   5.3769983e-10       1.0000000
      0.00000       4.7510000   5.2098687e-10       1.0000000
      0.00000       4.7520000   5.0479675e-10       1.0000000
      0.00000       4.7530000   4.8911299e-10       1.0000000
      0.00000       4.7540000   4.7391967e-10       1.0000000
      0.00000       4.7550000   4.5920135e-10       1.0000000
      0.00000       4.7560000   4.4494307e-10       1.0000000
      0.00000       4.7570000   4.3113038e-10       1.0000000
      0.00000       4.7580000   4.1774926e-10       1.0000000
      0.00000       4.7590000   4.0478613e-10       1.0000000
      0.00000       4.7600000   3.9222786e-10       1.0000000
      0.00000       4.7610000   3.8006171e-10       1.0000000
      0.00000       4.7620000   3.6827538e-10       1.0000000
      0.00000       4.7630000   3.5685691e-10       1.0000000
      0.00000       4.7640000   3.4579477e-10       1.0000000
      0.00000       4.7650000   3.3507775e-10       1.0000000
      0.00000       4.7660000   3.2469503e-10       1.0000000
      0.00000       4.7670000   3.1463610e-10       1.0000000
      0.00000       4.7680000   3.0489081e-10       1.0000000
      0.00000       4.7690000   2.9544931e-10       1.0000000
      0.00000       4.7700000   2.8630207e-10       1.0000000
      0.00000       4.7710000   2.7743986e-10       1.0000000
      0.00000       4.7720000   2.6885375e-10       1.0000000
      0.00000       4.7730000   2.6053507e-10       1.0000000
      0.00000       4.7740000   2.5247544e-10       1.0000000
      0.00000       4.7750000   2.4466675e-10       1.0000000
      0.00000       4.7760000   2.3710113e-10       1.0000000
      0.00000       4.7770000   2.2977097e-10       1.0000000
      0.00000       4.7780000   2.2266888e-10       1.0000000
      0.00000       4.7790000   2.1578774e-10       1.0000000
      0.00000       4.7800000   2.0912062e-10       1.0000000
      0.00000       4.7810000   2.0266082e-10       1.0000000
      0.00000       4.7820000   1.9640185e-10       1.0000000
      0.00000       4.7830000   1.9033743e-10       1.0000000
      0.00000       4.7840000   1.8446148e-10       1.0000000
      0.00000       4.7850000   1.7876810e-10       1.0000000
      0.00000       4.7860000   1.7325158e-10       1.0000000
      0.00000       4.7870000   1.6790639e-10       1.0000000
      0.00000       4.7880000   1.6272717e-10       1.0000000
      0.00000       4.7890000   1.5770875e-10       1.0000000
      0.00000       4.7900000   1.5284609e-10       1.0000000
      0.00000       4.7910000   1.4813433e-10       1.0000000
      0.00000       4.7920000   1.4356876e-10       1.0000000
      0.00000       4.7930000   1.3914480e-10       1.0000000
      0.00000       4.7940000   1.3485805e-10       1.0000000
      0.00000       4.7950000   1.3070422e-10       1.0000000
      0.00000       4.7960000   1.2667916e-10       1.0000000
      0.00000       4.7970000   1.2277885e-10       1.0000000
      0.00000       4.7980000   1.1899941e-10       1.0000000
      0.00000       4.7990000   1.1533705e-10       1.0000000
      0.00000       4.8000000   1.1178814e-10       1.0000000
      0.00000       4.8010000   1.0834913e-10       1.0000000
      0.00000       4.8020000   1.0501661e-10       1.0000000
      0.00000       4.8030000   1.0178724e-10       1.0000000
      0.00000       4.8040000   9.8657824e-11       1.0000000
      0.00000       4.8050000   9.5625241e-11       1.0000000
      0.00000       4.8060000   9.2686476e-11       1.0000000
      0.00000       4.8070000   8.9838610e-11       1.0000000
      0.00000       4.8080000   8.7078812e-11       1.0000000
      0.00000       4.8090000   8.4404341e-11       1.0000000
      0.00000       4.8100000   8.1812542e-11       1.0000000
      0.00000       4.8110000   7.9300844e-11       1.0000000
      0.00000       4.8120000   7.6866754e-11       1.0000000
      0.00000       4.8130000   7.4507860e-11       1.0000000
      0.00000       4.8140000   7.2221824e-11       1.0000000
      0.00000       4.8150000   7.0006380e-11       1.0000000
      0.00000       4.8160000   6.7859336e-11       1.0000000
      0.00000       4.8170000   6.5778565e-11       1.0000000
      0.00000       4.8180000   6.3762009e-11       1.0000000
      0.00000       4.8190000   6.1807674e-11       1.0000000
      0.00000       4.8200000   5.9913626e-11       1.0000000
      0.00000       4.8210000   5.8077996e-11       1.0000000
      0.00000       4.8220000   5.6298968e-11       1.0000000
      0.00000       4.8230000   5.4574788e-11       1.0000000
      0.00000       4.8240000   5.2903752e-11       1.0000000
      0.00000       4.8250000   5.1284212e-11       1.0000000
      0.00000       4.8260000   4.9714572e-11       1.0000000
      0.00000       4.8270000   4.8193284e-11       1.0000000
      0.00000       4.8280000   4.6718848e-11       1.0000000
      0.00000       4.8290000   4.5289814e-11       1.0000000
      0.00000       4.8300000   4.3904772e-11       1.0000000
      0.00000       4.8310000   4.2562362e-11       1.0000000
      0.00000       4.8320000   4.1261261e-11       1.0000000
      0.00000       4.8330000   4.0000192e-11       1.0000000
      0.00000       4.8340000   3.8777913e-11       1.0000000
      0.00000       4.8350000   3.7593225e-11       1.0000000
      0.00000       4.8360000   3.6444963e-11       1.0000000
      0.00000       4.8370000   3.5332001e-11       1.0000000
      0.00000       4.8380000   3.4253246e-11       1.0000000
      0.00000       4.8390000   3.3207641e-11       1.0000000
      0.00000       4.8400000   3.2194160e-11       1.0000000
      0.00000       4.8410000   3.1211809e-11       1.0000000
      0.00000       4.8420000   3.0259627e-11       1.0000000
      0.00000       4.8430000   2.9336681e-11       1.0000000
      0.00000       4.8440000   2.8442068e-11       1.0000000
      0.00000       4.8450000   2.7574912e-11       1.0000000
      0.00000       4.8460000   2.6734365e-11       1.0000000
      0.00000       4.8470000   2.5919605e-11       1.0000000
      0.00000       4.8480000   2.5129837e-11       1.0000000
      0.00000       4.8490000   2.4364288e-11       1.0000000
      0.00000       4.8500000   2.3622211e-11       1.0000000
      0.00000       4.8510000   2.2902883e-11       1.0000000
      0.00000       4.8520000   2.2205600e-11       1.0000000
      0.00000       4.8530000   2.1529684e-11       1.0000000
      0.00000       4.8540000   2.0874474e-11       1.0000000
      0.00000       4.8550000   2.0239333e-11       1.0000000
      0.00000       4.8560000   1.9623643e-11       1.0000000
      0.00000       4.8570000   1.9026803e-11       1.0000000
      0.00000       4.8580000   1.8448233e-11       1.0000000
      0.00000       4.8590000   1.7887370e-11       1.0000000
      0.00000       4.8600000   1.7343668e-11       1.0000000
      0.00000       4.8610000   1.6816600e-11       1.0000000
      0.00000       4.8620000   1.6305652e-11       1.0000000
      0.00000       4.8630000   1.5810329e-11       1.0000000
      0.00000       4.8640000   1.5330150e-11       1.0000000
      0.00000       4.8650000   1.4864649e-11       1.0000000
      0.00000       4.8660000   1.4413374e-11       1.0000000
      0.00000       4.8670000   1.3975888e-11       1.0000000
      0.00000       4.8680000   1.3551766e-11       1.0000000
      0.00000       4.8690000   1.3140599e-11       1.0000000
      0.00000       4.8700000   1.2741987e-11       1.0000000
      0.00000       4.8710000   1.2355545e-11       1.0000000
      0.00000       4.8720000   1.1980899e-11       1.0000000
      0.00000       4.8730000   1.1617686e-11       1.0000000
      0.00000       4.8740000   1.1265556e-11       1.0000000
      0.00000       4.8750000   1.0924167e-11       1.0000000
      0.00000       4.8760000   1.0593191e-11       1.0000000
      0.00000       4.8770000   1.0272307e-11       1.0000000
      0.00000       4.8780000   9.9612066e-12       1.0000000
      0.00000       4.8790000   9.6595885e-12       1.0000000
      0.00000       4.8800000   9.3671622e-12       1.0000000
      0.00000       4.8810000   9.0836459e-12       1.0000000
      0.00000       4.8820000   8.8087661e-12       1.0000000
      0.00000       4.8830000   8.5422583e-12       1.0000000
      0.00000       4.8840000   8.2838657e-12       1.0000000
      0.00000       4.8850000   8.0333397e-12       1.0000000
      0.00000       4.8860000   7.7904393e-12       1.0000000
      0.00000       4.8870000   7.5549308e-12       1.0000000
      0.00000       4.8880000   7.3265878e-12       1.0000000
      0.00000       4.8890000   7.1051909e-12       1.0000000
      0.00000       4.8900000   6.8905276e-12       1.0000000
      0.00000       4.8910000   6.6823916e-12       1.0000000
      0.00000       4.8920000   6.4805832e-12       1.0000000
      0.00000       4.8930000   6.2849088e-12       1.0000000
      0.00000       4.8940000   6.0951808e-12       1.0000000
      0.00000       4.8950000   5.9112173e-12       1.0000000
      0.00000       4.8960000   5.7328420e-12       1.0000000
      0.00000       4.8970000   5.5598841e-12       1.0000000
      0.00000       4.8980000   5.3921781e-12       1.0000000
      0.00000       4.8990000   5.2295633e-12       1.0000000
      0.00000       4.9000000   5.0718843e-12       1.0000000
      0.00000       4.9010000   4.9189903e-12       1.0000000
      0.00000       4.9020000   4.7707351e-12       1.0000000
      0.00000       4.9030000   4.6269772e-12       1.0000000
      0.00000       4.9040000   4.4875791e-12       1.0000000
      0.00000       4.9050000   4.3524079e-12       1.0000000
      0.00000       4.9060000   4.2213345e-12       1.0000000
      0.00000       4.9070000   4.0942339e-12       1.0000000
      0.00000       4.9080000   3.9709849e-12       1.0000000
      0.00000       4.9090000   3.8514701e-12       1.0000000
      0.00000       4.9100000   3.7355756e-12       1.0000000
      0.00000       4.9110000   3.6231910e-12       1.0000000
      0.00000       4.9120000   3.5142093e-12       1.0000000
      0.00000       4.9130000   3.4085269e-12       1.0000000
      0.00000       4.9140000   3.3060432e-12       1.0000000
      0.00000       4.9150000   3.2066608e-12       1.0000000
      0.00000       4.9160000   3.1102852e-12       1.0000000
      0.00000       4.9170000   3.0168249e-12       1.0000000
      0.00000       4.9180000   2.9261911e-12       1.0000000
      0.00000       4.9190000   2.8382978e-12       1.0000000
      0.00000       4.9200000   2.7530616e-12       1.0000000
      0.00000       4.9210000   2.6704017e-12       1.0000000
      0.00000       4.9220000   2.5902396e-12       1.0000000
      0.00000       4.9230000   2.5124995e-12       1.0000000
      0.00000       4.9240000   2.4371076e-12       1.0000000
      0.00000       4.9250000   2.3639926e-12       1.0000000
      0.00000       4.9260000   2.2930853e-12       1.0000000
      0.00000       4.9270000   2.2243186e-12       1.0000000
      0.00000       4.9280000   2.1576275e-12       1.0000000
      0.00000       4.9290000   2.0929489e-12       1.0000000
      0.00000       4.9300000   2.0302216e-12       1.0000000
      0.00000       4.9310000   1.9693865e-12       1.0000000
      0.00000       4.9320000   1.9103861e-12       1.0000000
      0.00000       4.9330000   1.8531647e-12       1.0000000
      0.00000       4.9340000   1.7976683e-12       1.0000000
      0.00000       4.9350000   1.7438446e-12       1.0000000
      0.00000       4.9360000   1.6916429e-12       1.0000000
      0.00000       4.9370000   1.6410139e-12       1.0000000
      0.00000       4.9380000   1.5919100e-12       1.0000000
      0.00000       4.9390000   1.5442849e-12       1.0000000
      0.00000       4.9400000   1.4980938e-12       1.0000000
      0.00000       4.9410000   1.4532933e-12       1.0000000
      0.00000       4.9420000   1.4098412e-12       1.0000000
      0.00000       4.9430000   1.3676966e-12       1.0000000
      0.00000       4.9440000   1.3268201e-12       1.0000000
      0.00000       4.9450000   1.2871731e-12       1.0000000
      0.00000       4.9460000   1.2487185e-12       1.0000000
      0.00000       4.9470000   1.2114201e-12       1.0000000
      0.00000       4.9480000   1.1752431e-12       1.0000000
      0.00000       4.9490000   1.1401534e-12       1.0000000
      0.00000       4.9500000   1.1061181e-12       1.0000000
      0.00000       4.9510000   1.0731054e-12       1.0000000
      0.00000       4.9520000   1.0410844e-12       1.0000000
      0.00000       4.9530000   1.0100251e-12       1.0000000
      0.00000       4.9540000   9.7989830e-13       1.0000000
      0.00000       4.9550000   9.5067598e-13       1.0000000
      0.00000       4.9560000   9.2233075e-13       1.0000000
      0.00000       4.9570000   8.9483612e-13       1.0000000
      0.00000       4.9580000   8.6816641e-13       1.0000000
      0.00000       4.9590000   8.4229670e-13       1.0000000
      0.00000       4.9600000   8.1720284e-13       1.0000000
      0.00000       4.9610000   7.9286142e-13       1.0000000
      0.00000       4.9620000   7.6924973e-13       1.0000000
      0.00000       4.9630000   7.4634575e-13       1.0000000
      0.00000       4.9640000   7.2412813e-13       1.0000000
      0.00000       4.9650000   7.0257617e-13       1.0000000
      0.00000       4.9660000   6.8166981e-13       1.0000000
      0.00000       4.9670000   6.6138957e-13       1.0000000
      0.00000       4.9680000   6.4171659e-13       1.0000000
      0.00000       4.9690000   6.2263256e-13       1.0000000
      0.00000       4.9700000   6.0411975e-13       1.0000000
      0.00000       4.9710000   5.8616094e-13       1.0000000
      0.00000       4.9720000   5.6873944e-13       1.0000000
      0.00000       4.9730000   5.5183909e-13       1.0000000
      0.00000       4.9740000   5.3544418e-13       1.0000000
      0.00000       4.9750000   5.1953951e-13       1.0000000
      0.00000       4.9760000   5.0411032e-13       1.0000000
      0.00000       4.9770000   4.8914231e-13       1.0000000
      0.00000       4.9780000   4.7462160e-13       1.0000000
      0.00000       4.9790000   4.6053475e-13       1.0000000
      0.00000       4.9800000   4.4686869e-13       1.0000000
      0.00000       4.9810000   4.3361079e-13       1.0000000
      0.00000       4.9820000   4.2074878e-13       1.0000000
      0.00000       4.9830000   4.0827075e-13       1.0000000
      0.00000       4.9840000   3.9616517e-13       1.0000000
      0.00000       4.9850000   3.8442086e-13       1.0000000
      0.00000       4.9860000   3.7302696e-13       1.0000000
      0.00000       4.9870000   3.6197294e-13       1.0000000
      0.00000       4.9880000   3.5124862e-13       1.0000000
      0.00000       4.9890000   3.4084408e-13       1.0000000
      0.00000       4.9900000   3.3074973e-13       1.0000000
      0.00000       4.9910000   3.2095627e-13       1.0000000
      0.00000       4.9920000   3.1145467e-13       1.0000000
      0.00000       4.9930000   3.0223617e-13       1.0000000
      0.00000       4.9940000   2.9329229e-13       1.0000000
      0.00000       4.9950000   2.8461479e-13       1.0000000
      0.00000       4.9960000   2.7619568e-13       1.0000000
      0.00000       4.9970000   2.6802724e-13       1.0000000
      0.00000       4.9980000   2.6010193e-13       1.0000000
      0.00000       4.9990000   2.5241248e-13       1.0000000
      0.00000       5.0000000   2.4495183e-13       1.0000000
      0.00000       5.0010000   2.3771312e-13       1.0000000
      0.00000       5.0020000   2.3068972e-13       1.0000000
      0.00000       5.0030000   2.2387516e-13       1.0000000
      0.00000       5.0040000   2.1726321e-13       1.0000000
      0.00000       5.0050000   2.1084780e-13       1.0000000
      0.00000       5.0060000   2.0462305e-13       1.0000000
      0.00000       5.0070000   1.9858326e-13       1.0000000
      0.00000       5.0080000   1.9272290e-13       1.0000000
      0.00000       5.0090000   1.8703660e-13       1.0000000
      0.00000       5.0100000   1.8151916e-13       1.0000000
      0.00000       5.0110000   1.7616553e-13       1.0000000
      0.00000       5.0120000   1.7097082e-13       1.0000000
      0.00000       5.0130000   1.6593028e-13       1.0000000
      0.00000       5.0140000   1.6103931e-13       1.0000000
      0.00000       5.0150000   1.5629344e-13       1.0000000
      0.00000       5.0160000   1.5168833e-13       1.0000000
      0.00000       5.0170000   1.4721979e-13       1.0000000
      0.00000       5.0180000   1.4288374e-13       1.0000000
      0.00000       5.0190000   1.3867622e-13       1.0000000
      0.00000       5.0200000   1.3459340e-13       1.0000000
      0.00000       5.0210000   1.3063157e-13       1.0000000
      0.00000       5.0220000   1.2678711e-13       1.0000000
      0.00000       5.0230000   1.2305652e-13       1.0000000
      0.00000       5.0240000   1.1943641e-13       1.0000000
      0.00000       5.0250000   1.1592349e-13       1.0000000
      0.00000       5.0260000   1.1251455e-13       1.0000000
      0.00000       5.0270000   1.0920652e-13       1.0000000
      0.00000       5.0280000   1.0599637e-13       1.0000000
      0.00000       5.0290000   1.0288119e-13       1.0000000
      0.00000       5.0300000   9.9858166e-14       1.0000000
      0.00000       5.0310000   9.6924539e-14       1.0000000
      0.00000       5.0320000   9.4077654e-14       1.0000000
      0.00000       5.0330000   9.1314928e-14       1.0000000
      0.00000       5.0340000   8.8633860e-14       1.0000000
      0.00000       5.0350000   8.6032018e-14       1.0000000
      0.00000       5.0360000   8.3507047e-14       1.0000000
      0.00000       5.0370000   8.1056662e-14       1.0000000
      0.00000       5.0380000   7.8678644e-14       1.0000000
      0.00000       5.0390000   7.6370844e-14       1.0000000
      0.00000       5.0400000   7.4131174e-14       1.0000000
      0.00000       5.0410000   7.1957609e-14       1.0000000
      0.00000       5.0420000   6.9848188e-14       1.0000000
      0.00000       5.0430000   6.7801003e-14       1.0000000
      0.00000       5.0440000   6.5814208e-14       1.0000000
      0.00000       5.0450000   6.3886009e-14       1.0000000
      0.00000       5.0460000   6.2014667e-14       1.0000000
      0.00000       5.0470000   6.0198495e-14       1.0000000
      0.00000       5.0480000   5.8435856e-14       1.0000000
      0.00000       5.0490000   5.6725161e-14       1.0000000
      0.00000       5.0500000   5.5064871e-14       1.0000000
      0.00000       5.0510000   5.3453490e-14       1.0000000
      0.00000       5.0520000   5.1889569e-14       1.0000000
      0.00000       5.0530000   5.0371700e-14       1.0000000
      0.00000       5.0540000   4.8898519e-14       1.0000000
      0.00000       5.0550000   4.7468702e-14       1.0000000
      0.00000       5.0560000   4.6080964e-14       1.0000000
      0.00000       5.0570000   4.4734058e-14       1.0000000
      0.00000       5.0580000   4.3426776e-14       1.0000000
      0.00000       5.0590000   4.2157945e-14       1.0000000
      0.00000       5.0600000   4.0926426e-14       1.0000000
      0.00000       5.0610000   3.9731114e-14       1.0000000
      0.00000       5.0620000   3.8570940e-14       1.0000000
      0.00000       5.0630000   3.7444862e-14       1.0000000
      0.00000       5.0640000   3.6351873e-14       1.0000000
      0.00000       5.0650000   3.5290994e-14       1.0000000
      0.00000       5.0660000   3.4261275e-14       1.0000000
      0.00000       5.0670000   3.3261796e-14       1.0000000
      0.00000       5.0680000   3.2291663e-14       1.0000000
      0.00000       5.0690000   3.1350008e-14       1.0000000
      0.00000       5.0700000   3.0435991e-14       1.0000000
      0.00000       5.0710000   2.9548794e-14       1.0000000
      0.00000       5.0720000   2.8687626e-14       1.0000000
      0.00000       5.0730000   2.7851718e-14       1.0000000
      0.00000       5.0740000   2.7040325e-14       1.0000000
      0.00000       5.0750000   2.6252723e-14       1.0000000
      0.00000       5.0760000   2.5488210e-14       1.0000000
      0.00000       5.0770000   2.4746104e-14       1.0000000
      0.00000       5.0780000   2.4025745e-14       1.0000000
      0.00000       5.0790000   2.3326491e-14       1.0000000
      0.00000       5.0800000   2.2647721e-14       1.0000000
      0.00000       5.0810000   2.1988829e-14       1.0000000
      0.00000       5.0820000   2.1349231e-14       1.0000000
      0.00000       5.0830000   2.0728357e-14       1.0000000
      0.00000       5.0840000   2.0125657e-14       1.0000000
      0.00000       5.0850000   1.9540594e-14       1.0000000
      0.00000       5.0860000   1.8972649e-14       1.0000000
      0.00000       5.0870000   1.8421318e-14       1.0000000
      0.00000       5.0880000   1.7886112e-14       1.0000000
      0.00000       5.0890000   1.7366556e-14       1.0000000
      0.00000       5.0900000   1.6862191e-14       1.0000000
      0.00000       5.0910000   1.6372567e-14       1.0000000
      0.00000       5.0920000   1.5897253e-14       1.0000000
      0.00000       5.0930000   1.5435827e-14       1.0000000
      0.00000       5.0940000   1.4987881e-14       1.0000000
      0.00000       5.0950000   1.4553019e-14       1.0000000
      0.00000       5.0960000   1.4130855e-14       1.0000000
      0.00000       5.0970000   1.3721017e-14       1.0000000
      0.00000       5.0980000   1.3323142e-14       1.0000000
      0.00000       5.0990000   1.2936880e-14       1.0000000
      0.00000       5.1000000   1.2561888e-14       1.0000000
      0.00000       5.1010000   1.2197837e-14       1.0000000
      0.00000       5.1020000   1.1844404e-14       1.0000000
      0.00000       5.1030000   1.1501278e-14       1.0000000
      0.00000       5.1040000   1.1168156e-14       1.0000000
      0.00000       5.1050000   1.0844746e-14       1.0000000
      0.00000       5.1060000   1.0530761e-14       1.0000000
      0.00000       5.1070000   1.0225926e-14       1.0000000
      0.00000       5.1080000   9.9299727e-15       1.0000000
      0.00000       5.1090000   9.6426397e-15       1.0000000
      0.00000       5.1100000   9.3636748e-15       1.0000000
      0.00000       5.1110000   9.0928327e-15       1.0000000
      0.00000       5.1120000   8.8298753e-15       1.0000000
      0.00000       5.1130000   8.5745717e-15       1.0000000
      0.00000       5.1140000   8.3266975e-15       1.0000000
      0.00000       5.1150000   8.0860353e-15       1.0000000
      0.00000       5.1160000   7.8523739e-15       1.0000000
      0.00000       5.1170000   7.6255083e-15       1.0000000
      0.00000       5.1180000   7.4052395e-15       1.0000000
      0.00000       5.1190000   7.1913746e-15       1.0000000
      0.00000       5.1200000   6.9837261e-15       1.0000000
      0.00000       5.1210000   6.7821122e-15       1.0000000
      0.00000       5.1220000   6.5863563e-15       1.0000000
      0.00000       5.1230000   6.3962873e-15       1.0000000
      0.00000       5.1240000   6.2117387e-15       1.0000000
      0.00000       5.1250000   6.0325494e-15       1.0000000
      0.00000       5.1260000   5.8585625e-15       1.0000000
      0.00000       5.1270000   5.6896261e-15       1.0000000
      0.00000       5.1280000   5.5255927e-15       1.0000000
      0.00000       5.1290000   5.3663190e-15       1.0000000
      0.00000       5.1300000   5.2116660e-15       1.0000000
      0.00000       5.1310000   5.0614989e-15       1.0000000
      0.00000       5.1320000   4.9156866e-15       1.0000000
      0.00000       5.1330000   4.7741021e-15       1.0000000
      0.00000       5.1340000   4.6366220e-15       1.0000000
      0.00000       5.1350000   4.5031266e-15       1.0000000
      0.00000       5.1360000   4.3734995e-15       1.0000000
      0.00000       5.1370000   4.2476281e-15       1.0000000
      0.00000       5.1380000   4.1254027e-15       1.0000000
      0.00000       5.1390000   4.0067172e-15       1.0000000
      0.00000       5.1400000   3.8914683e-15       1.0000000
      0.00000       5.1410000   3.7795558e-15       1.0000000
      0.00000       5.1420000   3.6708826e-15       1.0000000
      0.00000       5.1430000   3.5653543e-15       1.0000000
      0.00000       5.1440000   3.4628793e-15       1.0000000
      0.00000       5.1450000   3.3633687e-15       1.0000000
      0.00000       5.1460000   3.2667362e-15       1.0000000
      0.00000       5.1470000   3.1728980e-15       1.0000000
      0.00000       5.1480000   3.0817727e-15       1.0000000
      0.00000       5.1490000   2.9932815e-15       1.0000000
      0.00000       5.1500000   2.9073478e-15       1.0000000
      0.00000       5.1510000   2.8238971e-15       1.0000000
      0.00000       5.1520000   2.7428572e-15       1.0000000
      0.00000       5.1530000   2.6641580e-15       1.0000000
      0.00000       5.1540000   2.5877315e-15       1.0000000
      0.00000       5.1550000   2.5135116e-15       1.0000000
      0.00000       5.1560000   2.4414343e-15       1.0000000
      0.00000       5.1570000   2.3714372e-15       1.0000000
      0.00000       5.1580000   2.3034600e-15       1.0000000
      0.00000       5.1590000   2.2374439e-15       1.0000000
      0.00000       5.1600000   2.1733321e-15       1.0000000
      0.00000       5.1610000   2.1110693e-15       1.0000000
      0.00000       5.1620000   2.0506017e-15       1.0000000
      0.00000       5.1630000   1.9918773e-15       1.0000000
      0.00000       5.1640000   1.9348456e-15       1.0000000
      0.00000       5.1650000   1.8794573e-15       1.0000000
      0.00000       5.1660000   1.8256649e-15       1.0000000
      0.00000       5.1670000   1.7734221e-15       1.0000000
      0.00000       5.1680000   1.7226839e-15       1.0000000
      0.00000       5.1690000   1.6734068e-15       1.0000000
      0.00000       5.1700000   1.6255483e-15       1.0000000
      0.00000       5.1710000   1.5790674e-15       1.0000000
      0.00000       5.1720000   1.5339242e-15       1.0000000
      0.00000       5.1730000   1.4900800e-15       1.0000000
      0.00000       5.1740000   1.4474970e-15       1.0000000
      0.00000       5.1750000   1.4061389e-15       1.0000000
      0.00000       5.1760000   1.3659701e-15       1.0000000
      0.00000       5.1770000   1.3269562e-15       1.0000000
      0.00000       5.1780000   1.2890638e-15       1.0000000
      0.00000       5.1790000   1.2522605e-15       1.0000000
      0.00000       5.1800000   1.2165148e-15       1.0000000
      0.00000       5.1810000   1.1817960e-15       1.0000000
      0.00000       5.1820000   1.1480744e-15       1.0000000
      0.00000       5.1830000   1.1153214e-15       1.0000000
      0.00000       5.1840000   1.0835087e-15       1.0000000
      0.00000       5.1850000   1.0526094e-15       1.0000000
      0.00000       5.1860000   1.0225969e-15       1.0000000
      0.00000       5.1870000   9.9344572e-16       1.0000000
      0.00000       5.1880000   9.6513092e-16       1.0000000
      0.00000       5.1890000   9.3762837e-16       1.0000000
      0.00000       5.1900000   9.1091461e-16       1.0000000
      0.00000       5.1910000   8.8496687e-16       1.0000000
      0.00000       5.1920000   8.5976304e-16       1.0000000
      0.00000       5.1930000   8.3528167e-16       1.0000000
      0.00000       5.1940000   8.1150191e-16       1.0000000
      0.00000       5.1950000   7.8840353e-16       1.0000000
      0.00000       5.1960000   7.6596686e-16       1.0000000
      0.00000       5.1970000   7.4417285e-16       1.0000000
      0.00000       5.1980000   7.2300295e-16       1.0000000
      0.00000       5.1990000   7.0243918e-16       1.0000000
      0.00000       5.2000000   6.8246408e-16       1.0000000
      0.00000       5.2010000   6.6306068e-16       1.0000000
      0.00000       5.2020000   6.4421252e-16       1.0000000
      0.00000       5.2030000   6.2590361e-16       1.0000000
      0.00000       5.2040000   6.0811842e-16       1.0000000
      0.00000       5.2050000   5.9084187e-16       1.0000000
      0.00000       5.2060000   5.7405933e-16       1.0000000
      0.00000       5.2070000   5.5775657e-16       1.0000000
      0.00000       5.2080000   5.4191979e-16       1.0000000
      0.00000       5.2090000   5.2653559e-16       1.0000000
      0.00000       5.2100000   5.1159094e-16       1.0000000
      0.00000       5.2110000   4.9707322e-16       1.0000000
      0.00000       5.2120000   4.8297015e-16       1.0000000
      0.00000       5.2130000   4.6926980e-16       1.0000000
      0.00000       5.2140000   4.5596060e-16       1.0000000
      0.00000       5.2150000   4.4303132e-16       1.0000000
      0.00000       5.2160000   4.3047103e-16       1.0000000
      0.00000       5.2170000   4.1826915e-16       1.0000000
      0.00000       5.2180000   4.0641537e-16       1.0000000
      0.00000       5.2190000   3.9489971e-16       1.0000000
      0.00000       5.2200000   3.8371245e-16       1.0000000
      0.00000       5.2210000   3.7284417e-16       1.0000000
      0.00000       5.2220000   3.6228572e-16       1.0000000
      0.00000       5.2230000   3.5202821e-16       1.0000000
      0.00000       5.2240000   3.4206300e-16       1.0000000
      0.00000       5.2250000   3.3238172e-16       1.0000000
      0.00000       5.2260000   3.2297621e-16       1.0000000
      0.00000       5.2270000   3.1383858e-16       1.0000000
      0.00000       5.2280000   3.0496114e-16       1.0000000
      0.00000       5.2290000   2.9633645e-16       1.0000000
      0.00000       5.2300000   2.8795725e-16       1.0000000
      0.00000       5.2310000   2.7981651e-16       1.0000000
      0.00000       5.2320000   2.7190741e-16       1.0000000
      0.00000       5.2330000   2.6422331e-16       1.0000000
      0.00000       5.2340000   2.5675777e-16       1.0000000
      0.00000       5.2350000   2.4950453e-16       1.0000000
      0.00000       5.2360000   2.4245752e-16       1.0000000
      0.00000       5.2370000   2.3561083e-16       1.0000000
      0.00000       5.2380000   2.2895874e-16       1.0000000
      0.00000       5.2390000   2.2249568e-16       1.0000000
      0.00000       5.2400000   2.1621623e-16       1.0000000
      0.00000       5.2410000   2.1011516e-16       1.0000000
      0.00000       5.2420000   2.0418736e-16       1.0000000
      0.00000       5.2430000   1.9842788e-16       1.0000000
      0.00000       5.2440000   1.9283190e-16       1.0000000
      0.00000       5.2450000   1.8739477e-16       1.0000000
      0.00000       5.2460000   1.8211193e-16       1.0000000
      0.00000       5.2470000   1.7697899e-16       1.0000000
      0.00000       5.2480000   1.7199166e-16       1.0000000
      0.00000       5.2490000   1.6714578e-16       1.0000000
      0.00000       5.2500000   1.6243733e-16       1.0000000
      0.00000       5.2510000   1.5786236e-16       1.0000000
      0.00000       5.2520000   1.5341709e-16       1.0000000
      0.00000       5.2530000   1.4909780e-16       1.0000000
      0.00000       5.2540000   1.4490090e-16       1.0000000
      0.00000       5.2550000   1.4082290e-16       1.0000000
      0.00000       5.2560000   1.3686042e-16       1.0000000
      0.00000       5.2570000   1.3301015e-16       1.0000000
      0.00000       5.2580000   1.2926891e-16       1.0000000
      0.00000       5.2590000   1.2563358e-16       1.0000000
      0.00000       5.2600000   1.2210114e-16       1.0000000
      0.00000       5.2610000   1.1866867e-16       1.0000000
      0.00000       5.2620000   1.1533332e-16       1.0000000
      0.00000       5.2630000   1.1209232e-16       1.0000000
      0.00000       5.2640000   1.0894298e-16       1.0000000
      0.00000       5.2650000   1.0588270e-16       1.0000000
      0.00000       5.2660000   1.0290895e-16       1.0000000
      0.00000       5.2670000   1.0001925e-16       1.0000000
      0.00000       5.2680000   9.7211221e-17       1.0000000
      0.00000       5.2690000   9.4482539e-17       1.0000000
      0.00000       5.2700000   9.1830947e-17       1.0000000
      0.00000       5.2710000   8.9254251e-17       1.0000000
      0.00000       5.2720000   8.6750324e-17       1.0000000
      0.00000       5.2730000   8.4317097e-17       1.0000000
      0.00000       5.2740000   8.1952560e-17       1.0000000
      0.00000       5.2750000   7.9654763e-17       1.0000000
      0.00000       5.2760000   7.7421808e-17       1.0000000
      0.00000       5.2770000   7.5251856e-17       1.0000000
      0.00000       5.2780000   7.3143116e-17       1.0000000
      0.00000       5.2790000   7.1093851e-17       1.0000000
      0.00000       5.2800000   6.9102373e-17       1.0000000
      0.00000       5.2810000   6.7167042e-17       1.0000000
      0.00000       5.2820000   6.5286263e-17       1.0000000
      0.00000       5.2830000   6.3458491e-17       1.0000000
      0.00000       5.2840000   6.1682221e-17       1.0000000
      0.00000       5.2850000   5.9955992e-17       1.0000000
      0.00000       5.2860000   5.8278387e-17       1.0000000
      0.00000       5.2870000   5.6648026e-17       1.0000000
      0.00000       5.2880000   5.5063571e-17       1.0000000
      0.00000       5.2890000   5.3523720e-17       1.0000000
      0.00000       5.2900000   5.2027210e-17       1.0000000
      0.00000       5.2910000   5.0572813e-17       1.0000000
      0.00000       5.2920000   4.9159337e-17       1.0000000
      0.00000       5.2930000   4.7785622e-17       1.0000000
      0.00000       5.2940000   4.6450543e-17       1.0000000
      0.00000       5.2950000   4.5153007e-17       1.0000000
      0.00000       5.2960000   4.3891950e-17       1.0000000
      0.00000       5.2970000   4.2666341e-17       1.0000000
      0.00000       5.2980000   4.1475177e-17       1.0000000
      0.00000       5.2990000   4.0317483e-17       1.0000000
      0.00000       5.3000000   3.9192314e-17       1.0000000
      0.00000       5.3010000   3.8098748e-17       1.0000000
      0.00000       5.3020000   3.7035894e-17       1.0000000
      0.00000       5.3030000   3.6002883e-17       1.0000000
      0.00000       5.3040000   3.4998871e-17       1.0000000
      0.00000       5.3050000   3.4023039e-17       1.0000000
      0.00000       5.3060000   3.3074592e-17       1.0000000
      0.00000       5.3070000   3.2152756e-17       1.0000000
      0.00000       5.3080000   3.1256778e-17       1.0000000
      0.00000       5.3090000   3.0385931e-17       1.0000000
      0.00000       5.3100000   2.9539503e-17       1.0000000
      0.00000       5.3110000   2.8716806e-17       1.0000000
      0.00000       5.3120000   2.7917170e-17       1.0000000
      0.00000       5.3130000   2.7139945e-17       1.0000000
      0.00000       5.3140000   2.6384498e-17       1.0000000
      0.00000       5.3150000   2.5650215e-17       1.0000000
      0.00000       5.3160000   2.4936500e-17       1.0000000
      0.00000       5.3170000   2.4242773e-17       1.0000000
      0.00000       5.3180000   2.3568470e-17       1.0000000
      0.00000       5.3190000   2.2913044e-17       1.0000000
      0.00000       5.3200000   2.2275964e-17       1.0000000
      0.00000       5.3210000   2.1656711e-17       1.0000000
      0.00000       5.3220000   2.1054785e-17       1.0000000
      0.00000       5.3230000   2.0469697e-17       1.0000000
      0.00000       5.3240000   1.9900974e-17       1.0000000
      0.00000       5.3250000   1.9348154e-17       1.0000000
      0.00000       5.3260000   1.8810790e-17       1.0000000
      0.00000       5.3270000   1.8288447e-17       1.0000000
      0.00000       5.3280000   1.7780703e-17       1.0000000
      0.00000       5.3290000   1.7287146e-17       1.0000000
      0.00000       5.3300000   1.6807379e-17       1.0000000
      0.00000       5.3310000   1.6341013e-17       1.0000000
      0.00000       5.3320000   1.5887671e-17       1.0000000
      0.00000       5.3330000   1.5446987e-17       1.0000000
      0.00000       5.3340000   1.5018607e-17       1.0000000
      0.00000       5.3350000   1.4602183e-17       1.0000000
      0.00000       5.3360000   1.4197380e-17       1.0000000
      0.00000       5.3370000   1.3803872e-17       1.0000000
      0.00000       5.3380000   1.3421341e-17       1.0000000
      0.00000       5.3390000   1.3049480e-17       1.0000000
      0.00000       5.3400000   1.2687989e-17       1.0000000
      0.00000       5.3410000   1.2336576e-17       1.0000000
      0.00000       5.3420000   1.1994960e-17       1.0000000
      0.00000       5.3430000   1.1662864e-17       1.0000000
      0.00000       5.3440000   1.1340023e-17       1.0000000
      0.00000       5.3450000   1.1026176e-17       1.0000000
      0.00000       5.3460000   1.0721071e-17       1.0000000
      0.00000       5.3470000   1.0424464e-17       1.0000000
      0.00000       5.3480000   1.0136116e-17       1.0000000
      0.00000       5.3490000   9.8557949e-18       1.0000000
      0.00000       5.3500000   9.5832770e-18       1.0000000
      0.00000       5.3510000   9.3183431e-18       1.0000000
      0.00000       5.3520000   9.0607809e-18       1.0000000
      0.00000       5.3530000   8.8103840e-18       1.0000000
      0.00000       5.3540000   8.5669516e-18       1.0000000
      0.00000       5.3550000   8.3302890e-18       1.0000000
      0.00000       5.3560000   8.1002065e-18       1.0000000
      0.00000       5.3570000   7.8765201e-18       1.0000000
      0.00000       5.3580000   7.6590508e-18       1.0000000
      0.00000       5.3590000   7.4476247e-18       1.0000000
      0.00000       5.3600000   7.2420728e-18       1.0000000
      0.00000       5.3610000   7.0422309e-18       1.0000000
      0.00000       5.3620000   6.8479392e-18       1.0000000
      0.00000       5.3630000   6.6590427e-18       1.0000000
      0.00000       5.3640000   6.4753905e-18       1.0000000
      0.00000       5.3650000   6.2968362e-18       1.0000000
      0.00000       5.3660000   6.1232373e-18       1.0000000
      0.00000       5.3670000   5.9544554e-18       1.0000000
      0.00000       5.3680000   5.7903560e-18       1.0000000
      0.00000       5.3690000   5.6308084e-18       1.0000000
      0.00000       5.3700000   5.4756854e-18       1.0000000
      0.00000       5.3710000   5.3248636e-18       1.0000000
      0.00000       5.3720000   5.1782229e-18       1.0000000
      0.00000       5.3730000   5.0356468e-18       1.0000000
      0.00000       5.3740000   4.8970217e-18       1.0000000
      0.00000       5.3750000   4.7622375e-18       1.0000000
      0.00000       5.3760000   4.6311872e-18       1.0000000
      0.00000       5.3770000   4.5037666e-18       1.0000000
      0.00000       5.3780000   4.3798744e-18       1.0000000
      0.00000       5.3790000   4.2594125e-18       1.0000000
      0.00000       5.3800000   4.1422852e-18       1.0000000
      0.00000       5.3810000   4.0283995e-18       1.0000000
      0.00000       5.3820000   3.9176653e-18       1.0000000
      0.00000       5.3830000   3.8099947e-18       1.0000000
      0.00000       5.3840000   3.7053024e-18       1.0000000
      0.00000       5.3850000   3.6035056e-18       1.0000000
      0.00000       5.3860000   3.5045235e-18       1.0000000
      0.00000       5.3870000   3.4082780e-18       1.0000000
      0.00000       5.3880000   3.3146928e-18       1.0000000
      0.00000       5.3890000   3.2236939e-18       1.0000000
      0.00000       5.3900000   3.1352095e-18       1.0000000
      0.00000       5.3910000   3.0491695e-18       1.0000000
      0.00000       5.3920000   2.9655060e-18       1.0000000
      0.00000       5.3930000   2.8841530e-18       1.0000000
      0.00000       5.3940000   2.8050462e-18       1.0000000
      0.00000       5.3950000   2.7281233e-18       1.0000000
      0.00000       5.3960000   2.6533234e-18       1.0000000
      0.00000       5.3970000   2.5805878e-18       1.0000000
      0.00000       5.3980000   2.5098589e-18       1.0000000
      0.00000       5.3990000   2.4410812e-18       1.0000000
      0.00000       5.4000000   2.3742004e-18       1.0000000
      0.00000       5.4010000   2.3091639e-18       1.0000000
      0.00000       5.4020000   2.2459204e-18       1.0000000
      0.00000       5.4030000   2.1844203e-18       1.0000000
      0.00000       5.4040000   2.1246152e-18       1.0000000
      0.00000       5.4050000   2.0664581e-18       1.0000000
      0.00000       5.4060000   2.0099032e-18       1.0000000
      0.00000       5.4070000   1.9549061e-18       1.0000000
      0.00000       5.4080000   1.9014237e-18       1.0000000
      0.00000       5.4090000   1.8494139e-18       1.0000000
      0.00000       5.4100000   1.7988360e-18       1.0000000
      0.00000       5.4110000   1.7496503e-18       1.0000000
      0.00000       5.4120000   1.7018182e-18       1.0000000
      0.00000       5.4130000   1.6553022e-18       1.0000000
      0.00000       5.4140000   1.6100658e-18       1.0000000
      0.00000       5.4150000   1.5660737e-18       1.0000000
      0.00000       5.4160000   1.5232914e-18       1.0000000
      0.00000       5.4170000   1.4816854e-18       1.0000000
      0.00000       5.4180000   1.4412232e-18       1.0000000
      0.00000       5.4190000   1.4018731e-18       1.0000000
      0.00000       5.4200000   1.3636043e-18       1.0000000
      0.00000       5.4210000   1.3263870e-18       1.0000000
      0.00000       5.4220000   1.2901920e-18       1.0000000
      0.00000       5.4230000   1.2549912e-18       1.0000000
      0.00000       5.4240000   1.2207570e-18       1.0000000
      0.00000       5.4250000   1.1874627e-18       1.0000000
      0.00000       5.4260000   1.1550823e-18       1.0000000
      0.00000       5.4270000   1.1235906e-18       1.0000000
      0.00000       5.4280000   1.0929631e-18       1.0000000
      0.00000       5.4290000   1.0631758e-18       1.0000000
      0.00000       5.4300000   1.0342056e-18       1.0000000
      0.00000       5.4310000   1.0060300e-18       1.0000000
      0.00000       5.4320000   9.7862691e-19       1.0000000
      0.00000       5.4330000   9.5197510e-19       1.0000000
      0.00000       5.4340000   9.2605383e-19       1.0000000
      0.00000       5.4350000   9.0084294e-19       1.0000000
      0.00000       5.4360000   8.7632285e-19       1.0000000
      0.00000       5.4370000   8.5247449e-19       1.0000000
      0.00000       5.4380000   8.2927936e-19       1.0000000
      0.00000       5.4390000   8.0671944e-19       1.0000000
      0.00000       5.4400000   7.8477722e-19       1.0000000
      0.00000       5.4410000   7.6343569e-19       1.0000000
      0.00000       5.4420000   7.4267829e-19       1.0000000
      0.00000       5.4430000   7.2248893e-19       1.0000000
      0.00000       5.4440000   7.0285196e-19       1.0000000
      0.00000       5.4450000   6.8375219e-19       1.0000000
      0.00000       5.4460000   6.6517481e-19       1.0000000
      0.00000       5.4470000   6.4710544e-19       1.0000000
      0.00000       5.4480000   6.2953011e-19       1.0000000
      0.00000       5.4490000   6.1243522e-19       1.0000000
      0.00000       5.4500000   5.9580755e-19       1.0000000
      0.00000       5.4510000   5.7963425e-19       1.0000000
      0.00000       5.4520000   5.6390282e-19       1.0000000
      0.00000       5.4530000   5.4860112e-19       1.0000000
      0.00000       5.4540000   5.3371733e-19       1.0000000
      0.00000       5.4550000   5.1923996e-19       1.0000000
      0.00000       5.4560000   5.0515784e-19       1.0000000
      0.00000       5.4570000   4.9146011e-19       1.0000000
      0.00000       5.4580000   4.7813622e-19       1.0000000
      0.00000       5.4590000   4.6517589e-19       1.0000000
      0.00000       5.4600000   4.5256914e-19       1.0000000
      0.00000       5.4610000   4.4030626e-19       1.0000000
      0.00000       5.4620000   4.2837782e-19       1.0000000
      0.00000       5.4630000   4.1677462e-19       1.0000000
      0.00000       5.4640000   4.0548775e-19       1.0000000
      0.00000       5.4650000   3.9450853e-19       1.0000000
      0.00000       5.4660000   3.8382852e-19       1.0000000
      0.00000       5.4670000   3.7343951e-19       1.0000000
      0.00000       5.4680000   3.6333351e-19       1.0000000
      0.00000       5.4690000   3.5350278e-19       1.0000000
      0.00000       5.4700000   3.4393977e-19       1.0000000
      0.00000       5.4710000   3.3463713e-19       1.0000000
      0.00000       5.4720000   3.2558773e-19       1.0000000
      0.00000       5.4730000   3.1678464e-19       1.0000000
      0.00000       5.4740000   3.0822111e-19       1.0000000
      0.00000       5.4750000   2.9989057e-19       1.0000000
      0.00000       5.4760000   2.9178665e-19       1.0000000
      0.00000       5.4770000   2.8390314e-19       1.0000000
      0.00000       5.4780000   2.7623401e-19       1.0000000
      0.00000       5.4790000   2.6877340e-19       1.0000000
      0.00000       5.4800000   2.6151558e-19       1.0000000
      0.00000       5.4810000   2.5445503e-19       1.0000000
      0.00000       5.4820000   2.4758633e-19       1.0000000
      0.00000       5.4830000   2.4090425e-19       1.0000000
      0.00000       5.4840000   2.3440368e-19       1.0000000
      0.00000       5.4850000   2.2807966e-19       1.0000000
      0.00000       5.4860000   2.2192736e-19       1.0000000
      0.00000       5.4870000   2.1594210e-19       1.0000000
      0.00000       5.4880000   2.1011930e-19       1.0000000
      0.00000       5.4890000   2.0445452e-19       1.0000000
      0.00000       5.4900000   1.9894346e-19       1.0000000
      0.00000       5.4910000   1.9358192e-19       1.0000000
      0.00000       5.4920000   1.8836580e-19       1.0000000
      0.00000       5.4930000   1.8329115e-19       1.0000000
      0.00000       5.4940000   1.7835409e-19       1.0000000
      0.00000       5.4950000   1.7355088e-19       1.0000000
      0.00000       5.4960000   1.6887787e-19       1.0000000
      0.00000       5.4970000   1.6433149e-19       1.0000000
      0.00000       5.4980000   1.5990830e-19       1.0000000
      0.00000       5.4990000   1.5560494e-19       1.0000000
      0.00000       5.5000000   1.5141814e-19       1.0000000
      0.00000       5.5010000   1.4734473e-19       1.0000000
      0.00000       5.5020000   1.4338160e-19       1.0000000
      0.00000       5.5030000   1.3952577e-19       1.0000000
      0.00000       5.5040000   1.3577430e-19       1.0000000
      0.00000       5.5050000   1.3212434e-19       1.0000000
      0.00000       5.5060000   1.2857315e-19       1.0000000
      0.00000       5.5070000   1.2511802e-19       1.0000000
      0.00000       5.5080000   1.2175635e-19       1.0000000
      0.00000       5.5090000   1.1848558e-19       1.0000000
      0.00000       5.5100000   1.1530324e-19       1.0000000
      0.00000       5.5110000   1.1220693e-19       1.0000000
      0.00000       5.5120000   1.0919431e-19       1.0000000
      0.00000       5.5130000   1.0626310e-19       1.0000000
      0.00000       5.5140000   1.0341108e-19       1.0000000
      0.00000       5.5150000   1.0063611e-19       1.0000000
      0.00000       5.5160000   9.7936080e-20       1.0000000
      0.00000       5.5170000   9.5308964e-20       1.0000000
      0.00000       5.5180000   9.2752777e-20       1.0000000
      0.00000       5.5190000   9.0265592e-20       1.0000000
      0.00000       5.5200000   8.7845533e-20       1.0000000
      0.00000       5.5210000   8.5490778e-20       1.0000000
      0.00000       5.5220000   8.3199554e-20       1.0000000
      0.00000       5.5230000   8.0970134e-20       1.0000000
      0.00000       5.5240000   7.8800842e-20       1.0000000
      0.00000       5.5250000   7.6690044e-20       1.0000000
      0.00000       5.5260000   7.4636155e-20       1.0000000
      0.00000       5.5270000   7.2637628e-20       1.0000000
      0.00000       5.5280000   7.0692963e-20       1.0000000
      0.00000       5.5290000   6.8800699e-20       1.0000000
      0.00000       5.5300000   6.6959414e-20       1.0000000
      0.00000       5.5310000   6.5167727e-20       1.0000000
      0.00000       5.5320000   6.3424292e-20       1.0000000
      0.00000       5.5330000   6.1727802e-20       1.0000000
      0.00000       5.5340000   6.0076984e-20       1.0000000
      0.00000       5.5350000   5.8470601e-20       1.0000000
      0.00000       5.5360000   5.6907450e-20       1.0000000
      0.00000       5.5370000   5.5386359e-20       1.0000000
      0.00000       5.5380000   5.3906189e-20       1.0000000
      0.00000       5.5390000   5.2465833e-20       1.0000000
      0.00000       5.5400000   5.1064212e-20       1.0000000
      0.00000       5.5410000   4.9700278e-20       1.0000000
      0.00000       5.5420000   4.8373012e-20       1.0000000
      0.00000       5.5430000   4.7081420e-20       1.0000000
      0.00000       5.5440000   4.5824539e-20       1.0000000
      0.00000       5.5450000   4.4601429e-20       1.0000000
      0.00000       5.5460000   4.3411177e-20       1.0000000
      0.00000       5.5470000   4.2252894e-20       1.0000000
      0.00000       5.5480000   4.1125717e-20       1.0000000
      0.00000       5.5490000   4.0028805e-20       1.0000000
      0.00000       5.5500000   3.8961339e-20       1.0000000
      0.00000       5.5510000   3.7922525e-20       1.0000000
      0.00000       5.5520000   3.6911588e-20       1.0000000
      0.00000       5.5530000   3.5927775e-20       1.0000000
      0.00000       5.5540000   3.4970354e-20       1.0000000
      0.00000       5.5550000   3.4038613e-20       1.0000000
      0.00000       5.5560000   3.3131857e-20       1.0000000
      0.00000       5.5570000   3.2249414e-20       1.0000000
      0.00000       5.5580000   3.1390626e-20       1.0000000
      0.00000       5.5590000   3.0554856e-20       1.0000000
      0.00000       5.5600000   2.9741482e-20       1.0000000
      0.00000       5.5610000   2.8949901e-20       1.0000000
      0.00000       5.5620000   2.8179525e-20       1.0000000
      0.00000       5.5630000   2.7429782e-20       1.0000000
      0.00000       5.5640000   2.6700116e-20       1.0000000
      0.00000       5.5650000   2.5989986e-20       1.0000000
      0.00000       5.5660000   2.5298865e-20       1.0000000
      0.00000       5.5670000   2.4626242e-20       1.0000000
      0.00000       5.5680000   2.3971618e-20       1.0000000
      0.00000       5.5690000   2.3334509e-20       1.0000000
      0.00000       5.5700000   2.2714442e-20       1.0000000
      0.00000       5.5710000   2.2110959e-20       1.0000000
      0.00000       5.5720000   2.1523613e-20       1.0000000
      0.00000       5.5730000   2.0951971e-20       1.0000000
      0.00000       5.5740000   2.0395609e-20       1.0000000
      0.00000       5.5750000   1.9854117e-20       1.0000000
      0.00000       5.5760000   1.9327095e-20       1.0000000
      0.00000       5.5770000   1.8814153e-20       1.0000000
      0.00000       5.5780000   1.8314913e-20       1.0000000
      0.00000       5.5790000   1.7829006e-20       1.0000000
      0.00000       5.5800000   1.7356074e-20       1.0000000
      0.00000       5.5810000   1.6895769e-20       1.0000000
      0.00000       5.5820000   1.6447751e-20       1.0000000
      0.00000       5.5830000   1.6011690e-20       1.0000000
      0.00000       5.5840000   1.5587264e-20       1.0000000
      0.00000       5.5850000   1.5174162e-20       1.0000000
      0.00000       5.5860000   1.4772080e-20       1.0000000
      0.00000       5.5870000   1.4380720e-20       1.0000000
      0.00000       5.5880000   1.3999797e-20       1.0000000
      0.00000       5.5890000   1.3629029e-20       1.0000000
      0.00000       5.5900000   1.3268143e-20       1.0000000
      0.00000       5.5910000   1.2916876e-20       1.0000000
      0.00000       5.5920000   1.2574969e-20       1.0000000
      0.00000       5.5930000   1.2242171e-20       1.0000000
      0.00000       5.5940000   1.1918238e-20       1.0000000
      0.00000       5.5950000   1.1602931e-20       1.0000000
      0.00000       5.5960000   1.1296020e-20       1.0000000
      0.00000       5.5970000   1.0997281e-20       1.0000000
      0.00000       5.5980000   1.0706493e-20       1.0000000
      0.00000       5.5990000   1.0423444e-20       1.0000000
      0.00000       5.6000000   1.0147926e-20       1.0000000
      0.00000       5.6010000   9.8797383e-21       1.0000000
      0.00000       5.6020000   9.6186843e-21       1.0000000
      0.00000       5.6030000   9.3645729e-21       1.0000000
      0.00000       5.6040000   9.1172182e-21       1.0000000
      0.00000       5.6050000   8.8764396e-21       1.0000000
      0.00000       5.6060000   8.6420610e-21       1.0000000
      0.00000       5.6070000   8.4139113e-21       1.0000000
      0.00000       5.6080000   8.1918237e-21       1.0000000
      0.00000       5.6090000   7.9756363e-21       1.0000000
      0.00000       5.6100000   7.7651912e-21       1.0000000
      0.00000       5.6110000   7.5603350e-21       1.0000000
      0.00000       5.6120000   7.3609182e-21       1.0000000
      0.00000       5.6130000   7.1667955e-21       1.0000000
      0.00000       5.6140000   6.9778254e-21       1.0000000
      0.00000       5.6150000   6.7938703e-21       1.0000000
      0.00000       5.6160000   6.6147963e-21       1.0000000
      0.00000       5.6170000   6.4404730e-21       1.0000000
      0.00000       5.6180000   6.2707735e-21       1.0000000
      0.00000       5.6190000   6.1055744e-21       1.0000000
      0.00000       5.6200000   5.9447556e-21       1.0000000
      0.00000       5.6210000   5.7882003e-21       1.0000000
      0.00000       5.6220000   5.6357945e-21       1.0000000
      0.00000       5.6230000   5.4874278e-21       1.0000000
      0.00000       5.6240000   5.3429922e-21       1.0000000
      0.00000       5.6250000   5.2023830e-21       1.0000000
      0.00000       5.6260000   5.0654982e-21       1.0000000
      0.00000       5.6270000   4.9322385e-21       1.0000000
      0.00000       5.6280000   4.8025072e-21       1.0000000
      0.00000       5.6290000   4.6762104e-21       1.0000000
      0.00000       5.6300000   4.5532565e-21       1.0000000
      0.00000       5.6310000   4.4335564e-21       1.0000000
      0.00000       5.6320000   4.3170236e-21       1.0000000
      0.00000       5.6330000   4.2035736e-21       1.0000000
      0.00000       5.6340000   4.0931244e-21       1.0000000
      0.00000       5.6350000   3.9855961e-21       1.0000000
      0.00000       5.6360000   3.8809109e-21       1.0000000
      0.00000       5.6370000   3.7789933e-21       1.0000000
      0.00000       5.6380000   3.6797695e-21       1.0000000
      0.00000       5.6390000   3.5831679e-21       1.0000000
      0.00000       5.6400000   3.4891187e-21       1.0000000
      0.00000       5.6410000   3.3975541e-21       1.0000000
      0.00000       5.6420000   3.3084081e-21       1.0000000
      0.00000       5.6430000   3.2216162e-21       1.0000000
      0.00000       5.6440000   3.1371160e-21       1.0000000
      0.00000       5.6450000   3.0548466e-21       1.0000000
      0.00000       5.6460000   2.9747486e-21       1.0000000
      0.00000       5.6470000   2.8967645e-21       1.0000000
      0.00000       5.6480000   2.8208379e-21       1.0000000
      0.00000       5.6490000   2.7469144e-21       1.0000000
      0.00000       5.6500000   2.6749408e-21       1.0000000
      0.00000       5.6510000   2.6048652e-21       1.0000000
      0.00000       5.6520000   2.5366373e-21       1.0000000
      0.00000       5.6530000   2.4702080e-21       1.0000000
      0.00000       5.6540000   2.4055297e-21       1.0000000
      0.00000       5.6550000   2.3425558e-21       1.0000000
      0.00000       5.6560000   2.2812413e-21       1.0000000
      0.00000       5.6570000   2.2215420e-21       1.0000000
      0.00000       5.6580000   2.1634152e-21       1.0000000
      0.00000       5.6590000   2.1068191e-21       1.0000000
      0.00000       5.6600000   2.0517133e-21       1.0000000
      0.00000       5.6610000   1.9980581e-21       1.0000000
      0.00000       5.6620000   1.9458152e-21       1.0000000
      0.00000       5.6630000   1.8949471e-21       1.0000000
      0.00000       5.6640000   1.8454175e-21       1.0000000
      0.00000       5.6650000   1.7971909e-21       1.0000000
      0.00000       5.6660000   1.7502328e-21       1.0000000
      0.00000       5.6670000   1.7045096e-21       1.0000000
      0.00000       5.6680000   1.6599886e-21       1.0000000
      0.00000       5.6690000   1.6166380e-21       1.0000000
      0.00000       5.6700000   1.5744269e-21       1.0000000
      0.00000       5.6710000   1.5333251e-21       1.0000000
      0.00000       5.6720000   1.4933033e-21       1.0000000
      0.00000       5.6730000   1.4543328e-21       1.0000000
      0.00000       5.6740000   1.4163860e-21       1.0000000
      0.00000       5.6750000   1.3794357e-21       1.0000000
      0.00000       5.6760000   1.3434556e-21       1.0000000
      0.00000       5.6770000   1.3084201e-21       1.0000000
      0.00000       5.6780000   1.2743042e-21       1.0000000
      0.00000       5.6790000   1.2410836e-21       1.0000000
      0.00000       5.6800000   1.2087347e-21       1.0000000
      0.00000       5.6810000   1.1772344e-21       1.0000000
      0.00000       5.6820000   1.1465604e-21       1.0000000
      0.00000       5.6830000   1.1166908e-21       1.0000000
      0.00000       5.6840000   1.0876044e-21       1.0000000
      0.00000       5.6850000   1.0592805e-21       1.0000000
      0.00000       5.6860000   1.0316991e-21       1.0000000
      0.00000       5.6870000   1.0048404e-21       1.0000000
      0.00000       5.6880000   9.7868557e-22       1.0000000
      0.00000       5.6890000   9.5321590e-22       1.0000000
      0.00000       5.6900000   9.2841336e-22       1.0000000
      0.00000       5.6910000   9.0426038e-22       1.0000000
      0.00000       5.6920000   8.8073982e-22       1.0000000
      0.00000       5.6930000   8.5783502e-22       1.0000000
      0.00000       5.6940000   8.3552976e-22       1.0000000
      0.00000       5.6950000   8.1380824e-22       1.0000000
      0.00000       5.6960000   7.9265508e-22       1.0000000
      0.00000       5.6970000   7.7205533e-22       1.0000000
      0.00000       5.6980000   7.5199440e-22       1.0000000
      0.00000       5.6990000   7.3245812e-22       1.0000000
      0.00000       5.7000000   7.1343267e-22       1.0000000
      0.00000       5.7010000   6.9490461e-22       1.0000000
      0.00000       5.7020000   6.7686085e-22       1.0000000
      0.00000       5.7030000   6.5928866e-22       1.0000000
      0.00000       5.7040000   6.4217562e-22       1.0000000
      0.00000       5.7050000   6.2550967e-22       1.0000000
      0.00000       5.7060000   6.0927905e-22       1.0000000
      0.00000       5.7070000   5.9347231e-22       1.0000000
      0.00000       5.7080000   5.7807831e-22       1.0000000
      0.00000       5.7090000   5.6308621e-22       1.0000000
      0.00000       5.7100000   5.4848544e-22       1.0000000
      0.00000       5.7110000   5.3426573e-22       1.0000000
      0.00000       5.7120000   5.2041706e-22       1.0000000
      0.00000       5.7130000   5.0692970e-22       1.0000000
      0.00000       5.7140000   4.9379414e-22       1.0000000
      0.00000       5.7150000   4.8100117e-22       1.0000000
      0.00000       5.7160000   4.6854178e-22       1.0000000
      0.00000       5.7170000   4.5640722e-22       1.0000000
      0.00000       5.7180000   4.4458898e-22       1.0000000
      0.00000       5.7190000   4.3307874e-22       1.0000000
      0.00000       5.7200000   4.2186843e-22       1.0000000
      0.00000       5.7210000   4.1095018e-22       1.0000000
      0.00000       5.7220000   4.0031634e-22       1.0000000
      0.00000       5.7230000   3.8995946e-22       1.0000000
      0.00000       5.7240000   3.7987226e-22       1.0000000
      0.00000       5.7250000   3.7004768e-22       1.0000000
      0.00000       5.7260000   3.6047885e-22       1.0000000
      0.00000       5.7270000   3.5115906e-22       1.0000000
      0.00000       5.7280000   3.4208178e-22       1.0000000
      0.00000       5.7290000   3.3324067e-22       1.0000000
      0.00000       5.7300000   3.2462955e-22       1.0000000
      0.00000       5.7310000   3.1624238e-22       1.0000000
      0.00000       5.7320000   3.0807332e-22       1.0000000
      0.00000       5.7330000   3.0011664e-22       1.0000000
      0.00000       5.7340000   2.9236680e-22       1.0000000
      0.00000       5.7350000   2.8481838e-22       1.0000000
      0.00000       5.7360000   2.7746611e-22       1.0000000
      0.00000       5.7370000   2.7030486e-22       1.0000000
      0.00000       5.7380000   2.6332965e-22       1.0000000
      0.00000       5.7390000   2.5653559e-22       1.0000000
      0.00000       5.7400000   2.4991797e-22       1.0000000
      0.00000       5.7410000   2.4347216e-22       1.0000000
      0.00000       5.7420000   2.3719368e-22       1.0000000
      0.00000       5.7430000   2.3107816e-22       1.0000000
      0.00000       5.7440000   2.2512134e-22       1.0000000
      0.00000       5.7450000   2.1931907e-22       1.0000000
      0.00000       5.7460000   2.1366732e-22       1.0000000
      0.00000       5.7470000   2.0816215e-22       1.0000000
      0.00000       5.7480000   2.0279975e-22       1.0000000
      0.00000       5.7490000   1.9757639e-22       1.0000000
      0.00000       5.7500000   1.9248843e-22       1.0000000
      0.00000       5.7510000   1.8753235e-22       1.0000000
      0.00000       5.7520000   1.8270471e-22       1.0000000
      0.00000       5.7530000   1.7800215e-22       1.0000000
      0.00000       5.7540000   1.7342141e-22       1.0000000
      0.00000       5.7550000   1.6895932e-22       1.0000000
      0.00000       5.7560000   1.6461278e-22       1.0000000
      0.00000       5.7570000   1.6037879e-22       1.0000000
      0.00000       5.7580000   1.5625440e-22       1.0000000
      0.00000       5.7590000   1.5223677e-22       1.0000000
      0.00000       5.7600000   1.4832311e-22       1.0000000
      0.00000       5.7610000   1.4451072e-22       1.0000000
      0.00000       5.7620000   1.4079695e-22       1.0000000
      0.00000       5.7630000   1.3717924e-22       1.0000000
      0.00000       5.7640000   1.3365510e-22       1.0000000
      0.00000       5.7650000   1.3022207e-22       1.0000000
      0.00000       5.7660000   1.2687780e-22       1.0000000
      0.00000       5.7670000   1.2361997e-22       1.0000000
      0.00000       5.7680000   1.2044633e-22       1.0000000
      0.00000       5.7690000   1.1735470e-22       1.0000000
      0.00000       5.7700000   1.1434294e-22       1.0000000
      0.00000       5.7710000   1.1140898e-22       1.0000000
      0.00000       5.7720000   1.0855079e-22       1.0000000
      0.00000       5.7730000   1.0576640e-22       1.0000000
      0.00000       5.7740000   1.0305390e-22       1.0000000
      0.00000       5.7750000   1.0041141e-22       1.0000000
      0.00000       5.7760000   9.7837120e-23       1.0000000
      0.00000       5.7770000   9.5329258e-23       1.0000000
      0.00000       5.7780000   9.2886097e-23       1.0000000
      0.00000       5.7790000   9.0505959e-23       1.0000000
      0.00000       5.7800000   8.8187205e-23       1.0000000
      0.00000       5.7810000   8.5928244e-23       1.0000000
      0.00000       5.7820000   8.3727523e-23       1.0000000
      0.00000       5.7830000   8.1583531e-23       1.0000000
      0.00000       5.7840000   7.9494796e-23       1.0000000
      0.00000       5.7850000   7.7459885e-23       1.0000000
      0.00000       5.7860000   7.5477403e-23       1.0000000
      0.00000       5.7870000   7.3545988e-23       1.0000000
      0.00000       5.7880000   7.1664319e-23       1.0000000
      0.00000       5.7890000   6.9831104e-23       1.0000000
      0.00000       5.7900000   6.8045089e-23       1.0000000
      0.00000       5.7910000   6.6305049e-23       1.0000000
      0.00000       5.7920000   6.4609795e-23       1.0000000
      0.00000       5.7930000   6.2958166e-23       1.0000000
      0.00000       5.7940000   6.1349032e-23       1.0000000
      0.00000       5.7950000   5.9781292e-23       1.0000000
      0.00000       5.7960000   5.8253875e-23       1.0000000
      0.00000       5.7970000   5.6765738e-23       1.0000000
      0.00000       5.7980000   5.5315863e-23       1.0000000
      0.00000       5.7990000   5.3903260e-23       1.0000000
      0.00000       5.8000000   5.2526965e-23       1.0000000
      0.00000       5.8010000   5.1186039e-23       1.0000000
      0.00000       5.8020000   4.9879567e-23       1.0000000
      0.00000       5.8030000   4.8606658e-23       1.0000000
      0.00000       5.8040000   4.7366444e-23       1.0000000
      0.00000       5.8050000   4.6158080e-23       1.0000000
      0.00000       5.8060000   4.4980742e-23       1.0000000
      0.00000       5.8070000   4.3833630e-23       1.0000000
      0.00000       5.8080000   4.2715962e-23       1.0000000
      0.00000       5.8090000   4.1626977e-23       1.0000000
      0.00000       5.8100000   4.0565934e-23       1.0000000
      0.00000       5.8110000   3.9532113e-23       1.0000000
      0.00000       5.8120000   3.8524809e-23       1.0000000
      0.00000       5.8130000   3.7543339e-23       1.0000000
      0.00000       5.8140000   3.6587036e-23       1.0000000
      0.00000       5.8150000   3.5655250e-23       1.0000000
      0.00000       5.8160000   3.4747348e-23       1.0000000
      0.00000       5.8170000   3.3862715e-23       1.0000000
      0.00000       5.8180000   3.3000750e-23       1.0000000
      0.00000       5.8190000   3.2160868e-23       1.0000000
      0.00000       5.8200000   3.1342501e-23       1.0000000
      0.00000       5.8210000   3.0545093e-23       1.0000000
      0.00000       5.8220000   2.9768104e-23       1.0000000
      0.00000       5.8230000   2.9011009e-23       1.0000000
      0.00000       5.8240000   2.8273293e-23       1.0000000
      0.00000       5.8250000   2.7554459e-23       1.0000000
      0.00000       5.8260000   2.6854019e-23       1.0000000
      0.00000       5.8270000   2.6171501e-23       1.0000000
      0.00000       5.8280000   2.5506442e-23       1.0000000
      0.00000       5.8290000   2.4858393e-23       1.0000000
      0.00000       5.8300000   2.4226916e-23       1.0000000
      0.00000       5.8310000   2.3611584e-23       1.0000000
      0.00000       5.8320000   2.3011983e-23       1.0000000
      0.00000       5.8330000   2.2427707e-23       1.0000000
      0.00000       5.8340000   2.1858363e-23       1.0000000
      0.00000       5.8350000   2.1303565e-23       1.0000000
      0.00000       5.8360000   2.0762941e-23       1.0000000
      0.00000       5.8370000   2.0236125e-23       1.0000000
      0.00000       5.8380000   1.9722763e-23       1.0000000
      0.00000       5.8390000   1.9222508e-23       1.0000000
      0.00000       5.8400000   1.8735025e-23       1.0000000
      0.00000       5.8410000   1.8259985e-23       1.0000000
      0.00000       5.8420000   1.7797067e-23       1.0000000
      0.00000       5.8430000   1.7345962e-23       1.0000000
      0.00000       5.8440000   1.6906365e-23       1.0000000
      0.00000       5.8450000   1.6477982e-23       1.0000000
      0.00000       5.8460000   1.6060523e-23       1.0000000
      0.00000       5.8470000   1.5653709e-23       1.0000000
      0.00000       5.8480000   1.5257267e-23       1.0000000
      0.00000       5.8490000   1.4870930e-23       1.0000000
      0.00000       5.8500000   1.4494440e-23       1.0000000
      0.00000       5.8510000   1.4127543e-23       1.0000000
      0.00000       5.8520000   1.3769993e-23       1.0000000
      0.00000       5.8530000   1.3421552e-23       1.0000000
      0.00000       5.8540000   1.3081984e-23       1.0000000
      0.00000       5.8550000   1.2751064e-23       1.0000000
      0.00000       5.8560000   1.2428569e-23       1.0000000
      0.00000       5.8570000   1.2114284e-23       1.0000000
      0.00000       5.8580000   1.1807997e-23       1.0000000
      0.00000       5.8590000   1.1509505e-23       1.0000000
      0.00000       5.8600000   1.1218607e-23       1.0000000
      0.00000       5.8610000   1.0935109e-23       1.0000000
      0.00000       5.8620000   1.0658822e-23       1.0000000
      0.00000       5.8630000   1.0389561e-23       1.0000000
      0.00000       5.8640000   1.0127147e-23       1.0000000
      0.00000       5.8650000   9.8714028e-24       1.0000000
      0.00000       5.8660000   9.6221594e-24       1.0000000
      0.00000       5.8670000   9.3792500e-24       1.0000000
      0.00000       5.8680000   9.1425126e-24       1.0000000
      0.00000       5.8690000   8.9117894e-24       1.0000000
      0.00000       5.8700000   8.6869267e-24       1.0000000
      0.00000       5.8710000   8.4677745e-24       1.0000000
      0.00000       5.8720000   8.2541871e-24       1.0000000
      0.00000       5.8730000   8.0460220e-24       1.0000000
      0.00000       5.8740000   7.8431409e-24       1.0000000
      0.00000       5.8750000   7.6454086e-24       1.0000000
      0.00000       5.8760000   7.4526937e-24       1.0000000
      0.00000       5.8770000   7.2648681e-24       1.0000000
      0.00000       5.8780000   7.0818069e-24       1.0000000
      0.00000       5.8790000   6.9033885e-24       1.0000000
      0.00000       5.8800000   6.7294943e-24       1.0000000
      0.00000       5.8810000   6.5600090e-24       1.0000000
      0.00000       5.8820000   6.3948199e-24       1.0000000
      0.00000       5.8830000   6.2338175e-24       1.0000000
      0.00000       5.8840000   6.0768950e-24       1.0000000
      0.00000       5.8850000   5.9239484e-24       1.0000000
      0.00000       5.8860000   5.7748762e-24       1.0000000
      0.00000       5.8870000   5.6295797e-24       1.0000000
      0.00000       5.8880000   5.4879626e-24       1.0000000
      0.00000       5.8890000   5.3499312e-24       1.0000000
      0.00000       5.8900000   5.2153940e-24       1.0000000
      0.00000       5.8910000   5.0842621e-24       1.0000000
      0.00000       5.8920000   4.9564487e-24       1.0000000
      0.00000       5.8930000   4.8318693e-24       1.0000000
      0.00000       5.8940000   4.7104415e-24       1.0000000
      0.00000       5.8950000   4.5920851e-24       1.0000000
      0.00000       5.8960000   4.4767219e-24       1.0000000
      0.00000       5.8970000   4.3642757e-24       1.0000000
      0.00000       5.8980000   4.2546722e-24       1.0000000
      0.00000       5.8990000   4.1478393e-24       1.0000000
      0.00000       5.9000000   4.0437062e-24       1.0000000
      0.00000       5.9010000   3.9422045e-24       1.0000000
      0.00000       5.9020000   3.8432671e-24       1.0000000
      0.00000       5.9030000   3.7468289e-24       1.0000000
      0.00000       5.9040000   3.6528263e-24       1.0000000
      0.00000       5.9050000   3.5611974e-24       1.0000000
      0.00000       5.9060000   3.4718819e-24       1.0000000
      0.00000       5.9070000   3.3848211e-24       1.0000000
      0.00000       5.9080000   3.2999575e-24       1.0000000
      0.00000       5.9090000   3.2172355e-24       1.0000000
      0.00000       5.9100000   3.1366005e-24       1.0000000
      0.00000       5.9110000   3.0579997e-24       1.0000000
      0.00000       5.9120000   2.9813814e-24       1.0000000
      0.00000       5.9130000   2.9066952e-24       1.0000000
      0.00000       5.9140000   2.8338921e-24       1.0000000
      0.00000       5.9150000   2.7629244e-24       1.0000000
      0.00000       5.9160000   2.6937454e-24       1.0000000
      0.00000       5.9170000   2.6263098e-24       1.0000000
      0.00000       5.9180000   2.5605733e-24       1.0000000
      0.00000       5.9190000   2.4964930e-24       1.0000000
      0.00000       5.9200000   2.4340267e-24       1.0000000
      0.00000       5.9210000   2.3731336e-24       1.0000000
      0.00000       5.9220000   2.3137737e-24       1.0000000
      0.00000       5.9230000   2.2559083e-24       1.0000000
      0.00000       5.9240000   2.1994995e-24       1.0000000
      0.00000       5.9250000   2.1445103e-24       1.0000000
      0.00000       5.9260000   2.0909049e-24       1.0000000
      0.00000       5.9270000   2.0386481e-24       1.0000000
      0.00000       5.9280000   1.9877058e-24       1.0000000
      0.00000       5.9290000   1.9380447e-24       1.0000000
      0.00000       5.9300000   1.8896324e-24       1.0000000
      0.00000       5.9310000   1.8424374e-24       1.0000000
      0.00000       5.9320000   1.7964287e-24       1.0000000
      0.00000       5.9330000   1.7515764e-24       1.0000000
      0.00000       5.9340000   1.7078513e-24       1.0000000
      0.00000       5.9350000   1.6652247e-24       1.0000000
      0.00000       5.9360000   1.6236690e-24       1.0000000
      0.00000       5.9370000   1.5831571e-24       1.0000000
      0.00000       5.9380000   1.5436625e-24       1.0000000
      0.00000       5.9390000   1.5051596e-24       1.0000000
      0.00000       5.9400000   1.4676233e-24       1.0000000
      0.00000       5.9410000   1.4310292e-24       1.0000000
      0.00000       5.9420000   1.3953534e-24       1.0000000
      0.00000       5.9430000   1.3605729e-24       1.0000000
      0.00000       5.9440000   1.3266649e-24       1.0000000
      0.00000       5.9450000   1.2936074e-24       1.0000000
      0.00000       5.9460000   1.2613790e-24       1.0000000
      0.00000       5.9470000   1.2299588e-24       1.0000000
      0.00000       5.9480000   1.1993263e-24       1.0000000
      0.00000       5.9490000   1.1694617e-24       1.0000000
      0.00000       5.9500000   1.1403456e-24       1.0000000
      0.00000       5.9510000   1.1119591e-24       1.0000000
      0.00000       5.9520000   1.0842838e-24       1.0000000
      0.00000       5.9530000   1.0573018e-24       1.0000000
      0.00000       5.9540000   1.0309956e-24       1.0000000
      0.00000       5.9550000   1.0053481e-24       1.0000000
      0.00000       5.9560000   9.8034284e-25       1.0000000
      0.00000       5.9570000   9.5596354e-25       1.0000000
      0.00000       5.9580000   9.3219445e-25       1.0000000
      0.00000       5.9590000   9.0902019e-25       1.0000000
      0.00000       5.9600000   8.8642579e-25       1.0000000
      0.00000       5.9610000   8.6439664e-25       1.0000000
      0.00000       5.9620000   8.4291851e-25       1.0000000
      0.00000       5.9630000   8.2197752e-25       1.0000000
      0.00000       5.9640000   8.0156016e-25       1.0000000
      0.00000       5.9650000   7.8165326e-25       1.0000000
      0.00000       5.9660000   7.6224396e-25       1.0000000
      0.00000       5.9670000   7.4331974e-25       1.0000000
      0.00000       5.9680000   7.2486841e-25       1.0000000
      0.00000       5.9690000   7.0687807e-25       1.0000000
      0.00000       5.9700000   6.8933713e-25       1.0000000
      0.00000       5.9710000   6.7223430e-25       1.0000000
      0.00000       5.9720000   6.5555855e-25       1.0000000
      0.00000       5.9730000   6.3929916e-25       1.0000000
      0.00000       5.9740000   6.2344566e-25       1.0000000
      0.00000       5.9750000   6.0798785e-25       1.0000000
      0.00000       5.9760000   5.9291580e-25       1.0000000
      0.00000       5.9770000   5.7821981e-25       1.0000000
      0.00000       5.9780000   5.6389045e-25       1.0000000
      0.00000       5.9790000   5.4991850e-25       1.0000000
      0.00000       5.9800000   5.3629500e-25       1.0000000
      0.00000       5.9810000   5.2301119e-25       1.0000000
      0.00000       5.9820000   5.1005856e-25       1.0000000
      0.00000       5.9830000   4.9742879e-25       1.0000000
      0.00000       5.9840000   4.8511378e-25       1.0000000
      0.00000       5.9850000   4.7310565e-25       1.0000000
      0.00000       5.9860000   4.6139668e-25       1.0000000
      0.00000       5.9870000   4.4997939e-25       1.0000000
      0.00000       5.9880000   4.3884645e-25       1.0000000
      0.00000       5.9890000   4.2799075e-25       1.0000000
      0.00000       5.9900000   4.1740532e-25       1.0000000
      0.00000       5.9910000   4.0708341e-25       1.0000000
      0.00000       5.9920000   3.9701840e-25       1.0000000
      0.00000       5.9930000   3.8720387e-25       1.0000000
      0.00000       5.9940000   3.7763353e-25       1.0000000
      0.00000       5.9950000   3.6830128e-25       1.0000000
      0.00000       5.9960000   3.5920115e-25       1.0000000
      0.00000       5.9970000   3.5032733e-25       1.0000000
      0.00000       5.9980000   3.4167416e-25       1.0000000
      0.00000       5.9990000   3.3323611e-25       1.0000000
