      0.00000       0.0000000       0.0000000       1.0000000
      0.00000    0.0010000000       0.0000000       1.0000000
      0.00000    0.0020000000       0.0000000       1.0000000
      0.00000    0.0030000000       0.0000000       1.0000000
      0.00000    0.0040000000       0.0000000       1.0000000
      0.00000    0.0050000000       0.0000000       1.0000000
      0.00000    0.0060000000       0.0000000       1.0000000
      0.00000    0.0070000000       0.0000000       1.0000000
      0.00000    0.0080000000       0.0000000       1.0000000
      0.00000    0.0090000000       0.0000000       1.0000000
      0.00000     0.010000000       0.0000000       1.0000000
      0.00000     0.011000000       0.0000000       1.0000000
      0.00000     0.012000000       0.0000000       1.0000000
      0.00000     0.013000000       0.0000000       1.0000000
      0.00000     0.014000000       0.0000000       1.0000000
      0.00000     0.015000000       0.0000000       1.0000000
      0.00000     0.016000000       0.0000000       1.0000000
      0.00000     0.017000000       0.0000000       1.0000000
      0.00000     0.018000000       0.0000000       1.0000000
      0.00000     0.019000000       0.0000000       1.0000000
      0.00000     0.020000000       0.0000000       1.0000000
      0.00000     0.021000000       0.0000000       1.0000000
      0.00000     0.022000000       0.0000000       1.0000000
      0.00000     0.023000000       0.0000000       1.0000000
      0.00000     0.024000000       0.0000000       1.0000000
      0.00000     0.025000000       0.0000000       1.0000000
      0.00000     0.026000000       0.0000000       1.0000000
      0.00000     0.027000000       0.0000000       1.0000000
      0.00000     0.028000000       0.0000000       1.0000000
      0.00000     0.029000000       0.0000000       1.0000000
      0.00000     0.030000000       0.0000000       1.0000000
      0.00000     0.031000000       0.0000000       1.0000000
      0.00000     0.032000000       0.0000000       1.0000000
      0.00000     0.033000000       0.0000000       1.0000000
      0.00000     0.034000000       0.0000000       1.0000000
      0.00000     0.035000000       0.0000000       1.0000000
      0.00000     0.036000000       0.0000000       1.0000000
      0.00000     0.037000000       0.0000000       1.0000000
      0.00000     0.038000000       0.0000000       1.0000000
      0.00000     0.039000000       0.0000000       1.0000000
      0.00000     0.040000000       0.0000000       1.0000000
      0.00000     0.041000000       0.0000000       1.0000000
      0.00000     0.042000000       0.0000000       1.0000000
      0.00000     0.043000000       0.0000000       1.0000000
      0.00000     0.044000000       0.0000000       1.0000000
      0.00000     0.045000000       0.0000000       1.0000000
      0.00000     0.046000000       0.0000000       1.0000000
      0.00000     0.047000000       0.0000000       1.0000000
      0.00000     0.048000000       0.0000000       1.0000000
      0.00000     0.049000000       0.0000000       1.0000000
      0.00000     0.050000000       0.0000000       1.0000000
      0.00000     0.051000000       0.0000000       1.0000000
      0.00000     0.052000000       0.0000000       1.0000000
      0.00000     0.053000000       0.0000000       1.0000000
      0.00000     0.054000000       0.0000000       1.0000000
      0.00000     0.055000000       0.0000000       1.0000000
      0.00000     0.056000000       0.0000000       1.0000000
      0.00000     0.057000000       0.0000000       1.0000000
      0.00000     0.058000000       0.0000000       1.0000000
      0.00000     0.059000000       0.0000000       1.0000000
      0.00000     0.060000000       0.0000000       1.0000000
      0.00000     0.061000000       0.0000000       1.0000000
      0.00000     0.062000000       0.0000000       1.0000000
      0.00000     0.063000000       0.0000000       1.0000000
      0.00000     0.064000000       0.0000000       1.0000000
      0.00000     0.065000000       0.0000000       1.0000000
      0.00000     0.066000000       0.0000000       1.0000000
      0.00000     0.067000000       0.0000000       1.0000000
      0.00000     0.068000000       0.0000000       1.0000000
      0.00000     0.069000000       0.0000000       1.0000000
      0.00000     0.070000000       0.0000000       1.0000000
      0.00000     0.071000000       0.0000000       1.0000000
      0.00000     0.072000000       0.0000000       1.0000000
      0.00000     0.073000000       0.0000000       1.0000000
      0.00000     0.074000000       0.0000000       1.0000000
      0.00000     0.075000000       0.0000000       1.0000000
      0.00000     0.076000000       0.0000000       1.0000000
      0.00000     0.077000000       0.0000000       1.0000000
      0.00000     0.078000000       0.0000000       1.0000000
      0.00000     0.079000000       0.0000000       1.0000000
      0.00000     0.080000000       0.0000000       1.0000000
      0.00000     0.081000000       0.0000000       1.0000000
      0.00000     0.082000000       0.0000000       1.0000000
      0.00000     0.083000000       0.0000000       1.0000000
      0.00000     0.084000000       0.0000000       1.0000000
      0.00000     0.085000000       0.0000000       1.0000000
      0.00000     0.086000000       0.0000000       1.0000000
      0.00000     0.087000000       0.0000000       1.0000000
      0.00000     0.088000000       0.0000000       1.0000000
      0.00000     0.089000000       0.0000000       1.0000000
      0.00000     0.090000000       0.0000000       1.0000000
      0.00000     0.091000000       0.0000000       1.0000000
      0.00000     0.092000000       0.0000000       1.0000000
      0.00000     0.093000000       0.0000000       1.0000000
      0.00000     0.094000000       0.0000000       1.0000000
      0.00000     0.095000000       0.0000000       1.0000000
      0.00000     0.096000000       0.0000000       1.0000000
      0.00000     0.097000000       0.0000000       1.0000000
      0.00000     0.098000000       0.0000000       1.0000000
      0.00000     0.099000000       0.0000000       1.0000000
      0.00000      0.10000000       0.0000000       1.0000000
      0.00000      0.10100000       0.0000000       1.0000000
      0.00000      0.10200000       0.0000000       1.0000000
      0.00000      0.10300000       0.0000000       1.0000000
      0.00000      0.10400000       0.0000000       1.0000000
      0.00000      0.10500000       0.0000000       1.0000000
      0.00000      0.10600000       0.0000000       1.0000000
      0.00000      0.10700000       0.0000000       1.0000000
      0.00000      0.10800000       0.0000000       1.0000000
      0.00000      0.10900000       0.0000000       1.0000000
      0.00000      0.11000000       0.0000000       1.0000000
      0.00000      0.11100000       0.0000000       1.0000000
      0.00000      0.11200000       0.0000000       1.0000000
      0.00000      0.11300000       0.0000000       1.0000000
      0.00000      0.11400000       0.0000000       1.0000000
      0.00000      0.11500000       0.0000000       1.0000000
      0.00000      0.11600000       0.0000000       1.0000000
      0.00000      0.11700000       0.0000000       1.0000000
      0.00000      0.11800000       0.0000000       1.0000000
      0.00000      0.11900000       0.0000000       1.0000000
      0.00000      0.12000000       0.0000000       1.0000000
      0.00000      0.12100000       0.0000000       1.0000000
      0.00000      0.12200000       0.0000000       1.0000000
      0.00000      0.12300000       0.0000000       1.0000000
      0.00000      0.12400000       0.0000000       1.0000000
      0.00000      0.12500000       0.0000000       1.0000000
      0.00000      0.12600000       0.0000000       1.0000000
      0.00000      0.12700000       0.0000000       1.0000000
      0.00000      0.12800000       0.0000000       1.0000000
      0.00000      0.12900000       0.0000000       1.0000000
      0.00000      0.13000000       0.0000000       1.0000000
      0.00000      0.13100000       0.0000000       1.0000000
      0.00000      0.13200000       0.0000000       1.0000000
      0.00000      0.13300000       0.0000000       1.0000000
      0.00000      0.13400000       0.0000000       1.0000000
      0.00000      0.13500000       0.0000000       1.0000000
      0.00000      0.13600000       0.0000000       1.0000000
      0.00000      0.13700000       0.0000000       1.0000000
      0.00000      0.13800000       0.0000000       1.0000000
      0.00000      0.13900000       0.0000000       1.0000000
      0.00000      0.14000000       0.0000000       1.0000000
      0.00000      0.14100000       0.0000000       1.0000000
      0.00000      0.14200000       0.0000000       1.0000000
      0.00000      0.14300000       0.0000000       1.0000000
      0.00000      0.14400000       0.0000000       1.0000000
      0.00000      0.14500000       0.0000000       1.0000000
      0.00000      0.14600000       0.0000000       1.0000000
      0.00000      0.14700000       0.0000000       1.0000000
      0.00000      0.14800000       0.0000000       1.0000000
      0.00000      0.14900000       0.0000000       1.0000000
      0.00000      0.15000000       0.0000000       1.0000000
      0.00000      0.15100000       0.0000000       1.0000000
      0.00000      0.15200000       0.0000000       1.0000000
      0.00000      0.15300000       0.0000000       1.0000000
      0.00000      0.15400000       0.0000000       1.0000000
      0.00000      0.15500000       0.0000000       1.0000000
      0.00000      0.15600000       0.0000000       1.0000000
      0.00000      0.15700000       0.0000000       1.0000000
      0.00000      0.15800000       0.0000000       1.0000000
      0.00000      0.15900000       0.0000000       1.0000000
      0.00000      0.16000000       0.0000000       1.0000000
      0.00000      0.16100000       0.0000000       1.0000000
      0.00000      0.16200000       0.0000000       1.0000000
      0.00000      0.16300000       0.0000000       1.0000000
      0.00000      0.16400000       0.0000000       1.0000000
      0.00000      0.16500000       0.0000000       1.0000000
      0.00000      0.16600000       0.0000000       1.0000000
      0.00000      0.16700000       0.0000000       1.0000000
      0.00000      0.16800000       0.0000000       1.0000000
      0.00000      0.16900000       0.0000000       1.0000000
      0.00000      0.17000000       0.0000000       1.0000000
      0.00000      0.17100000       0.0000000       1.0000000
      0.00000      0.17200000       0.0000000       1.0000000
      0.00000      0.17300000       0.0000000       1.0000000
      0.00000      0.17400000       0.0000000       1.0000000
      0.00000      0.17500000       0.0000000       1.0000000
      0.00000      0.17600000       0.0000000       1.0000000
      0.00000      0.17700000       0.0000000       1.0000000
      0.00000      0.17800000       0.0000000       1.0000000
      0.00000      0.17900000       0.0000000       1.0000000
      0.00000      0.18000000       0.0000000       1.0000000
      0.00000      0.18100000       0.0000000       1.0000000
      0.00000      0.18200000       0.0000000       1.0000000
      0.00000      0.18300000       0.0000000       1.0000000
      0.00000      0.18400000       0.0000000       1.0000000
      0.00000      0.18500000       0.0000000       1.0000000
      0.00000      0.18600000       0.0000000       1.0000000
      0.00000      0.18700000       0.0000000       1.0000000
      0.00000      0.18800000       0.0000000       1.0000000
      0.00000      0.18900000       0.0000000       1.0000000
      0.00000      0.19000000       0.0000000       1.0000000
      0.00000      0.19100000       0.0000000       1.0000000
      0.00000      0.19200000       0.0000000       1.0000000
      0.00000      0.19300000       0.0000000       1.0000000
      0.00000      0.19400000       0.0000000       1.0000000
      0.00000      0.19500000       0.0000000       1.0000000
      0.00000      0.19600000       0.0000000       1.0000000
      0.00000      0.19700000       0.0000000       1.0000000
      0.00000      0.19800000       0.0000000       1.0000000
      0.00000      0.19900000       0.0000000       1.0000000
      0.00000      0.20000000       0.0000000       1.0000000
      0.00000      0.20100000       0.0000000       1.0000000
      0.00000      0.20200000       0.0000000       1.0000000
      0.00000      0.20300000       0.0000000       1.0000000
      0.00000      0.20400000       0.0000000       1.0000000
      0.00000      0.20500000       0.0000000       1.0000000
      0.00000      0.20600000       0.0000000       1.0000000
      0.00000      0.20700000       0.0000000       1.0000000
      0.00000      0.20800000       0.0000000       1.0000000
      0.00000      0.20900000       0.0000000       1.0000000
      0.00000      0.21000000       0.0000000       1.0000000
      0.00000      0.21100000       0.0000000       1.0000000
      0.00000      0.21200000       0.0000000       1.0000000
      0.00000      0.21300000       0.0000000       1.0000000
      0.00000      0.21400000       0.0000000       1.0000000
      0.00000      0.21500000       0.0000000       1.0000000
      0.00000      0.21600000       0.0000000       1.0000000
      0.00000      0.21700000       0.0000000       1.0000000
      0.00000      0.21800000       0.0000000       1.0000000
      0.00000      0.21900000       0.0000000       1.0000000
      0.00000      0.22000000       0.0000000       1.0000000
      0.00000      0.22100000       0.0000000       1.0000000
      0.00000      0.22200000       0.0000000       1.0000000
      0.00000      0.22300000       0.0000000       1.0000000
      0.00000      0.22400000       0.0000000       1.0000000
      0.00000      0.22500000       0.0000000       1.0000000
      0.00000      0.22600000       0.0000000       1.0000000
      0.00000      0.22700000       0.0000000       1.0000000
      0.00000      0.22800000       0.0000000       1.0000000
      0.00000      0.22900000       0.0000000       1.0000000
      0.00000      0.23000000       0.0000000       1.0000000
      0.00000      0.23100000       0.0000000       1.0000000
      0.00000      0.23200000       0.0000000       1.0000000
      0.00000      0.23300000       0.0000000       1.0000000
      0.00000      0.23400000       0.0000000       1.0000000
      0.00000      0.23500000       0.0000000       1.0000000
      0.00000      0.23600000       0.0000000       1.0000000
      0.00000      0.23700000       0.0000000       1.0000000
      0.00000      0.23800000       0.0000000       1.0000000
      0.00000      0.23900000       0.0000000       1.0000000
      0.00000      0.24000000       0.0000000       1.0000000
      0.00000      0.24100000       0.0000000       1.0000000
      0.00000      0.24200000       0.0000000       1.0000000
      0.00000      0.24300000       0.0000000       1.0000000
      0.00000      0.24400000       0.0000000       1.0000000
      0.00000      0.24500000       0.0000000       1.0000000
      0.00000      0.24600000       0.0000000       1.0000000
      0.00000      0.24700000       0.0000000       1.0000000
      0.00000      0.24800000       0.0000000       1.0000000
      0.00000      0.24900000       0.0000000       1.0000000
      0.00000      0.25000000       0.0000000       1.0000000
      0.00000      0.25100000       0.0000000       1.0000000
      0.00000      0.25200000       0.0000000       1.0000000
      0.00000      0.25300000       0.0000000       1.0000000
      0.00000      0.25400000       0.0000000       1.0000000
      0.00000      0.25500000       0.0000000       1.0000000
      0.00000      0.25600000       0.0000000       1.0000000
      0.00000      0.25700000       0.0000000       1.0000000
      0.00000      0.25800000       0.0000000       1.0000000
      0.00000      0.25900000       0.0000000       1.0000000
      0.00000      0.26000000       0.0000000       1.0000000
      0.00000      0.26100000       0.0000000       1.0000000
      0.00000      0.26200000       0.0000000       1.0000000
      0.00000      0.26300000       0.0000000       1.0000000
      0.00000      0.26400000       0.0000000       1.0000000
      0.00000      0.26500000       0.0000000       1.0000000
      0.00000      0.26600000       0.0000000       1.0000000
      0.00000      0.26700000       0.0000000       1.0000000
      0.00000      0.26800000       0.0000000       1.0000000
      0.00000      0.26900000       0.0000000       1.0000000
      0.00000      0.27000000       0.0000000       1.0000000
      0.00000      0.27100000       0.0000000       1.0000000
      0.00000      0.27200000       0.0000000       1.0000000
      0.00000      0.27300000       0.0000000       1.0000000
      0.00000      0.27400000       0.0000000       1.0000000
      0.00000      0.27500000       0.0000000       1.0000000
      0.00000      0.27600000       0.0000000       1.0000000
      0.00000      0.27700000       0.0000000       1.0000000
      0.00000      0.27800000       0.0000000       1.0000000
      0.00000      0.27900000       0.0000000       1.0000000
      0.00000      0.28000000       0.0000000       1.0000000
      0.00000      0.28100000       0.0000000       1.0000000
      0.00000      0.28200000       0.0000000       1.0000000
      0.00000      0.28300000       0.0000000       1.0000000
      0.00000      0.28400000       0.0000000       1.0000000
      0.00000      0.28500000       0.0000000       1.0000000
      0.00000      0.28600000       0.0000000       1.0000000
      0.00000      0.28700000       0.0000000       1.0000000
      0.00000      0.28800000       0.0000000       1.0000000
      0.00000      0.28900000       0.0000000       1.0000000
      0.00000      0.29000000       0.0000000       1.0000000
      0.00000      0.29100000       0.0000000       1.0000000
      0.00000      0.29200000       0.0000000       1.0000000
      0.00000      0.29300000       0.0000000       1.0000000
      0.00000      0.29400000       0.0000000       1.0000000
      0.00000      0.29500000       0.0000000       1.0000000
      0.00000      0.29600000       0.0000000       1.0000000
      0.00000      0.29700000       0.0000000       1.0000000
      0.00000      0.29800000       0.0000000       1.0000000
      0.00000      0.29900000       0.0000000       1.0000000
      0.00000      0.30000000       0.0000000       1.0000000
      0.00000      0.30100000       0.0000000       1.0000000
      0.00000      0.30200000       0.0000000       1.0000000
      0.00000      0.30300000       0.0000000       1.0000000
      0.00000      0.30400000       0.0000000       1.0000000
      0.00000      0.30500000       0.0000000       1.0000000
      0.00000      0.30600000       0.0000000       1.0000000
      0.00000      0.30700000       0.0000000       1.0000000
      0.00000      0.30800000       0.0000000       1.0000000
      0.00000      0.30900000       0.0000000       1.0000000
      0.00000      0.31000000       0.0000000       1.0000000
      0.00000      0.31100000       0.0000000       1.0000000
      0.00000      0.31200000       0.0000000       1.0000000
      0.00000      0.31300000       0.0000000       1.0000000
      0.00000      0.31400000       0.0000000       1.0000000
      0.00000      0.31500000       0.0000000       1.0000000
      0.00000      0.31600000       0.0000000       1.0000000
      0.00000      0.31700000       0.0000000       1.0000000
      0.00000      0.31800000       0.0000000       1.0000000
      0.00000      0.31900000       0.0000000       1.0000000
      0.00000      0.32000000       0.0000000       1.0000000
      0.00000      0.32100000       0.0000000       1.0000000
      0.00000      0.32200000       0.0000000       1.0000000
      0.00000      0.32300000       0.0000000       1.0000000
      0.00000      0.32400000       0.0000000       1.0000000
      0.00000      0.32500000       0.0000000       1.0000000
      0.00000      0.32600000       0.0000000       1.0000000
      0.00000      0.32700000       0.0000000       1.0000000
      0.00000      0.32800000       0.0000000       1.0000000
      0.00000      0.32900000       0.0000000       1.0000000
      0.00000      0.33000000       0.0000000       1.0000000
      0.00000      0.33100000       0.0000000       1.0000000
      0.00000      0.33200000       0.0000000       1.0000000
      0.00000      0.33300000       0.0000000       1.0000000
      0.00000      0.33400000       0.0000000       1.0000000
      0.00000      0.33500000       0.0000000       1.0000000
      0.00000      0.33600000       0.0000000       1.0000000
      0.00000      0.33700000       0.0000000       1.0000000
      0.00000      0.33800000       0.0000000       1.0000000
      0.00000      0.33900000       0.0000000       1.0000000
      0.00000      0.34000000       0.0000000       1.0000000
      0.00000      0.34100000       0.0000000       1.0000000
      0.00000      0.34200000       0.0000000       1.0000000
      0.00000      0.34300000       0.0000000       1.0000000
      0.00000      0.34400000       0.0000000       1.0000000
      0.00000      0.34500000       0.0000000       1.0000000
      0.00000      0.34600000       0.0000000       1.0000000
      0.00000      0.34700000       0.0000000       1.0000000
      0.00000      0.34800000       0.0000000       1.0000000
      0.00000      0.34900000       0.0000000       1.0000000
      0.00000      0.35000000       0.0000000       1.0000000
      0.00000      0.35100000       0.0000000       1.0000000
      0.00000      0.35200000       0.0000000       1.0000000
      0.00000      0.35300000       0.0000000       1.0000000
      0.00000      0.35400000       0.0000000       1.0000000
      0.00000      0.35500000       0.0000000       1.0000000
      0.00000      0.35600000       0.0000000       1.0000000
      0.00000      0.35700000       0.0000000       1.0000000
      0.00000      0.35800000       0.0000000       1.0000000
      0.00000      0.35900000       0.0000000       1.0000000
      0.00000      0.36000000       0.0000000       1.0000000
      0.00000      0.36100000       0.0000000       1.0000000
      0.00000      0.36200000       0.0000000       1.0000000
      0.00000      0.36300000       0.0000000       1.0000000
      0.00000      0.36400000       0.0000000       1.0000000
      0.00000      0.36500000       0.0000000       1.0000000
      0.00000      0.36600000       0.0000000       1.0000000
      0.00000      0.36700000       0.0000000       1.0000000
      0.00000      0.36800000       0.0000000       1.0000000
      0.00000      0.36900000       0.0000000       1.0000000
      0.00000      0.37000000       0.0000000       1.0000000
      0.00000      0.37100000       0.0000000       1.0000000
      0.00000      0.37200000       0.0000000       1.0000000
      0.00000      0.37300000       0.0000000       1.0000000
      0.00000      0.37400000       0.0000000       1.0000000
      0.00000      0.37500000       0.0000000       1.0000000
      0.00000      0.37600000       0.0000000       1.0000000
      0.00000      0.37700000       0.0000000       1.0000000
      0.00000      0.37800000       0.0000000       1.0000000
      0.00000      0.37900000       0.0000000       1.0000000
      0.00000      0.38000000       0.0000000       1.0000000
      0.00000      0.38100000       0.0000000       1.0000000
      0.00000      0.38200000       0.0000000       1.0000000
      0.00000      0.38300000       0.0000000       1.0000000
      0.00000      0.38400000       0.0000000       1.0000000
      0.00000      0.38500000       0.0000000       1.0000000
      0.00000      0.38600000       0.0000000       1.0000000
      0.00000      0.38700000       0.0000000       1.0000000
      0.00000      0.38800000       0.0000000       1.0000000
      0.00000      0.38900000       0.0000000       1.0000000
      0.00000      0.39000000       0.0000000       1.0000000
      0.00000      0.39100000       0.0000000       1.0000000
      0.00000      0.39200000       0.0000000       1.0000000
      0.00000      0.39300000       0.0000000       1.0000000
      0.00000      0.39400000       0.0000000       1.0000000
      0.00000      0.39500000       0.0000000       1.0000000
      0.00000      0.39600000       0.0000000       1.0000000
      0.00000      0.39700000       0.0000000       1.0000000
      0.00000      0.39800000       0.0000000       1.0000000
      0.00000      0.39900000       0.0000000       1.0000000
      0.00000      0.40000000       0.0000000       1.0000000
      0.00000      0.40100000       0.0000000       1.0000000
      0.00000      0.40200000       0.0000000       1.0000000
      0.00000      0.40300000       0.0000000       1.0000000
      0.00000      0.40400000       0.0000000       1.0000000
      0.00000      0.40500000       0.0000000       1.0000000
      0.00000      0.40600000       0.0000000       1.0000000
      0.00000      0.40700000       0.0000000       1.0000000
      0.00000      0.40800000       0.0000000       1.0000000
      0.00000      0.40900000       0.0000000       1.0000000
      0.00000      0.41000000       0.0000000       1.0000000
      0.00000      0.41100000       0.0000000       1.0000000
      0.00000      0.41200000       0.0000000       1.0000000
      0.00000      0.41300000       0.0000000       1.0000000
      0.00000      0.41400000       0.0000000       1.0000000
      0.00000      0.41500000       0.0000000       1.0000000
      0.00000      0.41600000       0.0000000       1.0000000
      0.00000      0.41700000       0.0000000       1.0000000
      0.00000      0.41800000       0.0000000       1.0000000
      0.00000      0.41900000       0.0000000       1.0000000
      0.00000      0.42000000       0.0000000       1.0000000
      0.00000      0.42100000       0.0000000       1.0000000
      0.00000      0.42200000       0.0000000       1.0000000
      0.00000      0.42300000       0.0000000       1.0000000
      0.00000      0.42400000       0.0000000       1.0000000
      0.00000      0.42500000       0.0000000       1.0000000
      0.00000      0.42600000       0.0000000       1.0000000
      0.00000      0.42700000       0.0000000       1.0000000
      0.00000      0.42800000       0.0000000       1.0000000
      0.00000      0.42900000       0.0000000       1.0000000
      0.00000      0.43000000       0.0000000       1.0000000
      0.00000      0.43100000       0.0000000       1.0000000
      0.00000      0.43200000       0.0000000       1.0000000
      0.00000      0.43300000       0.0000000       1.0000000
      0.00000      0.43400000       0.0000000       1.0000000
      0.00000      0.43500000       0.0000000       1.0000000
      0.00000      0.43600000       0.0000000       1.0000000
      0.00000      0.43700000       0.0000000       1.0000000
      0.00000      0.43800000       0.0000000       1.0000000
      0.00000      0.43900000       0.0000000       1.0000000
      0.00000      0.44000000       0.0000000       1.0000000
      0.00000      0.44100000       0.0000000       1.0000000
      0.00000      0.44200000       0.0000000       1.0000000
      0.00000      0.44300000       0.0000000       1.0000000
      0.00000      0.44400000       0.0000000       1.0000000
      0.00000      0.44500000       0.0000000       1.0000000
      0.00000      0.44600000       0.0000000       1.0000000
      0.00000      0.44700000       0.0000000       1.0000000
      0.00000      0.44800000       0.0000000       1.0000000
      0.00000      0.44900000       0.0000000       1.0000000
      0.00000      0.45000000       0.0000000       1.0000000
      0.00000      0.45100000       0.0000000       1.0000000
      0.00000      0.45200000       0.0000000       1.0000000
      0.00000      0.45300000       0.0000000       1.0000000
      0.00000      0.45400000       0.0000000       1.0000000
      0.00000      0.45500000       0.0000000       1.0000000
      0.00000      0.45600000       0.0000000       1.0000000
      0.00000      0.45700000       0.0000000       1.0000000
      0.00000      0.45800000       0.0000000       1.0000000
      0.00000      0.45900000       0.0000000       1.0000000
      0.00000      0.46000000       0.0000000       1.0000000
      0.00000      0.46100000       0.0000000       1.0000000
      0.00000      0.46200000       0.0000000       1.0000000
      0.00000      0.46300000       0.0000000       1.0000000
      0.00000      0.46400000       0.0000000       1.0000000
      0.00000      0.46500000       0.0000000       1.0000000
      0.00000      0.46600000       0.0000000       1.0000000
      0.00000      0.46700000       0.0000000       1.0000000
      0.00000      0.46800000       0.0000000       1.0000000
      0.00000      0.46900000       0.0000000       1.0000000
      0.00000      0.47000000       0.0000000       1.0000000
      0.00000      0.47100000       0.0000000       1.0000000
      0.00000      0.47200000       0.0000000       1.0000000
      0.00000      0.47300000       0.0000000       1.0000000
      0.00000      0.47400000       0.0000000       1.0000000
      0.00000      0.47500000       0.0000000       1.0000000
      0.00000      0.47600000       0.0000000       1.0000000
      0.00000      0.47700000       0.0000000       1.0000000
      0.00000      0.47800000       0.0000000       1.0000000
      0.00000      0.47900000       0.0000000       1.0000000
      0.00000      0.48000000       0.0000000       1.0000000
      0.00000      0.48100000       0.0000000       1.0000000
      0.00000      0.48200000       0.0000000       1.0000000
      0.00000      0.48300000       0.0000000       1.0000000
      0.00000      0.48400000       0.0000000       1.0000000
      0.00000      0.48500000       0.0000000       1.0000000
      0.00000      0.48600000       0.0000000       1.0000000
      0.00000      0.48700000       0.0000000       1.0000000
      0.00000      0.48800000       0.0000000       1.0000000
      0.00000      0.48900000       0.0000000       1.0000000
      0.00000      0.49000000       0.0000000       1.0000000
      0.00000      0.49100000       0.0000000       1.0000000
      0.00000      0.49200000       0.0000000       1.0000000
      0.00000      0.49300000       0.0000000       1.0000000
      0.00000      0.49400000       0.0000000       1.0000000
      0.00000      0.49500000       0.0000000       1.0000000
      0.00000      0.49600000       0.0000000       1.0000000
      0.00000      0.49700000       0.0000000       1.0000000
      0.00000      0.49800000       0.0000000       1.0000000
      0.00000      0.49900000       0.0000000       1.0000000
      0.00000      0.50000000       0.0000000       1.0000000
      0.00000      0.50100000       0.0000000       1.0000000
      0.00000      0.50200000       0.0000000       1.0000000
      0.00000      0.50300000       0.0000000       1.0000000
      0.00000      0.50400000       0.0000000       1.0000000
      0.00000      0.50500000       0.0000000       1.0000000
      0.00000      0.50600000       0.0000000       1.0000000
      0.00000      0.50700000       0.0000000       1.0000000
      0.00000      0.50800000       0.0000000       1.0000000
      0.00000      0.50900000       0.0000000       1.0000000
      0.00000      0.51000000       0.0000000       1.0000000
      0.00000      0.51100000       0.0000000       1.0000000
      0.00000      0.51200000       0.0000000       1.0000000
      0.00000      0.51300000       0.0000000       1.0000000
      0.00000      0.51400000       0.0000000       1.0000000
      0.00000      0.51500000       0.0000000       1.0000000
      0.00000      0.51600000       0.0000000       1.0000000
      0.00000      0.51700000       0.0000000       1.0000000
      0.00000      0.51800000       0.0000000       1.0000000
      0.00000      0.51900000       0.0000000       1.0000000
      0.00000      0.52000000       0.0000000       1.0000000
      0.00000      0.52100000       0.0000000       1.0000000
      0.00000      0.52200000       0.0000000       1.0000000
      0.00000      0.52300000       0.0000000       1.0000000
      0.00000      0.52400000       0.0000000       1.0000000
      0.00000      0.52500000       0.0000000       1.0000000
      0.00000      0.52600000       0.0000000       1.0000000
      0.00000      0.52700000       0.0000000       1.0000000
      0.00000      0.52800000       0.0000000       1.0000000
      0.00000      0.52900000       0.0000000       1.0000000
      0.00000      0.53000000       0.0000000       1.0000000
      0.00000      0.53100000       0.0000000       1.0000000
      0.00000      0.53200000       0.0000000       1.0000000
      0.00000      0.53300000       0.0000000       1.0000000
      0.00000      0.53400000       0.0000000       1.0000000
      0.00000      0.53500000       0.0000000       1.0000000
      0.00000      0.53600000       0.0000000       1.0000000
      0.00000      0.53700000       0.0000000       1.0000000
      0.00000      0.53800000       0.0000000       1.0000000
      0.00000      0.53900000       0.0000000       1.0000000
      0.00000      0.54000000       0.0000000       1.0000000
      0.00000      0.54100000       0.0000000       1.0000000
      0.00000      0.54200000       0.0000000       1.0000000
      0.00000      0.54300000       0.0000000       1.0000000
      0.00000      0.54400000       0.0000000       1.0000000
      0.00000      0.54500000       0.0000000       1.0000000
      0.00000      0.54600000       0.0000000       1.0000000
      0.00000      0.54700000       0.0000000       1.0000000
      0.00000      0.54800000       0.0000000       1.0000000
      0.00000      0.54900000       0.0000000       1.0000000
      0.00000      0.55000000       0.0000000       1.0000000
      0.00000      0.55100000       0.0000000       1.0000000
      0.00000      0.55200000       0.0000000       1.0000000
      0.00000      0.55300000       0.0000000       1.0000000
      0.00000      0.55400000       0.0000000       1.0000000
      0.00000      0.55500000       0.0000000       1.0000000
      0.00000      0.55600000       0.0000000       1.0000000
      0.00000      0.55700000       0.0000000       1.0000000
      0.00000      0.55800000       0.0000000       1.0000000
      0.00000      0.55900000       0.0000000       1.0000000
      0.00000      0.56000000       0.0000000       1.0000000
      0.00000      0.56100000       0.0000000       1.0000000
      0.00000      0.56200000       0.0000000       1.0000000
      0.00000      0.56300000       0.0000000       1.0000000
      0.00000      0.56400000       0.0000000       1.0000000
      0.00000      0.56500000       0.0000000       1.0000000
      0.00000      0.56600000       0.0000000       1.0000000
      0.00000      0.56700000       0.0000000       1.0000000
      0.00000      0.56800000       0.0000000       1.0000000
      0.00000      0.56900000       0.0000000       1.0000000
      0.00000      0.57000000       0.0000000       1.0000000
      0.00000      0.57100000       0.0000000       1.0000000
      0.00000      0.57200000       0.0000000       1.0000000
      0.00000      0.57300000       0.0000000       1.0000000
      0.00000      0.57400000       0.0000000       1.0000000
      0.00000      0.57500000       0.0000000       1.0000000
      0.00000      0.57600000       0.0000000       1.0000000
      0.00000      0.57700000       0.0000000       1.0000000
      0.00000      0.57800000       0.0000000       1.0000000
      0.00000      0.57900000       0.0000000       1.0000000
      0.00000      0.58000000       0.0000000       1.0000000
      0.00000      0.58100000       0.0000000       1.0000000
      0.00000      0.58200000       0.0000000       1.0000000
      0.00000      0.58300000       0.0000000       1.0000000
      0.00000      0.58400000       0.0000000       1.0000000
      0.00000      0.58500000       0.0000000       1.0000000
      0.00000      0.58600000       0.0000000       1.0000000
      0.00000      0.58700000       0.0000000       1.0000000
      0.00000      0.58800000       0.0000000       1.0000000
      0.00000      0.58900000       0.0000000       1.0000000
      0.00000      0.59000000       0.0000000       1.0000000
      0.00000      0.59100000       0.0000000       1.0000000
      0.00000      0.59200000       0.0000000       1.0000000
      0.00000      0.59300000       0.0000000       1.0000000
      0.00000      0.59400000       0.0000000       1.0000000
      0.00000      0.59500000       0.0000000       1.0000000
      0.00000      0.59600000       0.0000000       1.0000000
      0.00000      0.59700000       0.0000000       1.0000000
      0.00000      0.59800000       0.0000000       1.0000000
      0.00000      0.59900000       0.0000000       1.0000000
      0.00000      0.60000000       0.0000000       1.0000000
      0.00000      0.60100000       0.0000000       1.0000000
      0.00000      0.60200000       0.0000000       1.0000000
      0.00000      0.60300000       0.0000000       1.0000000
      0.00000      0.60400000       0.0000000       1.0000000
      0.00000      0.60500000       0.0000000       1.0000000
      0.00000      0.60600000       0.0000000       1.0000000
      0.00000      0.60700000       0.0000000       1.0000000
      0.00000      0.60800000       0.0000000       1.0000000
      0.00000      0.60900000       0.0000000       1.0000000
      0.00000      0.61000000       0.0000000       1.0000000
      0.00000      0.61100000       0.0000000       1.0000000
      0.00000      0.61200000       0.0000000       1.0000000
      0.00000      0.61300000       0.0000000       1.0000000
      0.00000      0.61400000       0.0000000       1.0000000
      0.00000      0.61500000       0.0000000       1.0000000
      0.00000      0.61600000       0.0000000       1.0000000
      0.00000      0.61700000       0.0000000       1.0000000
      0.00000      0.61800000       0.0000000       1.0000000
      0.00000      0.61900000       0.0000000       1.0000000
      0.00000      0.62000000       0.0000000       1.0000000
      0.00000      0.62100000       0.0000000       1.0000000
      0.00000      0.62200000       0.0000000       1.0000000
      0.00000      0.62300000       0.0000000       1.0000000
      0.00000      0.62400000       0.0000000       1.0000000
      0.00000      0.62500000       0.0000000       1.0000000
      0.00000      0.62600000       0.0000000       1.0000000
      0.00000      0.62700000       0.0000000       1.0000000
      0.00000      0.62800000       0.0000000       1.0000000
      0.00000      0.62900000       0.0000000       1.0000000
      0.00000      0.63000000       0.0000000       1.0000000
      0.00000      0.63100000       0.0000000       1.0000000
      0.00000      0.63200000       0.0000000       1.0000000
      0.00000      0.63300000       0.0000000       1.0000000
      0.00000      0.63400000       0.0000000       1.0000000
      0.00000      0.63500000       0.0000000       1.0000000
      0.00000      0.63600000       0.0000000       1.0000000
      0.00000      0.63700000       0.0000000       1.0000000
      0.00000      0.63800000       0.0000000       1.0000000
      0.00000      0.63900000       0.0000000       1.0000000
      0.00000      0.64000000       0.0000000       1.0000000
      0.00000      0.64100000       0.0000000       1.0000000
      0.00000      0.64200000       0.0000000       1.0000000
      0.00000      0.64300000       0.0000000       1.0000000
      0.00000      0.64400000       0.0000000       1.0000000
      0.00000      0.64500000       0.0000000       1.0000000
      0.00000      0.64600000       0.0000000       1.0000000
      0.00000      0.64700000       0.0000000       1.0000000
      0.00000      0.64800000       0.0000000       1.0000000
      0.00000      0.64900000       0.0000000       1.0000000
      0.00000      0.65000000       0.0000000       1.0000000
      0.00000      0.65100000       0.0000000       1.0000000
      0.00000      0.65200000       0.0000000       1.0000000
      0.00000      0.65300000       0.0000000       1.0000000
      0.00000      0.65400000       0.0000000       1.0000000
      0.00000      0.65500000       0.0000000       1.0000000
      0.00000      0.65600000       0.0000000       1.0000000
      0.00000      0.65700000       0.0000000       1.0000000
      0.00000      0.65800000       0.0000000       1.0000000
      0.00000      0.65900000       0.0000000       1.0000000
      0.00000      0.66000000       0.0000000       1.0000000
      0.00000      0.66100000       0.0000000       1.0000000
      0.00000      0.66200000       0.0000000       1.0000000
      0.00000      0.66300000       0.0000000       1.0000000
      0.00000      0.66400000       0.0000000       1.0000000
      0.00000      0.66500000       0.0000000       1.0000000
      0.00000      0.66600000       0.0000000       1.0000000
      0.00000      0.66700000       0.0000000       1.0000000
      0.00000      0.66800000       0.0000000       1.0000000
      0.00000      0.66900000       0.0000000       1.0000000
      0.00000      0.67000000       0.0000000       1.0000000
      0.00000      0.67100000       0.0000000       1.0000000
      0.00000      0.67200000       0.0000000       1.0000000
      0.00000      0.67300000       0.0000000       1.0000000
      0.00000      0.67400000       0.0000000       1.0000000
      0.00000      0.67500000       0.0000000       1.0000000
      0.00000      0.67600000       0.0000000       1.0000000
      0.00000      0.67700000       0.0000000       1.0000000
      0.00000      0.67800000       0.0000000       1.0000000
      0.00000      0.67900000       0.0000000       1.0000000
      0.00000      0.68000000       0.0000000       1.0000000
      0.00000      0.68100000       0.0000000       1.0000000
      0.00000      0.68200000       0.0000000       1.0000000
      0.00000      0.68300000       0.0000000       1.0000000
      0.00000      0.68400000       0.0000000       1.0000000
      0.00000      0.68500000       0.0000000       1.0000000
      0.00000      0.68600000       0.0000000       1.0000000
      0.00000      0.68700000       0.0000000       1.0000000
      0.00000      0.68800000       0.0000000       1.0000000
      0.00000      0.68900000       0.0000000       1.0000000
      0.00000      0.69000000       0.0000000       1.0000000
      0.00000      0.69100000       0.0000000       1.0000000
      0.00000      0.69200000       0.0000000       1.0000000
      0.00000      0.69300000       0.0000000       1.0000000
      0.00000      0.69400000       0.0000000       1.0000000
      0.00000      0.69500000       0.0000000       1.0000000
      0.00000      0.69600000       0.0000000       1.0000000
      0.00000      0.69700000       0.0000000       1.0000000
      0.00000      0.69800000       0.0000000       1.0000000
      0.00000      0.69900000       0.0000000       1.0000000
      0.00000      0.70000000       0.0000000       1.0000000
      0.00000      0.70100000       0.0000000       1.0000000
      0.00000      0.70200000       0.0000000       1.0000000
      0.00000      0.70300000       0.0000000       1.0000000
      0.00000      0.70400000       0.0000000       1.0000000
      0.00000      0.70500000       0.0000000       1.0000000
      0.00000      0.70600000       0.0000000       1.0000000
      0.00000      0.70700000       0.0000000       1.0000000
      0.00000      0.70800000       0.0000000       1.0000000
      0.00000      0.70900000       0.0000000       1.0000000
      0.00000      0.71000000       0.0000000       1.0000000
      0.00000      0.71100000       0.0000000       1.0000000
      0.00000      0.71200000       0.0000000       1.0000000
      0.00000      0.71300000       0.0000000       1.0000000
      0.00000      0.71400000       0.0000000       1.0000000
      0.00000      0.71500000       0.0000000       1.0000000
      0.00000      0.71600000       0.0000000       1.0000000
      0.00000      0.71700000       0.0000000       1.0000000
      0.00000      0.71800000       0.0000000       1.0000000
      0.00000      0.71900000       0.0000000       1.0000000
      0.00000      0.72000000       0.0000000       1.0000000
      0.00000      0.72100000       0.0000000       1.0000000
      0.00000      0.72200000       0.0000000       1.0000000
      0.00000      0.72300000       0.0000000       1.0000000
      0.00000      0.72400000       0.0000000       1.0000000
      0.00000      0.72500000       0.0000000       1.0000000
      0.00000      0.72600000       0.0000000       1.0000000
      0.00000      0.72700000       0.0000000       1.0000000
      0.00000      0.72800000       0.0000000       1.0000000
      0.00000      0.72900000       0.0000000       1.0000000
      0.00000      0.73000000       0.0000000       1.0000000
      0.00000      0.73100000       0.0000000       1.0000000
      0.00000      0.73200000       0.0000000       1.0000000
      0.00000      0.73300000       0.0000000       1.0000000
      0.00000      0.73400000       0.0000000       1.0000000
      0.00000      0.73500000       0.0000000       1.0000000
      0.00000      0.73600000       0.0000000       1.0000000
      0.00000      0.73700000       0.0000000       1.0000000
      0.00000      0.73800000       0.0000000       1.0000000
      0.00000      0.73900000       0.0000000       1.0000000
      0.00000      0.74000000       0.0000000       1.0000000
      0.00000      0.74100000       0.0000000       1.0000000
      0.00000      0.74200000       0.0000000       1.0000000
      0.00000      0.74300000       0.0000000       1.0000000
      0.00000      0.74400000       0.0000000       1.0000000
      0.00000      0.74500000       0.0000000       1.0000000
      0.00000      0.74600000       0.0000000       1.0000000
      0.00000      0.74700000       0.0000000       1.0000000
      0.00000      0.74800000       0.0000000       1.0000000
      0.00000      0.74900000       0.0000000       1.0000000
      0.00000      0.75000000       0.0000000       1.0000000
      0.00000      0.75100000       0.0000000       1.0000000
      0.00000      0.75200000       0.0000000       1.0000000
      0.00000      0.75300000       0.0000000       1.0000000
      0.00000      0.75400000       0.0000000       1.0000000
      0.00000      0.75500000       0.0000000       1.0000000
      0.00000      0.75600000       0.0000000       1.0000000
      0.00000      0.75700000       0.0000000       1.0000000
      0.00000      0.75800000       0.0000000       1.0000000
      0.00000      0.75900000       0.0000000       1.0000000
      0.00000      0.76000000       0.0000000       1.0000000
      0.00000      0.76100000       0.0000000       1.0000000
      0.00000      0.76200000       0.0000000       1.0000000
      0.00000      0.76300000       0.0000000       1.0000000
      0.00000      0.76400000       0.0000000       1.0000000
      0.00000      0.76500000       0.0000000       1.0000000
      0.00000      0.76600000       0.0000000       1.0000000
      0.00000      0.76700000       0.0000000       1.0000000
      0.00000      0.76800000       0.0000000       1.0000000
      0.00000      0.76900000       0.0000000       1.0000000
      0.00000      0.77000000       0.0000000       1.0000000
      0.00000      0.77100000       0.0000000       1.0000000
      0.00000      0.77200000       0.0000000       1.0000000
      0.00000      0.77300000       0.0000000       1.0000000
      0.00000      0.77400000       0.0000000       1.0000000
      0.00000      0.77500000       0.0000000       1.0000000
      0.00000      0.77600000       0.0000000       1.0000000
      0.00000      0.77700000       0.0000000       1.0000000
      0.00000      0.77800000       0.0000000       1.0000000
      0.00000      0.77900000       0.0000000       1.0000000
      0.00000      0.78000000       0.0000000       1.0000000
      0.00000      0.78100000       0.0000000       1.0000000
      0.00000      0.78200000       0.0000000       1.0000000
      0.00000      0.78300000       0.0000000       1.0000000
      0.00000      0.78400000       0.0000000       1.0000000
      0.00000      0.78500000       0.0000000       1.0000000
      0.00000      0.78600000       0.0000000       1.0000000
      0.00000      0.78700000       0.0000000       1.0000000
      0.00000      0.78800000       0.0000000       1.0000000
      0.00000      0.78900000       0.0000000       1.0000000
      0.00000      0.79000000       0.0000000       1.0000000
      0.00000      0.79100000       0.0000000       1.0000000
      0.00000      0.79200000       0.0000000       1.0000000
      0.00000      0.79300000       0.0000000       1.0000000
      0.00000      0.79400000       0.0000000       1.0000000
      0.00000      0.79500000       0.0000000       1.0000000
      0.00000      0.79600000       0.0000000       1.0000000
      0.00000      0.79700000       0.0000000       1.0000000
      0.00000      0.79800000       0.0000000       1.0000000
      0.00000      0.79900000       0.0000000       1.0000000
      0.00000      0.80000000       0.0000000       1.0000000
      0.00000      0.80100000       0.0000000       1.0000000
      0.00000      0.80200000       0.0000000       1.0000000
      0.00000      0.80300000       0.0000000       1.0000000
      0.00000      0.80400000       0.0000000       1.0000000
      0.00000      0.80500000       0.0000000       1.0000000
      0.00000      0.80600000       0.0000000       1.0000000
      0.00000      0.80700000       0.0000000       1.0000000
      0.00000      0.80800000       0.0000000       1.0000000
      0.00000      0.80900000       0.0000000       1.0000000
      0.00000      0.81000000       0.0000000       1.0000000
      0.00000      0.81100000       0.0000000       1.0000000
      0.00000      0.81200000       0.0000000       1.0000000
      0.00000      0.81300000       0.0000000       1.0000000
      0.00000      0.81400000       0.0000000       1.0000000
      0.00000      0.81500000       0.0000000       1.0000000
      0.00000      0.81600000       0.0000000       1.0000000
      0.00000      0.81700000       0.0000000       1.0000000
      0.00000      0.81800000       0.0000000       1.0000000
      0.00000      0.81900000       0.0000000       1.0000000
      0.00000      0.82000000       0.0000000       1.0000000
      0.00000      0.82100000       0.0000000       1.0000000
      0.00000      0.82200000       0.0000000       1.0000000
      0.00000      0.82300000       0.0000000       1.0000000
      0.00000      0.82400000       0.0000000       1.0000000
      0.00000      0.82500000       0.0000000       1.0000000
      0.00000      0.82600000       0.0000000       1.0000000
      0.00000      0.82700000       0.0000000       1.0000000
      0.00000      0.82800000       0.0000000       1.0000000
      0.00000      0.82900000       0.0000000       1.0000000
      0.00000      0.83000000       0.0000000       1.0000000
      0.00000      0.83100000       0.0000000       1.0000000
      0.00000      0.83200000       0.0000000       1.0000000
      0.00000      0.83300000       0.0000000       1.0000000
      0.00000      0.83400000       0.0000000       1.0000000
      0.00000      0.83500000       0.0000000       1.0000000
      0.00000      0.83600000       0.0000000       1.0000000
      0.00000      0.83700000       0.0000000       1.0000000
      0.00000      0.83800000       0.0000000       1.0000000
      0.00000      0.83900000       0.0000000       1.0000000
      0.00000      0.84000000       0.0000000       1.0000000
      0.00000      0.84100000       0.0000000       1.0000000
      0.00000      0.84200000       0.0000000       1.0000000
      0.00000      0.84300000       0.0000000       1.0000000
      0.00000      0.84400000       0.0000000       1.0000000
      0.00000      0.84500000       0.0000000       1.0000000
      0.00000      0.84600000       0.0000000       1.0000000
      0.00000      0.84700000       0.0000000       1.0000000
      0.00000      0.84800000       0.0000000       1.0000000
      0.00000      0.84900000       0.0000000       1.0000000
      0.00000      0.85000000       0.0000000       1.0000000
      0.00000      0.85100000       0.0000000       1.0000000
      0.00000      0.85200000       0.0000000       1.0000000
      0.00000      0.85300000       0.0000000       1.0000000
      0.00000      0.85400000       0.0000000       1.0000000
      0.00000      0.85500000       0.0000000       1.0000000
      0.00000      0.85600000       0.0000000       1.0000000
      0.00000      0.85700000       0.0000000       1.0000000
      0.00000      0.85800000       0.0000000       1.0000000
      0.00000      0.85900000       0.0000000       1.0000000
      0.00000      0.86000000       0.0000000       1.0000000
      0.00000      0.86100000       0.0000000       1.0000000
      0.00000      0.86200000       0.0000000       1.0000000
      0.00000      0.86300000       0.0000000       1.0000000
      0.00000      0.86400000       0.0000000       1.0000000
      0.00000      0.86500000       0.0000000       1.0000000
      0.00000      0.86600000       0.0000000       1.0000000
      0.00000      0.86700000       0.0000000       1.0000000
      0.00000      0.86800000       0.0000000       1.0000000
      0.00000      0.86900000       0.0000000       1.0000000
      0.00000      0.87000000       0.0000000       1.0000000
      0.00000      0.87100000       0.0000000       1.0000000
      0.00000      0.87200000       0.0000000       1.0000000
      0.00000      0.87300000       0.0000000       1.0000000
      0.00000      0.87400000       0.0000000       1.0000000
      0.00000      0.87500000       0.0000000       1.0000000
      0.00000      0.87600000       0.0000000       1.0000000
      0.00000      0.87700000       0.0000000       1.0000000
      0.00000      0.87800000       0.0000000       1.0000000
      0.00000      0.87900000       0.0000000       1.0000000
      0.00000      0.88000000       0.0000000       1.0000000
      0.00000      0.88100000       0.0000000       1.0000000
      0.00000      0.88200000       0.0000000       1.0000000
      0.00000      0.88300000       0.0000000       1.0000000
      0.00000      0.88400000       0.0000000       1.0000000
      0.00000      0.88500000       0.0000000       1.0000000
      0.00000      0.88600000       0.0000000       1.0000000
      0.00000      0.88700000       0.0000000       1.0000000
      0.00000      0.88800000       0.0000000       1.0000000
      0.00000      0.88900000       0.0000000       1.0000000
      0.00000      0.89000000       0.0000000       1.0000000
      0.00000      0.89100000       0.0000000       1.0000000
      0.00000      0.89200000       0.0000000       1.0000000
      0.00000      0.89300000       0.0000000       1.0000000
      0.00000      0.89400000       0.0000000       1.0000000
      0.00000      0.89500000       0.0000000       1.0000000
      0.00000      0.89600000       0.0000000       1.0000000
      0.00000      0.89700000       0.0000000       1.0000000
      0.00000      0.89800000       0.0000000       1.0000000
      0.00000      0.89900000       0.0000000       1.0000000
      0.00000      0.90000000       0.0000000       1.0000000
      0.00000      0.90100000       0.0000000       1.0000000
      0.00000      0.90200000       0.0000000       1.0000000
      0.00000      0.90300000       0.0000000       1.0000000
      0.00000      0.90400000       0.0000000       1.0000000
      0.00000      0.90500000       0.0000000       1.0000000
      0.00000      0.90600000       0.0000000       1.0000000
      0.00000      0.90700000       0.0000000       1.0000000
      0.00000      0.90800000       0.0000000       1.0000000
      0.00000      0.90900000       0.0000000       1.0000000
      0.00000      0.91000000       0.0000000       1.0000000
      0.00000      0.91100000       0.0000000       1.0000000
      0.00000      0.91200000       0.0000000       1.0000000
      0.00000      0.91300000       0.0000000       1.0000000
      0.00000      0.91400000       0.0000000       1.0000000
      0.00000      0.91500000       0.0000000       1.0000000
      0.00000      0.91600000       0.0000000       1.0000000
      0.00000      0.91700000       0.0000000       1.0000000
      0.00000      0.91800000       0.0000000       1.0000000
      0.00000      0.91900000       0.0000000       1.0000000
      0.00000      0.92000000       0.0000000       1.0000000
      0.00000      0.92100000       0.0000000       1.0000000
      0.00000      0.92200000       0.0000000       1.0000000
      0.00000      0.92300000       0.0000000       1.0000000
      0.00000      0.92400000       0.0000000       1.0000000
      0.00000      0.92500000       0.0000000       1.0000000
      0.00000      0.92600000       0.0000000       1.0000000
      0.00000      0.92700000       0.0000000       1.0000000
      0.00000      0.92800000       0.0000000       1.0000000
      0.00000      0.92900000       0.0000000       1.0000000
      0.00000      0.93000000       0.0000000       1.0000000
      0.00000      0.93100000       0.0000000       1.0000000
      0.00000      0.93200000       0.0000000       1.0000000
      0.00000      0.93300000       0.0000000       1.0000000
      0.00000      0.93400000       0.0000000       1.0000000
      0.00000      0.93500000       0.0000000       1.0000000
      0.00000      0.93600000       0.0000000       1.0000000
      0.00000      0.93700000       0.0000000       1.0000000
      0.00000      0.93800000       0.0000000       1.0000000
      0.00000      0.93900000       0.0000000       1.0000000
      0.00000      0.94000000       0.0000000       1.0000000
      0.00000      0.94100000       0.0000000       1.0000000
      0.00000      0.94200000       0.0000000       1.0000000
      0.00000      0.94300000       0.0000000       1.0000000
      0.00000      0.94400000       0.0000000       1.0000000
      0.00000      0.94500000       0.0000000       1.0000000
      0.00000      0.94600000       0.0000000       1.0000000
      0.00000      0.94700000       0.0000000       1.0000000
      0.00000      0.94800000       0.0000000       1.0000000
      0.00000      0.94900000       0.0000000       1.0000000
      0.00000      0.95000000       0.0000000       1.0000000
      0.00000      0.95100000       0.0000000       1.0000000
      0.00000      0.95200000       0.0000000       1.0000000
      0.00000      0.95300000       0.0000000       1.0000000
      0.00000      0.95400000       0.0000000       1.0000000
      0.00000      0.95500000       0.0000000       1.0000000
      0.00000      0.95600000       0.0000000       1.0000000
      0.00000      0.95700000       0.0000000       1.0000000
      0.00000      0.95800000       0.0000000       1.0000000
      0.00000      0.95900000       0.0000000       1.0000000
      0.00000      0.96000000       0.0000000       1.0000000
      0.00000      0.96100000       0.0000000       1.0000000
      0.00000      0.96200000       0.0000000       1.0000000
      0.00000      0.96300000       0.0000000       1.0000000
      0.00000      0.96400000       0.0000000       1.0000000
      0.00000      0.96500000       0.0000000       1.0000000
      0.00000      0.96600000       0.0000000       1.0000000
      0.00000      0.96700000       0.0000000       1.0000000
      0.00000      0.96800000       0.0000000       1.0000000
      0.00000      0.96900000       0.0000000       1.0000000
      0.00000      0.97000000       0.0000000       1.0000000
      0.00000      0.97100000       0.0000000       1.0000000
      0.00000      0.97200000       0.0000000       1.0000000
      0.00000      0.97300000       0.0000000       1.0000000
      0.00000      0.97400000       0.0000000       1.0000000
      0.00000      0.97500000       0.0000000       1.0000000
      0.00000      0.97600000       0.0000000       1.0000000
      0.00000      0.97700000       0.0000000       1.0000000
      0.00000      0.97800000       0.0000000       1.0000000
      0.00000      0.97900000       0.0000000       1.0000000
      0.00000      0.98000000       0.0000000       1.0000000
      0.00000      0.98100000       0.0000000       1.0000000
      0.00000      0.98200000       0.0000000       1.0000000
      0.00000      0.98300000       0.0000000       1.0000000
      0.00000      0.98400000       0.0000000       1.0000000
      0.00000      0.98500000       0.0000000       1.0000000
      0.00000      0.98600000       0.0000000       1.0000000
      0.00000      0.98700000       0.0000000       1.0000000
      0.00000      0.98800000       0.0000000       1.0000000
      0.00000      0.98900000       0.0000000       1.0000000
      0.00000      0.99000000       0.0000000       1.0000000
      0.00000      0.99100000       0.0000000       1.0000000
      0.00000      0.99200000       0.0000000       1.0000000
      0.00000      0.99300000       0.0000000       1.0000000
      0.00000      0.99400000       0.0000000       1.0000000
      0.00000      0.99500000       0.0000000       1.0000000
      0.00000      0.99600000       0.0000000       1.0000000
      0.00000      0.99700000       0.0000000       1.0000000
      0.00000      0.99800000       0.0000000       1.0000000
      0.00000      0.99900000       0.0000000       1.0000000
      0.00000       1.0000000       0.0000000       1.0000000
      0.00000       1.0010000       0.0000000       1.0000000
      0.00000       1.0020000       0.0000000       1.0000000
      0.00000       1.0030000       0.0000000       1.0000000
      0.00000       1.0040000       0.0000000       1.0000000
      0.00000       1.0050000       0.0000000       1.0000000
      0.00000       1.0060000       0.0000000       1.0000000
      0.00000       1.0070000       0.0000000       1.0000000
      0.00000       1.0080000       0.0000000       1.0000000
      0.00000       1.0090000       0.0000000       1.0000000
      0.00000       1.0100000       0.0000000       1.0000000
      0.00000       1.0110000       0.0000000       1.0000000
      0.00000       1.0120000       0.0000000       1.0000000
      0.00000       1.0130000       0.0000000       1.0000000
      0.00000       1.0140000       0.0000000       1.0000000
      0.00000       1.0150000       0.0000000       1.0000000
      0.00000       1.0160000       0.0000000       1.0000000
      0.00000       1.0170000       0.0000000       1.0000000
      0.00000       1.0180000       0.0000000       1.0000000
      0.00000       1.0190000       0.0000000       1.0000000
      0.00000       1.0200000       0.0000000       1.0000000
      0.00000       1.0210000       0.0000000       1.0000000
      0.00000       1.0220000       0.0000000       1.0000000
      0.00000       1.0230000       0.0000000       1.0000000
      0.00000       1.0240000       0.0000000       1.0000000
      0.00000       1.0250000       0.0000000       1.0000000
      0.00000       1.0260000       0.0000000       1.0000000
      0.00000       1.0270000       0.0000000       1.0000000
      0.00000       1.0280000       0.0000000       1.0000000
      0.00000       1.0290000       0.0000000       1.0000000
      0.00000       1.0300000       0.0000000       1.0000000
      0.00000       1.0310000       0.0000000       1.0000000
      0.00000       1.0320000       0.0000000       1.0000000
      0.00000       1.0330000       0.0000000       1.0000000
      0.00000       1.0340000       0.0000000       1.0000000
      0.00000       1.0350000       0.0000000       1.0000000
      0.00000       1.0360000       0.0000000       1.0000000
      0.00000       1.0370000       0.0000000       1.0000000
      0.00000       1.0380000       0.0000000       1.0000000
      0.00000       1.0390000       0.0000000       1.0000000
      0.00000       1.0400000       0.0000000       1.0000000
      0.00000       1.0410000       0.0000000       1.0000000
      0.00000       1.0420000       0.0000000       1.0000000
      0.00000       1.0430000       0.0000000       1.0000000
      0.00000       1.0440000       0.0000000       1.0000000
      0.00000       1.0450000       0.0000000       1.0000000
      0.00000       1.0460000       0.0000000       1.0000000
      0.00000       1.0470000       0.0000000       1.0000000
      0.00000       1.0480000       0.0000000       1.0000000
      0.00000       1.0490000       0.0000000       1.0000000
      0.00000       1.0500000       0.0000000       1.0000000
      0.00000       1.0510000       0.0000000       1.0000000
      0.00000       1.0520000       0.0000000       1.0000000
      0.00000       1.0530000       0.0000000       1.0000000
      0.00000       1.0540000       0.0000000       1.0000000
      0.00000       1.0550000       0.0000000       1.0000000
      0.00000       1.0560000       0.0000000       1.0000000
      0.00000       1.0570000       0.0000000       1.0000000
      0.00000       1.0580000       0.0000000       1.0000000
      0.00000       1.0590000       0.0000000       1.0000000
      0.00000       1.0600000       0.0000000       1.0000000
      0.00000       1.0610000       0.0000000       1.0000000
      0.00000       1.0620000       0.0000000       1.0000000
      0.00000       1.0630000       0.0000000       1.0000000
      0.00000       1.0640000       0.0000000       1.0000000
      0.00000       1.0650000       0.0000000       1.0000000
      0.00000       1.0660000       0.0000000       1.0000000
      0.00000       1.0670000       0.0000000       1.0000000
      0.00000       1.0680000       0.0000000       1.0000000
      0.00000       1.0690000       0.0000000       1.0000000
      0.00000       1.0700000       0.0000000       1.0000000
      0.00000       1.0710000       0.0000000       1.0000000
      0.00000       1.0720000       0.0000000       1.0000000
      0.00000       1.0730000       0.0000000       1.0000000
      0.00000       1.0740000       0.0000000       1.0000000
      0.00000       1.0750000       0.0000000       1.0000000
      0.00000       1.0760000       0.0000000       1.0000000
      0.00000       1.0770000       0.0000000       1.0000000
      0.00000       1.0780000       0.0000000       1.0000000
      0.00000       1.0790000       0.0000000       1.0000000
      0.00000       1.0800000       0.0000000       1.0000000
      0.00000       1.0810000       0.0000000       1.0000000
      0.00000       1.0820000       0.0000000       1.0000000
      0.00000       1.0830000       0.0000000       1.0000000
      0.00000       1.0840000       0.0000000       1.0000000
      0.00000       1.0850000       0.0000000       1.0000000
      0.00000       1.0860000       0.0000000       1.0000000
      0.00000       1.0870000       0.0000000       1.0000000
      0.00000       1.0880000       0.0000000       1.0000000
      0.00000       1.0890000       0.0000000       1.0000000
      0.00000       1.0900000       0.0000000       1.0000000
      0.00000       1.0910000       0.0000000       1.0000000
      0.00000       1.0920000       0.0000000       1.0000000
      0.00000       1.0930000       0.0000000       1.0000000
      0.00000       1.0940000       0.0000000       1.0000000
      0.00000       1.0950000       0.0000000       1.0000000
      0.00000       1.0960000       0.0000000       1.0000000
      0.00000       1.0970000       0.0000000       1.0000000
      0.00000       1.0980000       0.0000000       1.0000000
      0.00000       1.0990000       0.0000000       1.0000000
      0.00000       1.1000000       0.0000000       1.0000000
      0.00000       1.1010000       0.0000000       1.0000000
      0.00000       1.1020000       0.0000000       1.0000000
      0.00000       1.1030000       0.0000000       1.0000000
      0.00000       1.1040000       0.0000000       1.0000000
      0.00000       1.1050000       0.0000000       1.0000000
      0.00000       1.1060000       0.0000000       1.0000000
      0.00000       1.1070000       0.0000000       1.0000000
      0.00000       1.1080000       0.0000000       1.0000000
      0.00000       1.1090000       0.0000000       1.0000000
      0.00000       1.1100000       0.0000000       1.0000000
      0.00000       1.1110000       0.0000000       1.0000000
      0.00000       1.1120000       0.0000000       1.0000000
      0.00000       1.1130000       0.0000000       1.0000000
      0.00000       1.1140000       0.0000000       1.0000000
      0.00000       1.1150000       0.0000000       1.0000000
      0.00000       1.1160000       0.0000000       1.0000000
      0.00000       1.1170000       0.0000000       1.0000000
      0.00000       1.1180000       0.0000000       1.0000000
      0.00000       1.1190000       0.0000000       1.0000000
      0.00000       1.1200000       0.0000000       1.0000000
      0.00000       1.1210000       0.0000000       1.0000000
      0.00000       1.1220000       0.0000000       1.0000000
      0.00000       1.1230000       0.0000000       1.0000000
      0.00000       1.1240000       0.0000000       1.0000000
      0.00000       1.1250000       0.0000000       1.0000000
      0.00000       1.1260000       0.0000000       1.0000000
      0.00000       1.1270000       0.0000000       1.0000000
      0.00000       1.1280000       0.0000000       1.0000000
      0.00000       1.1290000       0.0000000       1.0000000
      0.00000       1.1300000       0.0000000       1.0000000
      0.00000       1.1310000       0.0000000       1.0000000
      0.00000       1.1320000       0.0000000       1.0000000
      0.00000       1.1330000       0.0000000       1.0000000
      0.00000       1.1340000       0.0000000       1.0000000
      0.00000       1.1350000       0.0000000       1.0000000
      0.00000       1.1360000       0.0000000       1.0000000
      0.00000       1.1370000       0.0000000       1.0000000
      0.00000       1.1380000       0.0000000       1.0000000
      0.00000       1.1390000       0.0000000       1.0000000
      0.00000       1.1400000       0.0000000       1.0000000
      0.00000       1.1410000       0.0000000       1.0000000
      0.00000       1.1420000       0.0000000       1.0000000
      0.00000       1.1430000       0.0000000       1.0000000
      0.00000       1.1440000       0.0000000       1.0000000
      0.00000       1.1450000       0.0000000       1.0000000
      0.00000       1.1460000       0.0000000       1.0000000
      0.00000       1.1470000       0.0000000       1.0000000
      0.00000       1.1480000       0.0000000       1.0000000
      0.00000       1.1490000       0.0000000       1.0000000
      0.00000       1.1500000       0.0000000       1.0000000
      0.00000       1.1510000       0.0000000       1.0000000
      0.00000       1.1520000       0.0000000       1.0000000
      0.00000       1.1530000       0.0000000       1.0000000
      0.00000       1.1540000       0.0000000       1.0000000
      0.00000       1.1550000       0.0000000       1.0000000
      0.00000       1.1560000       0.0000000       1.0000000
      0.00000       1.1570000       0.0000000       1.0000000
      0.00000       1.1580000       0.0000000       1.0000000
      0.00000       1.1590000       0.0000000       1.0000000
      0.00000       1.1600000       0.0000000       1.0000000
      0.00000       1.1610000       0.0000000       1.0000000
      0.00000       1.1620000       0.0000000       1.0000000
      0.00000       1.1630000       0.0000000       1.0000000
      0.00000       1.1640000       0.0000000       1.0000000
      0.00000       1.1650000       0.0000000       1.0000000
      0.00000       1.1660000       0.0000000       1.0000000
      0.00000       1.1670000       0.0000000       1.0000000
      0.00000       1.1680000       0.0000000       1.0000000
      0.00000       1.1690000       0.0000000       1.0000000
      0.00000       1.1700000       0.0000000       1.0000000
      0.00000       1.1710000       0.0000000       1.0000000
      0.00000       1.1720000       0.0000000       1.0000000
      0.00000       1.1730000       0.0000000       1.0000000
      0.00000       1.1740000       0.0000000       1.0000000
      0.00000       1.1750000       0.0000000       1.0000000
      0.00000       1.1760000       0.0000000       1.0000000
      0.00000       1.1770000       0.0000000       1.0000000
      0.00000       1.1780000       0.0000000       1.0000000
      0.00000       1.1790000       0.0000000       1.0000000
      0.00000       1.1800000       0.0000000       1.0000000
      0.00000       1.1810000       0.0000000       1.0000000
      0.00000       1.1820000       0.0000000       1.0000000
      0.00000       1.1830000       0.0000000       1.0000000
      0.00000       1.1840000       0.0000000       1.0000000
      0.00000       1.1850000       0.0000000       1.0000000
      0.00000       1.1860000       0.0000000       1.0000000
      0.00000       1.1870000       0.0000000       1.0000000
      0.00000       1.1880000       0.0000000       1.0000000
      0.00000       1.1890000       0.0000000       1.0000000
      0.00000       1.1900000       0.0000000       1.0000000
      0.00000       1.1910000       0.0000000       1.0000000
      0.00000       1.1920000       0.0000000       1.0000000
      0.00000       1.1930000       0.0000000       1.0000000
      0.00000       1.1940000       0.0000000       1.0000000
      0.00000       1.1950000       0.0000000       1.0000000
      0.00000       1.1960000       0.0000000       1.0000000
      0.00000       1.1970000       0.0000000       1.0000000
      0.00000       1.1980000       0.0000000       1.0000000
      0.00000       1.1990000       0.0000000       1.0000000
      0.00000       1.2000000       0.0000000       1.0000000
      0.00000       1.2010000       0.0000000       1.0000000
      0.00000       1.2020000       0.0000000       1.0000000
      0.00000       1.2030000       0.0000000       1.0000000
      0.00000       1.2040000       0.0000000       1.0000000
      0.00000       1.2050000       0.0000000       1.0000000
      0.00000       1.2060000       0.0000000       1.0000000
      0.00000       1.2070000       0.0000000       1.0000000
      0.00000       1.2080000       0.0000000       1.0000000
      0.00000       1.2090000       0.0000000       1.0000000
      0.00000       1.2100000       0.0000000       1.0000000
      0.00000       1.2110000       0.0000000       1.0000000
      0.00000       1.2120000       0.0000000       1.0000000
      0.00000       1.2130000       0.0000000       1.0000000
      0.00000       1.2140000       0.0000000       1.0000000
      0.00000       1.2150000       0.0000000       1.0000000
      0.00000       1.2160000       0.0000000       1.0000000
      0.00000       1.2170000       0.0000000       1.0000000
      0.00000       1.2180000       0.0000000       1.0000000
      0.00000       1.2190000       0.0000000       1.0000000
      0.00000       1.2200000       0.0000000       1.0000000
      0.00000       1.2210000       0.0000000       1.0000000
      0.00000       1.2220000       0.0000000       1.0000000
      0.00000       1.2230000       0.0000000       1.0000000
      0.00000       1.2240000       0.0000000       1.0000000
      0.00000       1.2250000       0.0000000       1.0000000
      0.00000       1.2260000       0.0000000       1.0000000
      0.00000       1.2270000       0.0000000       1.0000000
      0.00000       1.2280000       0.0000000       1.0000000
      0.00000       1.2290000       0.0000000       1.0000000
      0.00000       1.2300000       0.0000000       1.0000000
      0.00000       1.2310000       0.0000000       1.0000000
      0.00000       1.2320000       0.0000000       1.0000000
      0.00000       1.2330000       0.0000000       1.0000000
      0.00000       1.2340000       0.0000000       1.0000000
      0.00000       1.2350000       0.0000000       1.0000000
      0.00000       1.2360000       0.0000000       1.0000000
      0.00000       1.2370000       0.0000000       1.0000000
      0.00000       1.2380000       0.0000000       1.0000000
      0.00000       1.2390000       0.0000000       1.0000000
      0.00000       1.2400000       0.0000000       1.0000000
      0.00000       1.2410000       0.0000000       1.0000000
      0.00000       1.2420000       0.0000000       1.0000000
      0.00000       1.2430000       0.0000000       1.0000000
      0.00000       1.2440000       0.0000000       1.0000000
      0.00000       1.2450000       0.0000000       1.0000000
      0.00000       1.2460000       0.0000000       1.0000000
      0.00000       1.2470000       0.0000000       1.0000000
      0.00000       1.2480000       0.0000000       1.0000000
      0.00000       1.2490000       0.0000000       1.0000000
      0.00000       1.2500000       0.0000000       1.0000000
      0.00000       1.2510000       0.0000000       1.0000000
      0.00000       1.2520000       0.0000000       1.0000000
      0.00000       1.2530000       0.0000000       1.0000000
      0.00000       1.2540000       0.0000000       1.0000000
      0.00000       1.2550000       0.0000000       1.0000000
      0.00000       1.2560000       0.0000000       1.0000000
      0.00000       1.2570000       0.0000000       1.0000000
      0.00000       1.2580000       0.0000000       1.0000000
      0.00000       1.2590000       0.0000000       1.0000000
      0.00000       1.2600000       0.0000000       1.0000000
      0.00000       1.2610000       0.0000000       1.0000000
      0.00000       1.2620000       0.0000000       1.0000000
      0.00000       1.2630000       0.0000000       1.0000000
      0.00000       1.2640000       0.0000000       1.0000000
      0.00000       1.2650000       0.0000000       1.0000000
      0.00000       1.2660000       0.0000000       1.0000000
      0.00000       1.2670000       0.0000000       1.0000000
      0.00000       1.2680000       0.0000000       1.0000000
      0.00000       1.2690000       0.0000000       1.0000000
      0.00000       1.2700000       0.0000000       1.0000000
      0.00000       1.2710000       0.0000000       1.0000000
      0.00000       1.2720000       0.0000000       1.0000000
      0.00000       1.2730000       0.0000000       1.0000000
      0.00000       1.2740000       0.0000000       1.0000000
      0.00000       1.2750000       0.0000000       1.0000000
      0.00000       1.2760000       0.0000000       1.0000000
      0.00000       1.2770000       0.0000000       1.0000000
      0.00000       1.2780000       0.0000000       1.0000000
      0.00000       1.2790000       0.0000000       1.0000000
      0.00000       1.2800000       0.0000000       1.0000000
      0.00000       1.2810000       0.0000000       1.0000000
      0.00000       1.2820000       0.0000000       1.0000000
      0.00000       1.2830000       0.0000000       1.0000000
      0.00000       1.2840000       0.0000000       1.0000000
      0.00000       1.2850000       0.0000000       1.0000000
      0.00000       1.2860000       0.0000000       1.0000000
      0.00000       1.2870000       0.0000000       1.0000000
      0.00000       1.2880000       0.0000000       1.0000000
      0.00000       1.2890000       0.0000000       1.0000000
      0.00000       1.2900000       0.0000000       1.0000000
      0.00000       1.2910000       0.0000000       1.0000000
      0.00000       1.2920000       0.0000000       1.0000000
      0.00000       1.2930000       0.0000000       1.0000000
      0.00000       1.2940000       0.0000000       1.0000000
      0.00000       1.2950000       0.0000000       1.0000000
      0.00000       1.2960000       0.0000000       1.0000000
      0.00000       1.2970000       0.0000000       1.0000000
      0.00000       1.2980000       0.0000000       1.0000000
      0.00000       1.2990000       0.0000000       1.0000000
      0.00000       1.3000000       0.0000000       1.0000000
      0.00000       1.3010000       0.0000000       1.0000000
      0.00000       1.3020000       0.0000000       1.0000000
      0.00000       1.3030000       0.0000000       1.0000000
      0.00000       1.3040000       0.0000000       1.0000000
      0.00000       1.3050000       0.0000000       1.0000000
      0.00000       1.3060000       0.0000000       1.0000000
      0.00000       1.3070000       0.0000000       1.0000000
      0.00000       1.3080000       0.0000000       1.0000000
      0.00000       1.3090000       0.0000000       1.0000000
      0.00000       1.3100000       0.0000000       1.0000000
      0.00000       1.3110000       0.0000000       1.0000000
      0.00000       1.3120000       0.0000000       1.0000000
      0.00000       1.3130000       0.0000000       1.0000000
      0.00000       1.3140000       0.0000000       1.0000000
      0.00000       1.3150000       0.0000000       1.0000000
      0.00000       1.3160000       0.0000000       1.0000000
      0.00000       1.3170000       0.0000000       1.0000000
      0.00000       1.3180000       0.0000000       1.0000000
      0.00000       1.3190000       0.0000000       1.0000000
      0.00000       1.3200000       0.0000000       1.0000000
      0.00000       1.3210000       0.0000000       1.0000000
      0.00000       1.3220000       0.0000000       1.0000000
      0.00000       1.3230000       0.0000000       1.0000000
      0.00000       1.3240000       0.0000000       1.0000000
      0.00000       1.3250000       0.0000000       1.0000000
      0.00000       1.3260000       0.0000000       1.0000000
      0.00000       1.3270000       0.0000000       1.0000000
      0.00000       1.3280000       0.0000000       1.0000000
      0.00000       1.3290000       0.0000000       1.0000000
      0.00000       1.3300000       0.0000000       1.0000000
      0.00000       1.3310000       0.0000000       1.0000000
      0.00000       1.3320000       0.0000000       1.0000000
      0.00000       1.3330000       0.0000000       1.0000000
      0.00000       1.3340000       0.0000000       1.0000000
      0.00000       1.3350000       0.0000000       1.0000000
      0.00000       1.3360000       0.0000000       1.0000000
      0.00000       1.3370000       0.0000000       1.0000000
      0.00000       1.3380000       0.0000000       1.0000000
      0.00000       1.3390000       0.0000000       1.0000000
      0.00000       1.3400000       0.0000000       1.0000000
      0.00000       1.3410000       0.0000000       1.0000000
      0.00000       1.3420000       0.0000000       1.0000000
      0.00000       1.3430000       0.0000000       1.0000000
      0.00000       1.3440000       0.0000000       1.0000000
      0.00000       1.3450000       0.0000000       1.0000000
      0.00000       1.3460000       0.0000000       1.0000000
      0.00000       1.3470000       0.0000000       1.0000000
      0.00000       1.3480000       0.0000000       1.0000000
      0.00000       1.3490000       0.0000000       1.0000000
      0.00000       1.3500000       0.0000000       1.0000000
      0.00000       1.3510000       0.0000000       1.0000000
      0.00000       1.3520000       0.0000000       1.0000000
      0.00000       1.3530000       0.0000000       1.0000000
      0.00000       1.3540000       0.0000000       1.0000000
      0.00000       1.3550000       0.0000000       1.0000000
      0.00000       1.3560000       0.0000000       1.0000000
      0.00000       1.3570000       0.0000000       1.0000000
      0.00000       1.3580000       0.0000000       1.0000000
      0.00000       1.3590000       0.0000000       1.0000000
      0.00000       1.3600000       0.0000000       1.0000000
      0.00000       1.3610000       0.0000000       1.0000000
      0.00000       1.3620000       0.0000000       1.0000000
      0.00000       1.3630000       0.0000000       1.0000000
      0.00000       1.3640000       0.0000000       1.0000000
      0.00000       1.3650000       0.0000000       1.0000000
      0.00000       1.3660000       0.0000000       1.0000000
      0.00000       1.3670000       0.0000000       1.0000000
      0.00000       1.3680000       0.0000000       1.0000000
      0.00000       1.3690000       0.0000000       1.0000000
      0.00000       1.3700000       0.0000000       1.0000000
      0.00000       1.3710000       0.0000000       1.0000000
      0.00000       1.3720000       0.0000000       1.0000000
      0.00000       1.3730000       0.0000000       1.0000000
      0.00000       1.3740000       0.0000000       1.0000000
      0.00000       1.3750000       0.0000000       1.0000000
      0.00000       1.3760000       0.0000000       1.0000000
      0.00000       1.3770000       0.0000000       1.0000000
      0.00000       1.3780000       0.0000000       1.0000000
      0.00000       1.3790000       0.0000000       1.0000000
      0.00000       1.3800000       0.0000000       1.0000000
      0.00000       1.3810000       0.0000000       1.0000000
      0.00000       1.3820000       0.0000000       1.0000000
      0.00000       1.3830000       0.0000000       1.0000000
      0.00000       1.3840000       0.0000000       1.0000000
      0.00000       1.3850000       0.0000000       1.0000000
      0.00000       1.3860000       0.0000000       1.0000000
      0.00000       1.3870000       0.0000000       1.0000000
      0.00000       1.3880000       0.0000000       1.0000000
      0.00000       1.3890000       0.0000000       1.0000000
      0.00000       1.3900000       0.0000000       1.0000000
      0.00000       1.3910000       0.0000000       1.0000000
      0.00000       1.3920000       0.0000000       1.0000000
      0.00000       1.3930000       0.0000000       1.0000000
      0.00000       1.3940000       0.0000000       1.0000000
      0.00000       1.3950000       0.0000000       1.0000000
      0.00000       1.3960000       0.0000000       1.0000000
      0.00000       1.3970000       0.0000000       1.0000000
      0.00000       1.3980000       0.0000000       1.0000000
      0.00000       1.3990000       0.0000000       1.0000000
      0.00000       1.4000000       0.0000000       1.0000000
      0.00000       1.4010000       0.0000000       1.0000000
      0.00000       1.4020000       0.0000000       1.0000000
      0.00000       1.4030000       0.0000000       1.0000000
      0.00000       1.4040000       0.0000000       1.0000000
      0.00000       1.4050000       0.0000000       1.0000000
      0.00000       1.4060000       0.0000000       1.0000000
      0.00000       1.4070000       0.0000000       1.0000000
      0.00000       1.4080000       0.0000000       1.0000000
      0.00000       1.4090000       0.0000000       1.0000000
      0.00000       1.4100000       0.0000000       1.0000000
      0.00000       1.4110000       0.0000000       1.0000000
      0.00000       1.4120000       0.0000000       1.0000000
      0.00000       1.4130000       0.0000000       1.0000000
      0.00000       1.4140000       0.0000000       1.0000000
      0.00000       1.4150000       0.0000000       1.0000000
      0.00000       1.4160000       0.0000000       1.0000000
      0.00000       1.4170000       0.0000000       1.0000000
      0.00000       1.4180000       0.0000000       1.0000000
      0.00000       1.4190000       0.0000000       1.0000000
      0.00000       1.4200000       0.0000000       1.0000000
      0.00000       1.4210000       0.0000000       1.0000000
      0.00000       1.4220000       0.0000000       1.0000000
      0.00000       1.4230000       0.0000000       1.0000000
      0.00000       1.4240000       0.0000000       1.0000000
      0.00000       1.4250000       0.0000000       1.0000000
      0.00000       1.4260000       0.0000000       1.0000000
      0.00000       1.4270000       0.0000000       1.0000000
      0.00000       1.4280000       0.0000000       1.0000000
      0.00000       1.4290000       0.0000000       1.0000000
      0.00000       1.4300000       0.0000000       1.0000000
      0.00000       1.4310000       0.0000000       1.0000000
      0.00000       1.4320000       0.0000000       1.0000000
      0.00000       1.4330000       0.0000000       1.0000000
      0.00000       1.4340000       0.0000000       1.0000000
      0.00000       1.4350000       0.0000000       1.0000000
      0.00000       1.4360000       0.0000000       1.0000000
      0.00000       1.4370000       0.0000000       1.0000000
      0.00000       1.4380000       0.0000000       1.0000000
      0.00000       1.4390000       0.0000000       1.0000000
      0.00000       1.4400000       0.0000000       1.0000000
      0.00000       1.4410000       0.0000000       1.0000000
      0.00000       1.4420000       0.0000000       1.0000000
      0.00000       1.4430000       0.0000000       1.0000000
      0.00000       1.4440000       0.0000000       1.0000000
      0.00000       1.4450000       0.0000000       1.0000000
      0.00000       1.4460000       0.0000000       1.0000000
      0.00000       1.4470000       0.0000000       1.0000000
      0.00000       1.4480000       0.0000000       1.0000000
      0.00000       1.4490000       0.0000000       1.0000000
      0.00000       1.4500000       0.0000000       1.0000000
      0.00000       1.4510000       0.0000000       1.0000000
      0.00000       1.4520000       0.0000000       1.0000000
      0.00000       1.4530000       0.0000000       1.0000000
      0.00000       1.4540000       0.0000000       1.0000000
      0.00000       1.4550000       0.0000000       1.0000000
      0.00000       1.4560000       0.0000000       1.0000000
      0.00000       1.4570000       0.0000000       1.0000000
      0.00000       1.4580000       0.0000000       1.0000000
      0.00000       1.4590000       0.0000000       1.0000000
      0.00000       1.4600000       0.0000000       1.0000000
      0.00000       1.4610000       0.0000000       1.0000000
      0.00000       1.4620000       0.0000000       1.0000000
      0.00000       1.4630000       0.0000000       1.0000000
      0.00000       1.4640000       0.0000000       1.0000000
      0.00000       1.4650000       0.0000000       1.0000000
      0.00000       1.4660000       0.0000000       1.0000000
      0.00000       1.4670000       0.0000000       1.0000000
      0.00000       1.4680000       0.0000000       1.0000000
      0.00000       1.4690000       0.0000000       1.0000000
      0.00000       1.4700000       0.0000000       1.0000000
      0.00000       1.4710000       0.0000000       1.0000000
      0.00000       1.4720000       0.0000000       1.0000000
      0.00000       1.4730000       0.0000000       1.0000000
      0.00000       1.4740000       0.0000000       1.0000000
      0.00000       1.4750000       0.0000000       1.0000000
      0.00000       1.4760000       0.0000000       1.0000000
      0.00000       1.4770000       0.0000000       1.0000000
      0.00000       1.4780000       0.0000000       1.0000000
      0.00000       1.4790000       0.0000000       1.0000000
      0.00000       1.4800000       0.0000000       1.0000000
      0.00000       1.4810000       0.0000000       1.0000000
      0.00000       1.4820000       0.0000000       1.0000000
      0.00000       1.4830000       0.0000000       1.0000000
      0.00000       1.4840000       0.0000000       1.0000000
      0.00000       1.4850000       0.0000000       1.0000000
      0.00000       1.4860000       0.0000000       1.0000000
      0.00000       1.4870000       0.0000000       1.0000000
      0.00000       1.4880000       0.0000000       1.0000000
      0.00000       1.4890000       0.0000000       1.0000000
      0.00000       1.4900000       0.0000000       1.0000000
      0.00000       1.4910000       0.0000000       1.0000000
      0.00000       1.4920000       0.0000000       1.0000000
      0.00000       1.4930000       0.0000000       1.0000000
      0.00000       1.4940000       0.0000000       1.0000000
      0.00000       1.4950000       0.0000000       1.0000000
      0.00000       1.4960000       0.0000000       1.0000000
      0.00000       1.4970000       0.0000000       1.0000000
      0.00000       1.4980000       0.0000000       1.0000000
      0.00000       1.4990000       0.0000000       1.0000000
      0.00000       1.5000000       0.0000000       1.0000000
      0.00000       1.5010000       0.0000000       1.0000000
      0.00000       1.5020000       0.0000000       1.0000000
      0.00000       1.5030000       0.0000000       1.0000000
      0.00000       1.5040000       0.0000000       1.0000000
      0.00000       1.5050000       0.0000000       1.0000000
      0.00000       1.5060000       0.0000000       1.0000000
      0.00000       1.5070000       0.0000000       1.0000000
      0.00000       1.5080000       0.0000000       1.0000000
      0.00000       1.5090000       0.0000000       1.0000000
      0.00000       1.5100000       0.0000000       1.0000000
      0.00000       1.5110000       0.0000000       1.0000000
      0.00000       1.5120000       0.0000000       1.0000000
      0.00000       1.5130000       0.0000000       1.0000000
      0.00000       1.5140000       0.0000000       1.0000000
      0.00000       1.5150000       0.0000000       1.0000000
      0.00000       1.5160000       0.0000000       1.0000000
      0.00000       1.5170000       0.0000000       1.0000000
      0.00000       1.5180000       0.0000000       1.0000000
      0.00000       1.5190000       0.0000000       1.0000000
      0.00000       1.5200000       0.0000000       1.0000000
      0.00000       1.5210000       0.0000000       1.0000000
      0.00000       1.5220000       0.0000000       1.0000000
      0.00000       1.5230000       0.0000000       1.0000000
      0.00000       1.5240000       0.0000000       1.0000000
      0.00000       1.5250000       0.0000000       1.0000000
      0.00000       1.5260000       0.0000000       1.0000000
      0.00000       1.5270000       0.0000000       1.0000000
      0.00000       1.5280000       0.0000000       1.0000000
      0.00000       1.5290000       0.0000000       1.0000000
      0.00000       1.5300000       0.0000000       1.0000000
      0.00000       1.5310000       0.0000000       1.0000000
      0.00000       1.5320000       0.0000000       1.0000000
      0.00000       1.5330000       0.0000000       1.0000000
      0.00000       1.5340000       0.0000000       1.0000000
      0.00000       1.5350000       0.0000000       1.0000000
      0.00000       1.5360000       0.0000000       1.0000000
      0.00000       1.5370000       0.0000000       1.0000000
      0.00000       1.5380000       0.0000000       1.0000000
      0.00000       1.5390000       0.0000000       1.0000000
      0.00000       1.5400000       0.0000000       1.0000000
      0.00000       1.5410000       0.0000000       1.0000000
      0.00000       1.5420000       0.0000000       1.0000000
      0.00000       1.5430000       0.0000000       1.0000000
      0.00000       1.5440000       0.0000000       1.0000000
      0.00000       1.5450000       0.0000000       1.0000000
      0.00000       1.5460000       0.0000000       1.0000000
      0.00000       1.5470000       0.0000000       1.0000000
      0.00000       1.5480000       0.0000000       1.0000000
      0.00000       1.5490000       0.0000000       1.0000000
      0.00000       1.5500000       0.0000000       1.0000000
      0.00000       1.5510000       0.0000000       1.0000000
      0.00000       1.5520000       0.0000000       1.0000000
      0.00000       1.5530000       0.0000000       1.0000000
      0.00000       1.5540000       0.0000000       1.0000000
      0.00000       1.5550000       0.0000000       1.0000000
      0.00000       1.5560000       0.0000000       1.0000000
      0.00000       1.5570000       0.0000000       1.0000000
      0.00000       1.5580000       0.0000000       1.0000000
      0.00000       1.5590000       0.0000000       1.0000000
      0.00000       1.5600000       0.0000000       1.0000000
      0.00000       1.5610000       0.0000000       1.0000000
      0.00000       1.5620000       0.0000000       1.0000000
      0.00000       1.5630000       0.0000000       1.0000000
      0.00000       1.5640000       0.0000000       1.0000000
      0.00000       1.5650000       0.0000000       1.0000000
      0.00000       1.5660000       0.0000000       1.0000000
      0.00000       1.5670000       0.0000000       1.0000000
      0.00000       1.5680000       0.0000000       1.0000000
      0.00000       1.5690000       0.0000000       1.0000000
      0.00000       1.5700000       0.0000000       1.0000000
      0.00000       1.5710000       0.0000000       1.0000000
      0.00000       1.5720000       0.0000000       1.0000000
      0.00000       1.5730000       0.0000000       1.0000000
      0.00000       1.5740000       0.0000000       1.0000000
      0.00000       1.5750000       0.0000000       1.0000000
      0.00000       1.5760000       0.0000000       1.0000000
      0.00000       1.5770000       0.0000000       1.0000000
      0.00000       1.5780000       0.0000000       1.0000000
      0.00000       1.5790000       0.0000000       1.0000000
      0.00000       1.5800000       0.0000000       1.0000000
      0.00000       1.5810000       0.0000000       1.0000000
      0.00000       1.5820000       0.0000000       1.0000000
      0.00000       1.5830000       0.0000000       1.0000000
      0.00000       1.5840000       0.0000000       1.0000000
      0.00000       1.5850000       0.0000000       1.0000000
      0.00000       1.5860000       0.0000000       1.0000000
      0.00000       1.5870000       0.0000000       1.0000000
      0.00000       1.5880000       0.0000000       1.0000000
      0.00000       1.5890000       0.0000000       1.0000000
      0.00000       1.5900000       0.0000000       1.0000000
      0.00000       1.5910000       0.0000000       1.0000000
      0.00000       1.5920000       0.0000000       1.0000000
      0.00000       1.5930000       0.0000000       1.0000000
      0.00000       1.5940000       0.0000000       1.0000000
      0.00000       1.5950000       0.0000000       1.0000000
      0.00000       1.5960000       0.0000000       1.0000000
      0.00000       1.5970000       0.0000000       1.0000000
      0.00000       1.5980000       0.0000000       1.0000000
      0.00000       1.5990000       0.0000000       1.0000000
      0.00000       1.6000000       0.0000000       1.0000000
      0.00000       1.6010000       0.0000000       1.0000000
      0.00000       1.6020000       0.0000000       1.0000000
      0.00000       1.6030000       0.0000000       1.0000000
      0.00000       1.6040000       0.0000000       1.0000000
      0.00000       1.6050000       0.0000000       1.0000000
      0.00000       1.6060000       0.0000000       1.0000000
      0.00000       1.6070000       0.0000000       1.0000000
      0.00000       1.6080000       0.0000000       1.0000000
      0.00000       1.6090000       0.0000000       1.0000000
      0.00000       1.6100000       0.0000000       1.0000000
      0.00000       1.6110000       0.0000000       1.0000000
      0.00000       1.6120000       0.0000000       1.0000000
      0.00000       1.6130000       0.0000000       1.0000000
      0.00000       1.6140000       0.0000000       1.0000000
      0.00000       1.6150000       0.0000000       1.0000000
      0.00000       1.6160000       0.0000000       1.0000000
      0.00000       1.6170000       0.0000000       1.0000000
      0.00000       1.6180000       0.0000000       1.0000000
      0.00000       1.6190000       0.0000000       1.0000000
      0.00000       1.6200000       0.0000000       1.0000000
      0.00000       1.6210000       0.0000000       1.0000000
      0.00000       1.6220000       0.0000000       1.0000000
      0.00000       1.6230000       0.0000000       1.0000000
      0.00000       1.6240000       0.0000000       1.0000000
      0.00000       1.6250000       0.0000000       1.0000000
      0.00000       1.6260000       0.0000000       1.0000000
      0.00000       1.6270000       0.0000000       1.0000000
      0.00000       1.6280000       0.0000000       1.0000000
      0.00000       1.6290000       0.0000000       1.0000000
      0.00000       1.6300000       0.0000000       1.0000000
      0.00000       1.6310000       0.0000000       1.0000000
      0.00000       1.6320000       0.0000000       1.0000000
      0.00000       1.6330000       0.0000000       1.0000000
      0.00000       1.6340000       0.0000000       1.0000000
      0.00000       1.6350000       0.0000000       1.0000000
      0.00000       1.6360000       0.0000000       1.0000000
      0.00000       1.6370000       0.0000000       1.0000000
      0.00000       1.6380000       0.0000000       1.0000000
      0.00000       1.6390000       0.0000000       1.0000000
      0.00000       1.6400000       0.0000000       1.0000000
      0.00000       1.6410000       0.0000000       1.0000000
      0.00000       1.6420000       0.0000000       1.0000000
      0.00000       1.6430000       0.0000000       1.0000000
      0.00000       1.6440000       0.0000000       1.0000000
      0.00000       1.6450000       0.0000000       1.0000000
      0.00000       1.6460000       0.0000000       1.0000000
      0.00000       1.6470000       0.0000000       1.0000000
      0.00000       1.6480000       0.0000000       1.0000000
      0.00000       1.6490000       0.0000000       1.0000000
      0.00000       1.6500000       0.0000000       1.0000000
      0.00000       1.6510000       0.0000000       1.0000000
      0.00000       1.6520000       0.0000000       1.0000000
      0.00000       1.6530000       0.0000000       1.0000000
      0.00000       1.6540000       0.0000000       1.0000000
      0.00000       1.6550000       0.0000000       1.0000000
      0.00000       1.6560000       0.0000000       1.0000000
      0.00000       1.6570000       0.0000000       1.0000000
      0.00000       1.6580000       0.0000000       1.0000000
      0.00000       1.6590000       0.0000000       1.0000000
      0.00000       1.6600000       0.0000000       1.0000000
      0.00000       1.6610000       0.0000000       1.0000000
      0.00000       1.6620000       0.0000000       1.0000000
      0.00000       1.6630000       0.0000000       1.0000000
      0.00000       1.6640000       0.0000000       1.0000000
      0.00000       1.6650000       0.0000000       1.0000000
      0.00000       1.6660000       0.0000000       1.0000000
      0.00000       1.6670000       0.0000000       1.0000000
      0.00000       1.6680000       0.0000000       1.0000000
      0.00000       1.6690000       0.0000000       1.0000000
      0.00000       1.6700000       0.0000000       1.0000000
      0.00000       1.6710000       0.0000000       1.0000000
      0.00000       1.6720000       0.0000000       1.0000000
      0.00000       1.6730000       0.0000000       1.0000000
      0.00000       1.6740000       0.0000000       1.0000000
      0.00000       1.6750000       0.0000000       1.0000000
      0.00000       1.6760000       0.0000000       1.0000000
      0.00000       1.6770000       0.0000000       1.0000000
      0.00000       1.6780000       0.0000000       1.0000000
      0.00000       1.6790000       0.0000000       1.0000000
      0.00000       1.6800000       0.0000000       1.0000000
      0.00000       1.6810000       0.0000000       1.0000000
      0.00000       1.6820000       0.0000000       1.0000000
      0.00000       1.6830000       0.0000000       1.0000000
      0.00000       1.6840000       0.0000000       1.0000000
      0.00000       1.6850000       0.0000000       1.0000000
      0.00000       1.6860000       0.0000000       1.0000000
      0.00000       1.6870000       0.0000000       1.0000000
      0.00000       1.6880000       0.0000000       1.0000000
      0.00000       1.6890000       0.0000000       1.0000000
      0.00000       1.6900000       0.0000000       1.0000000
      0.00000       1.6910000       0.0000000       1.0000000
      0.00000       1.6920000       0.0000000       1.0000000
      0.00000       1.6930000       0.0000000       1.0000000
      0.00000       1.6940000       0.0000000       1.0000000
      0.00000       1.6950000       0.0000000       1.0000000
      0.00000       1.6960000       0.0000000       1.0000000
      0.00000       1.6970000       0.0000000       1.0000000
      0.00000       1.6980000       0.0000000       1.0000000
      0.00000       1.6990000       0.0000000       1.0000000
      0.00000       1.7000000       0.0000000       1.0000000
      0.00000       1.7010000       0.0000000       1.0000000
      0.00000       1.7020000       0.0000000       1.0000000
      0.00000       1.7030000       0.0000000       1.0000000
      0.00000       1.7040000       0.0000000       1.0000000
      0.00000       1.7050000       0.0000000       1.0000000
      0.00000       1.7060000       0.0000000       1.0000000
      0.00000       1.7070000       0.0000000       1.0000000
      0.00000       1.7080000       0.0000000       1.0000000
      0.00000       1.7090000       0.0000000       1.0000000
      0.00000       1.7100000       0.0000000       1.0000000
      0.00000       1.7110000       0.0000000       1.0000000
      0.00000       1.7120000       0.0000000       1.0000000
      0.00000       1.7130000       0.0000000       1.0000000
      0.00000       1.7140000       0.0000000       1.0000000
      0.00000       1.7150000       0.0000000       1.0000000
      0.00000       1.7160000       0.0000000       1.0000000
      0.00000       1.7170000       0.0000000       1.0000000
      0.00000       1.7180000       0.0000000       1.0000000
      0.00000       1.7190000       0.0000000       1.0000000
      0.00000       1.7200000       0.0000000       1.0000000
      0.00000       1.7210000       0.0000000       1.0000000
      0.00000       1.7220000       0.0000000       1.0000000
      0.00000       1.7230000       0.0000000       1.0000000
      0.00000       1.7240000       0.0000000       1.0000000
      0.00000       1.7250000       0.0000000       1.0000000
      0.00000       1.7260000       0.0000000       1.0000000
      0.00000       1.7270000       0.0000000       1.0000000
      0.00000       1.7280000       0.0000000       1.0000000
      0.00000       1.7290000       0.0000000       1.0000000
      0.00000       1.7300000       0.0000000       1.0000000
      0.00000       1.7310000       0.0000000       1.0000000
      0.00000       1.7320000       0.0000000       1.0000000
      0.00000       1.7330000       0.0000000       1.0000000
      0.00000       1.7340000       0.0000000       1.0000000
      0.00000       1.7350000       0.0000000       1.0000000
      0.00000       1.7360000       0.0000000       1.0000000
      0.00000       1.7370000       0.0000000       1.0000000
      0.00000       1.7380000       0.0000000       1.0000000
      0.00000       1.7390000       0.0000000       1.0000000
      0.00000       1.7400000       0.0000000       1.0000000
      0.00000       1.7410000       0.0000000       1.0000000
      0.00000       1.7420000       0.0000000       1.0000000
      0.00000       1.7430000       0.0000000       1.0000000
      0.00000       1.7440000       0.0000000       1.0000000
      0.00000       1.7450000       0.0000000       1.0000000
      0.00000       1.7460000       0.0000000       1.0000000
      0.00000       1.7470000       0.0000000       1.0000000
      0.00000       1.7480000       0.0000000       1.0000000
      0.00000       1.7490000       0.0000000       1.0000000
      0.00000       1.7500000       0.0000000       1.0000000
      0.00000       1.7510000       0.0000000       1.0000000
      0.00000       1.7520000       0.0000000       1.0000000
      0.00000       1.7530000       0.0000000       1.0000000
      0.00000       1.7540000       0.0000000       1.0000000
      0.00000       1.7550000       0.0000000       1.0000000
      0.00000       1.7560000       0.0000000       1.0000000
      0.00000       1.7570000       0.0000000       1.0000000
      0.00000       1.7580000       0.0000000       1.0000000
      0.00000       1.7590000       0.0000000       1.0000000
      0.00000       1.7600000       0.0000000       1.0000000
      0.00000       1.7610000       0.0000000       1.0000000
      0.00000       1.7620000       0.0000000       1.0000000
      0.00000       1.7630000       0.0000000       1.0000000
      0.00000       1.7640000       0.0000000       1.0000000
      0.00000       1.7650000       0.0000000       1.0000000
      0.00000       1.7660000       0.0000000       1.0000000
      0.00000       1.7670000       0.0000000       1.0000000
      0.00000       1.7680000       0.0000000       1.0000000
      0.00000       1.7690000       0.0000000       1.0000000
      0.00000       1.7700000       0.0000000       1.0000000
      0.00000       1.7710000       0.0000000       1.0000000
      0.00000       1.7720000       0.0000000       1.0000000
      0.00000       1.7730000       0.0000000       1.0000000
      0.00000       1.7740000       0.0000000       1.0000000
      0.00000       1.7750000       0.0000000       1.0000000
      0.00000       1.7760000       0.0000000       1.0000000
      0.00000       1.7770000       0.0000000       1.0000000
      0.00000       1.7780000       0.0000000       1.0000000
      0.00000       1.7790000       0.0000000       1.0000000
      0.00000       1.7800000       0.0000000       1.0000000
      0.00000       1.7810000       0.0000000       1.0000000
      0.00000       1.7820000       0.0000000       1.0000000
      0.00000       1.7830000       0.0000000       1.0000000
      0.00000       1.7840000       0.0000000       1.0000000
      0.00000       1.7850000       0.0000000       1.0000000
      0.00000       1.7860000       0.0000000       1.0000000
      0.00000       1.7870000       0.0000000       1.0000000
      0.00000       1.7880000       0.0000000       1.0000000
      0.00000       1.7890000       0.0000000       1.0000000
      0.00000       1.7900000       0.0000000       1.0000000
      0.00000       1.7910000       0.0000000       1.0000000
      0.00000       1.7920000       0.0000000       1.0000000
      0.00000       1.7930000       0.0000000       1.0000000
      0.00000       1.7940000       0.0000000       1.0000000
      0.00000       1.7950000       0.0000000       1.0000000
      0.00000       1.7960000       0.0000000       1.0000000
      0.00000       1.7970000       0.0000000       1.0000000
      0.00000       1.7980000       0.0000000       1.0000000
      0.00000       1.7990000       0.0000000       1.0000000
      0.00000       1.8000000       0.0000000       1.0000000
      0.00000       1.8010000       0.0000000       1.0000000
      0.00000       1.8020000       0.0000000       1.0000000
      0.00000       1.8030000       0.0000000       1.0000000
      0.00000       1.8040000       0.0000000       1.0000000
      0.00000       1.8050000       0.0000000       1.0000000
      0.00000       1.8060000       0.0000000       1.0000000
      0.00000       1.8070000       0.0000000       1.0000000
      0.00000       1.8080000       0.0000000       1.0000000
      0.00000       1.8090000   1.1489090e-06      0.99999885
      0.00000       1.8100000   1.1489089e-06      0.99999885
      0.00000       1.8110000   1.1489089e-06      0.99999885
      0.00000       1.8120000   1.1489088e-06      0.99999885
      0.00000       1.8130000   1.1489087e-06      0.99999885
      0.00000       1.8140000   1.1489086e-06      0.99999885
      0.00000       1.8150000   1.1489085e-06      0.99999885
      0.00000       1.8160000   1.1489084e-06      0.99999885
      0.00000       1.8170000   1.1489083e-06      0.99999885
      0.00000       1.8180000   1.1489082e-06      0.99999885
      0.00000       1.8190000   1.1489081e-06      0.99999885
      0.00000       1.8200000   1.1489080e-06      0.99999885
      0.00000       1.8210000   1.1489078e-06      0.99999885
      0.00000       1.8220000   2.2978153e-06      0.99999770
      0.00000       1.8230000   2.2978149e-06      0.99999770
      0.00000       1.8240000   2.2978145e-06      0.99999770
      0.00000       1.8250000   2.2978141e-06      0.99999770
      0.00000       1.8260000   2.2978137e-06      0.99999770
      0.00000       1.8270000   2.2978132e-06      0.99999770
      0.00000       1.8280000   3.4467190e-06      0.99999655
      0.00000       1.8290000   3.4467181e-06      0.99999655
      0.00000       1.8300000   3.4467172e-06      0.99999655
      0.00000       1.8310000   3.4467161e-06      0.99999655
      0.00000       1.8320000   4.5956201e-06      0.99999540
      0.00000       1.8330000   4.5956185e-06      0.99999540
      0.00000       1.8340000   4.5956167e-06      0.99999540
      0.00000       1.8350000   5.7445185e-06      0.99999426
      0.00000       1.8360000   5.7445160e-06      0.99999426
      0.00000       1.8370000   5.7445132e-06      0.99999426
      0.00000       1.8380000   6.8934123e-06      0.99999311
      0.00000       1.8390000   6.8934084e-06      0.99999311
      0.00000       1.8400000   8.0423048e-06      0.99999196
      0.00000       1.8410000   8.0422995e-06      0.99999196
      0.00000       1.8420000   9.1911927e-06      0.99999081
      0.00000       1.8430000   1.0340084e-05      0.99998966
      0.00000       1.8440000   1.0340075e-05      0.99998966
      0.00000       1.8450000   1.1488962e-05      0.99998851
      0.00000       1.8460000   1.2637845e-05      0.99998736
      0.00000       1.8470000   1.3786725e-05      0.99998621
      0.00000       1.8480000   1.4935601e-05      0.99998506
      0.00000       1.8490000   1.6084473e-05      0.99998392
      0.00000       1.8500000   1.7233341e-05      0.99998277
      0.00000       1.8510000   1.9531090e-05      0.99998047
      0.00000       1.8520000   2.0679944e-05      0.99997932
      0.00000       1.8530000   2.2977676e-05      0.99997702
      0.00000       1.8540000   2.4126514e-05      0.99997587
      0.00000       1.8550000   2.6424222e-05      0.99997358
      0.00000       1.8560000   2.8721917e-05      0.99997128
      0.00000       1.8570000   3.1019595e-05      0.99996898
      0.00000       1.8580000   3.3317255e-05      0.99996668
      0.00000       1.8590000   3.6763763e-05      0.99996324
      0.00000       1.8600000   4.0210243e-05      0.99995979
      0.00000       1.8610000   4.2507829e-05      0.99995749
      0.00000       1.8620000   4.7103100e-05      0.99995290
      0.00000       1.8630000   5.0549470e-05      0.99994945
      0.00000       1.8640000   5.5144643e-05      0.99994486
      0.00000       1.8650000   5.9739755e-05      0.99994026
      0.00000       1.8660000   6.4334801e-05      0.99993567
      0.00000       1.8670000   7.0078602e-05      0.99992992
      0.00000       1.8680000   7.5822308e-05      0.99992418
      0.00000       1.8690000   8.1565906e-05      0.99991843
      0.00000       1.8700000   8.8458194e-05      0.99991154
      0.00000       1.8710000   9.6499133e-05      0.99990350
      0.00000       1.8720000   0.00010453989      0.99989546
      0.00000       1.8730000   0.00011258044      0.99988742
      0.00000       1.8740000   0.00012176953      0.99987823
      0.00000       1.8750000   0.00013210711      0.99986789
      0.00000       1.8760000   0.00014359310      0.99985641
      0.00000       1.8770000   0.00015507870      0.99984492
      0.00000       1.8780000   0.00016886129      0.99983114
      0.00000       1.8790000   0.00018264333      0.99981736
      0.00000       1.8800000   0.00019757343      0.99980243
      0.00000       1.8810000   0.00021365149      0.99978635
      0.00000       1.8820000   0.00023202599      0.99976797
      0.00000       1.8830000   0.00025039948      0.99974960
      0.00000       1.8840000   0.00027221762      0.99972778
      0.00000       1.8850000   0.00029403436      0.99970597
      0.00000       1.8860000   0.00031814662      0.99968185
      0.00000       1.8870000   0.00034455404      0.99965545
      0.00000       1.8880000   0.00037325623      0.99962674
      0.00000       1.8890000   0.00040425273      0.99959575
      0.00000       1.8900000   0.00043754303      0.99956246
      0.00000       1.8910000   0.00047427491      0.99952573
      0.00000       1.8920000   0.00051329926      0.99948670
      0.00000       1.8930000   0.00055461534      0.99944538
      0.00000       1.8940000   0.00060051873      0.99939948
      0.00000       1.8950000   0.00064985999      0.99935014
      0.00000       1.8960000   0.00070378594      0.99929621
      0.00000       1.8970000   0.00076229493      0.99923771
      0.00000       1.8980000   0.00082423715      0.99917576
      0.00000       1.8990000   0.00089190649      0.99910809
      0.00000       1.9000000   0.00096530036      0.99903470
      0.00000       1.9010000    0.0010444158      0.99895558
      0.00000       1.9020000    0.0011303971      0.99886960
      0.00000       1.9030000    0.0012232402      0.99877676
      0.00000       1.9040000    0.0013229405      0.99867706
      0.00000       1.9050000    0.0014306401      0.99856936
      0.00000       1.9060000    0.0015486269      0.99845137
      0.00000       1.9070000    0.0016745992      0.99832540
      0.00000       1.9080000    0.0018119892      0.99818801
      0.00000       1.9090000    0.0019596398      0.99804036
      0.00000       1.9100000    0.0021186862      0.99788131
      0.00000       1.9110000    0.0022914074      0.99770859
      0.00000       1.9120000    0.0024777870      0.99752221
      0.00000       1.9130000    0.0026800981      0.99731990
      0.00000       1.9140000    0.0028983184      0.99710168
      0.00000       1.9150000    0.0031335679      0.99686643
      0.00000       1.9160000    0.0033881073      0.99661189
      0.00000       1.9170000    0.0036619016      0.99633810
      0.00000       1.9180000    0.0039594889      0.99604051
      0.00000       1.9190000    0.0042796764      0.99572032
      0.00000       1.9200000    0.0046258410      0.99537416
      0.00000       1.9210000    0.0050002046      0.99499980
      0.00000       1.9220000    0.0054038345      0.99459617
      0.00000       1.9230000    0.0058400710      0.99415993
      0.00000       1.9240000    0.0063099534      0.99369005
      0.00000       1.9250000    0.0068190706      0.99318093
      0.00000       1.9260000    0.0073672818      0.99263272
      0.00000       1.9270000    0.0079589876      0.99204101
      0.00000       1.9280000    0.0085974182      0.99140258
      0.00000       1.9290000    0.0092857711      0.99071423
      0.00000       1.9300000     0.010029481      0.98997052
      0.00000       1.9310000     0.010830525      0.98916948
      0.00000       1.9320000     0.011695375      0.98830463
      0.00000       1.9330000     0.012627034      0.98737297
      0.00000       1.9340000     0.013631842      0.98636816
      0.00000       1.9350000     0.014714921      0.98528508
      0.00000       1.9360000     0.015881298      0.98411870
      0.00000       1.9370000     0.017139287      0.98286071
      0.00000       1.9380000     0.018492552      0.98150745
      0.00000       1.9390000     0.019951385      0.98004862
      0.00000       1.9400000     0.021521393      0.97847861
      0.00000       1.9410000     0.023210247      0.97678975
      0.00000       1.9420000     0.025027636      0.97497236
      0.00000       1.9430000     0.026982981      0.97301702
      0.00000       1.9440000     0.029085402      0.97091460
      0.00000       1.9450000     0.031344793      0.96865521
      0.00000       1.9460000     0.033771763      0.96622824
      0.00000       1.9470000     0.036378684      0.96362132
      0.00000       1.9480000     0.039177394      0.96082261
      0.00000       1.9490000     0.042180234      0.95781977
      0.00000       1.9500000     0.045401051      0.95459895
      0.00000       1.9510000     0.048852902      0.95114710
      0.00000       1.9520000     0.052551219      0.94744878
      0.00000       1.9530000     0.056510394      0.94348961
      0.00000       1.9540000     0.060745819      0.93925418
      0.00000       1.9550000     0.065275856      0.93472414
      0.00000       1.9560000     0.070114110      0.92988589
      0.00000       1.9570000     0.075281036      0.92471896
      0.00000       1.9580000     0.080791909      0.91920809
      0.00000       1.9590000     0.086665118      0.91333488
      0.00000       1.9600000     0.092919697      0.90708030
      0.00000       1.9610000     0.099572917      0.90042708
      0.00000       1.9620000      0.10664205      0.89335795
      0.00000       1.9630000      0.11414600      0.88585400
      0.00000       1.9640000      0.12210079      0.87789921
      0.00000       1.9650000      0.13052417      0.86947583
      0.00000       1.9660000      0.13943208      0.86056792
      0.00000       1.9670000      0.14883910      0.85116090
      0.00000       1.9680000      0.15875886      0.84124114
      0.00000       1.9690000      0.16920250      0.83079750
      0.00000       1.9700000      0.18017990      0.81982010
      0.00000       1.9710000      0.19169904      0.80830096
      0.00000       1.9720000      0.20376523      0.79623477
      0.00000       1.9730000      0.21638222      0.78361778
      0.00000       1.9740000      0.22954694      0.77045306
      0.00000       1.9750000      0.24325777      0.75674223
      0.00000       1.9760000      0.25750657      0.74249343
      0.00000       1.9770000      0.27228149      0.72771851
      0.00000       1.9780000      0.28756875      0.71243125
      0.00000       1.9790000      0.30334769      0.69665231
      0.00000       1.9800000      0.31959588      0.68040412
      0.00000       1.9810000      0.33628589      0.66371411
      0.00000       1.9820000      0.35338628      0.64661372
      0.00000       1.9830000      0.37086100      0.62913900
      0.00000       1.9840000      0.38867178      0.61132822
      0.00000       1.9850000      0.40677535      0.59322465
      0.00000       1.9860000      0.42512657      0.57487343
      0.00000       1.9870000      0.44367716      0.55632284
      0.00000       1.9880000      0.46237659      0.53762341
      0.00000       1.9890000      0.48117296      0.51882704
      0.00000       1.9900000      0.50001372      0.49998628
      0.00000       1.9910000      0.51884463      0.48115537
      0.00000       1.9920000      0.53761332      0.46238668
      0.00000       1.9930000      0.55626647      0.44373353
      0.00000       1.9940000      0.57475306      0.42524694
      0.00000       1.9950000      0.59302366      0.40697634
      0.00000       1.9960000      0.61103203      0.38896797
      0.00000       1.9970000      0.62873341      0.37126659
      0.00000       1.9980000      0.64608725      0.35391275
      0.00000       1.9990000      0.66305645      0.33694355
      0.00000       2.0000000      0.67960712      0.32039288
      0.00000       2.0010000      0.69571041      0.30428959
      0.00000       2.0020000      0.71134033      0.28865967
      0.00000       2.0030000      0.72647562      0.27352438
      0.00000       2.0040000      0.74109904      0.25890096
      0.00000       2.0050000      0.75519733      0.24480267
      0.00000       2.0060000      0.76876073      0.23123927
      0.00000       2.0070000      0.78178367      0.21821633
      0.00000       2.0080000      0.79426345      0.20573655
      0.00000       2.0090000      0.80620065      0.19379935
      0.00000       2.0100000      0.81759904      0.18240096
      0.00000       2.0110000      0.82846427      0.17153573
      0.00000       2.0120000      0.83880511      0.16119489
      0.00000       2.0130000      0.84863168      0.15136832
      0.00000       2.0140000      0.85795633      0.14204367
      0.00000       2.0150000      0.86679243      0.13320757
      0.00000       2.0160000      0.87515508      0.12484492
      0.00000       2.0170000      0.88305974      0.11694026
      0.00000       2.0180000      0.89052306      0.10947694
      0.00000       2.0190000      0.89756207      0.10243793
      0.00000       2.0200000      0.90419417     0.095805832
      0.00000       2.0210000      0.91043679     0.089563214
      0.00000       2.0220000      0.91630762     0.083692380
      0.00000       2.0230000      0.92182407     0.078175935
      0.00000       2.0240000      0.92700356     0.072996438
      0.00000       2.0250000      0.93186306     0.068136943
      0.00000       2.0260000      0.93641918     0.063580824
      0.00000       2.0270000      0.94068815     0.059311850
      0.00000       2.0280000      0.94468557     0.055314426
      0.00000       2.0290000      0.94842673     0.051573269
      0.00000       2.0300000      0.95192623     0.048073766
      0.00000       2.0310000      0.95519804     0.044801961
      0.00000       2.0320000      0.95825559     0.041744405
      0.00000       2.0330000      0.96111177     0.038888234
      0.00000       2.0340000      0.96377873     0.036221271
      0.00000       2.0350000      0.96626821     0.033731788
      0.00000       2.0360000      0.96859115     0.031408849
      0.00000       2.0370000      0.97075810     0.029241900
      0.00000       2.0380000      0.97277892     0.027221081
      0.00000       2.0390000      0.97466296     0.025337039
      0.00000       2.0400000      0.97641905     0.023580950
      0.00000       2.0410000      0.97805555     0.021944451
      0.00000       2.0420000      0.97958025     0.020419750
      0.00000       2.0430000      0.98100055     0.018999446
      0.00000       2.0440000      0.98232334     0.017676659
      0.00000       2.0450000      0.98355514     0.016444858
      0.00000       2.0460000      0.98470203     0.015297969
      0.00000       2.0470000      0.98576971     0.014230288
      0.00000       2.0480000      0.98676356     0.013236437
      0.00000       2.0490000      0.98768856     0.012311437
      0.00000       2.0500000      0.98854940     0.011450597
      0.00000       2.0510000      0.98935045     0.010649545
      0.00000       2.0520000      0.99009582    0.0099041849
      0.00000       2.0530000      0.99078930    0.0092107029
      0.00000       2.0540000      0.99143449    0.0085655137
      0.00000       2.0550000      0.99203470    0.0079653047
      0.00000       2.0560000      0.99259302    0.0074069752
      0.00000       2.0570000      0.99311239    0.0068876113
      0.00000       2.0580000      0.99359548    0.0064045207
      0.00000       2.0590000      0.99404482    0.0059551839
      0.00000       2.0600000      0.99446275    0.0055372540
      0.00000       2.0610000      0.99485145    0.0051485518
      0.00000       2.0620000      0.99521296    0.0047870373
      0.00000       2.0630000      0.99554918    0.0044508164
      0.00000       2.0640000      0.99586188    0.0041381212
      0.00000       2.0650000      0.99615269    0.0038473124
      0.00000       2.0660000      0.99642314    0.0035768572
      0.00000       2.0670000      0.99667467    0.0033253330
      0.00000       2.0680000      0.99690859    0.0030914104
      0.00000       2.0690000      0.99712613    0.0028738681
      0.00000       2.0700000      0.99732845    0.0026715495
      0.00000       2.0710000      0.99751661    0.0024833891
      0.00000       2.0720000      0.99769160    0.0023083999
      0.00000       2.0730000      0.99785435    0.0021456536
      0.00000       2.0740000      0.99800571    0.0019942946
      0.00000       2.0750000      0.99814648    0.0018535244
      0.00000       2.0760000      0.99827740    0.0017225974
      0.00000       2.0770000      0.99839917    0.0016008279
      0.00000       2.0780000      0.99851243    0.0014875715
      0.00000       2.0790000      0.99861777    0.0013822299
      0.00000       2.0800000      0.99871575    0.0012842503
      0.00000       2.0810000      0.99880688    0.0011931165
      0.00000       2.0820000      0.99889165    0.0011083466
      0.00000       2.0830000      0.99897050    0.0010294973
      0.00000       2.0840000      0.99904385   0.00095615152
      0.00000       2.0850000      0.99911208   0.00088792443
      0.00000       2.0860000      0.99917554   0.00082445799
      0.00000       2.0870000      0.99923458   0.00076541829
      0.00000       2.0880000      0.99928950   0.00071049567
      0.00000       2.0890000      0.99934060   0.00065940185
      0.00000       2.0900000      0.99938813   0.00061186872
      0.00000       2.0910000      0.99943235   0.00056764746
      0.00000       2.0920000      0.99947349   0.00052650721
      0.00000       2.0930000      0.99951177   0.00048823258
      0.00000       2.0940000      0.99954738   0.00045262254
      0.00000       2.0950000      0.99958051   0.00041949162
      0.00000       2.0960000      0.99961133   0.00038866758
      0.00000       2.0970000      0.99964001   0.00035998823
      0.00000       2.0980000      0.99966669   0.00033330508
      0.00000       2.0990000      0.99969152   0.00030847910
      0.00000       2.1000000      0.99971462   0.00028538090
      0.00000       2.1010000      0.99973611   0.00026389042
      0.00000       2.1020000      0.99975610   0.00024389579
      0.00000       2.1030000      0.99977471   0.00022529349
      0.00000       2.1040000      0.99979201   0.00020798707
      0.00000       2.1050000      0.99980811   0.00019188665
      0.00000       2.1060000      0.99982309   0.00017690869
      0.00000       2.1070000      0.99983702   0.00016297626
      0.00000       2.1080000      0.99984998   0.00015001691
      0.00000       2.1090000      0.99986204   0.00013796385
      0.00000       2.1100000      0.99987325   0.00012675466
      0.00000       2.1110000      0.99988367   0.00011633165
      0.00000       2.1120000      0.99989336   0.00010664130
      0.00000       2.1130000      0.99990237   9.7633580e-05
      0.00000       2.1140000      0.99991074   8.9262126e-05
      0.00000       2.1150000      0.99991852   8.1483912e-05
      0.00000       2.1160000      0.99992574   7.4259000e-05
      0.00000       2.1170000      0.99993245   6.7550347e-05
      0.00000       2.1180000      0.99993868   6.1323590e-05
      0.00000       2.1190000      0.99994445   5.5546825e-05
      0.00000       2.1200000      0.99994981   5.0190336e-05
      0.00000       2.1210000      0.99995477   4.5226879e-05
      0.00000       2.1220000      0.99995937   4.0631019e-05
      0.00000       2.1230000      0.99996362   3.6379241e-05
      0.00000       2.1240000      0.99996755   3.2449951e-05
      0.00000       2.1250000      0.99997118   2.8822984e-05
      0.00000       2.1260000      0.99997452   2.5479923e-05
      0.00000       2.1270000      0.99997760   2.2403715e-05
      0.00000       2.1280000      0.99998042   1.9578602e-05
      0.00000       2.1290000      0.99998301   1.6990346e-05
      0.00000       2.1300000      0.99998537   1.4625644e-05
      0.00000       2.1310000      0.99998753   1.2472494e-05
      0.00000       2.1320000      0.99998948   1.0519955e-05
      0.00000       2.1330000      0.99999124   8.7580523e-06
      0.00000       2.1340000      0.99999282   7.1777930e-06
      0.00000       2.1350000      0.99999423   5.7711534e-06
      0.00000       2.1360000      0.99999547   4.5309269e-06
      0.00000       2.1370000      0.99999655   3.4507690e-06
      0.00000       2.1380000      0.99999747   2.5251137e-06
      0.00000       2.1390000      0.99999825   1.7492110e-06
      0.00000       2.1400000      0.99999888   1.1190269e-06
      0.00000       2.1410000      0.99999937   6.3126524e-07
      0.00000       2.1420000      0.99999972   2.8332871e-07
      0.00000       2.1430000      0.99999993   7.3316233e-08
      0.00000       2.1440000       1.0000000       0.0000000
      0.00000       2.1450000      0.99999994   6.2844563e-08
      0.00000       2.1460000      0.99999974   2.6195368e-07
      0.00000       2.1470000      0.99999940   5.9810932e-07
      0.00000       2.1480000      0.99999893   1.0727650e-06
      0.00000       2.1490000      0.99999831   1.6880338e-06
      0.00000       2.1500000      0.99999755   2.4467238e-06
      0.00000       2.1510000      0.99999665   3.3523327e-06
      0.00000       2.1520000      0.99999559   4.4090592e-06
      0.00000       2.1530000      0.99999438   5.6218213e-06
      0.00000       2.1540000      0.99999300   6.9962789e-06
      0.00000       2.1550000      0.99999146   8.5388833e-06
      0.00000       2.1560000      0.99998974   1.0256875e-05
      0.00000       2.1570000      0.99998784   1.2158319e-05
      0.00000       2.1580000      0.99998575   1.4252147e-05
      0.00000       2.1590000      0.99998345   1.6548224e-05
      0.00000       2.1600000      0.99998094   1.9057341e-05
      0.00000       2.1610000      0.99997821   2.1791297e-05
      0.00000       2.1620000      0.99997524   2.4762962e-05
      0.00000       2.1630000      0.99997201   2.7986296e-05
      0.00000       2.1640000      0.99996852   3.1476451e-05
      0.00000       2.1650000      0.99996475   3.5249824e-05
      0.00000       2.1660000      0.99996068   3.9324133e-05
      0.00000       2.1670000      0.99995628   4.3718496e-05
      0.00000       2.1680000      0.99995155   4.8453515e-05
      0.00000       2.1690000      0.99994645   5.3551378e-05
      0.00000       2.1700000      0.99994096   5.9035957e-05
      0.00000       2.1710000      0.99993507   6.4932915e-05
      0.00000       2.1720000      0.99992873   7.1269819e-05
      0.00000       2.1730000      0.99992192   7.8076272e-05
      0.00000       2.1740000      0.99991462   8.5384039e-05
      0.00000       2.1750000      0.99990677   9.3227202e-05
      0.00000       2.1760000      0.99989836   0.00010164231
      0.00000       2.1770000      0.99988933   0.00011066852
      0.00000       2.1780000      0.99987965   0.00012034783
      0.00000       2.1790000      0.99986927   0.00013072520
      0.00000       2.1800000      0.99985815   0.00014184882
      0.00000       2.1810000      0.99984623   0.00015377028
      0.00000       2.1820000      0.99983346   0.00016654481
      0.00000       2.1830000      0.99981977   0.00018023155
      0.00000       2.1840000      0.99980511   0.00019489380
      0.00000       2.1850000      0.99978940   0.00021059930
      0.00000       2.1860000      0.99977258   0.00022742054
      0.00000       2.1870000      0.99975456   0.00024543508
      0.00000       2.1880000      0.99973527   0.00026472591
      0.00000       2.1890000      0.99971462   0.00028538179
      0.00000       2.1900000      0.99969250   0.00030749768
      0.00000       2.1910000      0.99966882   0.00033117515
      0.00000       2.1920000      0.99964348   0.00035652281
      0.00000       2.1930000      0.99961634   0.00038365682
      0.00000       2.1940000      0.99958730   0.00041270139
      0.00000       2.1950000      0.99955621   0.00044378935
      0.00000       2.1960000      0.99952294   0.00047706269
      0.00000       2.1970000      0.99948733   0.00051267324
      0.00000       2.1980000      0.99944922   0.00055078330
      0.00000       2.1990000      0.99940843   0.00059156636
      0.00000       2.2000000      0.99936479   0.00063520789
      0.00000       2.2010000      0.99931809   0.00068190610
      0.00000       2.2020000      0.99926813   0.00073187285
      0.00000       2.2030000      0.99921467   0.00078533455
      0.00000       2.2040000      0.99915747   0.00084253316
      0.00000       2.2050000      0.99909627   0.00090372720
      0.00000       2.2060000      0.99903081   0.00096919294
      0.00000       2.2070000      0.99896077    0.0010392255
      0.00000       2.2080000      0.99888586    0.0011141403
      0.00000       2.2090000      0.99880573    0.0011942741
      0.00000       2.2100000      0.99872001    0.0012799867
      0.00000       2.2110000      0.99862834    0.0013716625
      0.00000       2.2120000      0.99853029    0.0014697119
      0.00000       2.2130000      0.99842543    0.0015745734
      0.00000       2.2140000      0.99831328    0.0016867150
      0.00000       2.2150000      0.99819336    0.0018066365
      0.00000       2.2160000      0.99806513    0.0019348716
      0.00000       2.2170000      0.99792801    0.0020719899
      0.00000       2.2180000      0.99778140    0.0022185995
      0.00000       2.2190000      0.99762465    0.0023753495
      0.00000       2.2200000      0.99745707    0.0025429325
      0.00000       2.2210000      0.99727791    0.0027220876
      0.00000       2.2220000      0.99708640    0.0029136034
      0.00000       2.2230000      0.99688168    0.0031183213
      0.00000       2.2240000      0.99666286    0.0033371385
      0.00000       2.2250000      0.99642899    0.0035710121
      0.00000       2.2260000      0.99617904    0.0038209628
      0.00000       2.2270000      0.99591192    0.0040880786
      0.00000       2.2280000      0.99562648    0.0043735195
      0.00000       2.2290000      0.99532148    0.0046785218
      0.00000       2.2300000      0.99499560    0.0050044029
      0.00000       2.2310000      0.99464743    0.0053525663
      0.00000       2.2320000      0.99427549    0.0057245072
      0.00000       2.2330000      0.99387818    0.0061218178
      0.00000       2.2340000      0.99345381    0.0065461931
      0.00000       2.2350000      0.99300056    0.0069994377
      0.00000       2.2360000      0.99251653    0.0074834716
      0.00000       2.2370000      0.99199966    0.0080003376
      0.00000       2.2380000      0.99144779    0.0085522082
      0.00000       2.2390000      0.99085861    0.0091413931
      0.00000       2.2400000      0.99022965    0.0097703473
      0.00000       2.2410000      0.98955832     0.010441679
      0.00000       2.2420000      0.98884184     0.011158158
      0.00000       2.2430000      0.98807727     0.011922725
      0.00000       2.2440000      0.98726150     0.012738501
      0.00000       2.2450000      0.98639121     0.013608794
      0.00000       2.2460000      0.98546289     0.014537115
      0.00000       2.2470000      0.98447282     0.015527179
      0.00000       2.2480000      0.98341708     0.016582925
      0.00000       2.2490000      0.98229148     0.017708518
      0.00000       2.2500000      0.98109163     0.018908366
      0.00000       2.2510000      0.97981288     0.020187124
      0.00000       2.2520000      0.97845029     0.021549714
      0.00000       2.2530000      0.97699868     0.023001325
      0.00000       2.2540000      0.97545257     0.024547430
      0.00000       2.2550000      0.97380620     0.026193797
      0.00000       2.2560000      0.97205351     0.027946494
      0.00000       2.2570000      0.97018810     0.029811900
      0.00000       2.2580000      0.96820328     0.031796718
      0.00000       2.2590000      0.96609202     0.033907975
      0.00000       2.2600000      0.96384696     0.036153036
      0.00000       2.2610000      0.96146040     0.038539602
      0.00000       2.2620000      0.95892428     0.041075721
      0.00000       2.2630000      0.95623021     0.043769787
      0.00000       2.2640000      0.95336946     0.046630535
      0.00000       2.2650000      0.95033295     0.049667048
      0.00000       2.2660000      0.94711126     0.052888741
      0.00000       2.2670000      0.94369464     0.056305362
      0.00000       2.2680000      0.94007303     0.059926970
      0.00000       2.2690000      0.93623607     0.063763928
      0.00000       2.2700000      0.93217313     0.067826875
      0.00000       2.2710000      0.92787330     0.072126701
      0.00000       2.2720000      0.92332548     0.076674519
      0.00000       2.2730000      0.91851838     0.081481624
      0.00000       2.2740000      0.91344055     0.086559452
      0.00000       2.2750000      0.90808047     0.091919526
      0.00000       2.2760000      0.90242660     0.097573401
      0.00000       2.2770000      0.89646740      0.10353260
      0.00000       2.2780000      0.89019147      0.10980853
      0.00000       2.2790000      0.88358758      0.11641242
      0.00000       2.2800000      0.87664480      0.12335520
      0.00000       2.2810000      0.86935255      0.13064745
      0.00000       2.2820000      0.86170075      0.13829925
      0.00000       2.2830000      0.85367993      0.14632007
      0.00000       2.2840000      0.84528131      0.15471869
      0.00000       2.2850000      0.83649697      0.16350303
      0.00000       2.2860000      0.82731997      0.17268003
      0.00000       2.2870000      0.81774448      0.18225552
      0.00000       2.2880000      0.80776593      0.19223407
      0.00000       2.2890000      0.79738113      0.20261887
      0.00000       2.2900000      0.78658843      0.21341157
      0.00000       2.2910000      0.77538785      0.22461215
      0.00000       2.2920000      0.76378119      0.23621881
      0.00000       2.2930000      0.75177218      0.24822782
      0.00000       2.2940000      0.73936656      0.26063344
      0.00000       2.2950000      0.72657217      0.27342783
      0.00000       2.2960000      0.71339907      0.28660093
      0.00000       2.2970000      0.69985953      0.30014047
      0.00000       2.2980000      0.68596811      0.31403189
      0.00000       2.2990000      0.67174163      0.32825837
      0.00000       2.3000000      0.65719920      0.34280080
      0.00000       2.3010000      0.64236208      0.35763792
      0.00000       2.3020000      0.62725369      0.37274631
      0.00000       2.3030000      0.61189944      0.38810056
      0.00000       2.3040000      0.59632661      0.40367339
      0.00000       2.3050000      0.58056417      0.41943583
      0.00000       2.3060000      0.56464257      0.43535743
      0.00000       2.3070000      0.54859355      0.45140645
      0.00000       2.3080000      0.53244986      0.46755014
      0.00000       2.3090000      0.51624500      0.48375500
      0.00000       2.3100000      0.50001297      0.49998703
      0.00000       2.3110000      0.48378797      0.51621203
      0.00000       2.3120000      0.46760409      0.53239591
      0.00000       2.3130000      0.45149507      0.54850493
      0.00000       2.3140000      0.43549397      0.56450603
      0.00000       2.3150000      0.41963297      0.58036703
      0.00000       2.3160000      0.40394304      0.59605696
      0.00000       2.3170000      0.38845377      0.61154623
      0.00000       2.3180000      0.37319313      0.62680687
      0.00000       2.3190000      0.35818731      0.64181269
      0.00000       2.3200000      0.34346055      0.65653945
      0.00000       2.3210000      0.32903503      0.67096497
      0.00000       2.3220000      0.31493080      0.68506920
      0.00000       2.3230000      0.30116564      0.69883436
      0.00000       2.3240000      0.28775514      0.71224486
      0.00000       2.3250000      0.27471259      0.72528741
      0.00000       2.3260000      0.26204909      0.73795091
      0.00000       2.3270000      0.24977351      0.75022649
      0.00000       2.3280000      0.23789263      0.76210737
      0.00000       2.3290000      0.22641119      0.77358881
      0.00000       2.3300000      0.21533199      0.78466801
      0.00000       2.3310000      0.20465602      0.79534398
      0.00000       2.3320000      0.19438256      0.80561744
      0.00000       2.3330000      0.18450934      0.81549066
      0.00000       2.3340000      0.17503263      0.82496737
      0.00000       2.3350000      0.16594743      0.83405257
      0.00000       2.3360000      0.15724757      0.84275243
      0.00000       2.3370000      0.14892585      0.85107415
      0.00000       2.3380000      0.14097419      0.85902581
      0.00000       2.3390000      0.13338373      0.86661627
      0.00000       2.3400000      0.12614498      0.87385502
      0.00000       2.3410000      0.11924789      0.88075211
      0.00000       2.3420000      0.11268203      0.88731797
      0.00000       2.3430000      0.10643659      0.89356341
      0.00000       2.3440000      0.10050058      0.89949942
      0.00000       2.3450000     0.094862825      0.90513717
      0.00000       2.3460000     0.089512081      0.91048792
      0.00000       2.3470000     0.084437099      0.91556290
      0.00000       2.3480000     0.079626683      0.92037332
      0.00000       2.3490000     0.075069738      0.92493026
      0.00000       2.3500000     0.070755321      0.92924468
      0.00000       2.3510000     0.066672681      0.93332732
      0.00000       2.3520000     0.062811287      0.93718871
      0.00000       2.3530000     0.059160863      0.94083914
      0.00000       2.3540000     0.055711407      0.94428859
      0.00000       2.3550000     0.052453209      0.94754679
      0.00000       2.3560000     0.049376867      0.95062313
      0.00000       2.3570000     0.046473300      0.95352670
      0.00000       2.3580000     0.043733749      0.95626625
      0.00000       2.3590000     0.041149788      0.95885021
      0.00000       2.3600000     0.038713319      0.96128668
      0.00000       2.3610000     0.036416580      0.96358342
      0.00000       2.3620000     0.034252134      0.96574787
      0.00000       2.3630000     0.032212872      0.96778713
      0.00000       2.3640000     0.030292001      0.96970800
      0.00000       2.3650000     0.028483045      0.97151695
      0.00000       2.3660000     0.026779831      0.97322017
      0.00000       2.3670000     0.025176483      0.97482352
      0.00000       2.3680000     0.023667414      0.97633259
      0.00000       2.3690000     0.022247316      0.97775268
      0.00000       2.3700000     0.020911149      0.97908885
      0.00000       2.3710000     0.019654134      0.98034587
      0.00000       2.3720000     0.018471739      0.98152826
      0.00000       2.3730000     0.017359672      0.98264033
      0.00000       2.3740000     0.016313870      0.98368613
      0.00000       2.3750000     0.015330490      0.98466951
      0.00000       2.3760000     0.014405896      0.98559410
      0.00000       2.3770000     0.013536653      0.98646335
      0.00000       2.3780000     0.012719517      0.98728048
      0.00000       2.3790000     0.011951422      0.98804858
      0.00000       2.3800000     0.011229477      0.98877052
      0.00000       2.3810000     0.010550953      0.98944905
      0.00000       2.3820000    0.0099132768      0.99008672
      0.00000       2.3830000    0.0093140212      0.99068598
      0.00000       2.3840000    0.0087508995      0.99124910
      0.00000       2.3850000    0.0082217566      0.99177824
      0.00000       2.3860000    0.0077245623      0.99227544
      0.00000       2.3870000    0.0072574047      0.99274260
      0.00000       2.3880000    0.0068184834      0.99318152
      0.00000       2.3890000    0.0064061039      0.99359390
      0.00000       2.3900000    0.0060186710      0.99398133
      0.00000       2.3910000    0.0056546839      0.99434532
      0.00000       2.3920000    0.0053127303      0.99468727
      0.00000       2.3930000    0.0049914820      0.99500852
      0.00000       2.3940000    0.0046896896      0.99531031
      0.00000       2.3950000    0.0044061779      0.99559382
      0.00000       2.3960000    0.0041398423      0.99586016
      0.00000       2.3970000    0.0038896439      0.99611036
      0.00000       2.3980000    0.0036546062      0.99634539
      0.00000       2.3990000    0.0034338114      0.99656619
      0.00000       2.4000000    0.0032263966      0.99677360
      0.00000       2.4010000    0.0030315511      0.99696845
      0.00000       2.4020000    0.0028485127      0.99715149
      0.00000       2.4030000    0.0026765655      0.99732343
      0.00000       2.4040000    0.0025150367      0.99748496
      0.00000       2.4050000    0.0023632942      0.99763671
      0.00000       2.4060000    0.0022207440      0.99777926
      0.00000       2.4070000    0.0020868281      0.99791317
      0.00000       2.4080000    0.0019610225      0.99803898
      0.00000       2.4090000    0.0018428348      0.99815717
      0.00000       2.4100000    0.0017318023      0.99826820
      0.00000       2.4110000    0.0016274907      0.99837251
      0.00000       2.4120000    0.0015294919      0.99847051
      0.00000       2.4130000    0.0014374226      0.99856258
      0.00000       2.4140000    0.0013509227      0.99864908
      0.00000       2.4150000    0.0012696542      0.99873035
      0.00000       2.4160000    0.0011932994      0.99880670
      0.00000       2.4170000    0.0011215601      0.99887844
      0.00000       2.4180000    0.0010541561      0.99894584
      0.00000       2.4190000   0.00099082437      0.99900918
      0.00000       2.4200000   0.00093131780      0.99906868
      0.00000       2.4210000   0.00087540433      0.99912460
      0.00000       2.4220000   0.00082286601      0.99917713
      0.00000       2.4230000   0.00077349815      0.99922650
      0.00000       2.4240000   0.00072710852      0.99927289
      0.00000       2.4250000   0.00068351660      0.99931648
      0.00000       2.4260000   0.00064255281      0.99935745
      0.00000       2.4270000   0.00060405792      0.99939594
      0.00000       2.4280000   0.00056788238      0.99943212
      0.00000       2.4290000   0.00053388572      0.99946611
      0.00000       2.4300000   0.00050193603      0.99949806
      0.00000       2.4310000   0.00047190940      0.99952809
      0.00000       2.4320000   0.00044368947      0.99955631
      0.00000       2.4330000   0.00041716696      0.99958283
      0.00000       2.4340000   0.00039223919      0.99960776
      0.00000       2.4350000   0.00036880977      0.99963119
      0.00000       2.4360000   0.00034678813      0.99965321
      0.00000       2.4370000   0.00032608921      0.99967391
      0.00000       2.4380000   0.00030663312      0.99969337
      0.00000       2.4390000   0.00028834482      0.99971166
      0.00000       2.4400000   0.00027115382      0.99972885
      0.00000       2.4410000   0.00025499389      0.99974501
      0.00000       2.4420000   0.00023980286      0.99976020
      0.00000       2.4430000   0.00022552228      0.99977448
      0.00000       2.4440000   0.00021209728      0.99978790
      0.00000       2.4450000   0.00019947629      0.99980052
      0.00000       2.4460000   0.00018761090      0.99981239
      0.00000       2.4470000   0.00017645558      0.99982354
      0.00000       2.4480000   0.00016596761      0.99983403
      0.00000       2.4490000   0.00015610682      0.99984389
      0.00000       2.4500000   0.00014683548      0.99985316
      0.00000       2.4510000   0.00013811816      0.99986188
      0.00000       2.4520000   0.00012992153      0.99987008
      0.00000       2.4530000   0.00012221433      0.99987779
      0.00000       2.4540000   0.00011496715      0.99988503
      0.00000       2.4550000   0.00010815236      0.99989185
      0.00000       2.4560000   0.00010174402      0.99989826
      0.00000       2.4570000   9.5717733e-05      0.99990428
      0.00000       2.4580000   9.0050588e-05      0.99990995
      0.00000       2.4590000   8.4721052e-05      0.99991528
      0.00000       2.4600000   7.9708890e-05      0.99992029
      0.00000       2.4610000   7.4995088e-05      0.99992500
      0.00000       2.4620000   7.0561777e-05      0.99992944
      0.00000       2.4630000   6.6392166e-05      0.99993361
      0.00000       2.4640000   6.2470473e-05      0.99993753
      0.00000       2.4650000   5.8781867e-05      0.99994122
      0.00000       2.4660000   5.5312410e-05      0.99994469
      0.00000       2.4670000   5.2049003e-05      0.99994795
      0.00000       2.4680000   4.8979333e-05      0.99995102
      0.00000       2.4690000   4.6091829e-05      0.99995391
      0.00000       2.4700000   4.3375612e-05      0.99995662
      0.00000       2.4710000   4.0820461e-05      0.99995918
      0.00000       2.4720000   3.8416766e-05      0.99996158
      0.00000       2.4730000   3.6155493e-05      0.99996384
      0.00000       2.4740000   3.4028153e-05      0.99996597
      0.00000       2.4750000   3.2026763e-05      0.99996797
      0.00000       2.4760000   3.0143821e-05      0.99996986
      0.00000       2.4770000   2.8372273e-05      0.99997163
      0.00000       2.4780000   2.6705489e-05      0.99997329
      0.00000       2.4790000   2.5137235e-05      0.99997486
      0.00000       2.4800000   2.3661651e-05      0.99997634
      0.00000       2.4810000   2.2273226e-05      0.99997773
      0.00000       2.4820000   2.0966781e-05      0.99997903
      0.00000       2.4830000   1.9737445e-05      0.99998026
      0.00000       2.4840000   1.8580639e-05      0.99998142
      0.00000       2.4850000   1.7492057e-05      0.99998251
      0.00000       2.4860000   1.6467651e-05      0.99998353
      0.00000       2.4870000   1.5503613e-05      0.99998450
      0.00000       2.4880000   1.4596365e-05      0.99998540
      0.00000       2.4890000   1.3742539e-05      0.99998626
      0.00000       2.4900000   1.2938972e-05      0.99998706
      0.00000       2.4910000   1.2182685e-05      0.99998782
      0.00000       2.4920000   1.1470881e-05      0.99998853
      0.00000       2.4930000   1.0800926e-05      0.99998920
      0.00000       2.4940000   1.0170344e-05      0.99998983
      0.00000       2.4950000   9.5768083e-06      0.99999042
      0.00000       2.4960000   9.0181276e-06      0.99999098
      0.00000       2.4970000   8.4922428e-06      0.99999151
      0.00000       2.4980000   7.9972167e-06      0.99999200
      0.00000       2.4990000   7.5312273e-06      0.99999247
      0.00000       2.5000000   7.0925608e-06      0.99999291
      0.00000       2.5010000   6.6796051e-06      0.99999332
      0.00000       2.5020000   6.2908439e-06      0.99999371
      0.00000       2.5030000   5.9248510e-06      0.99999408
      0.00000       2.5040000   5.5802845e-06      0.99999442
      0.00000       2.5050000   5.2558823e-06      0.99999474
      0.00000       2.5060000   4.9504570e-06      0.99999505
      0.00000       2.5070000   4.6628917e-06      0.99999534
      0.00000       2.5080000   4.3921353e-06      0.99999561
      0.00000       2.5090000   4.1371994e-06      0.99999586
      0.00000       2.5100000   3.8971537e-06      0.99999610
      0.00000       2.5110000   3.6711231e-06      0.99999633
      0.00000       2.5120000   3.4582842e-06      0.99999654
      0.00000       2.5130000   3.2578624e-06      0.99999674
      0.00000       2.5140000   3.0691288e-06      0.99999693
      0.00000       2.5150000   2.8913974e-06      0.99999711
      0.00000       2.5160000   2.7240229e-06      0.99999728
      0.00000       2.5170000   2.5663979e-06      0.99999743
      0.00000       2.5180000   2.4179512e-06      0.99999758
      0.00000       2.5190000   2.2781448e-06      0.99999772
      0.00000       2.5200000   2.1464728e-06      0.99999785
      0.00000       2.5210000   2.0224590e-06      0.99999798
      0.00000       2.5220000   1.9056550e-06      0.99999809
      0.00000       2.5230000   1.7956392e-06      0.99999820
      0.00000       2.5240000   1.6920147e-06      0.99999831
      0.00000       2.5250000   1.5944077e-06      0.99999841
      0.00000       2.5260000   1.5024667e-06      0.99999850
      0.00000       2.5270000   1.4158607e-06      0.99999858
      0.00000       2.5280000   1.3342783e-06      0.99999867
      0.00000       2.5290000   1.2574262e-06      0.99999874
      0.00000       2.5300000   1.1850284e-06      0.99999881
      0.00000       2.5310000   1.1168252e-06      0.99999888
      0.00000       2.5320000   1.0525719e-06      0.99999895
      0.00000       2.5330000   9.9203854e-07      0.99999901
      0.00000       2.5340000   9.3500828e-07      0.99999906
      0.00000       2.5350000   8.8127716e-07      0.99999912
      0.00000       2.5360000   8.3065312e-07      0.99999917
      0.00000       2.5370000   7.8295540e-07      0.99999922
      0.00000       2.5380000   7.3801376e-07      0.99999926
      0.00000       2.5390000   6.9566798e-07      0.99999930
      0.00000       2.5400000   6.5576717e-07      0.99999934
      0.00000       2.5410000   6.1816928e-07      0.99999938
      0.00000       2.5420000   5.8274058e-07      0.99999942
      0.00000       2.5430000   5.4935513e-07      0.99999945
      0.00000       2.5440000   5.1789435e-07      0.99999948
      0.00000       2.5450000   4.8824661e-07      0.99999951
      0.00000       2.5460000   4.6030675e-07      0.99999954
      0.00000       2.5470000   4.3397580e-07      0.99999957
      0.00000       2.5480000   4.0916052e-07      0.99999959
      0.00000       2.5490000   3.8577311e-07      0.99999961
      0.00000       2.5500000   3.6373092e-07      0.99999964
      0.00000       2.5510000   3.4295608e-07      0.99999966
      0.00000       2.5520000   3.2337526e-07      0.99999968
      0.00000       2.5530000   3.0491943e-07      0.99999970
      0.00000       2.5540000   2.8752352e-07      0.99999971
      0.00000       2.5550000   2.7112631e-07      0.99999973
      0.00000       2.5560000   2.5567008e-07      0.99999974
      0.00000       2.5570000   2.4110051e-07      0.99999976
      0.00000       2.5580000   2.2736642e-07      0.99999977
      0.00000       2.5590000   2.1441959e-07      0.99999979
      0.00000       2.5600000   2.0221462e-07      0.99999980
      0.00000       2.5610000   1.9070874e-07      0.99999981
      0.00000       2.5620000   1.7986164e-07      0.99999982
      0.00000       2.5630000   1.6963538e-07      0.99999983
      0.00000       2.5640000   1.5999420e-07      0.99999984
      0.00000       2.5650000   1.5090442e-07      0.99999985
      0.00000       2.5660000   1.4233430e-07      0.99999986
      0.00000       2.5670000   1.3425395e-07      0.99999987
      0.00000       2.5680000   1.2663521e-07      0.99999987
      0.00000       2.5690000   1.1945154e-07      0.99999988
      0.00000       2.5700000   1.1267794e-07      0.99999989
      0.00000       2.5710000   1.0629086e-07      0.99999989
      0.00000       2.5720000   1.0026810e-07      0.99999990
      0.00000       2.5730000   9.4588747e-08      0.99999991
      0.00000       2.5740000   8.9233108e-08      0.99999991
      0.00000       2.5750000   8.4182613e-08      0.99999992
      0.00000       2.5760000   7.9419767e-08      0.99999992
      0.00000       2.5770000   7.4928085e-08      0.99999993
      0.00000       2.5780000   7.0692031e-08      0.99999993
      0.00000       2.5790000   6.6696969e-08      0.99999993
      0.00000       2.5800000   6.2929100e-08      0.99999994
      0.00000       2.5810000   5.9375426e-08      0.99999994
      0.00000       2.5820000   5.6023693e-08      0.99999994
      0.00000       2.5830000   5.2862354e-08      0.99999995
      0.00000       2.5840000   4.9880526e-08      0.99999995
      0.00000       2.5850000   4.7067953e-08      0.99999995
      0.00000       2.5860000   4.4414967e-08      0.99999996
      0.00000       2.5870000   4.1912457e-08      0.99999996
      0.00000       2.5880000   3.9551834e-08      0.99999996
      0.00000       2.5890000   3.7325004e-08      0.99999996
      0.00000       2.5900000   3.5224336e-08      0.99999996
      0.00000       2.5910000   3.3242638e-08      0.99999997
      0.00000       2.5920000   3.1373130e-08      0.99999997
      0.00000       2.5930000   2.9609421e-08      0.99999997
      0.00000       2.5940000   2.7945486e-08      0.99999997
      0.00000       2.5950000   2.6375646e-08      0.99999997
      0.00000       2.5960000   2.4894546e-08      0.99999998
      0.00000       2.5970000   2.3497139e-08      0.99999998
      0.00000       2.5980000   2.2178666e-08      0.99999998
      0.00000       2.5990000   2.0934641e-08      0.99999998
      0.00000       2.6000000   1.9760833e-08      0.99999998
      0.00000       2.6010000   1.8653254e-08      0.99999998
      0.00000       2.6020000   1.7608145e-08      0.99999998
      0.00000       2.6030000   1.6621960e-08      0.99999998
      0.00000       2.6040000   1.5691355e-08      0.99999998
      0.00000       2.6050000   1.4813180e-08      0.99999999
      0.00000       2.6060000   1.3984461e-08      0.99999999
      0.00000       2.6070000   1.3202396e-08      0.99999999
      0.00000       2.6080000   1.2464343e-08      0.99999999
      0.00000       2.6090000   1.1767808e-08      0.99999999
      0.00000       2.6100000   1.1110442e-08      0.99999999
      0.00000       2.6110000   1.0490028e-08      0.99999999
      0.00000       2.6120000   9.9044771e-09      0.99999999
      0.00000       2.6130000   9.3518166e-09      0.99999999
      0.00000       2.6140000   8.8301881e-09      0.99999999
      0.00000       2.6150000   8.3378382e-09      0.99999999
      0.00000       2.6160000   7.8731132e-09      0.99999999
      0.00000       2.6170000   7.4344534e-09      0.99999999
      0.00000       2.6180000   7.0203879e-09      0.99999999
      0.00000       2.6190000   6.6295291e-09      0.99999999
      0.00000       2.6200000   6.2605681e-09      0.99999999
      0.00000       2.6210000   5.9122706e-09      0.99999999
      0.00000       2.6220000   5.5834720e-09      0.99999999
      0.00000       2.6230000   5.2730739e-09      0.99999999
      0.00000       2.6240000   4.9800401e-09       1.0000000
      0.00000       2.6250000   4.7033931e-09       1.0000000
      0.00000       2.6260000   4.4422110e-09       1.0000000
      0.00000       2.6270000   4.1956237e-09       1.0000000
      0.00000       2.6280000   3.9628105e-09       1.0000000
      0.00000       2.6290000   3.7429974e-09       1.0000000
      0.00000       2.6300000   3.5354538e-09       1.0000000
      0.00000       2.6310000   3.3394906e-09       1.0000000
      0.00000       2.6320000   3.1544577e-09       1.0000000
      0.00000       2.6330000   2.9797414e-09       1.0000000
      0.00000       2.6340000   2.8147631e-09       1.0000000
      0.00000       2.6350000   2.6589766e-09       1.0000000
      0.00000       2.6360000   2.5118665e-09       1.0000000
      0.00000       2.6370000   2.3729467e-09       1.0000000
      0.00000       2.6380000   2.2417582e-09       1.0000000
      0.00000       2.6390000   2.1178681e-09       1.0000000
      0.00000       2.6400000   2.0008679e-09       1.0000000
      0.00000       2.6410000   1.8903719e-09       1.0000000
      0.00000       2.6420000   1.7860164e-09       1.0000000
      0.00000       2.6430000   1.6874580e-09       1.0000000
      0.00000       2.6440000   1.5943726e-09       1.0000000
      0.00000       2.6450000   1.5064544e-09       1.0000000
      0.00000       2.6460000   1.4234148e-09       1.0000000
      0.00000       2.6470000   1.3449813e-09       1.0000000
      0.00000       2.6480000   1.2708969e-09       1.0000000
      0.00000       2.6490000   1.2009190e-09       1.0000000
      0.00000       2.6500000   1.1348184e-09       1.0000000
      0.00000       2.6510000   1.0723790e-09       1.0000000
      0.00000       2.6520000   1.0133967e-09       1.0000000
      0.00000       2.6530000   9.5767896e-10       1.0000000
      0.00000       2.6540000   9.0504394e-10       1.0000000
      0.00000       2.6550000   8.5532001e-10       1.0000000
      0.00000       2.6560000   8.0834516e-10       1.0000000
      0.00000       2.6570000   7.6396644e-10       1.0000000
      0.00000       2.6580000   7.2203950e-10       1.0000000
      0.00000       2.6590000   6.8242801e-10       1.0000000
      0.00000       2.6600000   6.4500332e-10       1.0000000
      0.00000       2.6610000   6.0964394e-10       1.0000000
      0.00000       2.6620000   5.7623519e-10       1.0000000
      0.00000       2.6630000   5.4466878e-10       1.0000000
      0.00000       2.6640000   5.1484248e-10       1.0000000
      0.00000       2.6650000   4.8665976e-10       1.0000000
      0.00000       2.6660000   4.6002950e-10       1.0000000
      0.00000       2.6670000   4.3486564e-10       1.0000000
      0.00000       2.6680000   4.1108692e-10       1.0000000
      0.00000       2.6690000   3.8861663e-10       1.0000000
      0.00000       2.6700000   3.6738231e-10       1.0000000
      0.00000       2.6710000   3.4731556e-10       1.0000000
      0.00000       2.6720000   3.2835178e-10       1.0000000
      0.00000       2.6730000   3.1042996e-10       1.0000000
      0.00000       2.6740000   2.9349250e-10       1.0000000
      0.00000       2.6750000   2.7748499e-10       1.0000000
      0.00000       2.6760000   2.6235605e-10       1.0000000
      0.00000       2.6770000   2.4805716e-10       1.0000000
      0.00000       2.6780000   2.3454250e-10       1.0000000
      0.00000       2.6790000   2.2176878e-10       1.0000000
      0.00000       2.6800000   2.0969513e-10       1.0000000
      0.00000       2.6810000   1.9828294e-10       1.0000000
      0.00000       2.6820000   1.8749575e-10       1.0000000
      0.00000       2.6830000   1.7729911e-10       1.0000000
      0.00000       2.6840000   1.6766049e-10       1.0000000
      0.00000       2.6850000   1.5854916e-10       1.0000000
      0.00000       2.6860000   1.4993609e-10       1.0000000
      0.00000       2.6870000   1.4179388e-10       1.0000000
      0.00000       2.6880000   1.3409661e-10       1.0000000
      0.00000       2.6890000   1.2681981e-10       1.0000000
      0.00000       2.6900000   1.1994039e-10       1.0000000
      0.00000       2.6910000   1.1343649e-10       1.0000000
      0.00000       2.6920000   1.0728750e-10       1.0000000
      0.00000       2.6930000   1.0147392e-10       1.0000000
      0.00000       2.6940000   9.5977346e-11       1.0000000
      0.00000       2.6950000   9.0780384e-11       1.0000000
      0.00000       2.6960000   8.5866600e-11       1.0000000
      0.00000       2.6970000   8.1220466e-11       1.0000000
      0.00000       2.6980000   7.6827313e-11       1.0000000
      0.00000       2.6990000   7.2673280e-11       1.0000000
      0.00000       2.7000000   6.8745270e-11       1.0000000
      0.00000       2.7010000   6.5030908e-11       1.0000000
      0.00000       2.7020000   6.1518501e-11       1.0000000
      0.00000       2.7030000   5.8196999e-11       1.0000000
      0.00000       2.7040000   5.5055962e-11       1.0000000
      0.00000       2.7050000   5.2085523e-11       1.0000000
      0.00000       2.7060000   4.9276358e-11       1.0000000
      0.00000       2.7070000   4.6619658e-11       1.0000000
      0.00000       2.7080000   4.4107094e-11       1.0000000
      0.00000       2.7090000   4.1730798e-11       1.0000000
      0.00000       2.7100000   3.9483334e-11       1.0000000
      0.00000       2.7110000   3.7357672e-11       1.0000000
      0.00000       2.7120000   3.5347171e-11       1.0000000
      0.00000       2.7130000   3.3445553e-11       1.0000000
      0.00000       2.7140000   3.1646883e-11       1.0000000
      0.00000       2.7150000   2.9945554e-11       1.0000000
      0.00000       2.7160000   2.8336265e-11       1.0000000
      0.00000       2.7170000   2.6814005e-11       1.0000000
      0.00000       2.7180000   2.5374038e-11       1.0000000
      0.00000       2.7190000   2.4011888e-11       1.0000000
      0.00000       2.7200000   2.2723323e-11       1.0000000
      0.00000       2.7210000   2.1504343e-11       1.0000000
      0.00000       2.7220000   2.0351167e-11       1.0000000
      0.00000       2.7230000   1.9260220e-11       1.0000000
      0.00000       2.7240000   1.8228123e-11       1.0000000
      0.00000       2.7250000   1.7251682e-11       1.0000000
      0.00000       2.7260000   1.6327877e-11       1.0000000
      0.00000       2.7270000   1.5453852e-11       1.0000000
      0.00000       2.7280000   1.4626909e-11       1.0000000
      0.00000       2.7290000   1.3844494e-11       1.0000000
      0.00000       2.7300000   1.3104196e-11       1.0000000
      0.00000       2.7310000   1.2403733e-11       1.0000000
      0.00000       2.7320000   1.1740949e-11       1.0000000
      0.00000       2.7330000   1.1113803e-11       1.0000000
      0.00000       2.7340000   1.0520367e-11       1.0000000
      0.00000       2.7350000   9.9588191e-12       1.0000000
      0.00000       2.7360000   9.4274337e-12       1.0000000
      0.00000       2.7370000   8.9245810e-12       1.0000000
      0.00000       2.7380000   8.4487192e-12       1.0000000
      0.00000       2.7390000   7.9983906e-12       1.0000000
      0.00000       2.7400000   7.5722165e-12       1.0000000
      0.00000       2.7410000   7.1688933e-12       1.0000000
      0.00000       2.7420000   6.7871880e-12       1.0000000
      0.00000       2.7430000   6.4259347e-12       1.0000000
      0.00000       2.7440000   6.0840306e-12       1.0000000
      0.00000       2.7450000   5.7604330e-12       1.0000000
      0.00000       2.7460000   5.4541554e-12       1.0000000
      0.00000       2.7470000   5.1642652e-12       1.0000000
      0.00000       2.7480000   4.8898798e-12       1.0000000
      0.00000       2.7490000   4.6301650e-12       1.0000000
      0.00000       2.7500000   4.3843314e-12       1.0000000
      0.00000       2.7510000   4.1516323e-12       1.0000000
      0.00000       2.7520000   3.9313618e-12       1.0000000
      0.00000       2.7530000   3.7228517e-12       1.0000000
      0.00000       2.7540000   3.5254703e-12       1.0000000
      0.00000       2.7550000   3.3386198e-12       1.0000000
      0.00000       2.7560000   3.1617350e-12       1.0000000
      0.00000       2.7570000   2.9942808e-12       1.0000000
      0.00000       2.7580000   2.8357515e-12       1.0000000
      0.00000       2.7590000   2.6856683e-12       1.0000000
      0.00000       2.7600000   2.5435784e-12       1.0000000
      0.00000       2.7610000   2.4090535e-12       1.0000000
      0.00000       2.7620000   2.2816883e-12       1.0000000
      0.00000       2.7630000   2.1610992e-12       1.0000000
      0.00000       2.7640000   2.0469236e-12       1.0000000
      0.00000       2.7650000   1.9388183e-12       1.0000000
      0.00000       2.7660000   1.8364583e-12       1.0000000
      0.00000       2.7670000   1.7395366e-12       1.0000000
      0.00000       2.7680000   1.6477624e-12       1.0000000
      0.00000       2.7690000   1.5608605e-12       1.0000000
      0.00000       2.7700000   1.4785707e-12       1.0000000
      0.00000       2.7710000   1.4006466e-12       1.0000000
      0.00000       2.7720000   1.3268553e-12       1.0000000
      0.00000       2.7730000   1.2569761e-12       1.0000000
      0.00000       2.7740000   1.1908003e-12       1.0000000
      0.00000       2.7750000   1.1281305e-12       1.0000000
      0.00000       2.7760000   1.0687797e-12       1.0000000
      0.00000       2.7770000   1.0125710e-12       1.0000000
      0.00000       2.7780000   9.5933709e-13       1.0000000
      0.00000       2.7790000   9.0891952e-13       1.0000000
      0.00000       2.7800000   8.6116835e-13       1.0000000
      0.00000       2.7810000   8.1594168e-13       1.0000000
      0.00000       2.7820000   7.7310520e-13       1.0000000
      0.00000       2.7830000   7.3253182e-13       1.0000000
      0.00000       2.7840000   6.9410121e-13       1.0000000
      0.00000       2.7850000   6.5769951e-13       1.0000000
      0.00000       2.7860000   6.2321892e-13       1.0000000
      0.00000       2.7870000   5.9055743e-13       1.0000000
      0.00000       2.7880000   5.5961846e-13       1.0000000
      0.00000       2.7890000   5.3031060e-13       1.0000000
      0.00000       2.7900000   5.0254731e-13       1.0000000
      0.00000       2.7910000   4.7624669e-13       1.0000000
      0.00000       2.7920000   4.5133120e-13       1.0000000
      0.00000       2.7930000   4.2772742e-13       1.0000000
      0.00000       2.7940000   4.0536587e-13       1.0000000
      0.00000       2.7950000   3.8418076e-13       1.0000000
      0.00000       2.7960000   3.6410981e-13       1.0000000
      0.00000       2.7970000   3.4509406e-13       1.0000000
      0.00000       2.7980000   3.2707769e-13       1.0000000
      0.00000       2.7990000   3.1000784e-13       1.0000000
      0.00000       2.8000000   2.9383447e-13       1.0000000
      0.00000       2.8010000   2.7851021e-13       1.0000000
      0.00000       2.8020000   2.6399020e-13       1.0000000
      0.00000       2.8030000   2.5023196e-13       1.0000000
      0.00000       2.8040000   2.3719528e-13       1.0000000
      0.00000       2.8050000   2.2484209e-13       1.0000000
      0.00000       2.8060000   2.1313631e-13       1.0000000
      0.00000       2.8070000   2.0204381e-13       1.0000000
      0.00000       2.8080000   1.9153226e-13       1.0000000
      0.00000       2.8090000   1.8157103e-13       1.0000000
      0.00000       2.8100000   1.7213115e-13       1.0000000
      0.00000       2.8110000   1.6318514e-13       1.0000000
      0.00000       2.8120000   1.5470701e-13       1.0000000
      0.00000       2.8130000   1.4667214e-13       1.0000000
      0.00000       2.8140000   1.3905720e-13       1.0000000
      0.00000       2.8150000   1.3184011e-13       1.0000000
      0.00000       2.8160000   1.2499996e-13       1.0000000
      0.00000       2.8170000   1.1851693e-13       1.0000000
      0.00000       2.8180000   1.1237226e-13       1.0000000
      0.00000       2.8190000   1.0654819e-13       1.0000000
      0.00000       2.8200000   1.0102787e-13       1.0000000
      0.00000       2.8210000   9.5795371e-14       1.0000000
      0.00000       2.8220000   9.0835588e-14       1.0000000
      0.00000       2.8230000   8.6134220e-14       1.0000000
      0.00000       2.8240000   8.1677717e-14       1.0000000
      0.00000       2.8250000   7.7453246e-14       1.0000000
      0.00000       2.8260000   7.3448650e-14       1.0000000
      0.00000       2.8270000   6.9652414e-14       1.0000000
      0.00000       2.8280000   6.6053628e-14       1.0000000
      0.00000       2.8290000   6.2641958e-14       1.0000000
      0.00000       2.8300000   5.9407615e-14       1.0000000
      0.00000       2.8310000   5.6341323e-14       1.0000000
      0.00000       2.8320000   5.3434296e-14       1.0000000
      0.00000       2.8330000   5.0678210e-14       1.0000000
      0.00000       2.8340000   4.8065178e-14       1.0000000
      0.00000       2.8350000   4.5587729e-14       1.0000000
      0.00000       2.8360000   4.3238784e-14       1.0000000
      0.00000       2.8370000   4.1011634e-14       1.0000000
      0.00000       2.8380000   3.8899926e-14       1.0000000
      0.00000       2.8390000   3.6897638e-14       1.0000000
      0.00000       2.8400000   3.4999065e-14       1.0000000
      0.00000       2.8410000   3.3198800e-14       1.0000000
      0.00000       2.8420000   3.1491722e-14       1.0000000
      0.00000       2.8430000   2.9872976e-14       1.0000000
      0.00000       2.8440000   2.8337964e-14       1.0000000
      0.00000       2.8450000   2.6882326e-14       1.0000000
      0.00000       2.8460000   2.5501932e-14       1.0000000
      0.00000       2.8470000   2.4192869e-14       1.0000000
      0.00000       2.8480000   2.2951427e-14       1.0000000
      0.00000       2.8490000   2.1774092e-14       1.0000000
      0.00000       2.8500000   2.0657532e-14       1.0000000
      0.00000       2.8510000   1.9598591e-14       1.0000000
      0.00000       2.8520000   1.8594276e-14       1.0000000
      0.00000       2.8530000   1.7641751e-14       1.0000000
      0.00000       2.8540000   1.6738330e-14       1.0000000
      0.00000       2.8550000   1.5881465e-14       1.0000000
      0.00000       2.8560000   1.5068741e-14       1.0000000
      0.00000       2.8570000   1.4297871e-14       1.0000000
      0.00000       2.8580000   1.3566686e-14       1.0000000
      0.00000       2.8590000   1.2873130e-14       1.0000000
      0.00000       2.8600000   1.2215253e-14       1.0000000
      0.00000       2.8610000   1.1591210e-14       1.0000000
      0.00000       2.8620000   1.0999249e-14       1.0000000
      0.00000       2.8630000   1.0437710e-14       1.0000000
      0.00000       2.8640000   9.9050210e-15       1.0000000
      0.00000       2.8650000   9.3996893e-15       1.0000000
      0.00000       2.8660000   8.9203016e-15       1.0000000
      0.00000       2.8670000   8.4655173e-15       1.0000000
      0.00000       2.8680000   8.0340660e-15       1.0000000
      0.00000       2.8690000   7.6247430e-15       1.0000000
      0.00000       2.8700000   7.2364062e-15       1.0000000
      0.00000       2.8710000   6.8679729e-15       1.0000000
      0.00000       2.8720000   6.5184165e-15       1.0000000
      0.00000       2.8730000   6.1867640e-15       1.0000000
      0.00000       2.8740000   5.8720923e-15       1.0000000
      0.00000       2.8750000   5.5735268e-15       1.0000000
      0.00000       2.8760000   5.2902377e-15       1.0000000
      0.00000       2.8770000   5.0214387e-15       1.0000000
      0.00000       2.8780000   4.7663838e-15       1.0000000
      0.00000       2.8790000   4.5243658e-15       1.0000000
      0.00000       2.8800000   4.2947143e-15       1.0000000
      0.00000       2.8810000   4.0767934e-15       1.0000000
      0.00000       2.8820000   3.8700001e-15       1.0000000
      0.00000       2.8830000   3.6737626e-15       1.0000000
      0.00000       2.8840000   3.4875387e-15       1.0000000
      0.00000       2.8850000   3.3108143e-15       1.0000000
      0.00000       2.8860000   3.1431017e-15       1.0000000
      0.00000       2.8870000   2.9839385e-15       1.0000000
      0.00000       2.8880000   2.8328861e-15       1.0000000
      0.00000       2.8890000   2.6895286e-15       1.0000000
      0.00000       2.8900000   2.5534716e-15       1.0000000
      0.00000       2.8910000   2.4243409e-15       1.0000000
      0.00000       2.8920000   2.3017818e-15       1.0000000
      0.00000       2.8930000   2.1854577e-15       1.0000000
      0.00000       2.8940000   2.0750493e-15       1.0000000
      0.00000       2.8950000   1.9702541e-15       1.0000000
      0.00000       2.8960000   1.8707847e-15       1.0000000
      0.00000       2.8970000   1.7763689e-15       1.0000000
      0.00000       2.8980000   1.6867483e-15       1.0000000
      0.00000       2.8990000   1.6016777e-15       1.0000000
      0.00000       2.9000000   1.5209249e-15       1.0000000
      0.00000       2.9010000   1.4442691e-15       1.0000000
      0.00000       2.9020000   1.3715013e-15       1.0000000
      0.00000       2.9030000   1.3024230e-15       1.0000000
      0.00000       2.9040000   1.2368460e-15       1.0000000
      0.00000       2.9050000   1.1745917e-15       1.0000000
      0.00000       2.9060000   1.1154907e-15       1.0000000
      0.00000       2.9070000   1.0593822e-15       1.0000000
      0.00000       2.9080000   1.0061138e-15       1.0000000
      0.00000       2.9090000   9.5554085e-16       1.0000000
      0.00000       2.9100000   9.0752604e-16       1.0000000
      0.00000       2.9110000   8.6193919e-16       1.0000000
      0.00000       2.9120000   8.1865675e-16       1.0000000
      0.00000       2.9130000   7.7756150e-16       1.0000000
      0.00000       2.9140000   7.3854222e-16       1.0000000
      0.00000       2.9150000   7.0149339e-16       1.0000000
      0.00000       2.9160000   6.6631486e-16       1.0000000
      0.00000       2.9170000   6.3291163e-16       1.0000000
      0.00000       2.9180000   6.0119355e-16       1.0000000
      0.00000       2.9190000   5.7107506e-16       1.0000000
      0.00000       2.9200000   5.4247500e-16       1.0000000
      0.00000       2.9210000   5.1531632e-16       1.0000000
      0.00000       2.9220000   4.8952594e-16       1.0000000
      0.00000       2.9230000   4.6503447e-16       1.0000000
      0.00000       2.9240000   4.4177609e-16       1.0000000
      0.00000       2.9250000   4.1968832e-16       1.0000000
      0.00000       2.9260000   3.9871188e-16       1.0000000
      0.00000       2.9270000   3.7879050e-16       1.0000000
      0.00000       2.9280000   3.5987078e-16       1.0000000
      0.00000       2.9290000   3.4190204e-16       1.0000000
      0.00000       2.9300000   3.2483618e-16       1.0000000
      0.00000       2.9310000   3.0862754e-16       1.0000000
      0.00000       2.9320000   2.9323280e-16       1.0000000
      0.00000       2.9330000   2.7861083e-16       1.0000000
      0.00000       2.9340000   2.6472260e-16       1.0000000
      0.00000       2.9350000   2.5153105e-16       1.0000000
      0.00000       2.9360000   2.3900102e-16       1.0000000
      0.00000       2.9370000   2.2709913e-16       1.0000000
      0.00000       2.9380000   2.1579368e-16       1.0000000
      0.00000       2.9390000   2.0505461e-16       1.0000000
      0.00000       2.9400000   1.9485335e-16       1.0000000
      0.00000       2.9410000   1.8516281e-16       1.0000000
      0.00000       2.9420000   1.7595726e-16       1.0000000
      0.00000       2.9430000   1.6721227e-16       1.0000000
      0.00000       2.9440000   1.5890465e-16       1.0000000
      0.00000       2.9450000   1.5101239e-16       1.0000000
      0.00000       2.9460000   1.4351459e-16       1.0000000
      0.00000       2.9470000   1.3639143e-16       1.0000000
      0.00000       2.9480000   1.2962404e-16       1.0000000
      0.00000       2.9490000   1.2319457e-16       1.0000000
      0.00000       2.9500000   1.1708602e-16       1.0000000
      0.00000       2.9510000   1.1128228e-16       1.0000000
      0.00000       2.9520000   1.0576804e-16       1.0000000
      0.00000       2.9530000   1.0052878e-16       1.0000000
      0.00000       2.9540000   9.5550684e-17       1.0000000
      0.00000       2.9550000   9.0820662e-17       1.0000000
      0.00000       2.9560000   8.6326272e-17       1.0000000
      0.00000       2.9570000   8.2055702e-17       1.0000000
      0.00000       2.9580000   7.7997736e-17       1.0000000
      0.00000       2.9590000   7.4141722e-17       1.0000000
      0.00000       2.9600000   7.0477548e-17       1.0000000
      0.00000       2.9610000   6.6995609e-17       1.0000000
      0.00000       2.9620000   6.3686784e-17       1.0000000
      0.00000       2.9630000   6.0542413e-17       1.0000000
      0.00000       2.9640000   5.7554270e-17       1.0000000
      0.00000       2.9650000   5.4714545e-17       1.0000000
      0.00000       2.9660000   5.2015819e-17       1.0000000
      0.00000       2.9670000   4.9451048e-17       1.0000000
      0.00000       2.9680000   4.7013540e-17       1.0000000
      0.00000       2.9690000   4.4696941e-17       1.0000000
      0.00000       2.9700000   4.2495217e-17       1.0000000
      0.00000       2.9710000   4.0402634e-17       1.0000000
      0.00000       2.9720000   3.8413748e-17       1.0000000
      0.00000       2.9730000   3.6523389e-17       1.0000000
      0.00000       2.9740000   3.4726644e-17       1.0000000
      0.00000       2.9750000   3.3018849e-17       1.0000000
      0.00000       2.9760000   3.1395573e-17       1.0000000
      0.00000       2.9770000   2.9852606e-17       1.0000000
      0.00000       2.9780000   2.8385950e-17       1.0000000
      0.00000       2.9790000   2.6991807e-17       1.0000000
      0.00000       2.9800000   2.5666570e-17       1.0000000
      0.00000       2.9810000   2.4406811e-17       1.0000000
      0.00000       2.9820000   2.3209275e-17       1.0000000
      0.00000       2.9830000   2.2070869e-17       1.0000000
      0.00000       2.9840000   2.0988656e-17       1.0000000
      0.00000       2.9850000   1.9959843e-17       1.0000000
      0.00000       2.9860000   1.8981780e-17       1.0000000
      0.00000       2.9870000   1.8051947e-17       1.0000000
      0.00000       2.9880000   1.7167951e-17       1.0000000
      0.00000       2.9890000   1.6327519e-17       1.0000000
      0.00000       2.9900000   1.5528489e-17       1.0000000
      0.00000       2.9910000   1.4768810e-17       1.0000000
      0.00000       2.9920000   1.4046530e-17       1.0000000
      0.00000       2.9930000   1.3359799e-17       1.0000000
      0.00000       2.9940000   1.2706854e-17       1.0000000
      0.00000       2.9950000   1.2086024e-17       1.0000000
      0.00000       2.9960000   1.1495718e-17       1.0000000
      0.00000       2.9970000   1.0934426e-17       1.0000000
      0.00000       2.9980000   1.0400714e-17       1.0000000
      0.00000       2.9990000   9.8932181e-18       1.0000000
      0.00000       3.0000000   9.4106417e-18       1.0000000
      0.00000       3.0010000   8.9517538e-18       1.0000000
      0.00000       3.0020000   8.5153844e-18       1.0000000
      0.00000       3.0030000   8.1004215e-18       1.0000000
      0.00000       3.0040000   7.7058082e-18       1.0000000
      0.00000       3.0050000   7.3305405e-18       1.0000000
      0.00000       3.0060000   6.9736638e-18       1.0000000
      0.00000       3.0070000   6.6342713e-18       1.0000000
      0.00000       3.0080000   6.3115010e-18       1.0000000
      0.00000       3.0090000   6.0045337e-18       1.0000000
      0.00000       3.0100000   5.7125907e-18       1.0000000
      0.00000       3.0110000   5.4349320e-18       1.0000000
      0.00000       3.0120000   5.1708545e-18       1.0000000
      0.00000       3.0130000   4.9196895e-18       1.0000000
      0.00000       3.0140000   4.6808018e-18       1.0000000
      0.00000       3.0150000   4.4535873e-18       1.0000000
      0.00000       3.0160000   4.2374722e-18       1.0000000
      0.00000       3.0170000   4.0319108e-18       1.0000000
      0.00000       3.0180000   3.8363845e-18       1.0000000
      0.00000       3.0190000   3.6504003e-18       1.0000000
      0.00000       3.0200000   3.4734896e-18       1.0000000
      0.00000       3.0210000   3.3052069e-18       1.0000000
      0.00000       3.0220000   3.1451289e-18       1.0000000
      0.00000       3.0230000   2.9928529e-18       1.0000000
      0.00000       3.0240000   2.8479963e-18       1.0000000
      0.00000       3.0250000   2.7101954e-18       1.0000000
      0.00000       3.0260000   2.5791042e-18       1.0000000
      0.00000       3.0270000   2.4543941e-18       1.0000000
      0.00000       3.0280000   2.3357525e-18       1.0000000
      0.00000       3.0290000   2.2228822e-18       1.0000000
      0.00000       3.0300000   2.1155007e-18       1.0000000
      0.00000       3.0310000   2.0133394e-18       1.0000000
      0.00000       3.0320000   1.9161429e-18       1.0000000
      0.00000       3.0330000   1.8236685e-18       1.0000000
      0.00000       3.0340000   1.7356853e-18       1.0000000
      0.00000       3.0350000   1.6519737e-18       1.0000000
      0.00000       3.0360000   1.5723252e-18       1.0000000
      0.00000       3.0370000   1.4965411e-18       1.0000000
      0.00000       3.0380000   1.4244330e-18       1.0000000
      0.00000       3.0390000   1.3558212e-18       1.0000000
      0.00000       3.0400000   1.2905353e-18       1.0000000
      0.00000       3.0410000   1.2284131e-18       1.0000000
      0.00000       3.0420000   1.1693001e-18       1.0000000
      0.00000       3.0430000   1.1130498e-18       1.0000000
      0.00000       3.0440000   1.0595226e-18       1.0000000
      0.00000       3.0450000   1.0085859e-18       1.0000000
      0.00000       3.0460000   9.6011354e-19       1.0000000
      0.00000       3.0470000   9.1398551e-19       1.0000000
      0.00000       3.0480000   8.7008773e-19       1.0000000
      0.00000       3.0490000   8.2831169e-19       1.0000000
      0.00000       3.0500000   7.8855419e-19       1.0000000
      0.00000       3.0510000   7.5071708e-19       1.0000000
      0.00000       3.0520000   7.1470703e-19       1.0000000
      0.00000       3.0530000   6.8043524e-19       1.0000000
      0.00000       3.0540000   6.4781729e-19       1.0000000
      0.00000       3.0550000   6.1677286e-19       1.0000000
      0.00000       3.0560000   5.8722557e-19       1.0000000
      0.00000       3.0570000   5.5910276e-19       1.0000000
      0.00000       3.0580000   5.3233532e-19       1.0000000
      0.00000       3.0590000   5.0685752e-19       1.0000000
      0.00000       3.0600000   4.8260684e-19       1.0000000
      0.00000       3.0610000   4.5952380e-19       1.0000000
      0.00000       3.0620000   4.3755182e-19       1.0000000
      0.00000       3.0630000   4.1663709e-19       1.0000000
      0.00000       3.0640000   3.9672841e-19       1.0000000
      0.00000       3.0650000   3.7777709e-19       1.0000000
      0.00000       3.0660000   3.5973680e-19       1.0000000
      0.00000       3.0670000   3.4256347e-19       1.0000000
      0.00000       3.0680000   3.2621517e-19       1.0000000
      0.00000       3.0690000   3.1065202e-19       1.0000000
      0.00000       3.0700000   2.9583607e-19       1.0000000
      0.00000       3.0710000   2.8173122e-19       1.0000000
      0.00000       3.0720000   2.6830313e-19       1.0000000
      0.00000       3.0730000   2.5551912e-19       1.0000000
      0.00000       3.0740000   2.4334811e-19       1.0000000
      0.00000       3.0750000   2.3176051e-19       1.0000000
      0.00000       3.0760000   2.2072818e-19       1.0000000
      0.00000       3.0770000   2.1022435e-19       1.0000000
      0.00000       3.0780000   2.0022353e-19       1.0000000
      0.00000       3.0790000   1.9070150e-19       1.0000000
      0.00000       3.0800000   1.8163518e-19       1.0000000
      0.00000       3.0810000   1.7300263e-19       1.0000000
      0.00000       3.0820000   1.6478296e-19       1.0000000
      0.00000       3.0830000   1.5695629e-19       1.0000000
      0.00000       3.0840000   1.4950373e-19       1.0000000
      0.00000       3.0850000   1.4240728e-19       1.0000000
      0.00000       3.0860000   1.3564981e-19       1.0000000
      0.00000       3.0870000   1.2921503e-19       1.0000000
      0.00000       3.0880000   1.2308743e-19       1.0000000
      0.00000       3.0890000   1.1725225e-19       1.0000000
      0.00000       3.0900000   1.1169546e-19       1.0000000
      0.00000       3.0910000   1.0640369e-19       1.0000000
      0.00000       3.0920000   1.0136421e-19       1.0000000
      0.00000       3.0930000   9.6564933e-20       1.0000000
      0.00000       3.0940000   9.1994326e-20       1.0000000
      0.00000       3.0950000   8.7641427e-20       1.0000000
      0.00000       3.0960000   8.3495803e-20       1.0000000
      0.00000       3.0970000   7.9547520e-20       1.0000000
      0.00000       3.0980000   7.5787125e-20       1.0000000
      0.00000       3.0990000   7.2205621e-20       1.0000000
      0.00000       3.1000000   6.8794445e-20       1.0000000
      0.00000       3.1010000   6.5545444e-20       1.0000000
      0.00000       3.1020000   6.2450860e-20       1.0000000
      0.00000       3.1030000   5.9503308e-20       1.0000000
      0.00000       3.1040000   5.6695757e-20       1.0000000
      0.00000       3.1050000   5.4021516e-20       1.0000000
      0.00000       3.1060000   5.1474216e-20       1.0000000
      0.00000       3.1070000   4.9047792e-20       1.0000000
      0.00000       3.1080000   4.6736472e-20       1.0000000
      0.00000       3.1090000   4.4534762e-20       1.0000000
      0.00000       3.1100000   4.2437432e-20       1.0000000
      0.00000       3.1110000   4.0439500e-20       1.0000000
      0.00000       3.1120000   3.8536228e-20       1.0000000
      0.00000       3.1130000   3.6723101e-20       1.0000000
      0.00000       3.1140000   3.4995823e-20       1.0000000
      0.00000       3.1150000   3.3350304e-20       1.0000000
      0.00000       3.1160000   3.1782649e-20       1.0000000
      0.00000       3.1170000   3.0289151e-20       1.0000000
      0.00000       3.1180000   2.8866280e-20       1.0000000
      0.00000       3.1190000   2.7510674e-20       1.0000000
      0.00000       3.1200000   2.6219134e-20       1.0000000
      0.00000       3.1210000   2.4988613e-20       1.0000000
      0.00000       3.1220000   2.3816209e-20       1.0000000
      0.00000       3.1230000   2.2699161e-20       1.0000000
      0.00000       3.1240000   2.1634839e-20       1.0000000
      0.00000       3.1250000   2.0620737e-20       1.0000000
      0.00000       3.1260000   1.9654473e-20       1.0000000
      0.00000       3.1270000   1.8733773e-20       1.0000000
      0.00000       3.1280000   1.7856477e-20       1.0000000
      0.00000       3.1290000   1.7020526e-20       1.0000000
      0.00000       3.1300000   1.6223958e-20       1.0000000
      0.00000       3.1310000   1.5464907e-20       1.0000000
      0.00000       3.1320000   1.4741594e-20       1.0000000
      0.00000       3.1330000   1.4052326e-20       1.0000000
      0.00000       3.1340000   1.3395491e-20       1.0000000
      0.00000       3.1350000   1.2769552e-20       1.0000000
      0.00000       3.1360000   1.2173048e-20       1.0000000
      0.00000       3.1370000   1.1604586e-20       1.0000000
      0.00000       3.1380000   1.1062838e-20       1.0000000
      0.00000       3.1390000   1.0546542e-20       1.0000000
      0.00000       3.1400000   1.0054494e-20       1.0000000
      0.00000       3.1410000   9.5855489e-21       1.0000000
      0.00000       3.1420000   9.1386141e-21       1.0000000
      0.00000       3.1430000   8.7126505e-21       1.0000000
      0.00000       3.1440000   8.3066678e-21       1.0000000
      0.00000       3.1450000   7.9197227e-21       1.0000000
      0.00000       3.1460000   7.5509171e-21       1.0000000
      0.00000       3.1470000   7.1993951e-21       1.0000000
      0.00000       3.1480000   6.8643417e-21       1.0000000
      0.00000       3.1490000   6.5449804e-21       1.0000000
      0.00000       3.1500000   6.2405717e-21       1.0000000
      0.00000       3.1510000   5.9504111e-21       1.0000000
      0.00000       3.1520000   5.6738274e-21       1.0000000
      0.00000       3.1530000   5.4101815e-21       1.0000000
      0.00000       3.1540000   5.1588642e-21       1.0000000
      0.00000       3.1550000   4.9192955e-21       1.0000000
      0.00000       3.1560000   4.6909226e-21       1.0000000
      0.00000       3.1570000   4.4732190e-21       1.0000000
      0.00000       3.1580000   4.2656832e-21       1.0000000
      0.00000       3.1590000   4.0678372e-21       1.0000000
      0.00000       3.1600000   3.8792257e-21       1.0000000
      0.00000       3.1610000   3.6994151e-21       1.0000000
      0.00000       3.1620000   3.5279921e-21       1.0000000
      0.00000       3.1630000   3.3645629e-21       1.0000000
      0.00000       3.1640000   3.2087525e-21       1.0000000
      0.00000       3.1650000   3.0602034e-21       1.0000000
      0.00000       3.1660000   2.9185751e-21       1.0000000
      0.00000       3.1670000   2.7835430e-21       1.0000000
      0.00000       3.1680000   2.6547982e-21       1.0000000
      0.00000       3.1690000   2.5320459e-21       1.0000000
      0.00000       3.1700000   2.4150054e-21       1.0000000
      0.00000       3.1710000   2.3034094e-21       1.0000000
      0.00000       3.1720000   2.1970030e-21       1.0000000
      0.00000       3.1730000   2.0955433e-21       1.0000000
      0.00000       3.1740000   1.9987988e-21       1.0000000
      0.00000       3.1750000   1.9065491e-21       1.0000000
      0.00000       3.1760000   1.8185841e-21       1.0000000
      0.00000       3.1770000   1.7347034e-21       1.0000000
      0.00000       3.1780000   1.6547162e-21       1.0000000
      0.00000       3.1790000   1.5784407e-21       1.0000000
      0.00000       3.1800000   1.5057035e-21       1.0000000
      0.00000       3.1810000   1.4363394e-21       1.0000000
      0.00000       3.1820000   1.3701911e-21       1.0000000
      0.00000       3.1830000   1.3071085e-21       1.0000000
      0.00000       3.1840000   1.2469487e-21       1.0000000
      0.00000       3.1850000   1.1895753e-21       1.0000000
      0.00000       3.1860000   1.1348585e-21       1.0000000
      0.00000       3.1870000   1.0826745e-21       1.0000000
      0.00000       3.1880000   1.0329054e-21       1.0000000
      0.00000       3.1890000   9.8543858e-22       1.0000000
      0.00000       3.1900000   9.4016696e-22       1.0000000
      0.00000       3.1910000   8.9698838e-22       1.0000000
      0.00000       3.1920000   8.5580544e-22       1.0000000
      0.00000       3.1930000   8.1652533e-22       1.0000000
      0.00000       3.1940000   7.7905958e-22       1.0000000
      0.00000       3.1950000   7.4332386e-22       1.0000000
      0.00000       3.1960000   7.0923776e-22       1.0000000
      0.00000       3.1970000   6.7672466e-22       1.0000000
      0.00000       3.1980000   6.4571152e-22       1.0000000
      0.00000       3.1990000   6.1612869e-22       1.0000000
      0.00000       3.2000000   5.8790980e-22       1.0000000
      0.00000       3.2010000   5.6099156e-22       1.0000000
      0.00000       3.2020000   5.3531364e-22       1.0000000
      0.00000       3.2030000   5.1081853e-22       1.0000000
      0.00000       3.2040000   4.8745141e-22       1.0000000
      0.00000       3.2050000   4.6516001e-22       1.0000000
      0.00000       3.2060000   4.4389448e-22       1.0000000
      0.00000       3.2070000   4.2360732e-22       1.0000000
      0.00000       3.2080000   4.0425323e-22       1.0000000
      0.00000       3.2090000   3.8578904e-22       1.0000000
      0.00000       3.2100000   3.6817355e-22       1.0000000
      0.00000       3.2110000   3.5136752e-22       1.0000000
      0.00000       3.2120000   3.3533351e-22       1.0000000
      0.00000       3.2130000   3.2003584e-22       1.0000000
      0.00000       3.2140000   3.0544047e-22       1.0000000
      0.00000       3.2150000   2.9151497e-22       1.0000000
      0.00000       3.2160000   2.7822838e-22       1.0000000
      0.00000       3.2170000   2.6555123e-22       1.0000000
      0.00000       3.2180000   2.5345536e-22       1.0000000
      0.00000       3.2190000   2.4191397e-22       1.0000000
      0.00000       3.2200000   2.3090147e-22       1.0000000
      0.00000       3.2210000   2.2039347e-22       1.0000000
      0.00000       3.2220000   2.1036672e-22       1.0000000
      0.00000       3.2230000   2.0079903e-22       1.0000000
      0.00000       3.2240000   1.9166926e-22       1.0000000
      0.00000       3.2250000   1.8295724e-22       1.0000000
      0.00000       3.2260000   1.7464373e-22       1.0000000
      0.00000       3.2270000   1.6671038e-22       1.0000000
      0.00000       3.2280000   1.5913970e-22       1.0000000
      0.00000       3.2290000   1.5191501e-22       1.0000000
      0.00000       3.2300000   1.4502040e-22       1.0000000
      0.00000       3.2310000   1.3844069e-22       1.0000000
      0.00000       3.2320000   1.3216140e-22       1.0000000
      0.00000       3.2330000   1.2616874e-22       1.0000000
      0.00000       3.2340000   1.2044953e-22       1.0000000
      0.00000       3.2350000   1.1499122e-22       1.0000000
      0.00000       3.2360000   1.0978184e-22       1.0000000
      0.00000       3.2370000   1.0480996e-22       1.0000000
      0.00000       3.2380000   1.0006467e-22       1.0000000
      0.00000       3.2390000   9.5535602e-23       1.0000000
      0.00000       3.2400000   9.1212827e-23       1.0000000
      0.00000       3.2410000   8.7086892e-23       1.0000000
      0.00000       3.2420000   8.3148778e-23       1.0000000
      0.00000       3.2430000   7.9389880e-23       1.0000000
      0.00000       3.2440000   7.5801991e-23       1.0000000
      0.00000       3.2450000   7.2377283e-23       1.0000000
      0.00000       3.2460000   6.9108286e-23       1.0000000
      0.00000       3.2470000   6.5987876e-23       1.0000000
      0.00000       3.2480000   6.3009257e-23       1.0000000
      0.00000       3.2490000   6.0165945e-23       1.0000000
      0.00000       3.2500000   5.7451755e-23       1.0000000
      0.00000       3.2510000   5.4860785e-23       1.0000000
      0.00000       3.2520000   5.2387408e-23       1.0000000
      0.00000       3.2530000   5.0026250e-23       1.0000000
      0.00000       3.2540000   4.7772190e-23       1.0000000
      0.00000       3.2550000   4.5620339e-23       1.0000000
      0.00000       3.2560000   4.3566033e-23       1.0000000
      0.00000       3.2570000   4.1604821e-23       1.0000000
      0.00000       3.2580000   3.9732460e-23       1.0000000
      0.00000       3.2590000   3.7944897e-23       1.0000000
      0.00000       3.2600000   3.6238268e-23       1.0000000
      0.00000       3.2610000   3.4608886e-23       1.0000000
      0.00000       3.2620000   3.3053233e-23       1.0000000
      0.00000       3.2630000   3.1567950e-23       1.0000000
      0.00000       3.2640000   3.0149835e-23       1.0000000
      0.00000       3.2650000   2.8795830e-23       1.0000000
      0.00000       3.2660000   2.7503020e-23       1.0000000
      0.00000       3.2670000   2.6268621e-23       1.0000000
      0.00000       3.2680000   2.5089977e-23       1.0000000
      0.00000       3.2690000   2.3964554e-23       1.0000000
      0.00000       3.2700000   2.2889934e-23       1.0000000
      0.00000       3.2710000   2.1863809e-23       1.0000000
      0.00000       3.2720000   2.0883976e-23       1.0000000
      0.00000       3.2730000   1.9948335e-23       1.0000000
      0.00000       3.2740000   1.9054879e-23       1.0000000
      0.00000       3.2750000   1.8201693e-23       1.0000000
      0.00000       3.2760000   1.7386953e-23       1.0000000
      0.00000       3.2770000   1.6608914e-23       1.0000000
      0.00000       3.2780000   1.5865913e-23       1.0000000
      0.00000       3.2790000   1.5156361e-23       1.0000000
      0.00000       3.2800000   1.4478744e-23       1.0000000
      0.00000       3.2810000   1.3831615e-23       1.0000000
      0.00000       3.2820000   1.3213593e-23       1.0000000
      0.00000       3.2830000   1.2623362e-23       1.0000000
      0.00000       3.2840000   1.2059663e-23       1.0000000
      0.00000       3.2850000   1.1521297e-23       1.0000000
      0.00000       3.2860000   1.1007117e-23       1.0000000
      0.00000       3.2870000   1.0516030e-23       1.0000000
      0.00000       3.2880000   1.0046993e-23       1.0000000
      0.00000       3.2890000   9.5990095e-24       1.0000000
      0.00000       3.2900000   9.1711280e-24       1.0000000
      0.00000       3.2910000   8.7624409e-24       1.0000000
      0.00000       3.2920000   8.3720818e-24       1.0000000
      0.00000       3.2930000   7.9992236e-24       1.0000000
      0.00000       3.2940000   7.6430767e-24       1.0000000
      0.00000       3.2950000   7.3028874e-24       1.0000000
      0.00000       3.2960000   6.9779362e-24       1.0000000
      0.00000       3.2970000   6.6675361e-24       1.0000000
      0.00000       3.2980000   6.3710315e-24       1.0000000
      0.00000       3.2990000   6.0877963e-24       1.0000000
      0.00000       3.3000000   5.8172331e-24       1.0000000
      0.00000       3.3010000   5.5587712e-24       1.0000000
      0.00000       3.3020000   5.3118659e-24       1.0000000
      0.00000       3.3030000   5.0759974e-24       1.0000000
      0.00000       3.3040000   4.8506691e-24       1.0000000
      0.00000       3.3050000   4.6354070e-24       1.0000000
      0.00000       3.3060000   4.4297586e-24       1.0000000
      0.00000       3.3070000   4.2332918e-24       1.0000000
      0.00000       3.3080000   4.0455942e-24       1.0000000
      0.00000       3.3090000   3.8662717e-24       1.0000000
      0.00000       3.3100000   3.6949484e-24       1.0000000
      0.00000       3.3110000   3.5312652e-24       1.0000000
      0.00000       3.3120000   3.3748792e-24       1.0000000
      0.00000       3.3130000   3.2254630e-24       1.0000000
      0.00000       3.3140000   3.0827040e-24       1.0000000
      0.00000       3.3150000   2.9463039e-24       1.0000000
      0.00000       3.3160000   2.8159774e-24       1.0000000
      0.00000       3.3170000   2.6914525e-24       1.0000000
      0.00000       3.3180000   2.5724693e-24       1.0000000
      0.00000       3.3190000   2.4587795e-24       1.0000000
      0.00000       3.3200000   2.3501463e-24       1.0000000
      0.00000       3.3210000   2.2463432e-24       1.0000000
      0.00000       3.3220000   2.1471542e-24       1.0000000
      0.00000       3.3230000   2.0523728e-24       1.0000000
      0.00000       3.3240000   1.9618020e-24       1.0000000
      0.00000       3.3250000   1.8752536e-24       1.0000000
      0.00000       3.3260000   1.7925477e-24       1.0000000
      0.00000       3.3270000   1.7135127e-24       1.0000000
      0.00000       3.3280000   1.6379846e-24       1.0000000
      0.00000       3.3290000   1.5658068e-24       1.0000000
      0.00000       3.3300000   1.4968298e-24       1.0000000
      0.00000       3.3310000   1.4309107e-24       1.0000000
      0.00000       3.3320000   1.3679132e-24       1.0000000
      0.00000       3.3330000   1.3077068e-24       1.0000000
      0.00000       3.3340000   1.2501673e-24       1.0000000
      0.00000       3.3350000   1.1951756e-24       1.0000000
      0.00000       3.3360000   1.1426182e-24       1.0000000
      0.00000       3.3370000   1.0923868e-24       1.0000000
      0.00000       3.3380000   1.0443777e-24       1.0000000
      0.00000       3.3390000   9.9849199e-25       1.0000000
      0.00000       3.3400000   9.5463516e-25       1.0000000
      0.00000       3.3410000   9.1271692e-25       1.0000000
      0.00000       3.3420000   8.7265104e-25       1.0000000
      0.00000       3.3430000   8.3435516e-25       1.0000000
      0.00000       3.3440000   7.9775058e-25       1.0000000
      0.00000       3.3450000   7.6276214e-25       1.0000000
      0.00000       3.3460000   7.2931803e-25       1.0000000
      0.00000       3.3470000   6.9734966e-25       1.0000000
      0.00000       3.3480000   6.6679149e-25       1.0000000
      0.00000       3.3490000   6.3758092e-25       1.0000000
      0.00000       3.3500000   6.0965816e-25       1.0000000
      0.00000       3.3510000   5.8296606e-25       1.0000000
      0.00000       3.3520000   5.5745004e-25       1.0000000
      0.00000       3.3530000   5.3305796e-25       1.0000000
      0.00000       3.3540000   5.0973999e-25       1.0000000
      0.00000       3.3550000   4.8744854e-25       1.0000000
      0.00000       3.3560000   4.6613812e-25       1.0000000
      0.00000       3.3570000   4.4576530e-25       1.0000000
      0.00000       3.3580000   4.2628856e-25       1.0000000
      0.00000       3.3590000   4.0766823e-25       1.0000000
      0.00000       3.3600000   3.8986643e-25       1.0000000
      0.00000       3.3610000   3.7284693e-25       1.0000000
      0.00000       3.3620000   3.5657516e-25       1.0000000
      0.00000       3.3630000   3.4101804e-25       1.0000000
      0.00000       3.3640000   3.2614399e-25       1.0000000
      0.00000       3.3650000   3.1192283e-25       1.0000000
      0.00000       3.3660000   2.9832572e-25       1.0000000
      0.00000       3.3670000   2.8532511e-25       1.0000000
      0.00000       3.3680000   2.7289465e-25       1.0000000
      0.00000       3.3690000   2.6100919e-25       1.0000000
      0.00000       3.3700000   2.4964468e-25       1.0000000
      0.00000       3.3710000   2.3877814e-25       1.0000000
      0.00000       3.3720000   2.2838762e-25       1.0000000
      0.00000       3.3730000   2.1845212e-25       1.0000000
      0.00000       3.3740000   2.0895160e-25       1.0000000
      0.00000       3.3750000   1.9986690e-25       1.0000000
      0.00000       3.3760000   1.9117969e-25       1.0000000
      0.00000       3.3770000   1.8287248e-25       1.0000000
      0.00000       3.3780000   1.7492854e-25       1.0000000
      0.00000       3.3790000   1.6733188e-25       1.0000000
      0.00000       3.3800000   1.6006722e-25       1.0000000
      0.00000       3.3810000   1.5311997e-25       1.0000000
      0.00000       3.3820000   1.4647616e-25       1.0000000
      0.00000       3.3830000   1.4012247e-25       1.0000000
      0.00000       3.3840000   1.3404613e-25       1.0000000
      0.00000       3.3850000   1.2823498e-25       1.0000000
      0.00000       3.3860000   1.2267735e-25       1.0000000
      0.00000       3.3870000   1.1736212e-25       1.0000000
      0.00000       3.3880000   1.1227865e-25       1.0000000
      0.00000       3.3890000   1.0741678e-25       1.0000000
      0.00000       3.3900000   1.0276677e-25       1.0000000
      0.00000       3.3910000   9.8319345e-26       1.0000000
      0.00000       3.3920000   9.4065617e-26       1.0000000
      0.00000       3.3930000   8.9997097e-26       1.0000000
      0.00000       3.3940000   8.6105670e-26       1.0000000
      0.00000       3.3950000   8.2383579e-26       1.0000000
      0.00000       3.3960000   7.8823408e-26       1.0000000
      0.00000       3.3970000   7.5418070e-26       1.0000000
      0.00000       3.3980000   7.2160788e-26       1.0000000
      0.00000       3.3990000   6.9045083e-26       1.0000000
      0.00000       3.4000000   6.6064764e-26       1.0000000
      0.00000       3.4010000   6.3213910e-26       1.0000000
      0.00000       3.4020000   6.0486862e-26       1.0000000
      0.00000       3.4030000   5.7878209e-26       1.0000000
      0.00000       3.4040000   5.5382778e-26       1.0000000
      0.00000       3.4050000   5.2995624e-26       1.0000000
      0.00000       3.4060000   5.0712019e-26       1.0000000
      0.00000       3.4070000   4.8527443e-26       1.0000000
      0.00000       3.4080000   4.6437575e-26       1.0000000
      0.00000       3.4090000   4.4438282e-26       1.0000000
      0.00000       3.4100000   4.2525614e-26       1.0000000
      0.00000       3.4110000   4.0695795e-26       1.0000000
      0.00000       3.4120000   3.8945212e-26       1.0000000
      0.00000       3.4130000   3.7270413e-26       1.0000000
      0.00000       3.4140000   3.5668096e-26       1.0000000
      0.00000       3.4150000   3.4135105e-26       1.0000000
      0.00000       3.4160000   3.2668421e-26       1.0000000
      0.00000       3.4170000   3.1265158e-26       1.0000000
      0.00000       3.4180000   2.9922556e-26       1.0000000
      0.00000       3.4190000   2.8637976e-26       1.0000000
      0.00000       3.4200000   2.7408896e-26       1.0000000
      0.00000       3.4210000   2.6232901e-26       1.0000000
      0.00000       3.4220000   2.5107685e-26       1.0000000
      0.00000       3.4230000   2.4031040e-26       1.0000000
      0.00000       3.4240000   2.3000858e-26       1.0000000
      0.00000       3.4250000   2.2015121e-26       1.0000000
      0.00000       3.4260000   2.1071898e-26       1.0000000
      0.00000       3.4270000   2.0169344e-26       1.0000000
      0.00000       3.4280000   1.9305696e-26       1.0000000
      0.00000       3.4290000   1.8479264e-26       1.0000000
      0.00000       3.4300000   1.7688436e-26       1.0000000
      0.00000       3.4310000   1.6931668e-26       1.0000000
      0.00000       3.4320000   1.6207483e-26       1.0000000
      0.00000       3.4330000   1.5514470e-26       1.0000000
      0.00000       3.4340000   1.4851278e-26       1.0000000
      0.00000       3.4350000   1.4216616e-26       1.0000000
      0.00000       3.4360000   1.3609249e-26       1.0000000
      0.00000       3.4370000   1.3027996e-26       1.0000000
      0.00000       3.4380000   1.2471727e-26       1.0000000
      0.00000       3.4390000   1.1939361e-26       1.0000000
      0.00000       3.4400000   1.1429864e-26       1.0000000
      0.00000       3.4410000   1.0942248e-26       1.0000000
      0.00000       3.4420000   1.0475567e-26       1.0000000
      0.00000       3.4430000   1.0028917e-26       1.0000000
      0.00000       3.4440000   9.6014324e-27       1.0000000
      0.00000       3.4450000   9.1922856e-27       1.0000000
      0.00000       3.4460000   8.8006850e-27       1.0000000
      0.00000       3.4470000   8.4258735e-27       1.0000000
      0.00000       3.4480000   8.0671266e-27       1.0000000
      0.00000       3.4490000   7.7237515e-27       1.0000000
      0.00000       3.4500000   7.3950852e-27       1.0000000
      0.00000       3.4510000   7.0804939e-27       1.0000000
      0.00000       3.4520000   6.7793708e-27       1.0000000
      0.00000       3.4530000   6.4911358e-27       1.0000000
      0.00000       3.4540000   6.2152337e-27       1.0000000
      0.00000       3.4550000   5.9511334e-27       1.0000000
      0.00000       3.4560000   5.6983271e-27       1.0000000
      0.00000       3.4570000   5.4563286e-27       1.0000000
      0.00000       3.4580000   5.2246729e-27       1.0000000
      0.00000       3.4590000   5.0029152e-27       1.0000000
      0.00000       3.4600000   4.7906300e-27       1.0000000
      0.00000       3.4610000   4.5874099e-27       1.0000000
      0.00000       3.4620000   4.3928656e-27       1.0000000
      0.00000       3.4630000   4.2066242e-27       1.0000000
      0.00000       3.4640000   4.0283291e-27       1.0000000
      0.00000       3.4650000   3.8576392e-27       1.0000000
      0.00000       3.4660000   3.6942279e-27       1.0000000
      0.00000       3.4670000   3.5377831e-27       1.0000000
      0.00000       3.4680000   3.3880056e-27       1.0000000
      0.00000       3.4690000   3.2446098e-27       1.0000000
      0.00000       3.4700000   3.1073218e-27       1.0000000
      0.00000       3.4710000   2.9758799e-27       1.0000000
      0.00000       3.4720000   2.8500335e-27       1.0000000
      0.00000       3.4730000   2.7295431e-27       1.0000000
      0.00000       3.4740000   2.6141790e-27       1.0000000
      0.00000       3.4750000   2.5037220e-27       1.0000000
      0.00000       3.4760000   2.3979619e-27       1.0000000
      0.00000       3.4770000   2.2966977e-27       1.0000000
      0.00000       3.4780000   2.1997372e-27       1.0000000
      0.00000       3.4790000   2.1068962e-27       1.0000000
      0.00000       3.4800000   2.0179986e-27       1.0000000
      0.00000       3.4810000   1.9328758e-27       1.0000000
      0.00000       3.4820000   1.8513666e-27       1.0000000
      0.00000       3.4830000   1.7733166e-27       1.0000000
      0.00000       3.4840000   1.6985780e-27       1.0000000
      0.00000       3.4850000   1.6270095e-27       1.0000000
      0.00000       3.4860000   1.5584757e-27       1.0000000
      0.00000       3.4870000   1.4928471e-27       1.0000000
      0.00000       3.4880000   1.4299999e-27       1.0000000
      0.00000       3.4890000   1.3698153e-27       1.0000000
      0.00000       3.4900000   1.3121800e-27       1.0000000
      0.00000       3.4910000   1.2569851e-27       1.0000000
      0.00000       3.4920000   1.2041267e-27       1.0000000
      0.00000       3.4930000   1.1535053e-27       1.0000000
      0.00000       3.4940000   1.1050256e-27       1.0000000
      0.00000       3.4950000   1.0585964e-27       1.0000000
      0.00000       3.4960000   1.0141305e-27       1.0000000
      0.00000       3.4970000   9.7154428e-28       1.0000000
      0.00000       3.4980000   9.3075778e-28       1.0000000
      0.00000       3.4990000   8.9169447e-28       1.0000000
      0.00000       3.5000000   8.5428109e-28       1.0000000
      0.00000       3.5010000   8.1844751e-28       1.0000000
      0.00000       3.5020000   7.8412659e-28       1.0000000
      0.00000       3.5030000   7.5125409e-28       1.0000000
      0.00000       3.5040000   7.1976847e-28       1.0000000
      0.00000       3.5050000   6.8961087e-28       1.0000000
      0.00000       3.5060000   6.6072491e-28       1.0000000
      0.00000       3.5070000   6.3305663e-28       1.0000000
      0.00000       3.5080000   6.0655438e-28       1.0000000
      0.00000       3.5090000   5.8116870e-28       1.0000000
      0.00000       3.5100000   5.5685225e-28       1.0000000
      0.00000       3.5110000   5.3355971e-28       1.0000000
      0.00000       3.5120000   5.1124769e-28       1.0000000
      0.00000       3.5130000   4.8987466e-28       1.0000000
      0.00000       3.5140000   4.6940085e-28       1.0000000
      0.00000       3.5150000   4.4978818e-28       1.0000000
      0.00000       3.5160000   4.3100021e-28       1.0000000
      0.00000       3.5170000   4.1300204e-28       1.0000000
      0.00000       3.5180000   3.9576025e-28       1.0000000
      0.00000       3.5190000   3.7924287e-28       1.0000000
      0.00000       3.5200000   3.6341925e-28       1.0000000
      0.00000       3.5210000   3.4826007e-28       1.0000000
      0.00000       3.5220000   3.3373726e-28       1.0000000
      0.00000       3.5230000   3.1982394e-28       1.0000000
      0.00000       3.5240000   3.0649436e-28       1.0000000
      0.00000       3.5250000   2.9372387e-28       1.0000000
      0.00000       3.5260000   2.8148889e-28       1.0000000
      0.00000       3.5270000   2.6976680e-28       1.0000000
      0.00000       3.5280000   2.5853597e-28       1.0000000
      0.00000       3.5290000   2.4777569e-28       1.0000000
      0.00000       3.5300000   2.3746611e-28       1.0000000
      0.00000       3.5310000   2.2758824e-28       1.0000000
      0.00000       3.5320000   2.1812388e-28       1.0000000
      0.00000       3.5330000   2.0905561e-28       1.0000000
      0.00000       3.5340000   2.0036676e-28       1.0000000
      0.00000       3.5350000   1.9204134e-28       1.0000000
      0.00000       3.5360000   1.8406406e-28       1.0000000
      0.00000       3.5370000   1.7642027e-28       1.0000000
      0.00000       3.5380000   1.6909593e-28       1.0000000
      0.00000       3.5390000   1.6207762e-28       1.0000000
      0.00000       3.5400000   1.5535246e-28       1.0000000
      0.00000       3.5410000   1.4890814e-28       1.0000000
      0.00000       3.5420000   1.4273284e-28       1.0000000
      0.00000       3.5430000   1.3681528e-28       1.0000000
      0.00000       3.5440000   1.3114462e-28       1.0000000
      0.00000       3.5450000   1.2571049e-28       1.0000000
      0.00000       3.5460000   1.2050297e-28       1.0000000
      0.00000       3.5470000   1.1551255e-28       1.0000000
      0.00000       3.5480000   1.1073012e-28       1.0000000
      0.00000       3.5490000   1.0614696e-28       1.0000000
      0.00000       3.5500000   1.0175470e-28       1.0000000
      0.00000       3.5510000   9.7545356e-29       1.0000000
      0.00000       3.5520000   9.3511254e-29       1.0000000
      0.00000       3.5530000   8.9645052e-29       1.0000000
      0.00000       3.5540000   8.5939718e-29       1.0000000
      0.00000       3.5550000   8.2388517e-29       1.0000000
      0.00000       3.5560000   7.8984996e-29       1.0000000
      0.00000       3.5570000   7.5722975e-29       1.0000000
      0.00000       3.5580000   7.2596533e-29       1.0000000
      0.00000       3.5590000   6.9600001e-29       1.0000000
      0.00000       3.5600000   6.6727945e-29       1.0000000
      0.00000       3.5610000   6.3975162e-29       1.0000000
      0.00000       3.5620000   6.1336667e-29       1.0000000
      0.00000       3.5630000   5.8807686e-29       1.0000000
      0.00000       3.5640000   5.6383644e-29       1.0000000
      0.00000       3.5650000   5.4060159e-29       1.0000000
      0.00000       3.5660000   5.1833033e-29       1.0000000
      0.00000       3.5670000   4.9698244e-29       1.0000000
      0.00000       3.5680000   4.7651940e-29       1.0000000
      0.00000       3.5690000   4.5690431e-29       1.0000000
      0.00000       3.5700000   4.3810179e-29       1.0000000
      0.00000       3.5710000   4.2007798e-29       1.0000000
      0.00000       3.5720000   4.0280042e-29       1.0000000
      0.00000       3.5730000   3.8623801e-29       1.0000000
      0.00000       3.5740000   3.7036098e-29       1.0000000
      0.00000       3.5750000   3.5514076e-29       1.0000000
      0.00000       3.5760000   3.4055003e-29       1.0000000
      0.00000       3.5770000   3.2656258e-29       1.0000000
      0.00000       3.5780000   3.1315331e-29       1.0000000
      0.00000       3.5790000   3.0029817e-29       1.0000000
      0.00000       3.5800000   2.8797411e-29       1.0000000
      0.00000       3.5810000   2.7615906e-29       1.0000000
      0.00000       3.5820000   2.6483185e-29       1.0000000
      0.00000       3.5830000   2.5397222e-29       1.0000000
      0.00000       3.5840000   2.4356075e-29       1.0000000
      0.00000       3.5850000   2.3357881e-29       1.0000000
      0.00000       3.5860000   2.2400858e-29       1.0000000
      0.00000       3.5870000   2.1483298e-29       1.0000000
      0.00000       3.5880000   2.0603561e-29       1.0000000
      0.00000       3.5890000   1.9760080e-29       1.0000000
      0.00000       3.5900000   1.8951350e-29       1.0000000
      0.00000       3.5910000   1.8175931e-29       1.0000000
      0.00000       3.5920000   1.7432443e-29       1.0000000
      0.00000       3.5930000   1.6719561e-29       1.0000000
      0.00000       3.5940000   1.6036018e-29       1.0000000
      0.00000       3.5950000   1.5380599e-29       1.0000000
      0.00000       3.5960000   1.4752139e-29       1.0000000
      0.00000       3.5970000   1.4149522e-29       1.0000000
      0.00000       3.5980000   1.3571679e-29       1.0000000
      0.00000       3.5990000   1.3017586e-29       1.0000000
      0.00000       3.6000000   1.2486259e-29       1.0000000
      0.00000       3.6010000   1.1976757e-29       1.0000000
      0.00000       3.6020000   1.1488178e-29       1.0000000
      0.00000       3.6030000   1.1019658e-29       1.0000000
      0.00000       3.6040000   1.0570368e-29       1.0000000
      0.00000       3.6050000   1.0139513e-29       1.0000000
      0.00000       3.6060000   9.7263319e-30       1.0000000
      0.00000       3.6070000   9.3300957e-30       1.0000000
      0.00000       3.6080000   8.9501047e-30       1.0000000
      0.00000       3.6090000   8.5856887e-30       1.0000000
      0.00000       3.6100000   8.2362052e-30       1.0000000
      0.00000       3.6110000   7.9010386e-30       1.0000000
      0.00000       3.6120000   7.5795985e-30       1.0000000
      0.00000       3.6130000   7.2713192e-30       1.0000000
      0.00000       3.6140000   6.9756585e-30       1.0000000
      0.00000       3.6150000   6.6920966e-30       1.0000000
      0.00000       3.6160000   6.4201352e-30       1.0000000
      0.00000       3.6170000   6.1592968e-30       1.0000000
      0.00000       3.6180000   5.9091235e-30       1.0000000
      0.00000       3.6190000   5.6691765e-30       1.0000000
      0.00000       3.6200000   5.4390351e-30       1.0000000
      0.00000       3.6210000   5.2182962e-30       1.0000000
      0.00000       3.6220000   5.0065730e-30       1.0000000
      0.00000       3.6230000   4.8034950e-30       1.0000000
      0.00000       3.6240000   4.6087070e-30       1.0000000
      0.00000       3.6250000   4.4218684e-30       1.0000000
      0.00000       3.6260000   4.2426527e-30       1.0000000
      0.00000       3.6270000   4.0707470e-30       1.0000000
      0.00000       3.6280000   3.9058511e-30       1.0000000
      0.00000       3.6290000   3.7476775e-30       1.0000000
      0.00000       3.6300000   3.5959504e-30       1.0000000
      0.00000       3.6310000   3.4504053e-30       1.0000000
      0.00000       3.6320000   3.3107887e-30       1.0000000
      0.00000       3.6330000   3.1768577e-30       1.0000000
      0.00000       3.6340000   3.0483793e-30       1.0000000
      0.00000       3.6350000   2.9251300e-30       1.0000000
      0.00000       3.6360000   2.8068956e-30       1.0000000
      0.00000       3.6370000   2.6934709e-30       1.0000000
      0.00000       3.6380000   2.5846589e-30       1.0000000
      0.00000       3.6390000   2.4802708e-30       1.0000000
      0.00000       3.6400000   2.3801257e-30       1.0000000
      0.00000       3.6410000   2.2840500e-30       1.0000000
      0.00000       3.6420000   2.1918772e-30       1.0000000
      0.00000       3.6430000   2.1034479e-30       1.0000000
      0.00000       3.6440000   2.0186090e-30       1.0000000
      0.00000       3.6450000   1.9372138e-30       1.0000000
      0.00000       3.6460000   1.8591216e-30       1.0000000
      0.00000       3.6470000   1.7841976e-30       1.0000000
      0.00000       3.6480000   1.7123124e-30       1.0000000
      0.00000       3.6490000   1.6433419e-30       1.0000000
      0.00000       3.6500000   1.5771673e-30       1.0000000
      0.00000       3.6510000   1.5136745e-30       1.0000000
      0.00000       3.6520000   1.4527541e-30       1.0000000
      0.00000       3.6530000   1.3943012e-30       1.0000000
      0.00000       3.6540000   1.3382153e-30       1.0000000
      0.00000       3.6550000   1.2843999e-30       1.0000000
      0.00000       3.6560000   1.2327624e-30       1.0000000
      0.00000       3.6570000   1.1832143e-30       1.0000000
      0.00000       3.6580000   1.1356703e-30       1.0000000
      0.00000       3.6590000   1.0900490e-30       1.0000000
      0.00000       3.6600000   1.0462721e-30       1.0000000
      0.00000       3.6610000   1.0042645e-30       1.0000000
      0.00000       3.6620000   9.6395431e-31       1.0000000
      0.00000       3.6630000   9.2527248e-31       1.0000000
      0.00000       3.6640000   8.8815281e-31       1.0000000
      0.00000       3.6650000   8.5253182e-31       1.0000000
      0.00000       3.6660000   8.1834861e-31       1.0000000
      0.00000       3.6670000   7.8554479e-31       1.0000000
      0.00000       3.6680000   7.5406433e-31       1.0000000
      0.00000       3.6690000   7.2385351e-31       1.0000000
      0.00000       3.6700000   6.9486079e-31       1.0000000
      0.00000       3.6710000   6.6703676e-31       1.0000000
      0.00000       3.6720000   6.4033401e-31       1.0000000
      0.00000       3.6730000   6.1470705e-31       1.0000000
      0.00000       3.6740000   5.9011228e-31       1.0000000
      0.00000       3.6750000   5.6650785e-31       1.0000000
      0.00000       3.6760000   5.4385364e-31       1.0000000
      0.00000       3.6770000   5.2211115e-31       1.0000000
      0.00000       3.6780000   5.0124345e-31       1.0000000
      0.00000       3.6790000   4.8121513e-31       1.0000000
      0.00000       3.6800000   4.6199220e-31       1.0000000
      0.00000       3.6810000   4.4354208e-31       1.0000000
      0.00000       3.6820000   4.2583350e-31       1.0000000
      0.00000       3.6830000   4.0883646e-31       1.0000000
      0.00000       3.6840000   3.9252219e-31       1.0000000
      0.00000       3.6850000   3.7686310e-31       1.0000000
      0.00000       3.6860000   3.6183270e-31       1.0000000
      0.00000       3.6870000   3.4740559e-31       1.0000000
      0.00000       3.6880000   3.3355741e-31       1.0000000
      0.00000       3.6890000   3.2026477e-31       1.0000000
      0.00000       3.6900000   3.0750524e-31       1.0000000
      0.00000       3.6910000   2.9525731e-31       1.0000000
      0.00000       3.6920000   2.8350035e-31       1.0000000
      0.00000       3.6930000   2.7221453e-31       1.0000000
      0.00000       3.6940000   2.6138086e-31       1.0000000
      0.00000       3.6950000   2.5098111e-31       1.0000000
      0.00000       3.6960000   2.4099779e-31       1.0000000
      0.00000       3.6970000   2.3141412e-31       1.0000000
      0.00000       3.6980000   2.2221400e-31       1.0000000
      0.00000       3.6990000   2.1338198e-31       1.0000000
      0.00000       3.7000000   2.0490324e-31       1.0000000
      0.00000       3.7010000   1.9676356e-31       1.0000000
      0.00000       3.7020000   1.8894930e-31       1.0000000
      0.00000       3.7030000   1.8144735e-31       1.0000000
      0.00000       3.7040000   1.7424517e-31       1.0000000
      0.00000       3.7050000   1.6733069e-31       1.0000000
      0.00000       3.7060000   1.6069235e-31       1.0000000
      0.00000       3.7070000   1.5431905e-31       1.0000000
      0.00000       3.7080000   1.4820014e-31       1.0000000
      0.00000       3.7090000   1.4232541e-31       1.0000000
      0.00000       3.7100000   1.3668505e-31       1.0000000
      0.00000       3.7110000   1.3126964e-31       1.0000000
      0.00000       3.7120000   1.2607016e-31       1.0000000
      0.00000       3.7130000   1.2107795e-31       1.0000000
      0.00000       3.7140000   1.1628469e-31       1.0000000
      0.00000       3.7150000   1.1168240e-31       1.0000000
      0.00000       3.7160000   1.0726342e-31       1.0000000
      0.00000       3.7170000   1.0302041e-31       1.0000000
      0.00000       3.7180000   9.8946316e-32       1.0000000
      0.00000       3.7190000   9.5034368e-32       1.0000000
      0.00000       3.7200000   9.1278073e-32       1.0000000
      0.00000       3.7210000   8.7671198e-32       1.0000000
      0.00000       3.7220000   8.4207762e-32       1.0000000
      0.00000       3.7230000   8.0882024e-32       1.0000000
      0.00000       3.7240000   7.7688475e-32       1.0000000
      0.00000       3.7250000   7.4621828e-32       1.0000000
      0.00000       3.7260000   7.1677007e-32       1.0000000
      0.00000       3.7270000   6.8849142e-32       1.0000000
      0.00000       3.7280000   6.6133559e-32       1.0000000
      0.00000       3.7290000   6.3525770e-32       1.0000000
      0.00000       3.7300000   6.1021471e-32       1.0000000
      0.00000       3.7310000   5.8616528e-32       1.0000000
      0.00000       3.7320000   5.6306973e-32       1.0000000
      0.00000       3.7330000   5.4089001e-32       1.0000000
      0.00000       3.7340000   5.1958954e-32       1.0000000
      0.00000       3.7350000   4.9913327e-32       1.0000000
      0.00000       3.7360000   4.7948752e-32       1.0000000
      0.00000       3.7370000   4.6061998e-32       1.0000000
      0.00000       3.7380000   4.4249961e-32       1.0000000
      0.00000       3.7390000   4.2509664e-32       1.0000000
      0.00000       3.7400000   4.0838249e-32       1.0000000
      0.00000       3.7410000   3.9232973e-32       1.0000000
      0.00000       3.7420000   3.7691201e-32       1.0000000
      0.00000       3.7430000   3.6210405e-32       1.0000000
      0.00000       3.7440000   3.4788158e-32       1.0000000
      0.00000       3.7450000   3.3422131e-32       1.0000000
      0.00000       3.7460000   3.2110088e-32       1.0000000
      0.00000       3.7470000   3.0849880e-32       1.0000000
      0.00000       3.7480000   2.9639448e-32       1.0000000
      0.00000       3.7490000   2.8476813e-32       1.0000000
      0.00000       3.7500000   2.7360075e-32       1.0000000
      0.00000       3.7510000   2.6287411e-32       1.0000000
      0.00000       3.7520000   2.5257071e-32       1.0000000
      0.00000       3.7530000   2.4267374e-32       1.0000000
      0.00000       3.7540000   2.3316706e-32       1.0000000
      0.00000       3.7550000   2.2403519e-32       1.0000000
      0.00000       3.7560000   2.1526326e-32       1.0000000
      0.00000       3.7570000   2.0683698e-32       1.0000000
      0.00000       3.7580000   1.9874265e-32       1.0000000
      0.00000       3.7590000   1.9096712e-32       1.0000000
      0.00000       3.7600000   1.8349773e-32       1.0000000
      0.00000       3.7610000   1.7632238e-32       1.0000000
      0.00000       3.7620000   1.6942940e-32       1.0000000
      0.00000       3.7630000   1.6280761e-32       1.0000000
      0.00000       3.7640000   1.5644628e-32       1.0000000
      0.00000       3.7650000   1.5033509e-32       1.0000000
      0.00000       3.7660000   1.4446415e-32       1.0000000
      0.00000       3.7670000   1.3882396e-32       1.0000000
      0.00000       3.7680000   1.3340537e-32       1.0000000
      0.00000       3.7690000   1.2819965e-32       1.0000000
      0.00000       3.7700000   1.2319836e-32       1.0000000
      0.00000       3.7710000   1.1839343e-32       1.0000000
      0.00000       3.7720000   1.1377709e-32       1.0000000
      0.00000       3.7730000   1.0934191e-32       1.0000000
      0.00000       3.7740000   1.0508073e-32       1.0000000
      0.00000       3.7750000   1.0098667e-32       1.0000000
      0.00000       3.7760000   9.7053142e-33       1.0000000
      0.00000       3.7770000   9.3273811e-33       1.0000000
      0.00000       3.7780000   8.9642592e-33       1.0000000
      0.00000       3.7790000   8.6153645e-33       1.0000000
      0.00000       3.7800000   8.2801360e-33       1.0000000
      0.00000       3.7810000   7.9580349e-33       1.0000000
      0.00000       3.7820000   7.6485440e-33       1.0000000
      0.00000       3.7830000   7.3511664e-33       1.0000000
      0.00000       3.7840000   7.0654249e-33       1.0000000
      0.00000       3.7850000   6.7908615e-33       1.0000000
      0.00000       3.7860000   6.5270359e-33       1.0000000
      0.00000       3.7870000   6.2735256e-33       1.0000000
      0.00000       3.7880000   6.0299248e-33       1.0000000
      0.00000       3.7890000   5.7958436e-33       1.0000000
      0.00000       3.7900000   5.5709075e-33       1.0000000
      0.00000       3.7910000   5.3547572e-33       1.0000000
      0.00000       3.7920000   5.1470471e-33       1.0000000
      0.00000       3.7930000   4.9474457e-33       1.0000000
      0.00000       3.7940000   4.7556344e-33       1.0000000
      0.00000       3.7950000   4.5713072e-33       1.0000000
      0.00000       3.7960000   4.3941703e-33       1.0000000
      0.00000       3.7970000   4.2239413e-33       1.0000000
      0.00000       3.7980000   4.0603492e-33       1.0000000
      0.00000       3.7990000   3.9031336e-33       1.0000000
      0.00000       3.8000000   3.7520443e-33       1.0000000
      0.00000       3.8010000   3.6068411e-33       1.0000000
      0.00000       3.8020000   3.4672932e-33       1.0000000
      0.00000       3.8030000   3.3331790e-33       1.0000000
      0.00000       3.8040000   3.2042855e-33       1.0000000
      0.00000       3.8050000   3.0804083e-33       1.0000000
      0.00000       3.8060000   2.9613508e-33       1.0000000
      0.00000       3.8070000   2.8469243e-33       1.0000000
      0.00000       3.8080000   2.7369476e-33       1.0000000
      0.00000       3.8090000   2.6312466e-33       1.0000000
      0.00000       3.8100000   2.5296538e-33       1.0000000
      0.00000       3.8110000   2.4320087e-33       1.0000000
      0.00000       3.8120000   2.3381569e-33       1.0000000
      0.00000       3.8130000   2.2479500e-33       1.0000000
      0.00000       3.8140000   2.1612457e-33       1.0000000
      0.00000       3.8150000   2.0779070e-33       1.0000000
      0.00000       3.8160000   1.9978024e-33       1.0000000
      0.00000       3.8170000   1.9208058e-33       1.0000000
      0.00000       3.8180000   1.8467956e-33       1.0000000
      0.00000       3.8190000   1.7756554e-33       1.0000000
      0.00000       3.8200000   1.7072731e-33       1.0000000
      0.00000       3.8210000   1.6415412e-33       1.0000000
      0.00000       3.8220000   1.5783563e-33       1.0000000
      0.00000       3.8230000   1.5176190e-33       1.0000000
      0.00000       3.8240000   1.4592339e-33       1.0000000
      0.00000       3.8250000   1.4031094e-33       1.0000000
      0.00000       3.8260000   1.3491573e-33       1.0000000
      0.00000       3.8270000   1.2972931e-33       1.0000000
      0.00000       3.8280000   1.2474354e-33       1.0000000
      0.00000       3.8290000   1.1995062e-33       1.0000000
      0.00000       3.8300000   1.1534303e-33       1.0000000
      0.00000       3.8310000   1.1091356e-33       1.0000000
      0.00000       3.8320000   1.0665529e-33       1.0000000
      0.00000       3.8330000   1.0256155e-33       1.0000000
      0.00000       3.8340000   9.8625942e-34       1.0000000
      0.00000       3.8350000   9.4842327e-34       1.0000000
      0.00000       3.8360000   9.1204795e-34       1.0000000
      0.00000       3.8370000   8.7707668e-34       1.0000000
      0.00000       3.8380000   8.4345494e-34       1.0000000
      0.00000       3.8390000   8.1113031e-34       1.0000000
      0.00000       3.8400000   7.8005242e-34       1.0000000
      0.00000       3.8410000   7.5017290e-34       1.0000000
      0.00000       3.8420000   7.2144523e-34       1.0000000
      0.00000       3.8430000   6.9382473e-34       1.0000000
      0.00000       3.8440000   6.6726846e-34       1.0000000
      0.00000       3.8450000   6.4173515e-34       1.0000000
      0.00000       3.8460000   6.1718514e-34       1.0000000
      0.00000       3.8470000   5.9358033e-34       1.0000000
      0.00000       3.8480000   5.7088409e-34       1.0000000
      0.00000       3.8490000   5.4906123e-34       1.0000000
      0.00000       3.8500000   5.2807793e-34       1.0000000
      0.00000       3.8510000   5.0790168e-34       1.0000000
      0.00000       3.8520000   4.8850125e-34       1.0000000
      0.00000       3.8530000   4.6984661e-34       1.0000000
      0.00000       3.8540000   4.5190890e-34       1.0000000
      0.00000       3.8550000   4.3466041e-34       1.0000000
      0.00000       3.8560000   4.1807448e-34       1.0000000
      0.00000       3.8570000   4.0212550e-34       1.0000000
      0.00000       3.8580000   3.8678885e-34       1.0000000
      0.00000       3.8590000   3.7204088e-34       1.0000000
      0.00000       3.8600000   3.5785884e-34       1.0000000
      0.00000       3.8610000   3.4422087e-34       1.0000000
      0.00000       3.8620000   3.3110598e-34       1.0000000
      0.00000       3.8630000   3.1849398e-34       1.0000000
      0.00000       3.8640000   3.0636545e-34       1.0000000
      0.00000       3.8650000   2.9470174e-34       1.0000000
      0.00000       3.8660000   2.8348494e-34       1.0000000
      0.00000       3.8670000   2.7269780e-34       1.0000000
      0.00000       3.8680000   2.6232376e-34       1.0000000
      0.00000       3.8690000   2.5234691e-34       1.0000000
      0.00000       3.8700000   2.4275193e-34       1.0000000
      0.00000       3.8710000   2.3352412e-34       1.0000000
      0.00000       3.8720000   2.2464934e-34       1.0000000
      0.00000       3.8730000   2.1611400e-34       1.0000000
      0.00000       3.8740000   2.0790503e-34       1.0000000
      0.00000       3.8750000   2.0000987e-34       1.0000000
      0.00000       3.8760000   1.9241645e-34       1.0000000
      0.00000       3.8770000   1.8511316e-34       1.0000000
      0.00000       3.8780000   1.7808885e-34       1.0000000
      0.00000       3.8790000   1.7133280e-34       1.0000000
      0.00000       3.8800000   1.6483469e-34       1.0000000
      0.00000       3.8810000   1.5858461e-34       1.0000000
      0.00000       3.8820000   1.5257304e-34       1.0000000
      0.00000       3.8830000   1.4679081e-34       1.0000000
      0.00000       3.8840000   1.4122912e-34       1.0000000
      0.00000       3.8850000   1.3587951e-34       1.0000000
      0.00000       3.8860000   1.3073384e-34       1.0000000
      0.00000       3.8870000   1.2578427e-34       1.0000000
      0.00000       3.8880000   1.2102330e-34       1.0000000
      0.00000       3.8890000   1.1644369e-34       1.0000000
      0.00000       3.8900000   1.1203849e-34       1.0000000
      0.00000       3.8910000   1.0780101e-34       1.0000000
      0.00000       3.8920000   1.0372482e-34       1.0000000
      0.00000       3.8930000   9.9803756e-35       1.0000000
      0.00000       3.8940000   9.6031866e-35       1.0000000
      0.00000       3.8950000   9.2403441e-35       1.0000000
      0.00000       3.8960000   8.8912990e-35       1.0000000
      0.00000       3.8970000   8.5555233e-35       1.0000000
      0.00000       3.8980000   8.2325093e-35       1.0000000
      0.00000       3.8990000   7.9217689e-35       1.0000000
      0.00000       3.9000000   7.6228328e-35       1.0000000
      0.00000       3.9010000   7.3352496e-35       1.0000000
      0.00000       3.9020000   7.0585856e-35       1.0000000
      0.00000       3.9030000   6.7924235e-35       1.0000000
      0.00000       3.9040000   6.5363620e-35       1.0000000
      0.00000       3.9050000   6.2900155e-35       1.0000000
      0.00000       3.9060000   6.0530129e-35       1.0000000
      0.00000       3.9070000   5.8249977e-35       1.0000000
      0.00000       3.9080000   5.6056269e-35       1.0000000
      0.00000       3.9090000   5.3945706e-35       1.0000000
      0.00000       3.9100000   5.1915117e-35       1.0000000
      0.00000       3.9110000   4.9961452e-35       1.0000000
      0.00000       3.9120000   4.8081779e-35       1.0000000
      0.00000       3.9130000   4.6273277e-35       1.0000000
      0.00000       3.9140000   4.4533235e-35       1.0000000
      0.00000       3.9150000   4.2859045e-35       1.0000000
      0.00000       3.9160000   4.1248198e-35       1.0000000
      0.00000       3.9170000   3.9698282e-35       1.0000000
      0.00000       3.9180000   3.8206979e-35       1.0000000
      0.00000       3.9190000   3.6772057e-35       1.0000000
      0.00000       3.9200000   3.5391371e-35       1.0000000
      0.00000       3.9210000   3.4062859e-35       1.0000000
      0.00000       3.9220000   3.2784536e-35       1.0000000
      0.00000       3.9230000   3.1554494e-35       1.0000000
      0.00000       3.9240000   3.0370898e-35       1.0000000
      0.00000       3.9250000   2.9231983e-35       1.0000000
      0.00000       3.9260000   2.8136052e-35       1.0000000
      0.00000       3.9270000   2.7081471e-35       1.0000000
      0.00000       3.9280000   2.6066671e-35       1.0000000
      0.00000       3.9290000   2.5090142e-35       1.0000000
      0.00000       3.9300000   2.4150431e-35       1.0000000
      0.00000       3.9310000   2.3246141e-35       1.0000000
      0.00000       3.9320000   2.2375929e-35       1.0000000
      0.00000       3.9330000   2.1538501e-35       1.0000000
      0.00000       3.9340000   2.0732616e-35       1.0000000
      0.00000       3.9350000   1.9957077e-35       1.0000000
      0.00000       3.9360000   1.9210735e-35       1.0000000
      0.00000       3.9370000   1.8492483e-35       1.0000000
      0.00000       3.9380000   1.7801257e-35       1.0000000
      0.00000       3.9390000   1.7136034e-35       1.0000000
      0.00000       3.9400000   1.6495830e-35       1.0000000
      0.00000       3.9410000   1.5879697e-35       1.0000000
      0.00000       3.9420000   1.5286725e-35       1.0000000
      0.00000       3.9430000   1.4716037e-35       1.0000000
      0.00000       3.9440000   1.4166792e-35       1.0000000
      0.00000       3.9450000   1.3638177e-35       1.0000000
      0.00000       3.9460000   1.3129413e-35       1.0000000
      0.00000       3.9470000   1.2639750e-35       1.0000000
      0.00000       3.9480000   1.2168466e-35       1.0000000
      0.00000       3.9490000   1.1714868e-35       1.0000000
      0.00000       3.9500000   1.1278286e-35       1.0000000
      0.00000       3.9510000   1.0858079e-35       1.0000000
      0.00000       3.9520000   1.0453628e-35       1.0000000
      0.00000       3.9530000   1.0064340e-35       1.0000000
      0.00000       3.9540000   9.6896413e-36       1.0000000
      0.00000       3.9550000   9.3289823e-36       1.0000000
      0.00000       3.9560000   8.9818336e-36       1.0000000
      0.00000       3.9570000   8.6476859e-36       1.0000000
      0.00000       3.9580000   8.3260490e-36       1.0000000
      0.00000       3.9590000   8.0164517e-36       1.0000000
      0.00000       3.9600000   7.7184404e-36       1.0000000
      0.00000       3.9610000   7.4315788e-36       1.0000000
      0.00000       3.9620000   7.1554469e-36       1.0000000
      0.00000       3.9630000   6.8896410e-36       1.0000000
      0.00000       3.9640000   6.6337725e-36       1.0000000
      0.00000       3.9650000   6.3874674e-36       1.0000000
      0.00000       3.9660000   6.1503661e-36       1.0000000
      0.00000       3.9670000   5.9221223e-36       1.0000000
      0.00000       3.9680000   5.7024032e-36       1.0000000
      0.00000       3.9690000   5.4908883e-36       1.0000000
      0.00000       3.9700000   5.2872693e-36       1.0000000
      0.00000       3.9710000   5.0912496e-36       1.0000000
      0.00000       3.9720000   4.9025437e-36       1.0000000
      0.00000       3.9730000   4.7208770e-36       1.0000000
      0.00000       3.9740000   4.5459853e-36       1.0000000
      0.00000       3.9750000   4.3776143e-36       1.0000000
      0.00000       3.9760000   4.2155193e-36       1.0000000
      0.00000       3.9770000   4.0594650e-36       1.0000000
      0.00000       3.9780000   3.9092246e-36       1.0000000
      0.00000       3.9790000   3.7645804e-36       1.0000000
      0.00000       3.9800000   3.6253224e-36       1.0000000
      0.00000       3.9810000   3.4912489e-36       1.0000000
      0.00000       3.9820000   3.3621655e-36       1.0000000
      0.00000       3.9830000   3.2378855e-36       1.0000000
      0.00000       3.9840000   3.1182288e-36       1.0000000
      0.00000       3.9850000   3.0030225e-36       1.0000000
      0.00000       3.9860000   2.8920999e-36       1.0000000
      0.00000       3.9870000   2.7853007e-36       1.0000000
      0.00000       3.9880000   2.6824708e-36       1.0000000
      0.00000       3.9890000   2.5834615e-36       1.0000000
      0.00000       3.9900000   2.4881301e-36       1.0000000
      0.00000       3.9910000   2.3963391e-36       1.0000000
      0.00000       3.9920000   2.3079561e-36       1.0000000
      0.00000       3.9930000   2.2228539e-36       1.0000000
      0.00000       3.9940000   2.1409098e-36       1.0000000
      0.00000       3.9950000   2.0620059e-36       1.0000000
      0.00000       3.9960000   1.9860287e-36       1.0000000
      0.00000       3.9970000   1.9128689e-36       1.0000000
      0.00000       3.9980000   1.8424214e-36       1.0000000
      0.00000       3.9990000   1.7745851e-36       1.0000000
      0.00000       4.0000000   1.7092624e-36       1.0000000
      0.00000       4.0010000   1.6463597e-36       1.0000000
      0.00000       4.0020000   1.5857868e-36       1.0000000
      0.00000       4.0030000   1.5274568e-36       1.0000000
      0.00000       4.0040000   1.4712861e-36       1.0000000
      0.00000       4.0050000   1.4171943e-36       1.0000000
      0.00000       4.0060000   1.3651039e-36       1.0000000
      0.00000       4.0070000   1.3149404e-36       1.0000000
      0.00000       4.0080000   1.2666322e-36       1.0000000
      0.00000       4.0090000   1.2201101e-36       1.0000000
      0.00000       4.0100000   1.1753076e-36       1.0000000
      0.00000       4.0110000   1.1321609e-36       1.0000000
      0.00000       4.0120000   1.0906083e-36       1.0000000
      0.00000       4.0130000   1.0505905e-36       1.0000000
      0.00000       4.0140000   1.0120506e-36       1.0000000
      0.00000       4.0150000   9.7493352e-37       1.0000000
      0.00000       4.0160000   9.3918646e-37       1.0000000
      0.00000       4.0170000   9.0475853e-37       1.0000000
      0.00000       4.0180000   8.7160073e-37       1.0000000
      0.00000       4.0190000   8.3966590e-37       1.0000000
      0.00000       4.0200000   8.0890866e-37       1.0000000
      0.00000       4.0210000   7.7928529e-37       1.0000000
      0.00000       4.0220000   7.5075374e-37       1.0000000
      0.00000       4.0230000   7.2327351e-37       1.0000000
      0.00000       4.0240000   6.9680561e-37       1.0000000
      0.00000       4.0250000   6.7131251e-37       1.0000000
      0.00000       4.0260000   6.4675808e-37       1.0000000
      0.00000       4.0270000   6.2310754e-37       1.0000000
      0.00000       4.0280000   6.0032740e-37       1.0000000
      0.00000       4.0290000   5.7838542e-37       1.0000000
      0.00000       4.0300000   5.5725057e-37       1.0000000
      0.00000       4.0310000   5.3689298e-37       1.0000000
      0.00000       4.0320000   5.1728386e-37       1.0000000
      0.00000       4.0330000   4.9839554e-37       1.0000000
      0.00000       4.0340000   4.8020134e-37       1.0000000
      0.00000       4.0350000   4.6267559e-37       1.0000000
      0.00000       4.0360000   4.4579358e-37       1.0000000
      0.00000       4.0370000   4.2953152e-37       1.0000000
      0.00000       4.0380000   4.1386648e-37       1.0000000
      0.00000       4.0390000   3.9877642e-37       1.0000000
      0.00000       4.0400000   3.8424009e-37       1.0000000
      0.00000       4.0410000   3.7023705e-37       1.0000000
      0.00000       4.0420000   3.5674761e-37       1.0000000
      0.00000       4.0430000   3.4375280e-37       1.0000000
      0.00000       4.0440000   3.3123438e-37       1.0000000
      0.00000       4.0450000   3.1917477e-37       1.0000000
      0.00000       4.0460000   3.0755705e-37       1.0000000
      0.00000       4.0470000   2.9636491e-37       1.0000000
      0.00000       4.0480000   2.8558268e-37       1.0000000
      0.00000       4.0490000   2.7519525e-37       1.0000000
      0.00000       4.0500000   2.6518806e-37       1.0000000
      0.00000       4.0510000   2.5554711e-37       1.0000000
      0.00000       4.0520000   2.4625890e-37       1.0000000
      0.00000       4.0530000   2.3731046e-37       1.0000000
      0.00000       4.0540000   2.2868927e-37       1.0000000
      0.00000       4.0550000   2.2038329e-37       1.0000000
      0.00000       4.0560000   2.1238092e-37       1.0000000
      0.00000       4.0570000   2.0467099e-37       1.0000000
      0.00000       4.0580000   1.9724275e-37       1.0000000
      0.00000       4.0590000   1.9008583e-37       1.0000000
      0.00000       4.0600000   1.8319027e-37       1.0000000
      0.00000       4.0610000   1.7654646e-37       1.0000000
      0.00000       4.0620000   1.7014515e-37       1.0000000
      0.00000       4.0630000   1.6397744e-37       1.0000000
      0.00000       4.0640000   1.5803474e-37       1.0000000
      0.00000       4.0650000   1.5230879e-37       1.0000000
      0.00000       4.0660000   1.4679163e-37       1.0000000
      0.00000       4.0670000   1.4147561e-37       1.0000000
      0.00000       4.0680000   1.3635335e-37       1.0000000
      0.00000       4.0690000   1.3141773e-37       1.0000000
      0.00000       4.0700000   1.2666192e-37       1.0000000
      0.00000       4.0710000   1.2207932e-37       1.0000000
      0.00000       4.0720000   1.1766358e-37       1.0000000
      0.00000       4.0730000   1.1340859e-37       1.0000000
      0.00000       4.0740000   1.0930845e-37       1.0000000
      0.00000       4.0750000   1.0535751e-37       1.0000000
      0.00000       4.0760000   1.0155028e-37       1.0000000
      0.00000       4.0770000   9.7881525e-38       1.0000000
      0.00000       4.0780000   9.4346160e-38       1.0000000
      0.00000       4.0790000   9.0939309e-38       1.0000000
      0.00000       4.0800000   8.7656269e-38       1.0000000
      0.00000       4.0810000   8.4492513e-38       1.0000000
      0.00000       4.0820000   8.1443680e-38       1.0000000
      0.00000       4.0830000   7.8505567e-38       1.0000000
      0.00000       4.0840000   7.5674129e-38       1.0000000
      0.00000       4.0850000   7.2945468e-38       1.0000000
      0.00000       4.0860000   7.0315829e-38       1.0000000
      0.00000       4.0870000   6.7781596e-38       1.0000000
      0.00000       4.0880000   6.5339285e-38       1.0000000
      0.00000       4.0890000   6.2985541e-38       1.0000000
      0.00000       4.0900000   6.0717131e-38       1.0000000
      0.00000       4.0910000   5.8530943e-38       1.0000000
      0.00000       4.0920000   5.6423976e-38       1.0000000
      0.00000       4.0930000   5.4393343e-38       1.0000000
      0.00000       4.0940000   5.2436259e-38       1.0000000
      0.00000       4.0950000   5.0550043e-38       1.0000000
      0.00000       4.0960000   4.8732114e-38       1.0000000
      0.00000       4.0970000   4.6979983e-38       1.0000000
      0.00000       4.0980000   4.5291253e-38       1.0000000
      0.00000       4.0990000   4.3663616e-38       1.0000000
      0.00000       4.1000000   4.2094847e-38       1.0000000
      0.00000       4.1010000   4.0582804e-38       1.0000000
      0.00000       4.1020000   3.9125423e-38       1.0000000
      0.00000       4.1030000   3.7720714e-38       1.0000000
      0.00000       4.1040000   3.6366762e-38       1.0000000
      0.00000       4.1050000   3.5061721e-38       1.0000000
      0.00000       4.1060000   3.3803813e-38       1.0000000
      0.00000       4.1070000   3.2591325e-38       1.0000000
      0.00000       4.1080000   3.1422606e-38       1.0000000
      0.00000       4.1090000   3.0296067e-38       1.0000000
      0.00000       4.1100000   2.9210175e-38       1.0000000
      0.00000       4.1110000   2.8163455e-38       1.0000000
      0.00000       4.1120000   2.7154484e-38       1.0000000
      0.00000       4.1130000   2.6181892e-38       1.0000000
      0.00000       4.1140000   2.5244359e-38       1.0000000
      0.00000       4.1150000   2.4340613e-38       1.0000000
      0.00000       4.1160000   2.3469429e-38       1.0000000
      0.00000       4.1170000   2.2629627e-38       1.0000000
      0.00000       4.1180000   2.1820068e-38       1.0000000
      0.00000       4.1190000   2.1039657e-38       1.0000000
      0.00000       4.1200000   2.0287337e-38       1.0000000
      0.00000       4.1210000   1.9562091e-38       1.0000000
      0.00000       4.1220000   1.8862938e-38       1.0000000
      0.00000       4.1230000   1.8188933e-38       1.0000000
      0.00000       4.1240000   1.7539167e-38       1.0000000
      0.00000       4.1250000   1.6912761e-38       1.0000000
      0.00000       4.1260000   1.6308871e-38       1.0000000
      0.00000       4.1270000   1.5726682e-38       1.0000000
      0.00000       4.1280000   1.5165410e-38       1.0000000
      0.00000       4.1290000   1.4624298e-38       1.0000000
      0.00000       4.1300000   1.4102617e-38       1.0000000
      0.00000       4.1310000   1.3599665e-38       1.0000000
      0.00000       4.1320000   1.3114765e-38       1.0000000
      0.00000       4.1330000   1.2647266e-38       1.0000000
      0.00000       4.1340000   1.2196539e-38       1.0000000
      0.00000       4.1350000   1.1761978e-38       1.0000000
      0.00000       4.1360000   1.1343000e-38       1.0000000
      0.00000       4.1370000   1.0939043e-38       1.0000000
      0.00000       4.1380000   1.0549564e-38       1.0000000
      0.00000       4.1390000   1.0174041e-38       1.0000000
      0.00000       4.1400000   9.8119715e-39       1.0000000
      0.00000       4.1410000   9.4628699e-39       1.0000000
      0.00000       4.1420000   9.1262689e-39       1.0000000
      0.00000       4.1430000   8.8017180e-39       1.0000000
      0.00000       4.1440000   8.4887831e-39       1.0000000
      0.00000       4.1450000   8.1870457e-39       1.0000000
      0.00000       4.1460000   7.8961026e-39       1.0000000
      0.00000       4.1470000   7.6155652e-39       1.0000000
      0.00000       4.1480000   7.3450590e-39       1.0000000
      0.00000       4.1490000   7.0842230e-39       1.0000000
      0.00000       4.1500000   6.8327092e-39       1.0000000
      0.00000       4.1510000   6.5901825e-39       1.0000000
      0.00000       4.1520000   6.3563195e-39       1.0000000
      0.00000       4.1530000   6.1308089e-39       1.0000000
      0.00000       4.1540000   5.9133504e-39       1.0000000
      0.00000       4.1550000   5.7036547e-39       1.0000000
      0.00000       4.1560000   5.5014429e-39       1.0000000
      0.00000       4.1570000   5.3064462e-39       1.0000000
      0.00000       4.1580000   5.1184056e-39       1.0000000
      0.00000       4.1590000   4.9370712e-39       1.0000000
      0.00000       4.1600000   4.7622024e-39       1.0000000
      0.00000       4.1610000   4.5935672e-39       1.0000000
      0.00000       4.1620000   4.4309420e-39       1.0000000
      0.00000       4.1630000   4.2741112e-39       1.0000000
      0.00000       4.1640000   4.1228669e-39       1.0000000
      0.00000       4.1650000   3.9770091e-39       1.0000000
      0.00000       4.1660000   3.8363445e-39       1.0000000
      0.00000       4.1670000   3.7006872e-39       1.0000000
      0.00000       4.1680000   3.5698577e-39       1.0000000
      0.00000       4.1690000   3.4436831e-39       1.0000000
      0.00000       4.1700000   3.3219967e-39       1.0000000
      0.00000       4.1710000   3.2046379e-39       1.0000000
      0.00000       4.1720000   3.0914518e-39       1.0000000
      0.00000       4.1730000   2.9822891e-39       1.0000000
      0.00000       4.1740000   2.8770058e-39       1.0000000
      0.00000       4.1750000   2.7754632e-39       1.0000000
      0.00000       4.1760000   2.6775275e-39       1.0000000
      0.00000       4.1770000   2.5830699e-39       1.0000000
      0.00000       4.1780000   2.4919659e-39       1.0000000
      0.00000       4.1790000   2.4040958e-39       1.0000000
      0.00000       4.1800000   2.3193441e-39       1.0000000
      0.00000       4.1810000   2.2375993e-39       1.0000000
      0.00000       4.1820000   2.1587541e-39       1.0000000
      0.00000       4.1830000   2.0827050e-39       1.0000000
      0.00000       4.1840000   2.0093522e-39       1.0000000
      0.00000       4.1850000   1.9385995e-39       1.0000000
      0.00000       4.1860000   1.8703541e-39       1.0000000
      0.00000       4.1870000   1.8045267e-39       1.0000000
      0.00000       4.1880000   1.7410310e-39       1.0000000
      0.00000       4.1890000   1.6797838e-39       1.0000000
      0.00000       4.1900000   1.6207051e-39       1.0000000
      0.00000       4.1910000   1.5637176e-39       1.0000000
      0.00000       4.1920000   1.5087468e-39       1.0000000
      0.00000       4.1930000   1.4557208e-39       1.0000000
      0.00000       4.1940000   1.4045704e-39       1.0000000
      0.00000       4.1950000   1.3552290e-39       1.0000000
      0.00000       4.1960000   1.3076319e-39       1.0000000
      0.00000       4.1970000   1.2617173e-39       1.0000000
      0.00000       4.1980000   1.2174253e-39       1.0000000
      0.00000       4.1990000   1.1746981e-39       1.0000000
      0.00000       4.2000000   1.1334801e-39       1.0000000
      0.00000       4.2010000   1.0937176e-39       1.0000000
      0.00000       4.2020000   1.0553590e-39       1.0000000
      0.00000       4.2030000   1.0183544e-39       1.0000000
      0.00000       4.2040000   9.8265562e-40       1.0000000
      0.00000       4.2050000   9.4821632e-40       1.0000000
      0.00000       4.2060000   9.1499178e-40       1.0000000
      0.00000       4.2070000   8.8293888e-40       1.0000000
      0.00000       4.2080000   8.5201605e-40       1.0000000
      0.00000       4.2090000   8.2218317e-40       1.0000000
      0.00000       4.2100000   7.9340160e-40       1.0000000
      0.00000       4.2110000   7.6563404e-40       1.0000000
      0.00000       4.2120000   7.3884454e-40       1.0000000
      0.00000       4.2130000   7.1299843e-40       1.0000000
      0.00000       4.2140000   6.8806229e-40       1.0000000
      0.00000       4.2150000   6.6400386e-40       1.0000000
      0.00000       4.2160000   6.4079205e-40       1.0000000
      0.00000       4.2170000   6.1839688e-40       1.0000000
      0.00000       4.2180000   5.9678945e-40       1.0000000
      0.00000       4.2190000   5.7594185e-40       1.0000000
      0.00000       4.2200000   5.5582721e-40       1.0000000
      0.00000       4.2210000   5.3641958e-40       1.0000000
      0.00000       4.2220000   5.1769396e-40       1.0000000
      0.00000       4.2230000   4.9962623e-40       1.0000000
      0.00000       4.2240000   4.8219313e-40       1.0000000
      0.00000       4.2250000   4.6537222e-40       1.0000000
      0.00000       4.2260000   4.4914186e-40       1.0000000
      0.00000       4.2270000   4.3348120e-40       1.0000000
      0.00000       4.2280000   4.1837011e-40       1.0000000
      0.00000       4.2290000   4.0378918e-40       1.0000000
      0.00000       4.2300000   3.8971968e-40       1.0000000
      0.00000       4.2310000   3.7614357e-40       1.0000000
      0.00000       4.2320000   3.6304344e-40       1.0000000
      0.00000       4.2330000   3.5040248e-40       1.0000000
      0.00000       4.2340000   3.3820451e-40       1.0000000
      0.00000       4.2350000   3.2643389e-40       1.0000000
      0.00000       4.2360000   3.1507557e-40       1.0000000
      0.00000       4.2370000   3.0411500e-40       1.0000000
      0.00000       4.2380000   2.9353817e-40       1.0000000
      0.00000       4.2390000   2.8333156e-40       1.0000000
      0.00000       4.2400000   2.7348213e-40       1.0000000
      0.00000       4.2410000   2.6397730e-40       1.0000000
      0.00000       4.2420000   2.5480493e-40       1.0000000
      0.00000       4.2430000   2.4595331e-40       1.0000000
      0.00000       4.2440000   2.3741118e-40       1.0000000
      0.00000       4.2450000   2.2916762e-40       1.0000000
      0.00000       4.2460000   2.2121215e-40       1.0000000
      0.00000       4.2470000   2.1353462e-40       1.0000000
      0.00000       4.2480000   2.0612527e-40       1.0000000
      0.00000       4.2490000   1.9897466e-40       1.0000000
      0.00000       4.2500000   1.9207372e-40       1.0000000
      0.00000       4.2510000   1.8541365e-40       1.0000000
      0.00000       4.2520000   1.7898600e-40       1.0000000
      0.00000       4.2530000   1.7278261e-40       1.0000000
      0.00000       4.2540000   1.6679561e-40       1.0000000
      0.00000       4.2550000   1.6101739e-40       1.0000000
      0.00000       4.2560000   1.5544063e-40       1.0000000
      0.00000       4.2570000   1.5005826e-40       1.0000000
      0.00000       4.2580000   1.4486347e-40       1.0000000
      0.00000       4.2590000   1.3984967e-40       1.0000000
      0.00000       4.2600000   1.3501051e-40       1.0000000
      0.00000       4.2610000   1.3033988e-40       1.0000000
      0.00000       4.2620000   1.2583187e-40       1.0000000
      0.00000       4.2630000   1.2148077e-40       1.0000000
      0.00000       4.2640000   1.1728110e-40       1.0000000
      0.00000       4.2650000   1.1322755e-40       1.0000000
      0.00000       4.2660000   1.0931500e-40       1.0000000
      0.00000       4.2670000   1.0553852e-40       1.0000000
      0.00000       4.2680000   1.0189335e-40       1.0000000
      0.00000       4.2690000   9.8374882e-41       1.0000000
      0.00000       4.2700000   9.4978694e-41       1.0000000
      0.00000       4.2710000   9.1700506e-41       1.0000000
      0.00000       4.2720000   8.8536193e-41       1.0000000
      0.00000       4.2730000   8.5481773e-41       1.0000000
      0.00000       4.2740000   8.2533407e-41       1.0000000
      0.00000       4.2750000   7.9687387e-41       1.0000000
      0.00000       4.2760000   7.6940139e-41       1.0000000
      0.00000       4.2770000   7.4288212e-41       1.0000000
      0.00000       4.2780000   7.1728279e-41       1.0000000
      0.00000       4.2790000   6.9257127e-41       1.0000000
      0.00000       4.2800000   6.6871658e-41       1.0000000
      0.00000       4.2810000   6.4568883e-41       1.0000000
      0.00000       4.2820000   6.2345915e-41       1.0000000
      0.00000       4.2830000   6.0199972e-41       1.0000000
      0.00000       4.2840000   5.8128367e-41       1.0000000
      0.00000       4.2850000   5.6128509e-41       1.0000000
      0.00000       4.2860000   5.4197898e-41       1.0000000
      0.00000       4.2870000   5.2334119e-41       1.0000000
      0.00000       4.2880000   5.0534846e-41       1.0000000
      0.00000       4.2890000   4.8797830e-41       1.0000000
      0.00000       4.2900000   4.7120904e-41       1.0000000
      0.00000       4.2910000   4.5501977e-41       1.0000000
      0.00000       4.2920000   4.3939029e-41       1.0000000
      0.00000       4.2930000   4.2430112e-41       1.0000000
      0.00000       4.2940000   4.0973346e-41       1.0000000
      0.00000       4.2950000   3.9566918e-41       1.0000000
      0.00000       4.2960000   3.8209077e-41       1.0000000
      0.00000       4.2970000   3.6898133e-41       1.0000000
      0.00000       4.2980000   3.5632457e-41       1.0000000
      0.00000       4.2990000   3.4410476e-41       1.0000000
      0.00000       4.3000000   3.3230671e-41       1.0000000
      0.00000       4.3010000   3.2091577e-41       1.0000000
      0.00000       4.3020000   3.0991781e-41       1.0000000
      0.00000       4.3030000   2.9929918e-41       1.0000000
      0.00000       4.3040000   2.8904672e-41       1.0000000
      0.00000       4.3050000   2.7914771e-41       1.0000000
      0.00000       4.3060000   2.6958990e-41       1.0000000
      0.00000       4.3070000   2.6036145e-41       1.0000000
      0.00000       4.3080000   2.5145093e-41       1.0000000
      0.00000       4.3090000   2.4284733e-41       1.0000000
      0.00000       4.3100000   2.3454000e-41       1.0000000
      0.00000       4.3110000   2.2651868e-41       1.0000000
      0.00000       4.3120000   2.1877345e-41       1.0000000
      0.00000       4.3130000   2.1129476e-41       1.0000000
      0.00000       4.3140000   2.0407337e-41       1.0000000
      0.00000       4.3150000   1.9710037e-41       1.0000000
      0.00000       4.3160000   1.9036717e-41       1.0000000
      0.00000       4.3170000   1.8386546e-41       1.0000000
      0.00000       4.3180000   1.7758724e-41       1.0000000
      0.00000       4.3190000   1.7152477e-41       1.0000000
      0.00000       4.3200000   1.6567059e-41       1.0000000
      0.00000       4.3210000   1.6001751e-41       1.0000000
      0.00000       4.3220000   1.5455856e-41       1.0000000
      0.00000       4.3230000   1.4928704e-41       1.0000000
      0.00000       4.3240000   1.4419648e-41       1.0000000
      0.00000       4.3250000   1.3928061e-41       1.0000000
      0.00000       4.3260000   1.3453342e-41       1.0000000
      0.00000       4.3270000   1.2994907e-41       1.0000000
      0.00000       4.3280000   1.2552194e-41       1.0000000
      0.00000       4.3290000   1.2124660e-41       1.0000000
      0.00000       4.3300000   1.1711782e-41       1.0000000
      0.00000       4.3310000   1.1313055e-41       1.0000000
      0.00000       4.3320000   1.0927989e-41       1.0000000
      0.00000       4.3330000   1.0556114e-41       1.0000000
      0.00000       4.3340000   1.0196976e-41       1.0000000
      0.00000       4.3350000   9.8501348e-42       1.0000000
      0.00000       4.3360000   9.5151670e-42       1.0000000
      0.00000       4.3370000   9.1916636e-42       1.0000000
      0.00000       4.3380000   8.8792298e-42       1.0000000
      0.00000       4.3390000   8.5774842e-42       1.0000000
      0.00000       4.3400000   8.2860589e-42       1.0000000
      0.00000       4.3410000   8.0045988e-42       1.0000000
      0.00000       4.3420000   7.7327608e-42       1.0000000
      0.00000       4.3430000   7.4702140e-42       1.0000000
      0.00000       4.3440000   7.2166386e-42       1.0000000
      0.00000       4.3450000   6.9717263e-42       1.0000000
      0.00000       4.3460000   6.7351791e-42       1.0000000
      0.00000       4.3470000   6.5067095e-42       1.0000000
      0.00000       4.3480000   6.2860399e-42       1.0000000
      0.00000       4.3490000   6.0729023e-42       1.0000000
      0.00000       4.3500000   5.8670380e-42       1.0000000
      0.00000       4.3510000   5.6681972e-42       1.0000000
      0.00000       4.3520000   5.4761387e-42       1.0000000
      0.00000       4.3530000   5.2906298e-42       1.0000000
      0.00000       4.3540000   5.1114456e-42       1.0000000
      0.00000       4.3550000   4.9383691e-42       1.0000000
      0.00000       4.3560000   4.7711908e-42       1.0000000
      0.00000       4.3570000   4.6097084e-42       1.0000000
      0.00000       4.3580000   4.4537267e-42       1.0000000
      0.00000       4.3590000   4.3030569e-42       1.0000000
      0.00000       4.3600000   4.1575172e-42       1.0000000
      0.00000       4.3610000   4.0169317e-42       1.0000000
      0.00000       4.3620000   3.8811306e-42       1.0000000
      0.00000       4.3630000   3.7499502e-42       1.0000000
      0.00000       4.3640000   3.6232321e-42       1.0000000
      0.00000       4.3650000   3.5008237e-42       1.0000000
      0.00000       4.3660000   3.3825774e-42       1.0000000
      0.00000       4.3670000   3.2683507e-42       1.0000000
      0.00000       4.3680000   3.1580063e-42       1.0000000
      0.00000       4.3690000   3.0514112e-42       1.0000000
      0.00000       4.3700000   2.9484373e-42       1.0000000
      0.00000       4.3710000   2.8489608e-42       1.0000000
      0.00000       4.3720000   2.7528621e-42       1.0000000
      0.00000       4.3730000   2.6600258e-42       1.0000000
      0.00000       4.3740000   2.5703404e-42       1.0000000
      0.00000       4.3750000   2.4836983e-42       1.0000000
      0.00000       4.3760000   2.3999956e-42       1.0000000
      0.00000       4.3770000   2.3191319e-42       1.0000000
      0.00000       4.3780000   2.2410103e-42       1.0000000
      0.00000       4.3790000   2.1655373e-42       1.0000000
      0.00000       4.3800000   2.0926224e-42       1.0000000
      0.00000       4.3810000   2.0221784e-42       1.0000000
      0.00000       4.3820000   1.9541210e-42       1.0000000
      0.00000       4.3830000   1.8883689e-42       1.0000000
      0.00000       4.3840000   1.8248435e-42       1.0000000
      0.00000       4.3850000   1.7634688e-42       1.0000000
      0.00000       4.3860000   1.7041717e-42       1.0000000
      0.00000       4.3870000   1.6468812e-42       1.0000000
      0.00000       4.3880000   1.5915292e-42       1.0000000
      0.00000       4.3890000   1.5380495e-42       1.0000000
      0.00000       4.3900000   1.4863785e-42       1.0000000
      0.00000       4.3910000   1.4364545e-42       1.0000000
      0.00000       4.3920000   1.3882182e-42       1.0000000
      0.00000       4.3930000   1.3416121e-42       1.0000000
      0.00000       4.3940000   1.2965807e-42       1.0000000
      0.00000       4.3950000   1.2530706e-42       1.0000000
      0.00000       4.3960000   1.2110299e-42       1.0000000
      0.00000       4.3970000   1.1704089e-42       1.0000000
      0.00000       4.3980000   1.1311591e-42       1.0000000
      0.00000       4.3990000   1.0932340e-42       1.0000000
      0.00000       4.4000000   1.0565887e-42       1.0000000
      0.00000       4.4010000   1.0211797e-42       1.0000000
      0.00000       4.4020000   9.8696491e-43       1.0000000
      0.00000       4.4030000   9.5390390e-43       1.0000000
      0.00000       4.4040000   9.2195750e-43       1.0000000
      0.00000       4.4050000   8.9108787e-43       1.0000000
      0.00000       4.4060000   8.6125850e-43       1.0000000
      0.00000       4.4070000   8.3243411e-43       1.0000000
      0.00000       4.4080000   8.0458062e-43       1.0000000
      0.00000       4.4090000   7.7766512e-43       1.0000000
      0.00000       4.4100000   7.5165582e-43       1.0000000
      0.00000       4.4110000   7.2652201e-43       1.0000000
      0.00000       4.4120000   7.0223404e-43       1.0000000
      0.00000       4.4130000   6.7876326e-43       1.0000000
      0.00000       4.4140000   6.5608200e-43       1.0000000
      0.00000       4.4150000   6.3416352e-43       1.0000000
      0.00000       4.4160000   6.1298202e-43       1.0000000
      0.00000       4.4170000   5.9251255e-43       1.0000000
      0.00000       4.4180000   5.7273103e-43       1.0000000
      0.00000       4.4190000   5.5361419e-43       1.0000000
      0.00000       4.4200000   5.3513954e-43       1.0000000
      0.00000       4.4210000   5.1728539e-43       1.0000000
      0.00000       4.4220000   5.0003075e-43       1.0000000
      0.00000       4.4230000   4.8335536e-43       1.0000000
      0.00000       4.4240000   4.6723966e-43       1.0000000
      0.00000       4.4250000   4.5166474e-43       1.0000000
      0.00000       4.4260000   4.3661234e-43       1.0000000
      0.00000       4.4270000   4.2206481e-43       1.0000000
      0.00000       4.4280000   4.0800512e-43       1.0000000
      0.00000       4.4290000   3.9441680e-43       1.0000000
      0.00000       4.4300000   3.8128394e-43       1.0000000
      0.00000       4.4310000   3.6859118e-43       1.0000000
      0.00000       4.4320000   3.5632368e-43       1.0000000
      0.00000       4.4330000   3.4446710e-43       1.0000000
      0.00000       4.4340000   3.3300759e-43       1.0000000
      0.00000       4.4350000   3.2193176e-43       1.0000000
      0.00000       4.4360000   3.1122668e-43       1.0000000
      0.00000       4.4370000   3.0087987e-43       1.0000000
      0.00000       4.4380000   2.9087926e-43       1.0000000
      0.00000       4.4390000   2.8121319e-43       1.0000000
      0.00000       4.4400000   2.7187040e-43       1.0000000
      0.00000       4.4410000   2.6284001e-43       1.0000000
      0.00000       4.4420000   2.5411150e-43       1.0000000
      0.00000       4.4430000   2.4567471e-43       1.0000000
      0.00000       4.4440000   2.3751985e-43       1.0000000
      0.00000       4.4450000   2.2963742e-43       1.0000000
      0.00000       4.4460000   2.2201826e-43       1.0000000
      0.00000       4.4470000   2.1465353e-43       1.0000000
      0.00000       4.4480000   2.0753467e-43       1.0000000
      0.00000       4.4490000   2.0065343e-43       1.0000000
      0.00000       4.4500000   1.9400182e-43       1.0000000
      0.00000       4.4510000   1.8757213e-43       1.0000000
      0.00000       4.4520000   1.8135691e-43       1.0000000
      0.00000       4.4530000   1.7534895e-43       1.0000000
      0.00000       4.4540000   1.6954131e-43       1.0000000
      0.00000       4.4550000   1.6392726e-43       1.0000000
      0.00000       4.4560000   1.5850031e-43       1.0000000
      0.00000       4.4570000   1.5325418e-43       1.0000000
      0.00000       4.4580000   1.4818281e-43       1.0000000
      0.00000       4.4590000   1.4328034e-43       1.0000000
      0.00000       4.4600000   1.3854110e-43       1.0000000
      0.00000       4.4610000   1.3395964e-43       1.0000000
      0.00000       4.4620000   1.2953065e-43       1.0000000
      0.00000       4.4630000   1.2524904e-43       1.0000000
      0.00000       4.4640000   1.2110988e-43       1.0000000
      0.00000       4.4650000   1.1710838e-43       1.0000000
      0.00000       4.4660000   1.1323994e-43       1.0000000
      0.00000       4.4670000   1.0950011e-43       1.0000000
      0.00000       4.4680000   1.0588459e-43       1.0000000
      0.00000       4.4690000   1.0238922e-43       1.0000000
      0.00000       4.4700000   9.9009981e-44       1.0000000
      0.00000       4.4710000   9.5742985e-44       1.0000000
      0.00000       4.4720000   9.2584485e-44       1.0000000
      0.00000       4.4730000   8.9530852e-44       1.0000000
      0.00000       4.4740000   8.6578585e-44       1.0000000
      0.00000       4.4750000   8.3724295e-44       1.0000000
      0.00000       4.4760000   8.0964710e-44       1.0000000
      0.00000       4.4770000   7.8296669e-44       1.0000000
      0.00000       4.4780000   7.5717115e-44       1.0000000
      0.00000       4.4790000   7.3223094e-44       1.0000000
      0.00000       4.4800000   7.0811753e-44       1.0000000
      0.00000       4.4810000   6.8480332e-44       1.0000000
      0.00000       4.4820000   6.6226166e-44       1.0000000
      0.00000       4.4830000   6.4046679e-44       1.0000000
      0.00000       4.4840000   6.1939380e-44       1.0000000
      0.00000       4.4850000   5.9901864e-44       1.0000000
      0.00000       4.4860000   5.7931805e-44       1.0000000
      0.00000       4.4870000   5.6026954e-44       1.0000000
      0.00000       4.4880000   5.4185141e-44       1.0000000
      0.00000       4.4890000   5.2404265e-44       1.0000000
      0.00000       4.4900000   5.0682298e-44       1.0000000
      0.00000       4.4910000   4.9017277e-44       1.0000000
      0.00000       4.4920000   4.7407309e-44       1.0000000
      0.00000       4.4930000   4.5850561e-44       1.0000000
      0.00000       4.4940000   4.4345263e-44       1.0000000
      0.00000       4.4950000   4.2889703e-44       1.0000000
      0.00000       4.4960000   4.1482227e-44       1.0000000
      0.00000       4.4970000   4.0121237e-44       1.0000000
      0.00000       4.4980000   3.8805187e-44       1.0000000
      0.00000       4.4990000   3.7532584e-44       1.0000000
      0.00000       4.5000000   3.6301986e-44       1.0000000
      0.00000       4.5010000   3.5111995e-44       1.0000000
      0.00000       4.5020000   3.3961264e-44       1.0000000
      0.00000       4.5030000   3.2848489e-44       1.0000000
      0.00000       4.5040000   3.1772411e-44       1.0000000
      0.00000       4.5050000   3.0731811e-44       1.0000000
      0.00000       4.5060000   2.9725512e-44       1.0000000
      0.00000       4.5070000   2.8752376e-44       1.0000000
      0.00000       4.5080000   2.7811303e-44       1.0000000
      0.00000       4.5090000   2.6901231e-44       1.0000000
      0.00000       4.5100000   2.6021131e-44       1.0000000
      0.00000       4.5110000   2.5170010e-44       1.0000000
      0.00000       4.5120000   2.4346907e-44       1.0000000
      0.00000       4.5130000   2.3550895e-44       1.0000000
      0.00000       4.5140000   2.2781076e-44       1.0000000
      0.00000       4.5150000   2.2036583e-44       1.0000000
      0.00000       4.5160000   2.1316577e-44       1.0000000
      0.00000       4.5170000   2.0620247e-44       1.0000000
      0.00000       4.5180000   1.9946810e-44       1.0000000
      0.00000       4.5190000   1.9295509e-44       1.0000000
      0.00000       4.5200000   1.8665612e-44       1.0000000
      0.00000       4.5210000   1.8056409e-44       1.0000000
      0.00000       4.5220000   1.7467218e-44       1.0000000
      0.00000       4.5230000   1.6897377e-44       1.0000000
      0.00000       4.5240000   1.6346245e-44       1.0000000
      0.00000       4.5250000   1.5813205e-44       1.0000000
      0.00000       4.5260000   1.5297660e-44       1.0000000
      0.00000       4.5270000   1.4799031e-44       1.0000000
      0.00000       4.5280000   1.4316759e-44       1.0000000
      0.00000       4.5290000   1.3850305e-44       1.0000000
      0.00000       4.5300000   1.3399147e-44       1.0000000
      0.00000       4.5310000   1.2962779e-44       1.0000000
      0.00000       4.5320000   1.2540714e-44       1.0000000
      0.00000       4.5330000   1.2132480e-44       1.0000000
      0.00000       4.5340000   1.1737621e-44       1.0000000
      0.00000       4.5350000   1.1355695e-44       1.0000000
      0.00000       4.5360000   1.0986277e-44       1.0000000
      0.00000       4.5370000   1.0628955e-44       1.0000000
      0.00000       4.5380000   1.0283329e-44       1.0000000
      0.00000       4.5390000   9.9490138e-45       1.0000000
      0.00000       4.5400000   9.6256378e-45       1.0000000
      0.00000       4.5410000   9.3128404e-45       1.0000000
      0.00000       4.5420000   9.0102733e-45       1.0000000
      0.00000       4.5430000   8.7175997e-45       1.0000000
      0.00000       4.5440000   8.4344941e-45       1.0000000
      0.00000       4.5450000   8.1606417e-45       1.0000000
      0.00000       4.5460000   7.8957381e-45       1.0000000
      0.00000       4.5470000   7.6394891e-45       1.0000000
      0.00000       4.5480000   7.3916100e-45       1.0000000
      0.00000       4.5490000   7.1518257e-45       1.0000000
      0.00000       4.5500000   6.9198702e-45       1.0000000
      0.00000       4.5510000   6.6954862e-45       1.0000000
      0.00000       4.5520000   6.4784250e-45       1.0000000
      0.00000       4.5530000   6.2684461e-45       1.0000000
      0.00000       4.5540000   6.0653170e-45       1.0000000
      0.00000       4.5550000   5.8688127e-45       1.0000000
      0.00000       4.5560000   5.6787158e-45       1.0000000
      0.00000       4.5570000   5.4948160e-45       1.0000000
      0.00000       4.5580000   5.3169101e-45       1.0000000
      0.00000       4.5590000   5.1448014e-45       1.0000000
      0.00000       4.5600000   4.9782998e-45       1.0000000
      0.00000       4.5610000   4.8172214e-45       1.0000000
      0.00000       4.5620000   4.6613885e-45       1.0000000
      0.00000       4.5630000   4.5106292e-45       1.0000000
      0.00000       4.5640000   4.3647772e-45       1.0000000
      0.00000       4.5650000   4.2236718e-45       1.0000000
      0.00000       4.5660000   4.0871575e-45       1.0000000
      0.00000       4.5670000   3.9550839e-45       1.0000000
      0.00000       4.5680000   3.8273058e-45       1.0000000
      0.00000       4.5690000   3.7036824e-45       1.0000000
      0.00000       4.5700000   3.5840779e-45       1.0000000
      0.00000       4.5710000   3.4683607e-45       1.0000000
      0.00000       4.5720000   3.3564037e-45       1.0000000
      0.00000       4.5730000   3.2480839e-45       1.0000000
      0.00000       4.5740000   3.1432824e-45       1.0000000
      0.00000       4.5750000   3.0418843e-45       1.0000000
      0.00000       4.5760000   2.9437782e-45       1.0000000
      0.00000       4.5770000   2.8488565e-45       1.0000000
      0.00000       4.5780000   2.7570154e-45       1.0000000
      0.00000       4.5790000   2.6681541e-45       1.0000000
      0.00000       4.5800000   2.5821754e-45       1.0000000
      0.00000       4.5810000   2.4989852e-45       1.0000000
      0.00000       4.5820000   2.4184923e-45       1.0000000
      0.00000       4.5830000   2.3406089e-45       1.0000000
      0.00000       4.5840000   2.2652498e-45       1.0000000
      0.00000       4.5850000   2.1923326e-45       1.0000000
      0.00000       4.5860000   2.1217777e-45       1.0000000
      0.00000       4.5870000   2.0535081e-45       1.0000000
      0.00000       4.5880000   1.9874493e-45       1.0000000
      0.00000       4.5890000   1.9235292e-45       1.0000000
      0.00000       4.5900000   1.8616782e-45       1.0000000
      0.00000       4.5910000   1.8018288e-45       1.0000000
      0.00000       4.5920000   1.7439159e-45       1.0000000
      0.00000       4.5930000   1.6878764e-45       1.0000000
      0.00000       4.5940000   1.6336492e-45       1.0000000
      0.00000       4.5950000   1.5811755e-45       1.0000000
      0.00000       4.5960000   1.5303982e-45       1.0000000
      0.00000       4.5970000   1.4812620e-45       1.0000000
      0.00000       4.5980000   1.4337136e-45       1.0000000
      0.00000       4.5990000   1.3877013e-45       1.0000000
      0.00000       4.6000000   1.3431753e-45       1.0000000
      0.00000       4.6010000   1.3000871e-45       1.0000000
      0.00000       4.6020000   1.2583901e-45       1.0000000
      0.00000       4.6030000   1.2180390e-45       1.0000000
      0.00000       4.6040000   1.1789902e-45       1.0000000
      0.00000       4.6050000   1.1412013e-45       1.0000000
      0.00000       4.6060000   1.1046314e-45       1.0000000
      0.00000       4.6070000   1.0692410e-45       1.0000000
      0.00000       4.6080000   1.0349917e-45       1.0000000
      0.00000       4.6090000   1.0018466e-45       1.0000000
      0.00000       4.6100000   9.6976976e-46       1.0000000
      0.00000       4.6110000   9.3872657e-46       1.0000000
      0.00000       4.6120000   9.0868352e-46       1.0000000
      0.00000       4.6130000   8.7960817e-46       1.0000000
      0.00000       4.6140000   8.5146915e-46       1.0000000
      0.00000       4.6150000   8.2423612e-46       1.0000000
      0.00000       4.6160000   7.9787971e-46       1.0000000
      0.00000       4.6170000   7.7237154e-46       1.0000000
      0.00000       4.6180000   7.4768412e-46       1.0000000
      0.00000       4.6190000   7.2379088e-46       1.0000000
      0.00000       4.6200000   7.0066611e-46       1.0000000
      0.00000       4.6210000   6.7828493e-46       1.0000000
      0.00000       4.6220000   6.5662328e-46       1.0000000
      0.00000       4.6230000   6.3565787e-46       1.0000000
      0.00000       4.6240000   6.1536619e-46       1.0000000
      0.00000       4.6250000   5.9572645e-46       1.0000000
      0.00000       4.6260000   5.7671757e-46       1.0000000
      0.00000       4.6270000   5.5831915e-46       1.0000000
      0.00000       4.6280000   5.4051146e-46       1.0000000
      0.00000       4.6290000   5.2327541e-46       1.0000000
      0.00000       4.6300000   5.0659254e-46       1.0000000
      0.00000       4.6310000   4.9044498e-46       1.0000000
      0.00000       4.6320000   4.7481545e-46       1.0000000
      0.00000       4.6330000   4.5968720e-46       1.0000000
      0.00000       4.6340000   4.4504408e-46       1.0000000
      0.00000       4.6350000   4.3087041e-46       1.0000000
      0.00000       4.6360000   4.1715106e-46       1.0000000
      0.00000       4.6370000   4.0387136e-46       1.0000000
      0.00000       4.6380000   3.9101714e-46       1.0000000
      0.00000       4.6390000   3.7857468e-46       1.0000000
      0.00000       4.6400000   3.6653070e-46       1.0000000
      0.00000       4.6410000   3.5487237e-46       1.0000000
      0.00000       4.6420000   3.4358724e-46       1.0000000
      0.00000       4.6430000   3.3266330e-46       1.0000000
      0.00000       4.6440000   3.2208892e-46       1.0000000
      0.00000       4.6450000   3.1185283e-46       1.0000000
      0.00000       4.6460000   3.0194415e-46       1.0000000
      0.00000       4.6470000   2.9235234e-46       1.0000000
      0.00000       4.6480000   2.8306719e-46       1.0000000
      0.00000       4.6490000   2.7407885e-46       1.0000000
      0.00000       4.6500000   2.6537775e-46       1.0000000
      0.00000       4.6510000   2.5695467e-46       1.0000000
      0.00000       4.6520000   2.4880067e-46       1.0000000
      0.00000       4.6530000   2.4090708e-46       1.0000000
      0.00000       4.6540000   2.3326555e-46       1.0000000
      0.00000       4.6550000   2.2586797e-46       1.0000000
      0.00000       4.6560000   2.1870650e-46       1.0000000
      0.00000       4.6570000   2.1177357e-46       1.0000000
      0.00000       4.6580000   2.0506182e-46       1.0000000
      0.00000       4.6590000   1.9856417e-46       1.0000000
      0.00000       4.6600000   1.9227373e-46       1.0000000
      0.00000       4.6610000   1.8618385e-46       1.0000000
      0.00000       4.6620000   1.8028810e-46       1.0000000
      0.00000       4.6630000   1.7458026e-46       1.0000000
      0.00000       4.6640000   1.6905428e-46       1.0000000
      0.00000       4.6650000   1.6370435e-46       1.0000000
      0.00000       4.6660000   1.5852482e-46       1.0000000
      0.00000       4.6670000   1.5351023e-46       1.0000000
      0.00000       4.6680000   1.4865528e-46       1.0000000
      0.00000       4.6690000   1.4395487e-46       1.0000000
      0.00000       4.6700000   1.3940404e-46       1.0000000
      0.00000       4.6710000   1.3499801e-46       1.0000000
      0.00000       4.6720000   1.3073213e-46       1.0000000
      0.00000       4.6730000   1.2660192e-46       1.0000000
      0.00000       4.6740000   1.2260304e-46       1.0000000
      0.00000       4.6750000   1.1873128e-46       1.0000000
      0.00000       4.6760000   1.1498259e-46       1.0000000
      0.00000       4.6770000   1.1135301e-46       1.0000000
      0.00000       4.6780000   1.0783874e-46       1.0000000
      0.00000       4.6790000   1.0443611e-46       1.0000000
      0.00000       4.6800000   1.0114152e-46       1.0000000
      0.00000       4.6810000   9.7951542e-47       1.0000000
      0.00000       4.6820000   9.4862822e-47       1.0000000
      0.00000       4.6830000   9.1872128e-47       1.0000000
      0.00000       4.6840000   8.8976329e-47       1.0000000
      0.00000       4.6850000   8.6172395e-47       1.0000000
      0.00000       4.6860000   8.3457391e-47       1.0000000
      0.00000       4.6870000   8.0828481e-47       1.0000000
      0.00000       4.6880000   7.8282916e-47       1.0000000
      0.00000       4.6890000   7.5818037e-47       1.0000000
      0.00000       4.6900000   7.3431270e-47       1.0000000
      0.00000       4.6910000   7.1120124e-47       1.0000000
      0.00000       4.6920000   6.8882187e-47       1.0000000
      0.00000       4.6930000   6.6715126e-47       1.0000000
      0.00000       4.6940000   6.4616682e-47       1.0000000
      0.00000       4.6950000   6.2584668e-47       1.0000000
      0.00000       4.6960000   6.0616968e-47       1.0000000
      0.00000       4.6970000   5.8711533e-47       1.0000000
      0.00000       4.6980000   5.6866380e-47       1.0000000
      0.00000       4.6990000   5.5079589e-47       1.0000000
      0.00000       4.7000000   5.3349304e-47       1.0000000
      0.00000       4.7010000   5.1673725e-47       1.0000000
      0.00000       4.7020000   5.0051112e-47       1.0000000
      0.00000       4.7030000   4.8479779e-47       1.0000000
      0.00000       4.7040000   4.6958097e-47       1.0000000
      0.00000       4.7050000   4.5484485e-47       1.0000000
      0.00000       4.7060000   4.4057416e-47       1.0000000
      0.00000       4.7070000   4.2675410e-47       1.0000000
      0.00000       4.7080000   4.1337035e-47       1.0000000
      0.00000       4.7090000   4.0040904e-47       1.0000000
      0.00000       4.7100000   3.8785677e-47       1.0000000
      0.00000       4.7110000   3.7570053e-47       1.0000000
      0.00000       4.7120000   3.6392776e-47       1.0000000
      0.00000       4.7130000   3.5252627e-47       1.0000000
      0.00000       4.7140000   3.4148428e-47       1.0000000
      0.00000       4.7150000   3.3079039e-47       1.0000000
      0.00000       4.7160000   3.2043355e-47       1.0000000
      0.00000       4.7170000   3.1040307e-47       1.0000000
      0.00000       4.7180000   3.0068860e-47       1.0000000
      0.00000       4.7190000   2.9128012e-47       1.0000000
      0.00000       4.7200000   2.8216793e-47       1.0000000
      0.00000       4.7210000   2.7334264e-47       1.0000000
      0.00000       4.7220000   2.6479515e-47       1.0000000
      0.00000       4.7230000   2.5651668e-47       1.0000000
      0.00000       4.7240000   2.4849869e-47       1.0000000
      0.00000       4.7250000   2.4073294e-47       1.0000000
      0.00000       4.7260000   2.3321144e-47       1.0000000
      0.00000       4.7270000   2.2592646e-47       1.0000000
      0.00000       4.7280000   2.1887052e-47       1.0000000
      0.00000       4.7290000   2.1203636e-47       1.0000000
      0.00000       4.7300000   2.0541698e-47       1.0000000
      0.00000       4.7310000   1.9900557e-47       1.0000000
      0.00000       4.7320000   1.9279557e-47       1.0000000
      0.00000       4.7330000   1.8678060e-47       1.0000000
      0.00000       4.7340000   1.8095451e-47       1.0000000
      0.00000       4.7350000   1.7531131e-47       1.0000000
      0.00000       4.7360000   1.6984524e-47       1.0000000
      0.00000       4.7370000   1.6455070e-47       1.0000000
      0.00000       4.7380000   1.5942227e-47       1.0000000
      0.00000       4.7390000   1.5445470e-47       1.0000000
      0.00000       4.7400000   1.4964293e-47       1.0000000
      0.00000       4.7410000   1.4498202e-47       1.0000000
      0.00000       4.7420000   1.4046722e-47       1.0000000
      0.00000       4.7430000   1.3609393e-47       1.0000000
      0.00000       4.7440000   1.3185767e-47       1.0000000
      0.00000       4.7450000   1.2775412e-47       1.0000000
      0.00000       4.7460000   1.2377911e-47       1.0000000
      0.00000       4.7470000   1.1992858e-47       1.0000000
      0.00000       4.7480000   1.1619860e-47       1.0000000
      0.00000       4.7490000   1.1258538e-47       1.0000000
      0.00000       4.7500000   1.0908524e-47       1.0000000
      0.00000       4.7510000   1.0569462e-47       1.0000000
      0.00000       4.7520000   1.0241007e-47       1.0000000
      0.00000       4.7530000   9.9228243e-48       1.0000000
      0.00000       4.7540000   9.6145915e-48       1.0000000
      0.00000       4.7550000   9.3159952e-48       1.0000000
      0.00000       4.7560000   9.0267321e-48       1.0000000
      0.00000       4.7570000   8.7465087e-48       1.0000000
      0.00000       4.7580000   8.4750407e-48       1.0000000
      0.00000       4.7590000   8.2120527e-48       1.0000000
      0.00000       4.7600000   7.9572781e-48       1.0000000
      0.00000       4.7610000   7.7104589e-48       1.0000000
      0.00000       4.7620000   7.4713449e-48       1.0000000
      0.00000       4.7630000   7.2396941e-48       1.0000000
      0.00000       4.7640000   7.0152722e-48       1.0000000
      0.00000       4.7650000   6.7978519e-48       1.0000000
      0.00000       4.7660000   6.5872136e-48       1.0000000
      0.00000       4.7670000   6.3831442e-48       1.0000000
      0.00000       4.7680000   6.1854377e-48       1.0000000
      0.00000       4.7690000   5.9938943e-48       1.0000000
      0.00000       4.7700000   5.8083207e-48       1.0000000
      0.00000       4.7710000   5.6285297e-48       1.0000000
      0.00000       4.7720000   5.4543399e-48       1.0000000
      0.00000       4.7730000   5.2855756e-48       1.0000000
      0.00000       4.7740000   5.1220669e-48       1.0000000
      0.00000       4.7750000   4.9636489e-48       1.0000000
      0.00000       4.7760000   4.8101623e-48       1.0000000
      0.00000       4.7770000   4.6614524e-48       1.0000000
      0.00000       4.7780000   4.5173697e-48       1.0000000
      0.00000       4.7790000   4.3777693e-48       1.0000000
      0.00000       4.7800000   4.2425108e-48       1.0000000
      0.00000       4.7810000   4.1114583e-48       1.0000000
      0.00000       4.7820000   3.9844802e-48       1.0000000
      0.00000       4.7830000   3.8614491e-48       1.0000000
      0.00000       4.7840000   3.7422414e-48       1.0000000
      0.00000       4.7850000   3.6267375e-48       1.0000000
      0.00000       4.7860000   3.5148217e-48       1.0000000
      0.00000       4.7870000   3.4063818e-48       1.0000000
      0.00000       4.7880000   3.3013091e-48       1.0000000
      0.00000       4.7890000   3.1994983e-48       1.0000000
      0.00000       4.7900000   3.1008477e-48       1.0000000
      0.00000       4.7910000   3.0052584e-48       1.0000000
      0.00000       4.7920000   2.9126348e-48       1.0000000
      0.00000       4.7930000   2.8228844e-48       1.0000000
      0.00000       4.7940000   2.7359175e-48       1.0000000
      0.00000       4.7950000   2.6516471e-48       1.0000000
      0.00000       4.7960000   2.5699891e-48       1.0000000
      0.00000       4.7970000   2.4908620e-48       1.0000000
      0.00000       4.7980000   2.4141870e-48       1.0000000
      0.00000       4.7990000   2.3398874e-48       1.0000000
      0.00000       4.8000000   2.2678892e-48       1.0000000
      0.00000       4.8010000   2.1981208e-48       1.0000000
      0.00000       4.8020000   2.1305125e-48       1.0000000
      0.00000       4.8030000   2.0649971e-48       1.0000000
      0.00000       4.8040000   2.0015094e-48       1.0000000
      0.00000       4.8050000   1.9399862e-48       1.0000000
      0.00000       4.8060000   1.8803664e-48       1.0000000
      0.00000       4.8070000   1.8225906e-48       1.0000000
      0.00000       4.8080000   1.7666015e-48       1.0000000
      0.00000       4.8090000   1.7123435e-48       1.0000000
      0.00000       4.8100000   1.6597627e-48       1.0000000
      0.00000       4.8110000   1.6088069e-48       1.0000000
      0.00000       4.8120000   1.5594255e-48       1.0000000
      0.00000       4.8130000   1.5115698e-48       1.0000000
      0.00000       4.8140000   1.4651921e-48       1.0000000
      0.00000       4.8150000   1.4202465e-48       1.0000000
      0.00000       4.8160000   1.3766886e-48       1.0000000
      0.00000       4.8170000   1.3344752e-48       1.0000000
      0.00000       4.8180000   1.2935645e-48       1.0000000
      0.00000       4.8190000   1.2539162e-48       1.0000000
      0.00000       4.8200000   1.2154909e-48       1.0000000
      0.00000       4.8210000   1.1782507e-48       1.0000000
      0.00000       4.8220000   1.1421589e-48       1.0000000
      0.00000       4.8230000   1.1071798e-48       1.0000000
      0.00000       4.8240000   1.0732789e-48       1.0000000
      0.00000       4.8250000   1.0404226e-48       1.0000000
      0.00000       4.8260000   1.0085787e-48       1.0000000
      0.00000       4.8270000   9.7771578e-49       1.0000000
      0.00000       4.8280000   9.4780333e-49       1.0000000
      0.00000       4.8290000   9.1881195e-49       1.0000000
      0.00000       4.8300000   8.9071309e-49       1.0000000
      0.00000       4.8310000   8.6347908e-49       1.0000000
      0.00000       4.8320000   8.3708316e-49       1.0000000
      0.00000       4.8330000   8.1149935e-49       1.0000000
      0.00000       4.8340000   7.8670251e-49       1.0000000
      0.00000       4.8350000   7.6266828e-49       1.0000000
      0.00000       4.8360000   7.3937305e-49       1.0000000
      0.00000       4.8370000   7.1679396e-49       1.0000000
      0.00000       4.8380000   6.9490885e-49       1.0000000
      0.00000       4.8390000   6.7369625e-49       1.0000000
      0.00000       4.8400000   6.5313536e-49       1.0000000
      0.00000       4.8410000   6.3320604e-49       1.0000000
      0.00000       4.8420000   6.1388876e-49       1.0000000
      0.00000       4.8430000   5.9516460e-49       1.0000000
      0.00000       4.8440000   5.7701523e-49       1.0000000
      0.00000       4.8450000   5.5942290e-49       1.0000000
      0.00000       4.8460000   5.4237039e-49       1.0000000
      0.00000       4.8470000   5.2584105e-49       1.0000000
      0.00000       4.8480000   5.0981871e-49       1.0000000
      0.00000       4.8490000   4.9428773e-49       1.0000000
      0.00000       4.8500000   4.7923293e-49       1.0000000
      0.00000       4.8510000   4.6463963e-49       1.0000000
      0.00000       4.8520000   4.5049359e-49       1.0000000
      0.00000       4.8530000   4.3678101e-49       1.0000000
      0.00000       4.8540000   4.2348852e-49       1.0000000
      0.00000       4.8550000   4.1060318e-49       1.0000000
      0.00000       4.8560000   3.9811243e-49       1.0000000
      0.00000       4.8570000   3.8600411e-49       1.0000000
      0.00000       4.8580000   3.7426643e-49       1.0000000
      0.00000       4.8590000   3.6288798e-49       1.0000000
      0.00000       4.8600000   3.5185770e-49       1.0000000
      0.00000       4.8610000   3.4116485e-49       1.0000000
      0.00000       4.8620000   3.3079906e-49       1.0000000
      0.00000       4.8630000   3.2075025e-49       1.0000000
      0.00000       4.8640000   3.1100868e-49       1.0000000
      0.00000       4.8650000   3.0156487e-49       1.0000000
      0.00000       4.8660000   2.9240969e-49       1.0000000
      0.00000       4.8670000   2.8353424e-49       1.0000000
      0.00000       4.8680000   2.7492992e-49       1.0000000
      0.00000       4.8690000   2.6658841e-49       1.0000000
      0.00000       4.8700000   2.5850162e-49       1.0000000
      0.00000       4.8710000   2.5066172e-49       1.0000000
      0.00000       4.8720000   2.4306112e-49       1.0000000
      0.00000       4.8730000   2.3569249e-49       1.0000000
      0.00000       4.8740000   2.2854868e-49       1.0000000
      0.00000       4.8750000   2.2162280e-49       1.0000000
      0.00000       4.8760000   2.1490816e-49       1.0000000
      0.00000       4.8770000   2.0839827e-49       1.0000000
      0.00000       4.8780000   2.0208685e-49       1.0000000
      0.00000       4.8790000   1.9596781e-49       1.0000000
      0.00000       4.8800000   1.9003524e-49       1.0000000
      0.00000       4.8810000   1.8428343e-49       1.0000000
      0.00000       4.8820000   1.7870684e-49       1.0000000
      0.00000       4.8830000   1.7330010e-49       1.0000000
      0.00000       4.8840000   1.6805799e-49       1.0000000
      0.00000       4.8850000   1.6297547e-49       1.0000000
      0.00000       4.8860000   1.5804765e-49       1.0000000
      0.00000       4.8870000   1.5326980e-49       1.0000000
      0.00000       4.8880000   1.4863732e-49       1.0000000
      0.00000       4.8890000   1.4414575e-49       1.0000000
      0.00000       4.8900000   1.3979080e-49       1.0000000
      0.00000       4.8910000   1.3556826e-49       1.0000000
      0.00000       4.8920000   1.3147410e-49       1.0000000
      0.00000       4.8930000   1.2750437e-49       1.0000000
      0.00000       4.8940000   1.2365529e-49       1.0000000
      0.00000       4.8950000   1.1992315e-49       1.0000000
      0.00000       4.8960000   1.1630438e-49       1.0000000
      0.00000       4.8970000   1.1279552e-49       1.0000000
      0.00000       4.8980000   1.0939320e-49       1.0000000
      0.00000       4.8990000   1.0609417e-49       1.0000000
      0.00000       4.9000000   1.0289528e-49       1.0000000
      0.00000       4.9010000   9.9793457e-50       1.0000000
      0.00000       4.9020000   9.6785747e-50       1.0000000
      0.00000       4.9030000   9.3869274e-50       1.0000000
      0.00000       4.9040000   9.1041251e-50       1.0000000
      0.00000       4.9050000   8.8298980e-50       1.0000000
      0.00000       4.9060000   8.5639843e-50       1.0000000
      0.00000       4.9070000   8.3061305e-50       1.0000000
      0.00000       4.9080000   8.0560905e-50       1.0000000
      0.00000       4.9090000   7.8136262e-50       1.0000000
      0.00000       4.9100000   7.5785065e-50       1.0000000
      0.00000       4.9110000   7.3505075e-50       1.0000000
      0.00000       4.9120000   7.1294122e-50       1.0000000
      0.00000       4.9130000   6.9150102e-50       1.0000000
      0.00000       4.9140000   6.7070976e-50       1.0000000
      0.00000       4.9150000   6.5054766e-50       1.0000000
      0.00000       4.9160000   6.3099557e-50       1.0000000
      0.00000       4.9170000   6.1203492e-50       1.0000000
      0.00000       4.9180000   5.9364769e-50       1.0000000
      0.00000       4.9190000   5.7581644e-50       1.0000000
      0.00000       4.9200000   5.5852425e-50       1.0000000
      0.00000       4.9210000   5.4175470e-50       1.0000000
      0.00000       4.9220000   5.2549192e-50       1.0000000
      0.00000       4.9230000   5.0972048e-50       1.0000000
      0.00000       4.9240000   4.9442544e-50       1.0000000
      0.00000       4.9250000   4.7959232e-50       1.0000000
      0.00000       4.9260000   4.6520708e-50       1.0000000
      0.00000       4.9270000   4.5125612e-50       1.0000000
      0.00000       4.9280000   4.3772623e-50       1.0000000
      0.00000       4.9290000   4.2460463e-50       1.0000000
      0.00000       4.9300000   4.1187891e-50       1.0000000
      0.00000       4.9310000   3.9953706e-50       1.0000000
      0.00000       4.9320000   3.8756742e-50       1.0000000
      0.00000       4.9330000   3.7595869e-50       1.0000000
      0.00000       4.9340000   3.6469992e-50       1.0000000
      0.00000       4.9350000   3.5378050e-50       1.0000000
      0.00000       4.9360000   3.4319013e-50       1.0000000
      0.00000       4.9370000   3.3291883e-50       1.0000000
      0.00000       4.9380000   3.2295693e-50       1.0000000
      0.00000       4.9390000   3.1329504e-50       1.0000000
      0.00000       4.9400000   3.0392408e-50       1.0000000
      0.00000       4.9410000   2.9483522e-50       1.0000000
      0.00000       4.9420000   2.8601992e-50       1.0000000
      0.00000       4.9430000   2.7746990e-50       1.0000000
      0.00000       4.9440000   2.6917711e-50       1.0000000
      0.00000       4.9450000   2.6113378e-50       1.0000000
      0.00000       4.9460000   2.5333234e-50       1.0000000
      0.00000       4.9470000   2.4576548e-50       1.0000000
      0.00000       4.9480000   2.3842610e-50       1.0000000
      0.00000       4.9490000   2.3130732e-50       1.0000000
      0.00000       4.9500000   2.2440246e-50       1.0000000
      0.00000       4.9510000   2.1770505e-50       1.0000000
      0.00000       4.9520000   2.1120882e-50       1.0000000
      0.00000       4.9530000   2.0490769e-50       1.0000000
      0.00000       4.9540000   1.9879576e-50       1.0000000
      0.00000       4.9550000   1.9286731e-50       1.0000000
      0.00000       4.9560000   1.8711680e-50       1.0000000
      0.00000       4.9570000   1.8153886e-50       1.0000000
      0.00000       4.9580000   1.7612827e-50       1.0000000
      0.00000       4.9590000   1.7087999e-50       1.0000000
      0.00000       4.9600000   1.6578910e-50       1.0000000
      0.00000       4.9610000   1.6085086e-50       1.0000000
      0.00000       4.9620000   1.5606067e-50       1.0000000
      0.00000       4.9630000   1.5141405e-50       1.0000000
      0.00000       4.9640000   1.4690667e-50       1.0000000
      0.00000       4.9650000   1.4253434e-50       1.0000000
      0.00000       4.9660000   1.3829299e-50       1.0000000
      0.00000       4.9670000   1.3417866e-50       1.0000000
      0.00000       4.9680000   1.3018752e-50       1.0000000
      0.00000       4.9690000   1.2631587e-50       1.0000000
      0.00000       4.9700000   1.2256011e-50       1.0000000
      0.00000       4.9710000   1.1891673e-50       1.0000000
      0.00000       4.9720000   1.1538237e-50       1.0000000
      0.00000       4.9730000   1.1195373e-50       1.0000000
      0.00000       4.9740000   1.0862763e-50       1.0000000
      0.00000       4.9750000   1.0540099e-50       1.0000000
      0.00000       4.9760000   1.0227081e-50       1.0000000
      0.00000       4.9770000   9.9234191e-51       1.0000000
      0.00000       4.9780000   9.6288319e-51       1.0000000
      0.00000       4.9790000   9.3430464e-51       1.0000000
      0.00000       4.9800000   9.0657979e-51       1.0000000
      0.00000       4.9810000   8.7968297e-51       1.0000000
      0.00000       4.9820000   8.5358931e-51       1.0000000
      0.00000       4.9830000   8.2827465e-51       1.0000000
      0.00000       4.9840000   8.0371560e-51       1.0000000
      0.00000       4.9850000   7.7988946e-51       1.0000000
      0.00000       4.9860000   7.5677420e-51       1.0000000
      0.00000       4.9870000   7.3434850e-51       1.0000000
      0.00000       4.9880000   7.1259164e-51       1.0000000
      0.00000       4.9890000   6.9148355e-51       1.0000000
      0.00000       4.9900000   6.7100476e-51       1.0000000
      0.00000       4.9910000   6.5113639e-51       1.0000000
      0.00000       4.9920000   6.3186012e-51       1.0000000
      0.00000       4.9930000   6.1315820e-51       1.0000000
      0.00000       4.9940000   5.9501340e-51       1.0000000
      0.00000       4.9950000   5.7740902e-51       1.0000000
      0.00000       4.9960000   5.6032886e-51       1.0000000
      0.00000       4.9970000   5.4375721e-51       1.0000000
      0.00000       4.9980000   5.2767884e-51       1.0000000
      0.00000       4.9990000   5.1207896e-51       1.0000000
      0.00000       5.0000000   4.9694325e-51       1.0000000
      0.00000       5.0010000   4.8225780e-51       1.0000000
      0.00000       5.0020000   4.6800914e-51       1.0000000
      0.00000       5.0030000   4.5418419e-51       1.0000000
      0.00000       5.0040000   4.4077027e-51       1.0000000
      0.00000       5.0050000   4.2775508e-51       1.0000000
      0.00000       5.0060000   4.1512669e-51       1.0000000
      0.00000       5.0070000   4.0287353e-51       1.0000000
      0.00000       5.0080000   3.9098439e-51       1.0000000
      0.00000       5.0090000   3.7944837e-51       1.0000000
      0.00000       5.0100000   3.6825493e-51       1.0000000
      0.00000       5.0110000   3.5739382e-51       1.0000000
      0.00000       5.0120000   3.4685511e-51       1.0000000
      0.00000       5.0130000   3.3662918e-51       1.0000000
      0.00000       5.0140000   3.2670667e-51       1.0000000
      0.00000       5.0150000   3.1707853e-51       1.0000000
      0.00000       5.0160000   3.0773598e-51       1.0000000
      0.00000       5.0170000   2.9867047e-51       1.0000000
      0.00000       5.0180000   2.8987376e-51       1.0000000
      0.00000       5.0190000   2.8133780e-51       1.0000000
      0.00000       5.0200000   2.7305484e-51       1.0000000
      0.00000       5.0210000   2.6501731e-51       1.0000000
      0.00000       5.0220000   2.5721790e-51       1.0000000
      0.00000       5.0230000   2.4964951e-51       1.0000000
      0.00000       5.0240000   2.4230526e-51       1.0000000
      0.00000       5.0250000   2.3517845e-51       1.0000000
      0.00000       5.0260000   2.2826262e-51       1.0000000
      0.00000       5.0270000   2.2155148e-51       1.0000000
      0.00000       5.0280000   2.1503893e-51       1.0000000
      0.00000       5.0290000   2.0871906e-51       1.0000000
      0.00000       5.0300000   2.0258612e-51       1.0000000
      0.00000       5.0310000   1.9663456e-51       1.0000000
      0.00000       5.0320000   1.9085897e-51       1.0000000
      0.00000       5.0330000   1.8525412e-51       1.0000000
      0.00000       5.0340000   1.7981494e-51       1.0000000
      0.00000       5.0350000   1.7453648e-51       1.0000000
      0.00000       5.0360000   1.6941397e-51       1.0000000
      0.00000       5.0370000   1.6444278e-51       1.0000000
      0.00000       5.0380000   1.5961841e-51       1.0000000
      0.00000       5.0390000   1.5493648e-51       1.0000000
      0.00000       5.0400000   1.5039278e-51       1.0000000
      0.00000       5.0410000   1.4598318e-51       1.0000000
      0.00000       5.0420000   1.4170372e-51       1.0000000
      0.00000       5.0430000   1.3755052e-51       1.0000000
      0.00000       5.0440000   1.3351983e-51       1.0000000
      0.00000       5.0450000   1.2960802e-51       1.0000000
      0.00000       5.0460000   1.2581155e-51       1.0000000
      0.00000       5.0470000   1.2212701e-51       1.0000000
      0.00000       5.0480000   1.1855108e-51       1.0000000
      0.00000       5.0490000   1.1508053e-51       1.0000000
      0.00000       5.0500000   1.1171223e-51       1.0000000
      0.00000       5.0510000   1.0844316e-51       1.0000000
      0.00000       5.0520000   1.0527037e-51       1.0000000
      0.00000       5.0530000   1.0219101e-51       1.0000000
      0.00000       5.0540000   9.9202315e-52       1.0000000
      0.00000       5.0550000   9.6301590e-52       1.0000000
      0.00000       5.0560000   9.3486232e-52       1.0000000
      0.00000       5.0570000   9.0753713e-52       1.0000000
      0.00000       5.0580000   8.8101579e-52       1.0000000
      0.00000       5.0590000   8.5527452e-52       1.0000000
      0.00000       5.0600000   8.3029021e-52       1.0000000
      0.00000       5.0610000   8.0604047e-52       1.0000000
      0.00000       5.0620000   7.8250356e-52       1.0000000
      0.00000       5.0630000   7.5965839e-52       1.0000000
      0.00000       5.0640000   7.3748449e-52       1.0000000
      0.00000       5.0650000   7.1596203e-52       1.0000000
      0.00000       5.0660000   6.9507173e-52       1.0000000
      0.00000       5.0670000   6.7479492e-52       1.0000000
      0.00000       5.0680000   6.5511345e-52       1.0000000
      0.00000       5.0690000   6.3600973e-52       1.0000000
      0.00000       5.0700000   6.1746671e-52       1.0000000
      0.00000       5.0710000   5.9946780e-52       1.0000000
      0.00000       5.0720000   5.8199696e-52       1.0000000
      0.00000       5.0730000   5.6503857e-52       1.0000000
      0.00000       5.0740000   5.4857753e-52       1.0000000
      0.00000       5.0750000   5.3259914e-52       1.0000000
      0.00000       5.0760000   5.1708916e-52       1.0000000
      0.00000       5.0770000   5.0203377e-52       1.0000000
      0.00000       5.0780000   4.8741957e-52       1.0000000
      0.00000       5.0790000   4.7323354e-52       1.0000000
      0.00000       5.0800000   4.5946306e-52       1.0000000
      0.00000       5.0810000   4.4609588e-52       1.0000000
      0.00000       5.0820000   4.3312010e-52       1.0000000
      0.00000       5.0830000   4.2052420e-52       1.0000000
      0.00000       5.0840000   4.0829698e-52       1.0000000
      0.00000       5.0850000   3.9642758e-52       1.0000000
      0.00000       5.0860000   3.8490546e-52       1.0000000
      0.00000       5.0870000   3.7372040e-52       1.0000000
      0.00000       5.0880000   3.6286247e-52       1.0000000
      0.00000       5.0890000   3.5232204e-52       1.0000000
      0.00000       5.0900000   3.4208978e-52       1.0000000
      0.00000       5.0910000   3.3215660e-52       1.0000000
      0.00000       5.0920000   3.2251372e-52       1.0000000
      0.00000       5.0930000   3.1315260e-52       1.0000000
      0.00000       5.0940000   3.0406494e-52       1.0000000
      0.00000       5.0950000   2.9524272e-52       1.0000000
      0.00000       5.0960000   2.8667812e-52       1.0000000
      0.00000       5.0970000   2.7836358e-52       1.0000000
      0.00000       5.0980000   2.7029174e-52       1.0000000
      0.00000       5.0990000   2.6245548e-52       1.0000000
      0.00000       5.1000000   2.5484788e-52       1.0000000
      0.00000       5.1010000   2.4746223e-52       1.0000000
      0.00000       5.1020000   2.4029200e-52       1.0000000
      0.00000       5.1030000   2.3333087e-52       1.0000000
      0.00000       5.1040000   2.2657270e-52       1.0000000
      0.00000       5.1050000   2.2001155e-52       1.0000000
      0.00000       5.1060000   2.1364163e-52       1.0000000
      0.00000       5.1070000   2.0745732e-52       1.0000000
      0.00000       5.1080000   2.0145319e-52       1.0000000
      0.00000       5.1090000   1.9562396e-52       1.0000000
      0.00000       5.1100000   1.8996449e-52       1.0000000
      0.00000       5.1110000   1.8446981e-52       1.0000000
      0.00000       5.1120000   1.7913509e-52       1.0000000
      0.00000       5.1130000   1.7395565e-52       1.0000000
      0.00000       5.1140000   1.6892693e-52       1.0000000
      0.00000       5.1150000   1.6404452e-52       1.0000000
      0.00000       5.1160000   1.5930414e-52       1.0000000
      0.00000       5.1170000   1.5470163e-52       1.0000000
      0.00000       5.1180000   1.5023296e-52       1.0000000
      0.00000       5.1190000   1.4589420e-52       1.0000000
      0.00000       5.1200000   1.4168155e-52       1.0000000
      0.00000       5.1210000   1.3759133e-52       1.0000000
      0.00000       5.1220000   1.3361996e-52       1.0000000
      0.00000       5.1230000   1.2976395e-52       1.0000000
      0.00000       5.1240000   1.2601994e-52       1.0000000
      0.00000       5.1250000   1.2238466e-52       1.0000000
      0.00000       5.1260000   1.1885492e-52       1.0000000
      0.00000       5.1270000   1.1542764e-52       1.0000000
      0.00000       5.1280000   1.1209983e-52       1.0000000
      0.00000       5.1290000   1.0886859e-52       1.0000000
      0.00000       5.1300000   1.0573108e-52       1.0000000
      0.00000       5.1310000   1.0268458e-52       1.0000000
      0.00000       5.1320000   9.9726434e-53       1.0000000
      0.00000       5.1330000   9.6854055e-53       1.0000000
      0.00000       5.1340000   9.4064943e-53       1.0000000
      0.00000       5.1350000   9.1356669e-53       1.0000000
      0.00000       5.1360000   8.8726875e-53       1.0000000
      0.00000       5.1370000   8.6173273e-53       1.0000000
      0.00000       5.1380000   8.3693640e-53       1.0000000
      0.00000       5.1390000   8.1285820e-53       1.0000000
      0.00000       5.1400000   7.8947721e-53       1.0000000
      0.00000       5.1410000   7.6677309e-53       1.0000000
      0.00000       5.1420000   7.4472614e-53       1.0000000
      0.00000       5.1430000   7.2331721e-53       1.0000000
      0.00000       5.1440000   7.0252771e-53       1.0000000
      0.00000       5.1450000   6.8233961e-53       1.0000000
      0.00000       5.1460000   6.6273539e-53       1.0000000
      0.00000       5.1470000   6.4369807e-53       1.0000000
      0.00000       5.1480000   6.2521114e-53       1.0000000
      0.00000       5.1490000   6.0725860e-53       1.0000000
      0.00000       5.1500000   5.8982488e-53       1.0000000
      0.00000       5.1510000   5.7289491e-53       1.0000000
      0.00000       5.1520000   5.5645403e-53       1.0000000
      0.00000       5.1530000   5.4048803e-53       1.0000000
      0.00000       5.1540000   5.2498309e-53       1.0000000
      0.00000       5.1550000   5.0992582e-53       1.0000000
      0.00000       5.1560000   4.9530321e-53       1.0000000
      0.00000       5.1570000   4.8110263e-53       1.0000000
      0.00000       5.1580000   4.6731183e-53       1.0000000
      0.00000       5.1590000   4.5391890e-53       1.0000000
      0.00000       5.1600000   4.4091229e-53       1.0000000
      0.00000       5.1610000   4.2828078e-53       1.0000000
      0.00000       5.1620000   4.1601349e-53       1.0000000
      0.00000       5.1630000   4.0409985e-53       1.0000000
      0.00000       5.1640000   3.9252960e-53       1.0000000
      0.00000       5.1650000   3.8129277e-53       1.0000000
      0.00000       5.1660000   3.7037970e-53       1.0000000
      0.00000       5.1670000   3.5978099e-53       1.0000000
      0.00000       5.1680000   3.4948754e-53       1.0000000
      0.00000       5.1690000   3.3949050e-53       1.0000000
      0.00000       5.1700000   3.2978127e-53       1.0000000
      0.00000       5.1710000   3.2035151e-53       1.0000000
      0.00000       5.1720000   3.1119314e-53       1.0000000
      0.00000       5.1730000   3.0229829e-53       1.0000000
      0.00000       5.1740000   2.9365932e-53       1.0000000
      0.00000       5.1750000   2.8526883e-53       1.0000000
      0.00000       5.1760000   2.7711963e-53       1.0000000
      0.00000       5.1770000   2.6920474e-53       1.0000000
      0.00000       5.1780000   2.6151736e-53       1.0000000
      0.00000       5.1790000   2.5405093e-53       1.0000000
      0.00000       5.1800000   2.4679905e-53       1.0000000
      0.00000       5.1810000   2.3975551e-53       1.0000000
      0.00000       5.1820000   2.3291430e-53       1.0000000
      0.00000       5.1830000   2.2626955e-53       1.0000000
      0.00000       5.1840000   2.1981560e-53       1.0000000
      0.00000       5.1850000   2.1354693e-53       1.0000000
      0.00000       5.1860000   2.0745819e-53       1.0000000
      0.00000       5.1870000   2.0154417e-53       1.0000000
      0.00000       5.1880000   1.9579984e-53       1.0000000
      0.00000       5.1890000   1.9022029e-53       1.0000000
      0.00000       5.1900000   1.8480077e-53       1.0000000
      0.00000       5.1910000   1.7953665e-53       1.0000000
      0.00000       5.1920000   1.7442345e-53       1.0000000
      0.00000       5.1930000   1.6945682e-53       1.0000000
      0.00000       5.1940000   1.6463253e-53       1.0000000
      0.00000       5.1950000   1.5994647e-53       1.0000000
      0.00000       5.1960000   1.5539466e-53       1.0000000
      0.00000       5.1970000   1.5097322e-53       1.0000000
      0.00000       5.1980000   1.4667840e-53       1.0000000
      0.00000       5.1990000   1.4250655e-53       1.0000000
      0.00000       5.2000000   1.3845413e-53       1.0000000
      0.00000       5.2010000   1.3451768e-53       1.0000000
      0.00000       5.2020000   1.3069388e-53       1.0000000
      0.00000       5.2030000   1.2697948e-53       1.0000000
      0.00000       5.2040000   1.2337133e-53       1.0000000
      0.00000       5.2050000   1.1986637e-53       1.0000000
      0.00000       5.2060000   1.1646163e-53       1.0000000
      0.00000       5.2070000   1.1315423e-53       1.0000000
      0.00000       5.2080000   1.0994136e-53       1.0000000
      0.00000       5.2090000   1.0682031e-53       1.0000000
      0.00000       5.2100000   1.0378843e-53       1.0000000
      0.00000       5.2110000   1.0084317e-53       1.0000000
      0.00000       5.2120000   9.7982020e-54       1.0000000
      0.00000       5.2130000   9.5202577e-54       1.0000000
      0.00000       5.2140000   9.2502489e-54       1.0000000
      0.00000       5.2150000   8.9879476e-54       1.0000000
      0.00000       5.2160000   8.7331322e-54       1.0000000
      0.00000       5.2170000   8.4855879e-54       1.0000000
      0.00000       5.2180000   8.2451058e-54       1.0000000
      0.00000       5.2190000   8.0114830e-54       1.0000000
      0.00000       5.2200000   7.7845228e-54       1.0000000
      0.00000       5.2210000   7.5640339e-54       1.0000000
      0.00000       5.2220000   7.3498305e-54       1.0000000
      0.00000       5.2230000   7.1417323e-54       1.0000000
      0.00000       5.2240000   6.9395643e-54       1.0000000
      0.00000       5.2250000   6.7431563e-54       1.0000000
      0.00000       5.2260000   6.5523432e-54       1.0000000
      0.00000       5.2270000   6.3669645e-54       1.0000000
      0.00000       5.2280000   6.1868646e-54       1.0000000
      0.00000       5.2290000   6.0118920e-54       1.0000000
      0.00000       5.2300000   5.8419000e-54       1.0000000
      0.00000       5.2310000   5.6767457e-54       1.0000000
      0.00000       5.2320000   5.5162907e-54       1.0000000
      0.00000       5.2330000   5.3604004e-54       1.0000000
      0.00000       5.2340000   5.2089441e-54       1.0000000
      0.00000       5.2350000   5.0617949e-54       1.0000000
      0.00000       5.2360000   4.9188294e-54       1.0000000
      0.00000       5.2370000   4.7799281e-54       1.0000000
      0.00000       5.2380000   4.6449745e-54       1.0000000
      0.00000       5.2390000   4.5138558e-54       1.0000000
      0.00000       5.2400000   4.3864623e-54       1.0000000
      0.00000       5.2410000   4.2626874e-54       1.0000000
      0.00000       5.2420000   4.1424279e-54       1.0000000
      0.00000       5.2430000   4.0255830e-54       1.0000000
      0.00000       5.2440000   3.9120554e-54       1.0000000
      0.00000       5.2450000   3.8017501e-54       1.0000000
      0.00000       5.2460000   3.6945752e-54       1.0000000
      0.00000       5.2470000   3.5904412e-54       1.0000000
      0.00000       5.2480000   3.4892613e-54       1.0000000
      0.00000       5.2490000   3.3909511e-54       1.0000000
      0.00000       5.2500000   3.2954288e-54       1.0000000
      0.00000       5.2510000   3.2026148e-54       1.0000000
      0.00000       5.2520000   3.1124317e-54       1.0000000
      0.00000       5.2530000   3.0248046e-54       1.0000000
      0.00000       5.2540000   2.9396605e-54       1.0000000
      0.00000       5.2550000   2.8569286e-54       1.0000000
      0.00000       5.2560000   2.7765402e-54       1.0000000
      0.00000       5.2570000   2.6984284e-54       1.0000000
      0.00000       5.2580000   2.6225283e-54       1.0000000
      0.00000       5.2590000   2.5487769e-54       1.0000000
      0.00000       5.2600000   2.4771130e-54       1.0000000
      0.00000       5.2610000   2.4074772e-54       1.0000000
      0.00000       5.2620000   2.3398116e-54       1.0000000
      0.00000       5.2630000   2.2740601e-54       1.0000000
      0.00000       5.2640000   2.2101683e-54       1.0000000
      0.00000       5.2650000   2.1480833e-54       1.0000000
      0.00000       5.2660000   2.0877535e-54       1.0000000
      0.00000       5.2670000   2.0291292e-54       1.0000000
      0.00000       5.2680000   1.9721616e-54       1.0000000
      0.00000       5.2690000   1.9168038e-54       1.0000000
      0.00000       5.2700000   1.8630099e-54       1.0000000
      0.00000       5.2710000   1.8107355e-54       1.0000000
      0.00000       5.2720000   1.7599373e-54       1.0000000
      0.00000       5.2730000   1.7105735e-54       1.0000000
      0.00000       5.2740000   1.6626033e-54       1.0000000
      0.00000       5.2750000   1.6159870e-54       1.0000000
      0.00000       5.2760000   1.5706862e-54       1.0000000
      0.00000       5.2770000   1.5266635e-54       1.0000000
      0.00000       5.2780000   1.4838827e-54       1.0000000
      0.00000       5.2790000   1.4423084e-54       1.0000000
      0.00000       5.2800000   1.4019066e-54       1.0000000
      0.00000       5.2810000   1.3626437e-54       1.0000000
      0.00000       5.2820000   1.3244877e-54       1.0000000
      0.00000       5.2830000   1.2874069e-54       1.0000000
      0.00000       5.2840000   1.2513711e-54       1.0000000
      0.00000       5.2850000   1.2163504e-54       1.0000000
      0.00000       5.2860000   1.1823162e-54       1.0000000
      0.00000       5.2870000   1.1492404e-54       1.0000000
      0.00000       5.2880000   1.1170959e-54       1.0000000
      0.00000       5.2890000   1.0858564e-54       1.0000000
      0.00000       5.2900000   1.0554961e-54       1.0000000
      0.00000       5.2910000   1.0259902e-54       1.0000000
      0.00000       5.2920000   9.9731447e-55       1.0000000
      0.00000       5.2930000   9.6944538e-55       1.0000000
      0.00000       5.2940000   9.4236012e-55       1.0000000
      0.00000       5.2950000   9.1603650e-55       1.0000000
      0.00000       5.2960000   8.9045296e-55       1.0000000
      0.00000       5.2970000   8.6558855e-55       1.0000000
      0.00000       5.2980000   8.4142295e-55       1.0000000
      0.00000       5.2990000   8.1793637e-55       1.0000000
      0.00000       5.3000000   7.9510962e-55       1.0000000
      0.00000       5.3010000   7.7292403e-55       1.0000000
      0.00000       5.3020000   7.5136150e-55       1.0000000
      0.00000       5.3030000   7.3040439e-55       1.0000000
      0.00000       5.3040000   7.1003562e-55       1.0000000
      0.00000       5.3050000   6.9023855e-55       1.0000000
      0.00000       5.3060000   6.7099703e-55       1.0000000
      0.00000       5.3070000   6.5229538e-55       1.0000000
      0.00000       5.3080000   6.3411834e-55       1.0000000
      0.00000       5.3090000   6.1645112e-55       1.0000000
      0.00000       5.3100000   5.9927931e-55       1.0000000
      0.00000       5.3110000   5.8258894e-55       1.0000000
      0.00000       5.3120000   5.6636641e-55       1.0000000
      0.00000       5.3130000   5.5059854e-55       1.0000000
      0.00000       5.3140000   5.3527250e-55       1.0000000
      0.00000       5.3150000   5.2037583e-55       1.0000000
      0.00000       5.3160000   5.0589642e-55       1.0000000
      0.00000       5.3170000   4.9182251e-55       1.0000000
      0.00000       5.3180000   4.7814266e-55       1.0000000
      0.00000       5.3190000   4.6484578e-55       1.0000000
      0.00000       5.3200000   4.5192108e-55       1.0000000
      0.00000       5.3210000   4.3935807e-55       1.0000000
      0.00000       5.3220000   4.2714656e-55       1.0000000
      0.00000       5.3230000   4.1527666e-55       1.0000000
      0.00000       5.3240000   4.0373874e-55       1.0000000
      0.00000       5.3250000   3.9252347e-55       1.0000000
      0.00000       5.3260000   3.8162176e-55       1.0000000
      0.00000       5.3270000   3.7102479e-55       1.0000000
      0.00000       5.3280000   3.6072399e-55       1.0000000
      0.00000       5.3290000   3.5071102e-55       1.0000000
      0.00000       5.3300000   3.4097779e-55       1.0000000
      0.00000       5.3310000   3.3151644e-55       1.0000000
      0.00000       5.3320000   3.2231932e-55       1.0000000
      0.00000       5.3330000   3.1337900e-55       1.0000000
      0.00000       5.3340000   3.0468828e-55       1.0000000
      0.00000       5.3350000   2.9624012e-55       1.0000000
      0.00000       5.3360000   2.8802773e-55       1.0000000
      0.00000       5.3370000   2.8004449e-55       1.0000000
      0.00000       5.3380000   2.7228394e-55       1.0000000
      0.00000       5.3390000   2.6473985e-55       1.0000000
      0.00000       5.3400000   2.5740613e-55       1.0000000
      0.00000       5.3410000   2.5027689e-55       1.0000000
      0.00000       5.3420000   2.4334638e-55       1.0000000
      0.00000       5.3430000   2.3660903e-55       1.0000000
      0.00000       5.3440000   2.3005942e-55       1.0000000
      0.00000       5.3450000   2.2369229e-55       1.0000000
      0.00000       5.3460000   2.1750251e-55       1.0000000
      0.00000       5.3470000   2.1148513e-55       1.0000000
      0.00000       5.3480000   2.0563529e-55       1.0000000
      0.00000       5.3490000   1.9994832e-55       1.0000000
      0.00000       5.3500000   1.9441964e-55       1.0000000
      0.00000       5.3510000   1.8904483e-55       1.0000000
      0.00000       5.3520000   1.8381956e-55       1.0000000
      0.00000       5.3530000   1.7873966e-55       1.0000000
      0.00000       5.3540000   1.7380106e-55       1.0000000
      0.00000       5.3550000   1.6899979e-55       1.0000000
      0.00000       5.3560000   1.6433202e-55       1.0000000
      0.00000       5.3570000   1.5979401e-55       1.0000000
      0.00000       5.3580000   1.5538212e-55       1.0000000
      0.00000       5.3590000   1.5109284e-55       1.0000000
      0.00000       5.3600000   1.4692273e-55       1.0000000
      0.00000       5.3610000   1.4286846e-55       1.0000000
      0.00000       5.3620000   1.3892679e-55       1.0000000
      0.00000       5.3630000   1.3509457e-55       1.0000000
      0.00000       5.3640000   1.3136875e-55       1.0000000
      0.00000       5.3650000   1.2774635e-55       1.0000000
      0.00000       5.3660000   1.2422448e-55       1.0000000
      0.00000       5.3670000   1.2080034e-55       1.0000000
      0.00000       5.3680000   1.1747119e-55       1.0000000
      0.00000       5.3690000   1.1423439e-55       1.0000000
      0.00000       5.3700000   1.1108735e-55       1.0000000
      0.00000       5.3710000   1.0802757e-55       1.0000000
      0.00000       5.3720000   1.0505261e-55       1.0000000
      0.00000       5.3730000   1.0216011e-55       1.0000000
      0.00000       5.3740000   9.9347772e-56       1.0000000
      0.00000       5.3750000   9.6613354e-56       1.0000000
      0.00000       5.3760000   9.3954685e-56       1.0000000
      0.00000       5.3770000   9.1369653e-56       1.0000000
      0.00000       5.3780000   8.8856205e-56       1.0000000
      0.00000       5.3790000   8.6412347e-56       1.0000000
      0.00000       5.3800000   8.4036140e-56       1.0000000
      0.00000       5.3810000   8.1725698e-56       1.0000000
      0.00000       5.3820000   7.9479190e-56       1.0000000
      0.00000       5.3830000   7.7294835e-56       1.0000000
      0.00000       5.3840000   7.5170902e-56       1.0000000
      0.00000       5.3850000   7.3105710e-56       1.0000000
      0.00000       5.3860000   7.1097623e-56       1.0000000
      0.00000       5.3870000   6.9145053e-56       1.0000000
      0.00000       5.3880000   6.7246454e-56       1.0000000
      0.00000       5.3890000   6.5400325e-56       1.0000000
      0.00000       5.3900000   6.3605207e-56       1.0000000
      0.00000       5.3910000   6.1859680e-56       1.0000000
      0.00000       5.3920000   6.0162367e-56       1.0000000
      0.00000       5.3930000   5.8511927e-56       1.0000000
      0.00000       5.3940000   5.6907057e-56       1.0000000
      0.00000       5.3950000   5.5346491e-56       1.0000000
      0.00000       5.3960000   5.3828998e-56       1.0000000
      0.00000       5.3970000   5.2353381e-56       1.0000000
      0.00000       5.3980000   5.0918478e-56       1.0000000
      0.00000       5.3990000   4.9523157e-56       1.0000000
      0.00000       5.4000000   4.8166321e-56       1.0000000
      0.00000       5.4010000   4.6846900e-56       1.0000000
      0.00000       5.4020000   4.5563856e-56       1.0000000
      0.00000       5.4030000   4.4316180e-56       1.0000000
      0.00000       5.4040000   4.3102890e-56       1.0000000
      0.00000       5.4050000   4.1923034e-56       1.0000000
      0.00000       5.4060000   4.0775683e-56       1.0000000
      0.00000       5.4070000   3.9659936e-56       1.0000000
      0.00000       5.4080000   3.8574917e-56       1.0000000
      0.00000       5.4090000   3.7519775e-56       1.0000000
      0.00000       5.4100000   3.6493682e-56       1.0000000
      0.00000       5.4110000   3.5495832e-56       1.0000000
      0.00000       5.4120000   3.4525443e-56       1.0000000
      0.00000       5.4130000   3.3581754e-56       1.0000000
      0.00000       5.4140000   3.2664027e-56       1.0000000
      0.00000       5.4150000   3.1771543e-56       1.0000000
      0.00000       5.4160000   3.0903601e-56       1.0000000
      0.00000       5.4170000   3.0059525e-56       1.0000000
      0.00000       5.4180000   2.9238652e-56       1.0000000
      0.00000       5.4190000   2.8440341e-56       1.0000000
      0.00000       5.4200000   2.7663967e-56       1.0000000
      0.00000       5.4210000   2.6908925e-56       1.0000000
      0.00000       5.4220000   2.6174624e-56       1.0000000
      0.00000       5.4230000   2.5460491e-56       1.0000000
      0.00000       5.4240000   2.4765969e-56       1.0000000
      0.00000       5.4250000   2.4090514e-56       1.0000000
      0.00000       5.4260000   2.3433601e-56       1.0000000
      0.00000       5.4270000   2.2794717e-56       1.0000000
      0.00000       5.4280000   2.2173365e-56       1.0000000
      0.00000       5.4290000   2.1569059e-56       1.0000000
      0.00000       5.4300000   2.0981330e-56       1.0000000
      0.00000       5.4310000   2.0409719e-56       1.0000000
      0.00000       5.4320000   1.9853782e-56       1.0000000
      0.00000       5.4330000   1.9313087e-56       1.0000000
      0.00000       5.4340000   1.8787212e-56       1.0000000
      0.00000       5.4350000   1.8275749e-56       1.0000000
      0.00000       5.4360000   1.7778300e-56       1.0000000
      0.00000       5.4370000   1.7294479e-56       1.0000000
      0.00000       5.4380000   1.6823911e-56       1.0000000
      0.00000       5.4390000   1.6366229e-56       1.0000000
      0.00000       5.4400000   1.5921079e-56       1.0000000
      0.00000       5.4410000   1.5488115e-56       1.0000000
      0.00000       5.4420000   1.5067001e-56       1.0000000
      0.00000       5.4430000   1.4657412e-56       1.0000000
      0.00000       5.4440000   1.4259029e-56       1.0000000
      0.00000       5.4450000   1.3871545e-56       1.0000000
      0.00000       5.4460000   1.3494658e-56       1.0000000
      0.00000       5.4470000   1.3128078e-56       1.0000000
      0.00000       5.4480000   1.2771521e-56       1.0000000
      0.00000       5.4490000   1.2424710e-56       1.0000000
      0.00000       5.4500000   1.2087378e-56       1.0000000
      0.00000       5.4510000   1.1759264e-56       1.0000000
      0.00000       5.4520000   1.1440114e-56       1.0000000
      0.00000       5.4530000   1.1129683e-56       1.0000000
      0.00000       5.4540000   1.0827730e-56       1.0000000
      0.00000       5.4550000   1.0534022e-56       1.0000000
      0.00000       5.4560000   1.0248332e-56       1.0000000
      0.00000       5.4570000   9.9704412e-57       1.0000000
      0.00000       5.4580000   9.7001343e-57       1.0000000
      0.00000       5.4590000   9.4372031e-57       1.0000000
      0.00000       5.4600000   9.1814451e-57       1.0000000
      0.00000       5.4610000   8.9326633e-57       1.0000000
      0.00000       5.4620000   8.6906663e-57       1.0000000
      0.00000       5.4630000   8.4552678e-57       1.0000000
      0.00000       5.4640000   8.2262868e-57       1.0000000
      0.00000       5.4650000   8.0035471e-57       1.0000000
      0.00000       5.4660000   7.7868775e-57       1.0000000
      0.00000       5.4670000   7.5761116e-57       1.0000000
      0.00000       5.4680000   7.3710874e-57       1.0000000
      0.00000       5.4690000   7.1716476e-57       1.0000000
      0.00000       5.4700000   6.9776390e-57       1.0000000
      0.00000       5.4710000   6.7889128e-57       1.0000000
      0.00000       5.4720000   6.6053242e-57       1.0000000
      0.00000       5.4730000   6.4267325e-57       1.0000000
      0.00000       5.4740000   6.2530008e-57       1.0000000
      0.00000       5.4750000   6.0839960e-57       1.0000000
      0.00000       5.4760000   5.9195886e-57       1.0000000
      0.00000       5.4770000   5.7596528e-57       1.0000000
      0.00000       5.4780000   5.6040662e-57       1.0000000
      0.00000       5.4790000   5.4527097e-57       1.0000000
      0.00000       5.4800000   5.3054677e-57       1.0000000
      0.00000       5.4810000   5.1622274e-57       1.0000000
      0.00000       5.4820000   5.0228796e-57       1.0000000
      0.00000       5.4830000   4.8873176e-57       1.0000000
      0.00000       5.4840000   4.7554380e-57       1.0000000
      0.00000       5.4850000   4.6271402e-57       1.0000000
      0.00000       5.4860000   4.5023262e-57       1.0000000
      0.00000       5.4870000   4.3809008e-57       1.0000000
      0.00000       5.4880000   4.2627714e-57       1.0000000
      0.00000       5.4890000   4.1478480e-57       1.0000000
      0.00000       5.4900000   4.0360429e-57       1.0000000
      0.00000       5.4910000   3.9272712e-57       1.0000000
      0.00000       5.4920000   3.8214498e-57       1.0000000
      0.00000       5.4930000   3.7184983e-57       1.0000000
      0.00000       5.4940000   3.6183384e-57       1.0000000
      0.00000       5.4950000   3.5208938e-57       1.0000000
      0.00000       5.4960000   3.4260906e-57       1.0000000
      0.00000       5.4970000   3.3338565e-57       1.0000000
      0.00000       5.4980000   3.2441216e-57       1.0000000
      0.00000       5.4990000   3.1568176e-57       1.0000000
      0.00000       5.5000000   3.0718784e-57       1.0000000
      0.00000       5.5010000   2.9892394e-57       1.0000000
      0.00000       5.5020000   2.9088380e-57       1.0000000
      0.00000       5.5030000   2.8306132e-57       1.0000000
      0.00000       5.5040000   2.7545056e-57       1.0000000
      0.00000       5.5050000   2.6804576e-57       1.0000000
      0.00000       5.5060000   2.6084132e-57       1.0000000
      0.00000       5.5070000   2.5383177e-57       1.0000000
      0.00000       5.5080000   2.4701180e-57       1.0000000
      0.00000       5.5090000   2.4037627e-57       1.0000000
      0.00000       5.5100000   2.3392014e-57       1.0000000
      0.00000       5.5110000   2.2763854e-57       1.0000000
      0.00000       5.5120000   2.2152672e-57       1.0000000
      0.00000       5.5130000   2.1558005e-57       1.0000000
      0.00000       5.5140000   2.0979406e-57       1.0000000
      0.00000       5.5150000   2.0416436e-57       1.0000000
      0.00000       5.5160000   1.9868671e-57       1.0000000
      0.00000       5.5170000   1.9335698e-57       1.0000000
      0.00000       5.5180000   1.8817114e-57       1.0000000
      0.00000       5.5190000   1.8312529e-57       1.0000000
      0.00000       5.5200000   1.7821563e-57       1.0000000
      0.00000       5.5210000   1.7343845e-57       1.0000000
      0.00000       5.5220000   1.6879015e-57       1.0000000
      0.00000       5.5230000   1.6426724e-57       1.0000000
      0.00000       5.5240000   1.5986631e-57       1.0000000
      0.00000       5.5250000   1.5558406e-57       1.0000000
      0.00000       5.5260000   1.5141725e-57       1.0000000
      0.00000       5.5270000   1.4736276e-57       1.0000000
      0.00000       5.5280000   1.4341755e-57       1.0000000
      0.00000       5.5290000   1.3957864e-57       1.0000000
      0.00000       5.5300000   1.3584315e-57       1.0000000
      0.00000       5.5310000   1.3220829e-57       1.0000000
      0.00000       5.5320000   1.2867131e-57       1.0000000
      0.00000       5.5330000   1.2522958e-57       1.0000000
      0.00000       5.5340000   1.2188050e-57       1.0000000
      0.00000       5.5350000   1.1862157e-57       1.0000000
      0.00000       5.5360000   1.1545034e-57       1.0000000
      0.00000       5.5370000   1.1236445e-57       1.0000000
      0.00000       5.5380000   1.0936157e-57       1.0000000
      0.00000       5.5390000   1.0643946e-57       1.0000000
      0.00000       5.5400000   1.0359594e-57       1.0000000
      0.00000       5.5410000   1.0082887e-57       1.0000000
      0.00000       5.5420000   9.8136198e-58       1.0000000
      0.00000       5.5430000   9.5515897e-58       1.0000000
      0.00000       5.5440000   9.2966013e-58       1.0000000
      0.00000       5.5450000   9.0484642e-58       1.0000000
      0.00000       5.5460000   8.8069932e-58       1.0000000
      0.00000       5.5470000   8.5720079e-58       1.0000000
      0.00000       5.5480000   8.3433331e-58       1.0000000
      0.00000       5.5490000   8.1207983e-58       1.0000000
      0.00000       5.5500000   7.9042374e-58       1.0000000
      0.00000       5.5510000   7.6934891e-58       1.0000000
      0.00000       5.5520000   7.4883964e-58       1.0000000
      0.00000       5.5530000   7.2888066e-58       1.0000000
      0.00000       5.5540000   7.0945709e-58       1.0000000
      0.00000       5.5550000   6.9055449e-58       1.0000000
      0.00000       5.5560000   6.7215879e-58       1.0000000
      0.00000       5.5570000   6.5425632e-58       1.0000000
      0.00000       5.5580000   6.3683376e-58       1.0000000
      0.00000       5.5590000   6.1987817e-58       1.0000000
      0.00000       5.5600000   6.0337694e-58       1.0000000
      0.00000       5.5610000   5.8731783e-58       1.0000000
      0.00000       5.5620000   5.7168891e-58       1.0000000
      0.00000       5.5630000   5.5647858e-58       1.0000000
      0.00000       5.5640000   5.4167557e-58       1.0000000
      0.00000       5.5650000   5.2726889e-58       1.0000000
      0.00000       5.5660000   5.1324786e-58       1.0000000
      0.00000       5.5670000   4.9960209e-58       1.0000000
      0.00000       5.5680000   4.8632148e-58       1.0000000
      0.00000       5.5690000   4.7339619e-58       1.0000000
      0.00000       5.5700000   4.6081666e-58       1.0000000
      0.00000       5.5710000   4.4857356e-58       1.0000000
      0.00000       5.5720000   4.3665786e-58       1.0000000
      0.00000       5.5730000   4.2506073e-58       1.0000000
      0.00000       5.5740000   4.1377361e-58       1.0000000
      0.00000       5.5750000   4.0278815e-58       1.0000000
      0.00000       5.5760000   3.9209624e-58       1.0000000
      0.00000       5.5770000   3.8168999e-58       1.0000000
      0.00000       5.5780000   3.7156171e-58       1.0000000
      0.00000       5.5790000   3.6170394e-58       1.0000000
      0.00000       5.5800000   3.5210939e-58       1.0000000
      0.00000       5.5810000   3.4277100e-58       1.0000000
      0.00000       5.5820000   3.3368188e-58       1.0000000
      0.00000       5.5830000   3.2483534e-58       1.0000000
      0.00000       5.5840000   3.1622486e-58       1.0000000
      0.00000       5.5850000   3.0784410e-58       1.0000000
      0.00000       5.5860000   2.9968689e-58       1.0000000
      0.00000       5.5870000   2.9174723e-58       1.0000000
      0.00000       5.5880000   2.8401928e-58       1.0000000
      0.00000       5.5890000   2.7649737e-58       1.0000000
      0.00000       5.5900000   2.6917595e-58       1.0000000
      0.00000       5.5910000   2.6204966e-58       1.0000000
      0.00000       5.5920000   2.5511326e-58       1.0000000
      0.00000       5.5930000   2.4836166e-58       1.0000000
      0.00000       5.5940000   2.4178989e-58       1.0000000
      0.00000       5.5950000   2.3539315e-58       1.0000000
      0.00000       5.5960000   2.2916673e-58       1.0000000
      0.00000       5.5970000   2.2310608e-58       1.0000000
      0.00000       5.5980000   2.1720675e-58       1.0000000
      0.00000       5.5990000   2.1146443e-58       1.0000000
      0.00000       5.6000000   2.0587490e-58       1.0000000
      0.00000       5.6010000   2.0043407e-58       1.0000000
      0.00000       5.6020000   1.9513797e-58       1.0000000
      0.00000       5.6030000   1.8998271e-58       1.0000000
      0.00000       5.6040000   1.8496453e-58       1.0000000
      0.00000       5.6050000   1.8007976e-58       1.0000000
      0.00000       5.6060000   1.7532483e-58       1.0000000
      0.00000       5.6070000   1.7069627e-58       1.0000000
      0.00000       5.6080000   1.6619069e-58       1.0000000
      0.00000       5.6090000   1.6180482e-58       1.0000000
      0.00000       5.6100000   1.5753544e-58       1.0000000
      0.00000       5.6110000   1.5337944e-58       1.0000000
      0.00000       5.6120000   1.4933379e-58       1.0000000
      0.00000       5.6130000   1.4539555e-58       1.0000000
      0.00000       5.6140000   1.4156184e-58       1.0000000
      0.00000       5.6150000   1.3782987e-58       1.0000000
      0.00000       5.6160000   1.3419693e-58       1.0000000
      0.00000       5.6170000   1.3066036e-58       1.0000000
      0.00000       5.6180000   1.2721761e-58       1.0000000
      0.00000       5.6190000   1.2386615e-58       1.0000000
      0.00000       5.6200000   1.2060356e-58       1.0000000
      0.00000       5.6210000   1.1742746e-58       1.0000000
      0.00000       5.6220000   1.1433554e-58       1.0000000
      0.00000       5.6230000   1.1132557e-58       1.0000000
      0.00000       5.6240000   1.0839535e-58       1.0000000
      0.00000       5.6250000   1.0554276e-58       1.0000000
      0.00000       5.6260000   1.0276572e-58       1.0000000
      0.00000       5.6270000   1.0006223e-58       1.0000000
      0.00000       5.6280000   9.7430320e-59       1.0000000
      0.00000       5.6290000   9.4868088e-59       1.0000000
      0.00000       5.6300000   9.2373674e-59       1.0000000
      0.00000       5.6310000   8.9945273e-59       1.0000000
      0.00000       5.6320000   8.7581126e-59       1.0000000
      0.00000       5.6330000   8.5279523e-59       1.0000000
      0.00000       5.6340000   8.3038797e-59       1.0000000
      0.00000       5.6350000   8.0857328e-59       1.0000000
      0.00000       5.6360000   7.8733540e-59       1.0000000
      0.00000       5.6370000   7.6665897e-59       1.0000000
      0.00000       5.6380000   7.4652905e-59       1.0000000
      0.00000       5.6390000   7.2693111e-59       1.0000000
      0.00000       5.6400000   7.0785100e-59       1.0000000
      0.00000       5.6410000   6.8927494e-59       1.0000000
      0.00000       5.6420000   6.7118953e-59       1.0000000
      0.00000       5.6430000   6.5358173e-59       1.0000000
      0.00000       5.6440000   6.3643885e-59       1.0000000
      0.00000       5.6450000   6.1974853e-59       1.0000000
      0.00000       5.6460000   6.0349875e-59       1.0000000
      0.00000       5.6470000   5.8767780e-59       1.0000000
      0.00000       5.6480000   5.7227429e-59       1.0000000
      0.00000       5.6490000   5.5727715e-59       1.0000000
      0.00000       5.6500000   5.4267557e-59       1.0000000
      0.00000       5.6510000   5.2845906e-59       1.0000000
      0.00000       5.6520000   5.1461740e-59       1.0000000
      0.00000       5.6530000   5.0114064e-59       1.0000000
      0.00000       5.6540000   4.8801910e-59       1.0000000
      0.00000       5.6550000   4.7524336e-59       1.0000000
      0.00000       5.6560000   4.6280424e-59       1.0000000
      0.00000       5.6570000   4.5069281e-59       1.0000000
      0.00000       5.6580000   4.3890040e-59       1.0000000
      0.00000       5.6590000   4.2741854e-59       1.0000000
      0.00000       5.6600000   4.1623900e-59       1.0000000
      0.00000       5.6610000   4.0535377e-59       1.0000000
      0.00000       5.6620000   3.9475505e-59       1.0000000
      0.00000       5.6630000   3.8443525e-59       1.0000000
      0.00000       5.6640000   3.7438699e-59       1.0000000
      0.00000       5.6650000   3.6460307e-59       1.0000000
      0.00000       5.6660000   3.5507649e-59       1.0000000
      0.00000       5.6670000   3.4580045e-59       1.0000000
      0.00000       5.6680000   3.3676830e-59       1.0000000
      0.00000       5.6690000   3.2797361e-59       1.0000000
      0.00000       5.6700000   3.1941008e-59       1.0000000
      0.00000       5.6710000   3.1107159e-59       1.0000000
      0.00000       5.6720000   3.0295221e-59       1.0000000
      0.00000       5.6730000   2.9504612e-59       1.0000000
      0.00000       5.6740000   2.8734770e-59       1.0000000
      0.00000       5.6750000   2.7985145e-59       1.0000000
      0.00000       5.6760000   2.7255203e-59       1.0000000
      0.00000       5.6770000   2.6544424e-59       1.0000000
      0.00000       5.6780000   2.5852302e-59       1.0000000
      0.00000       5.6790000   2.5178343e-59       1.0000000
      0.00000       5.6800000   2.4522068e-59       1.0000000
      0.00000       5.6810000   2.3883010e-59       1.0000000
      0.00000       5.6820000   2.3260714e-59       1.0000000
      0.00000       5.6830000   2.2654738e-59       1.0000000
      0.00000       5.6840000   2.2064651e-59       1.0000000
      0.00000       5.6850000   2.1490033e-59       1.0000000
      0.00000       5.6860000   2.0930478e-59       1.0000000
      0.00000       5.6870000   2.0385586e-59       1.0000000
      0.00000       5.6880000   1.9854972e-59       1.0000000
      0.00000       5.6890000   1.9338259e-59       1.0000000
      0.00000       5.6900000   1.8835081e-59       1.0000000
      0.00000       5.6910000   1.8345080e-59       1.0000000
      0.00000       5.6920000   1.7867909e-59       1.0000000
      0.00000       5.6930000   1.7403231e-59       1.0000000
      0.00000       5.6940000   1.6950715e-59       1.0000000
      0.00000       5.6950000   1.6510042e-59       1.0000000
      0.00000       5.6960000   1.6080900e-59       1.0000000
      0.00000       5.6970000   1.5662985e-59       1.0000000
      0.00000       5.6980000   1.5256001e-59       1.0000000
      0.00000       5.6990000   1.4859661e-59       1.0000000
      0.00000       5.7000000   1.4473684e-59       1.0000000
      0.00000       5.7010000   1.4097798e-59       1.0000000
      0.00000       5.7020000   1.3731738e-59       1.0000000
      0.00000       5.7030000   1.3375244e-59       1.0000000
      0.00000       5.7040000   1.3028065e-59       1.0000000
      0.00000       5.7050000   1.2689956e-59       1.0000000
      0.00000       5.7060000   1.2360680e-59       1.0000000
      0.00000       5.7070000   1.2040002e-59       1.0000000
      0.00000       5.7080000   1.1727698e-59       1.0000000
      0.00000       5.7090000   1.1423548e-59       1.0000000
      0.00000       5.7100000   1.1127336e-59       1.0000000
      0.00000       5.7110000   1.0838855e-59       1.0000000
      0.00000       5.7120000   1.0557902e-59       1.0000000
      0.00000       5.7130000   1.0284279e-59       1.0000000
      0.00000       5.7140000   1.0017793e-59       1.0000000
      0.00000       5.7150000   9.7582566e-60       1.0000000
      0.00000       5.7160000   9.5054882e-60       1.0000000
      0.00000       5.7170000   9.2593098e-60       1.0000000
      0.00000       5.7180000   9.0195484e-60       1.0000000
      0.00000       5.7190000   8.7860357e-60       1.0000000
      0.00000       5.7200000   8.5586078e-60       1.0000000
      0.00000       5.7210000   8.3371052e-60       1.0000000
      0.00000       5.7220000   8.1213724e-60       1.0000000
      0.00000       5.7230000   7.9112582e-60       1.0000000
      0.00000       5.7240000   7.7066153e-60       1.0000000
      0.00000       5.7250000   7.5073004e-60       1.0000000
      0.00000       5.7260000   7.3131738e-60       1.0000000
      0.00000       5.7270000   7.1240995e-60       1.0000000
      0.00000       5.7280000   6.9399453e-60       1.0000000
      0.00000       5.7290000   6.7605824e-60       1.0000000
      0.00000       5.7300000   6.5858851e-60       1.0000000
      0.00000       5.7310000   6.4157314e-60       1.0000000
      0.00000       5.7320000   6.2500024e-60       1.0000000
      0.00000       5.7330000   6.0885823e-60       1.0000000
      0.00000       5.7340000   5.9313582e-60       1.0000000
      0.00000       5.7350000   5.7782205e-60       1.0000000
      0.00000       5.7360000   5.6290622e-60       1.0000000
      0.00000       5.7370000   5.4837792e-60       1.0000000
      0.00000       5.7380000   5.3422703e-60       1.0000000
      0.00000       5.7390000   5.2044367e-60       1.0000000
      0.00000       5.7400000   5.0701824e-60       1.0000000
      0.00000       5.7410000   4.9394139e-60       1.0000000
      0.00000       5.7420000   4.8120399e-60       1.0000000
      0.00000       5.7430000   4.6879719e-60       1.0000000
      0.00000       5.7440000   4.5671235e-60       1.0000000
      0.00000       5.7450000   4.4494107e-60       1.0000000
      0.00000       5.7460000   4.3347514e-60       1.0000000
      0.00000       5.7470000   4.2230661e-60       1.0000000
      0.00000       5.7480000   4.1142770e-60       1.0000000
      0.00000       5.7490000   4.0083086e-60       1.0000000
      0.00000       5.7500000   3.9050873e-60       1.0000000
      0.00000       5.7510000   3.8045413e-60       1.0000000
      0.00000       5.7520000   3.7066010e-60       1.0000000
      0.00000       5.7530000   3.6111983e-60       1.0000000
      0.00000       5.7540000   3.5182671e-60       1.0000000
      0.00000       5.7550000   3.4277430e-60       1.0000000
      0.00000       5.7560000   3.3395631e-60       1.0000000
      0.00000       5.7570000   3.2536664e-60       1.0000000
      0.00000       5.7580000   3.1699934e-60       1.0000000
      0.00000       5.7590000   3.0884862e-60       1.0000000
      0.00000       5.7600000   3.0090883e-60       1.0000000
      0.00000       5.7610000   2.9317448e-60       1.0000000
      0.00000       5.7620000   2.8564022e-60       1.0000000
      0.00000       5.7630000   2.7830083e-60       1.0000000
      0.00000       5.7640000   2.7115126e-60       1.0000000
      0.00000       5.7650000   2.6418655e-60       1.0000000
      0.00000       5.7660000   2.5740189e-60       1.0000000
      0.00000       5.7670000   2.5079261e-60       1.0000000
      0.00000       5.7680000   2.4435413e-60       1.0000000
      0.00000       5.7690000   2.3808202e-60       1.0000000
      0.00000       5.7700000   2.3197195e-60       1.0000000
      0.00000       5.7710000   2.2601970e-60       1.0000000
      0.00000       5.7720000   2.2022118e-60       1.0000000
      0.00000       5.7730000   2.1457238e-60       1.0000000
      0.00000       5.7740000   2.0906942e-60       1.0000000
      0.00000       5.7750000   2.0370850e-60       1.0000000
      0.00000       5.7760000   1.9848595e-60       1.0000000
      0.00000       5.7770000   1.9339815e-60       1.0000000
      0.00000       5.7780000   1.8844162e-60       1.0000000
      0.00000       5.7790000   1.8361294e-60       1.0000000
      0.00000       5.7800000   1.7890879e-60       1.0000000
      0.00000       5.7810000   1.7432595e-60       1.0000000
      0.00000       5.7820000   1.6986126e-60       1.0000000
      0.00000       5.7830000   1.6551166e-60       1.0000000
      0.00000       5.7840000   1.6127417e-60       1.0000000
      0.00000       5.7850000   1.5714586e-60       1.0000000
      0.00000       5.7860000   1.5312392e-60       1.0000000
      0.00000       5.7870000   1.4920559e-60       1.0000000
      0.00000       5.7880000   1.4538817e-60       1.0000000
      0.00000       5.7890000   1.4166906e-60       1.0000000
      0.00000       5.7900000   1.3804570e-60       1.0000000
      0.00000       5.7910000   1.3451562e-60       1.0000000
      0.00000       5.7920000   1.3107639e-60       1.0000000
      0.00000       5.7930000   1.2772566e-60       1.0000000
      0.00000       5.7940000   1.2446115e-60       1.0000000
      0.00000       5.7950000   1.2128062e-60       1.0000000
      0.00000       5.7960000   1.1818189e-60       1.0000000
      0.00000       5.7970000   1.1516285e-60       1.0000000
      0.00000       5.7980000   1.1222143e-60       1.0000000
      0.00000       5.7990000   1.0935563e-60       1.0000000
      0.00000       5.8000000   1.0656348e-60       1.0000000
      0.00000       5.8010000   1.0384310e-60       1.0000000
      0.00000       5.8020000   1.0119260e-60       1.0000000
      0.00000       5.8030000   9.8610205e-61       1.0000000
      0.00000       5.8040000   9.6094135e-61       1.0000000
      0.00000       5.8050000   9.3642680e-61       1.0000000
      0.00000       5.8060000   9.1254170e-61       1.0000000
      0.00000       5.8070000   8.8926979e-61       1.0000000
      0.00000       5.8080000   8.6659522e-61       1.0000000
      0.00000       5.8090000   8.4450257e-61       1.0000000
      0.00000       5.8100000   8.2297679e-61       1.0000000
      0.00000       5.8110000   8.0200325e-61       1.0000000
      0.00000       5.8120000   7.8156770e-61       1.0000000
      0.00000       5.8130000   7.6165624e-61       1.0000000
      0.00000       5.8140000   7.4225534e-61       1.0000000
      0.00000       5.8150000   7.2335183e-61       1.0000000
      0.00000       5.8160000   7.0493288e-61       1.0000000
      0.00000       5.8170000   6.8698598e-61       1.0000000
      0.00000       5.8180000   6.6949896e-61       1.0000000
      0.00000       5.8190000   6.5245996e-61       1.0000000
      0.00000       5.8200000   6.3585743e-61       1.0000000
      0.00000       5.8210000   6.1968010e-61       1.0000000
      0.00000       5.8220000   6.0391703e-61       1.0000000
      0.00000       5.8230000   5.8855754e-61       1.0000000
      0.00000       5.8240000   5.7359123e-61       1.0000000
      0.00000       5.8250000   5.5900796e-61       1.0000000
      0.00000       5.8260000   5.4479787e-61       1.0000000
      0.00000       5.8270000   5.3095135e-61       1.0000000
      0.00000       5.8280000   5.1745904e-61       1.0000000
      0.00000       5.8290000   5.0431182e-61       1.0000000
      0.00000       5.8300000   4.9150080e-61       1.0000000
      0.00000       5.8310000   4.7901734e-61       1.0000000
      0.00000       5.8320000   4.6685299e-61       1.0000000
      0.00000       5.8330000   4.5499956e-61       1.0000000
      0.00000       5.8340000   4.4344905e-61       1.0000000
      0.00000       5.8350000   4.3219366e-61       1.0000000
      0.00000       5.8360000   4.2122580e-61       1.0000000
      0.00000       5.8370000   4.1053808e-61       1.0000000
      0.00000       5.8380000   4.0012331e-61       1.0000000
      0.00000       5.8390000   3.8997445e-61       1.0000000
      0.00000       5.8400000   3.8008469e-61       1.0000000
      0.00000       5.8410000   3.7044736e-61       1.0000000
      0.00000       5.8420000   3.6105599e-61       1.0000000
      0.00000       5.8430000   3.5190424e-61       1.0000000
      0.00000       5.8440000   3.4298597e-61       1.0000000
      0.00000       5.8450000   3.3429518e-61       1.0000000
      0.00000       5.8460000   3.2582604e-61       1.0000000
      0.00000       5.8470000   3.1757285e-61       1.0000000
      0.00000       5.8480000   3.0953007e-61       1.0000000
      0.00000       5.8490000   3.0169231e-61       1.0000000
      0.00000       5.8500000   2.9405430e-61       1.0000000
      0.00000       5.8510000   2.8661092e-61       1.0000000
      0.00000       5.8520000   2.7935717e-61       1.0000000
      0.00000       5.8530000   2.7228820e-61       1.0000000
      0.00000       5.8540000   2.6539927e-61       1.0000000
      0.00000       5.8550000   2.5868577e-61       1.0000000
      0.00000       5.8560000   2.5214319e-61       1.0000000
      0.00000       5.8570000   2.4576715e-61       1.0000000
      0.00000       5.8580000   2.3955340e-61       1.0000000
      0.00000       5.8590000   2.3349777e-61       1.0000000
      0.00000       5.8600000   2.2759622e-61       1.0000000
      0.00000       5.8610000   2.2184479e-61       1.0000000
      0.00000       5.8620000   2.1623965e-61       1.0000000
      0.00000       5.8630000   2.1077705e-61       1.0000000
      0.00000       5.8640000   2.0545334e-61       1.0000000
      0.00000       5.8650000   2.0026496e-61       1.0000000
      0.00000       5.8660000   1.9520847e-61       1.0000000
      0.00000       5.8670000   1.9028047e-61       1.0000000
      0.00000       5.8680000   1.8547769e-61       1.0000000
      0.00000       5.8690000   1.8079692e-61       1.0000000
      0.00000       5.8700000   1.7623504e-61       1.0000000
      0.00000       5.8710000   1.7178901e-61       1.0000000
      0.00000       5.8720000   1.6745588e-61       1.0000000
      0.00000       5.8730000   1.6323276e-61       1.0000000
      0.00000       5.8740000   1.5911683e-61       1.0000000
      0.00000       5.8750000   1.5510536e-61       1.0000000
      0.00000       5.8760000   1.5119568e-61       1.0000000
      0.00000       5.8770000   1.4738519e-61       1.0000000
      0.00000       5.8780000   1.4367135e-61       1.0000000
      0.00000       5.8790000   1.4005171e-61       1.0000000
      0.00000       5.8800000   1.3652385e-61       1.0000000
      0.00000       5.8810000   1.3308544e-61       1.0000000
      0.00000       5.8820000   1.2973418e-61       1.0000000
      0.00000       5.8830000   1.2646787e-61       1.0000000
      0.00000       5.8840000   1.2328432e-61       1.0000000
      0.00000       5.8850000   1.2018143e-61       1.0000000
      0.00000       5.8860000   1.1715715e-61       1.0000000
      0.00000       5.8870000   1.1420946e-61       1.0000000
      0.00000       5.8880000   1.1133642e-61       1.0000000
      0.00000       5.8890000   1.0853612e-61       1.0000000
      0.00000       5.8900000   1.0580671e-61       1.0000000
      0.00000       5.8910000   1.0314639e-61       1.0000000
      0.00000       5.8920000   1.0055339e-61       1.0000000
      0.00000       5.8930000   9.8026000e-62       1.0000000
      0.00000       5.8940000   9.5562547e-62       1.0000000
      0.00000       5.8950000   9.3161405e-62       1.0000000
      0.00000       5.8960000   9.0820987e-62       1.0000000
      0.00000       5.8970000   8.8539747e-62       1.0000000
      0.00000       5.8980000   8.6316180e-62       1.0000000
      0.00000       5.8990000   8.4148818e-62       1.0000000
      0.00000       5.9000000   8.2036231e-62       1.0000000
      0.00000       5.9010000   7.9977026e-62       1.0000000
      0.00000       5.9020000   7.7969845e-62       1.0000000
      0.00000       5.9030000   7.6013366e-62       1.0000000
      0.00000       5.9040000   7.4106299e-62       1.0000000
      0.00000       5.9050000   7.2247388e-62       1.0000000
      0.00000       5.9060000   7.0435411e-62       1.0000000
      0.00000       5.9070000   6.8669173e-62       1.0000000
      0.00000       5.9080000   6.6947513e-62       1.0000000
      0.00000       5.9090000   6.5269299e-62       1.0000000
      0.00000       5.9100000   6.3633427e-62       1.0000000
      0.00000       5.9110000   6.2038822e-62       1.0000000
      0.00000       5.9120000   6.0484436e-62       1.0000000
      0.00000       5.9130000   5.8969249e-62       1.0000000
      0.00000       5.9140000   5.7492265e-62       1.0000000
      0.00000       5.9150000   5.6052515e-62       1.0000000
      0.00000       5.9160000   5.4649054e-62       1.0000000
      0.00000       5.9170000   5.3280962e-62       1.0000000
      0.00000       5.9180000   5.1947341e-62       1.0000000
      0.00000       5.9190000   5.0647318e-62       1.0000000
      0.00000       5.9200000   4.9380040e-62       1.0000000
      0.00000       5.9210000   4.8144678e-62       1.0000000
      0.00000       5.9220000   4.6940422e-62       1.0000000
      0.00000       5.9230000   4.5766484e-62       1.0000000
      0.00000       5.9240000   4.4622096e-62       1.0000000
      0.00000       5.9250000   4.3506510e-62       1.0000000
      0.00000       5.9260000   4.2418995e-62       1.0000000
      0.00000       5.9270000   4.1358841e-62       1.0000000
      0.00000       5.9280000   4.0325355e-62       1.0000000
      0.00000       5.9290000   3.9317862e-62       1.0000000
      0.00000       5.9300000   3.8335704e-62       1.0000000
      0.00000       5.9310000   3.7378239e-62       1.0000000
      0.00000       5.9320000   3.6444844e-62       1.0000000
      0.00000       5.9330000   3.5534908e-62       1.0000000
      0.00000       5.9340000   3.4647839e-62       1.0000000
      0.00000       5.9350000   3.3783057e-62       1.0000000
      0.00000       5.9360000   3.2940001e-62       1.0000000
      0.00000       5.9370000   3.2118119e-62       1.0000000
      0.00000       5.9380000   3.1316878e-62       1.0000000
      0.00000       5.9390000   3.0535754e-62       1.0000000
      0.00000       5.9400000   2.9774241e-62       1.0000000
      0.00000       5.9410000   2.9031842e-62       1.0000000
      0.00000       5.9420000   2.8308074e-62       1.0000000
      0.00000       5.9430000   2.7602467e-62       1.0000000
      0.00000       5.9440000   2.6914563e-62       1.0000000
      0.00000       5.9450000   2.6243914e-62       1.0000000
      0.00000       5.9460000   2.5590084e-62       1.0000000
      0.00000       5.9470000   2.4952650e-62       1.0000000
      0.00000       5.9480000   2.4331197e-62       1.0000000
      0.00000       5.9490000   2.3725322e-62       1.0000000
      0.00000       5.9500000   2.3134631e-62       1.0000000
      0.00000       5.9510000   2.2558743e-62       1.0000000
      0.00000       5.9520000   2.1997284e-62       1.0000000
      0.00000       5.9530000   2.1449890e-62       1.0000000
      0.00000       5.9540000   2.0916205e-62       1.0000000
      0.00000       5.9550000   2.0395886e-62       1.0000000
      0.00000       5.9560000   1.9888594e-62       1.0000000
      0.00000       5.9570000   1.9394002e-62       1.0000000
      0.00000       5.9580000   1.8911789e-62       1.0000000
      0.00000       5.9590000   1.8441644e-62       1.0000000
      0.00000       5.9600000   1.7983263e-62       1.0000000
      0.00000       5.9610000   1.7536349e-62       1.0000000
      0.00000       5.9620000   1.7100613e-62       1.0000000
      0.00000       5.9630000   1.6675776e-62       1.0000000
      0.00000       5.9640000   1.6261561e-62       1.0000000
      0.00000       5.9650000   1.5857702e-62       1.0000000
      0.00000       5.9660000   1.5463938e-62       1.0000000
      0.00000       5.9670000   1.5080015e-62       1.0000000
      0.00000       5.9680000   1.4705686e-62       1.0000000
      0.00000       5.9690000   1.4340709e-62       1.0000000
      0.00000       5.9700000   1.3984849e-62       1.0000000
      0.00000       5.9710000   1.3637877e-62       1.0000000
      0.00000       5.9720000   1.3299570e-62       1.0000000
      0.00000       5.9730000   1.2969709e-62       1.0000000
      0.00000       5.9740000   1.2648083e-62       1.0000000
      0.00000       5.9750000   1.2334484e-62       1.0000000
      0.00000       5.9760000   1.2028712e-62       1.0000000
      0.00000       5.9770000   1.1730569e-62       1.0000000
      0.00000       5.9780000   1.1439863e-62       1.0000000
      0.00000       5.9790000   1.1156409e-62       1.0000000
      0.00000       5.9800000   1.0880024e-62       1.0000000
      0.00000       5.9810000   1.0610530e-62       1.0000000
      0.00000       5.9820000   1.0347755e-62       1.0000000
      0.00000       5.9830000   1.0091530e-62       1.0000000
      0.00000       5.9840000   9.8416908e-63       1.0000000
      0.00000       5.9850000   9.5980771e-63       1.0000000
      0.00000       5.9860000   9.3605328e-63       1.0000000
      0.00000       5.9870000   9.1289058e-63       1.0000000
      0.00000       5.9880000   8.9030476e-63       1.0000000
      0.00000       5.9890000   8.6828137e-63       1.0000000
      0.00000       5.9900000   8.4680631e-63       1.0000000
      0.00000       5.9910000   8.2586585e-63       1.0000000
      0.00000       5.9920000   8.0544658e-63       1.0000000
      0.00000       5.9930000   7.8553545e-63       1.0000000
      0.00000       5.9940000   7.6611974e-63       1.0000000
      0.00000       5.9950000   7.4718704e-63       1.0000000
      0.00000       5.9960000   7.2872525e-63       1.0000000
      0.00000       5.9970000   7.1072259e-63       1.0000000
      0.00000       5.9980000   6.9316756e-63       1.0000000
      0.00000       5.9990000   6.7604897e-63       1.0000000
