      0.00000       0.0000000       0.0000000       1.0000000
      0.00000    0.0010000000       0.0000000       1.0000000
      0.00000    0.0020000000       0.0000000       1.0000000
      0.00000    0.0030000000       0.0000000       1.0000000
      0.00000    0.0040000000       0.0000000       1.0000000
      0.00000    0.0050000000       0.0000000       1.0000000
      0.00000    0.0060000000       0.0000000       1.0000000
      0.00000    0.0070000000       0.0000000       1.0000000
      0.00000    0.0080000000       0.0000000       1.0000000
      0.00000    0.0090000000       0.0000000       1.0000000
      0.00000     0.010000000       0.0000000       1.0000000
      0.00000     0.011000000       0.0000000       1.0000000
      0.00000     0.012000000       0.0000000       1.0000000
      0.00000     0.013000000       0.0000000       1.0000000
      0.00000     0.014000000       0.0000000       1.0000000
      0.00000     0.015000000       0.0000000       1.0000000
      0.00000     0.016000000       0.0000000       1.0000000
      0.00000     0.017000000       0.0000000       1.0000000
      0.00000     0.018000000       0.0000000       1.0000000
      0.00000     0.019000000       0.0000000       1.0000000
      0.00000     0.020000000       0.0000000       1.0000000
      0.00000     0.021000000       0.0000000       1.0000000
      0.00000     0.022000000       0.0000000       1.0000000
      0.00000     0.023000000       0.0000000       1.0000000
      0.00000     0.024000000       0.0000000       1.0000000
      0.00000     0.025000000       0.0000000       1.0000000
      0.00000     0.026000000       0.0000000       1.0000000
      0.00000     0.027000000       0.0000000       1.0000000
      0.00000     0.028000000       0.0000000       1.0000000
      0.00000     0.029000000       0.0000000       1.0000000
      0.00000     0.030000000       0.0000000       1.0000000
      0.00000     0.031000000       0.0000000       1.0000000
      0.00000     0.032000000       0.0000000       1.0000000
      0.00000     0.033000000       0.0000000       1.0000000
      0.00000     0.034000000       0.0000000       1.0000000
      0.00000     0.035000000       0.0000000       1.0000000
      0.00000     0.036000000       0.0000000       1.0000000
      0.00000     0.037000000       0.0000000       1.0000000
      0.00000     0.038000000       0.0000000       1.0000000
      0.00000     0.039000000       0.0000000       1.0000000
      0.00000     0.040000000       0.0000000       1.0000000
      0.00000     0.041000000       0.0000000       1.0000000
      0.00000     0.042000000       0.0000000       1.0000000
      0.00000     0.043000000       0.0000000       1.0000000
      0.00000     0.044000000       0.0000000       1.0000000
      0.00000     0.045000000       0.0000000       1.0000000
      0.00000     0.046000000       0.0000000       1.0000000
      0.00000     0.047000000       0.0000000       1.0000000
      0.00000     0.048000000       0.0000000       1.0000000
      0.00000     0.049000000       0.0000000       1.0000000
      0.00000     0.050000000       0.0000000       1.0000000
      0.00000     0.051000000       0.0000000       1.0000000
      0.00000     0.052000000       0.0000000       1.0000000
      0.00000     0.053000000       0.0000000       1.0000000
      0.00000     0.054000000       0.0000000       1.0000000
      0.00000     0.055000000       0.0000000       1.0000000
      0.00000     0.056000000       0.0000000       1.0000000
      0.00000     0.057000000       0.0000000       1.0000000
      0.00000     0.058000000       0.0000000       1.0000000
      0.00000     0.059000000       0.0000000       1.0000000
      0.00000     0.060000000       0.0000000       1.0000000
      0.00000     0.061000000       0.0000000       1.0000000
      0.00000     0.062000000       0.0000000       1.0000000
      0.00000     0.063000000       0.0000000       1.0000000
      0.00000     0.064000000       0.0000000       1.0000000
      0.00000     0.065000000       0.0000000       1.0000000
      0.00000     0.066000000       0.0000000       1.0000000
      0.00000     0.067000000       0.0000000       1.0000000
      0.00000     0.068000000       0.0000000       1.0000000
      0.00000     0.069000000       0.0000000       1.0000000
      0.00000     0.070000000       0.0000000       1.0000000
      0.00000     0.071000000       0.0000000       1.0000000
      0.00000     0.072000000       0.0000000       1.0000000
      0.00000     0.073000000       0.0000000       1.0000000
      0.00000     0.074000000       0.0000000       1.0000000
      0.00000     0.075000000       0.0000000       1.0000000
      0.00000     0.076000000       0.0000000       1.0000000
      0.00000     0.077000000       0.0000000       1.0000000
      0.00000     0.078000000       0.0000000       1.0000000
      0.00000     0.079000000       0.0000000       1.0000000
      0.00000     0.080000000       0.0000000       1.0000000
      0.00000     0.081000000       0.0000000       1.0000000
      0.00000     0.082000000       0.0000000       1.0000000
      0.00000     0.083000000       0.0000000       1.0000000
      0.00000     0.084000000       0.0000000       1.0000000
      0.00000     0.085000000       0.0000000       1.0000000
      0.00000     0.086000000       0.0000000       1.0000000
      0.00000     0.087000000       0.0000000       1.0000000
      0.00000     0.088000000       0.0000000       1.0000000
      0.00000     0.089000000       0.0000000       1.0000000
      0.00000     0.090000000       0.0000000       1.0000000
      0.00000     0.091000000       0.0000000       1.0000000
      0.00000     0.092000000       0.0000000       1.0000000
      0.00000     0.093000000       0.0000000       1.0000000
      0.00000     0.094000000       0.0000000       1.0000000
      0.00000     0.095000000       0.0000000       1.0000000
      0.00000     0.096000000       0.0000000       1.0000000
      0.00000     0.097000000       0.0000000       1.0000000
      0.00000     0.098000000       0.0000000       1.0000000
      0.00000     0.099000000       0.0000000       1.0000000
      0.00000      0.10000000       0.0000000       1.0000000
      0.00000      0.10100000       0.0000000       1.0000000
      0.00000      0.10200000       0.0000000       1.0000000
      0.00000      0.10300000       0.0000000       1.0000000
      0.00000      0.10400000       0.0000000       1.0000000
      0.00000      0.10500000       0.0000000       1.0000000
      0.00000      0.10600000       0.0000000       1.0000000
      0.00000      0.10700000       0.0000000       1.0000000
      0.00000      0.10800000       0.0000000       1.0000000
      0.00000      0.10900000       0.0000000       1.0000000
      0.00000      0.11000000       0.0000000       1.0000000
      0.00000      0.11100000       0.0000000       1.0000000
      0.00000      0.11200000       0.0000000       1.0000000
      0.00000      0.11300000       0.0000000       1.0000000
      0.00000      0.11400000       0.0000000       1.0000000
      0.00000      0.11500000       0.0000000       1.0000000
      0.00000      0.11600000       0.0000000       1.0000000
      0.00000      0.11700000       0.0000000       1.0000000
      0.00000      0.11800000       0.0000000       1.0000000
      0.00000      0.11900000       0.0000000       1.0000000
      0.00000      0.12000000       0.0000000       1.0000000
      0.00000      0.12100000       0.0000000       1.0000000
      0.00000      0.12200000       0.0000000       1.0000000
      0.00000      0.12300000       0.0000000       1.0000000
      0.00000      0.12400000       0.0000000       1.0000000
      0.00000      0.12500000       0.0000000       1.0000000
      0.00000      0.12600000       0.0000000       1.0000000
      0.00000      0.12700000       0.0000000       1.0000000
      0.00000      0.12800000       0.0000000       1.0000000
      0.00000      0.12900000       0.0000000       1.0000000
      0.00000      0.13000000       0.0000000       1.0000000
      0.00000      0.13100000       0.0000000       1.0000000
      0.00000      0.13200000       0.0000000       1.0000000
      0.00000      0.13300000       0.0000000       1.0000000
      0.00000      0.13400000       0.0000000       1.0000000
      0.00000      0.13500000       0.0000000       1.0000000
      0.00000      0.13600000       0.0000000       1.0000000
      0.00000      0.13700000       0.0000000       1.0000000
      0.00000      0.13800000       0.0000000       1.0000000
      0.00000      0.13900000       0.0000000       1.0000000
      0.00000      0.14000000       0.0000000       1.0000000
      0.00000      0.14100000       0.0000000       1.0000000
      0.00000      0.14200000       0.0000000       1.0000000
      0.00000      0.14300000       0.0000000       1.0000000
      0.00000      0.14400000       0.0000000       1.0000000
      0.00000      0.14500000       0.0000000       1.0000000
      0.00000      0.14600000       0.0000000       1.0000000
      0.00000      0.14700000       0.0000000       1.0000000
      0.00000      0.14800000       0.0000000       1.0000000
      0.00000      0.14900000       0.0000000       1.0000000
      0.00000      0.15000000       0.0000000       1.0000000
      0.00000      0.15100000       0.0000000       1.0000000
      0.00000      0.15200000       0.0000000       1.0000000
      0.00000      0.15300000       0.0000000       1.0000000
      0.00000      0.15400000       0.0000000       1.0000000
      0.00000      0.15500000       0.0000000       1.0000000
      0.00000      0.15600000       0.0000000       1.0000000
      0.00000      0.15700000       0.0000000       1.0000000
      0.00000      0.15800000       0.0000000       1.0000000
      0.00000      0.15900000       0.0000000       1.0000000
      0.00000      0.16000000       0.0000000       1.0000000
      0.00000      0.16100000       0.0000000       1.0000000
      0.00000      0.16200000       0.0000000       1.0000000
      0.00000      0.16300000       0.0000000       1.0000000
      0.00000      0.16400000       0.0000000       1.0000000
      0.00000      0.16500000       0.0000000       1.0000000
      0.00000      0.16600000       0.0000000       1.0000000
      0.00000      0.16700000       0.0000000       1.0000000
      0.00000      0.16800000       0.0000000       1.0000000
      0.00000      0.16900000       0.0000000       1.0000000
      0.00000      0.17000000       0.0000000       1.0000000
      0.00000      0.17100000       0.0000000       1.0000000
      0.00000      0.17200000       0.0000000       1.0000000
      0.00000      0.17300000       0.0000000       1.0000000
      0.00000      0.17400000       0.0000000       1.0000000
      0.00000      0.17500000       0.0000000       1.0000000
      0.00000      0.17600000       0.0000000       1.0000000
      0.00000      0.17700000       0.0000000       1.0000000
      0.00000      0.17800000       0.0000000       1.0000000
      0.00000      0.17900000       0.0000000       1.0000000
      0.00000      0.18000000       0.0000000       1.0000000
      0.00000      0.18100000       0.0000000       1.0000000
      0.00000      0.18200000       0.0000000       1.0000000
      0.00000      0.18300000       0.0000000       1.0000000
      0.00000      0.18400000       0.0000000       1.0000000
      0.00000      0.18500000       0.0000000       1.0000000
      0.00000      0.18600000       0.0000000       1.0000000
      0.00000      0.18700000       0.0000000       1.0000000
      0.00000      0.18800000       0.0000000       1.0000000
      0.00000      0.18900000       0.0000000       1.0000000
      0.00000      0.19000000       0.0000000       1.0000000
      0.00000      0.19100000       0.0000000       1.0000000
      0.00000      0.19200000       0.0000000       1.0000000
      0.00000      0.19300000       0.0000000       1.0000000
      0.00000      0.19400000       0.0000000       1.0000000
      0.00000      0.19500000       0.0000000       1.0000000
      0.00000      0.19600000       0.0000000       1.0000000
      0.00000      0.19700000       0.0000000       1.0000000
      0.00000      0.19800000       0.0000000       1.0000000
      0.00000      0.19900000       0.0000000       1.0000000
      0.00000      0.20000000       0.0000000       1.0000000
      0.00000      0.20100000       0.0000000       1.0000000
      0.00000      0.20200000       0.0000000       1.0000000
      0.00000      0.20300000       0.0000000       1.0000000
      0.00000      0.20400000       0.0000000       1.0000000
      0.00000      0.20500000       0.0000000       1.0000000
      0.00000      0.20600000       0.0000000       1.0000000
      0.00000      0.20700000       0.0000000       1.0000000
      0.00000      0.20800000       0.0000000       1.0000000
      0.00000      0.20900000       0.0000000       1.0000000
      0.00000      0.21000000       0.0000000       1.0000000
      0.00000      0.21100000       0.0000000       1.0000000
      0.00000      0.21200000       0.0000000       1.0000000
      0.00000      0.21300000       0.0000000       1.0000000
      0.00000      0.21400000       0.0000000       1.0000000
      0.00000      0.21500000       0.0000000       1.0000000
      0.00000      0.21600000       0.0000000       1.0000000
      0.00000      0.21700000       0.0000000       1.0000000
      0.00000      0.21800000       0.0000000       1.0000000
      0.00000      0.21900000       0.0000000       1.0000000
      0.00000      0.22000000       0.0000000       1.0000000
      0.00000      0.22100000       0.0000000       1.0000000
      0.00000      0.22200000       0.0000000       1.0000000
      0.00000      0.22300000       0.0000000       1.0000000
      0.00000      0.22400000       0.0000000       1.0000000
      0.00000      0.22500000       0.0000000       1.0000000
      0.00000      0.22600000       0.0000000       1.0000000
      0.00000      0.22700000       0.0000000       1.0000000
      0.00000      0.22800000       0.0000000       1.0000000
      0.00000      0.22900000       0.0000000       1.0000000
      0.00000      0.23000000       0.0000000       1.0000000
      0.00000      0.23100000       0.0000000       1.0000000
      0.00000      0.23200000       0.0000000       1.0000000
      0.00000      0.23300000       0.0000000       1.0000000
      0.00000      0.23400000       0.0000000       1.0000000
      0.00000      0.23500000       0.0000000       1.0000000
      0.00000      0.23600000       0.0000000       1.0000000
      0.00000      0.23700000       0.0000000       1.0000000
      0.00000      0.23800000       0.0000000       1.0000000
      0.00000      0.23900000       0.0000000       1.0000000
      0.00000      0.24000000       0.0000000       1.0000000
      0.00000      0.24100000       0.0000000       1.0000000
      0.00000      0.24200000       0.0000000       1.0000000
      0.00000      0.24300000       0.0000000       1.0000000
      0.00000      0.24400000       0.0000000       1.0000000
      0.00000      0.24500000       0.0000000       1.0000000
      0.00000      0.24600000       0.0000000       1.0000000
      0.00000      0.24700000       0.0000000       1.0000000
      0.00000      0.24800000       0.0000000       1.0000000
      0.00000      0.24900000       0.0000000       1.0000000
      0.00000      0.25000000       0.0000000       1.0000000
      0.00000      0.25100000       0.0000000       1.0000000
      0.00000      0.25200000       0.0000000       1.0000000
      0.00000      0.25300000       0.0000000       1.0000000
      0.00000      0.25400000       0.0000000       1.0000000
      0.00000      0.25500000       0.0000000       1.0000000
      0.00000      0.25600000       0.0000000       1.0000000
      0.00000      0.25700000       0.0000000       1.0000000
      0.00000      0.25800000       0.0000000       1.0000000
      0.00000      0.25900000       0.0000000       1.0000000
      0.00000      0.26000000       0.0000000       1.0000000
      0.00000      0.26100000       0.0000000       1.0000000
      0.00000      0.26200000       0.0000000       1.0000000
      0.00000      0.26300000       0.0000000       1.0000000
      0.00000      0.26400000       0.0000000       1.0000000
      0.00000      0.26500000       0.0000000       1.0000000
      0.00000      0.26600000       0.0000000       1.0000000
      0.00000      0.26700000       0.0000000       1.0000000
      0.00000      0.26800000       0.0000000       1.0000000
      0.00000      0.26900000       0.0000000       1.0000000
      0.00000      0.27000000       0.0000000       1.0000000
      0.00000      0.27100000       0.0000000       1.0000000
      0.00000      0.27200000       0.0000000       1.0000000
      0.00000      0.27300000       0.0000000       1.0000000
      0.00000      0.27400000       0.0000000       1.0000000
      0.00000      0.27500000       0.0000000       1.0000000
      0.00000      0.27600000       0.0000000       1.0000000
      0.00000      0.27700000       0.0000000       1.0000000
      0.00000      0.27800000       0.0000000       1.0000000
      0.00000      0.27900000       0.0000000       1.0000000
      0.00000      0.28000000       0.0000000       1.0000000
      0.00000      0.28100000       0.0000000       1.0000000
      0.00000      0.28200000       0.0000000       1.0000000
      0.00000      0.28300000       0.0000000       1.0000000
      0.00000      0.28400000       0.0000000       1.0000000
      0.00000      0.28500000       0.0000000       1.0000000
      0.00000      0.28600000       0.0000000       1.0000000
      0.00000      0.28700000       0.0000000       1.0000000
      0.00000      0.28800000       0.0000000       1.0000000
      0.00000      0.28900000       0.0000000       1.0000000
      0.00000      0.29000000       0.0000000       1.0000000
      0.00000      0.29100000       0.0000000       1.0000000
      0.00000      0.29200000       0.0000000       1.0000000
      0.00000      0.29300000       0.0000000       1.0000000
      0.00000      0.29400000       0.0000000       1.0000000
      0.00000      0.29500000       0.0000000       1.0000000
      0.00000      0.29600000       0.0000000       1.0000000
      0.00000      0.29700000       0.0000000       1.0000000
      0.00000      0.29800000       0.0000000       1.0000000
      0.00000      0.29900000       0.0000000       1.0000000
      0.00000      0.30000000       0.0000000       1.0000000
      0.00000      0.30100000       0.0000000       1.0000000
      0.00000      0.30200000       0.0000000       1.0000000
      0.00000      0.30300000       0.0000000       1.0000000
      0.00000      0.30400000       0.0000000       1.0000000
      0.00000      0.30500000       0.0000000       1.0000000
      0.00000      0.30600000       0.0000000       1.0000000
      0.00000      0.30700000       0.0000000       1.0000000
      0.00000      0.30800000       0.0000000       1.0000000
      0.00000      0.30900000       0.0000000       1.0000000
      0.00000      0.31000000       0.0000000       1.0000000
      0.00000      0.31100000       0.0000000       1.0000000
      0.00000      0.31200000       0.0000000       1.0000000
      0.00000      0.31300000       0.0000000       1.0000000
      0.00000      0.31400000       0.0000000       1.0000000
      0.00000      0.31500000       0.0000000       1.0000000
      0.00000      0.31600000       0.0000000       1.0000000
      0.00000      0.31700000       0.0000000       1.0000000
      0.00000      0.31800000       0.0000000       1.0000000
      0.00000      0.31900000       0.0000000       1.0000000
      0.00000      0.32000000       0.0000000       1.0000000
      0.00000      0.32100000       0.0000000       1.0000000
      0.00000      0.32200000       0.0000000       1.0000000
      0.00000      0.32300000       0.0000000       1.0000000
      0.00000      0.32400000       0.0000000       1.0000000
      0.00000      0.32500000       0.0000000       1.0000000
      0.00000      0.32600000       0.0000000       1.0000000
      0.00000      0.32700000       0.0000000       1.0000000
      0.00000      0.32800000       0.0000000       1.0000000
      0.00000      0.32900000       0.0000000       1.0000000
      0.00000      0.33000000       0.0000000       1.0000000
      0.00000      0.33100000       0.0000000       1.0000000
      0.00000      0.33200000       0.0000000       1.0000000
      0.00000      0.33300000       0.0000000       1.0000000
      0.00000      0.33400000       0.0000000       1.0000000
      0.00000      0.33500000       0.0000000       1.0000000
      0.00000      0.33600000       0.0000000       1.0000000
      0.00000      0.33700000       0.0000000       1.0000000
      0.00000      0.33800000       0.0000000       1.0000000
      0.00000      0.33900000       0.0000000       1.0000000
      0.00000      0.34000000       0.0000000       1.0000000
      0.00000      0.34100000       0.0000000       1.0000000
      0.00000      0.34200000       0.0000000       1.0000000
      0.00000      0.34300000       0.0000000       1.0000000
      0.00000      0.34400000       0.0000000       1.0000000
      0.00000      0.34500000       0.0000000       1.0000000
      0.00000      0.34600000       0.0000000       1.0000000
      0.00000      0.34700000       0.0000000       1.0000000
      0.00000      0.34800000       0.0000000       1.0000000
      0.00000      0.34900000       0.0000000       1.0000000
      0.00000      0.35000000       0.0000000       1.0000000
      0.00000      0.35100000       0.0000000       1.0000000
      0.00000      0.35200000       0.0000000       1.0000000
      0.00000      0.35300000       0.0000000       1.0000000
      0.00000      0.35400000       0.0000000       1.0000000
      0.00000      0.35500000       0.0000000       1.0000000
      0.00000      0.35600000       0.0000000       1.0000000
      0.00000      0.35700000       0.0000000       1.0000000
      0.00000      0.35800000       0.0000000       1.0000000
      0.00000      0.35900000       0.0000000       1.0000000
      0.00000      0.36000000       0.0000000       1.0000000
      0.00000      0.36100000       0.0000000       1.0000000
      0.00000      0.36200000       0.0000000       1.0000000
      0.00000      0.36300000       0.0000000       1.0000000
      0.00000      0.36400000       0.0000000       1.0000000
      0.00000      0.36500000       0.0000000       1.0000000
      0.00000      0.36600000       0.0000000       1.0000000
      0.00000      0.36700000       0.0000000       1.0000000
      0.00000      0.36800000       0.0000000       1.0000000
      0.00000      0.36900000       0.0000000       1.0000000
      0.00000      0.37000000       0.0000000       1.0000000
      0.00000      0.37100000       0.0000000       1.0000000
      0.00000      0.37200000       0.0000000       1.0000000
      0.00000      0.37300000       0.0000000       1.0000000
      0.00000      0.37400000       0.0000000       1.0000000
      0.00000      0.37500000       0.0000000       1.0000000
      0.00000      0.37600000       0.0000000       1.0000000
      0.00000      0.37700000       0.0000000       1.0000000
      0.00000      0.37800000       0.0000000       1.0000000
      0.00000      0.37900000       0.0000000       1.0000000
      0.00000      0.38000000       0.0000000       1.0000000
      0.00000      0.38100000       0.0000000       1.0000000
      0.00000      0.38200000       0.0000000       1.0000000
      0.00000      0.38300000       0.0000000       1.0000000
      0.00000      0.38400000       0.0000000       1.0000000
      0.00000      0.38500000       0.0000000       1.0000000
      0.00000      0.38600000       0.0000000       1.0000000
      0.00000      0.38700000       0.0000000       1.0000000
      0.00000      0.38800000       0.0000000       1.0000000
      0.00000      0.38900000       0.0000000       1.0000000
      0.00000      0.39000000       0.0000000       1.0000000
      0.00000      0.39100000       0.0000000       1.0000000
      0.00000      0.39200000       0.0000000       1.0000000
      0.00000      0.39300000       0.0000000       1.0000000
      0.00000      0.39400000       0.0000000       1.0000000
      0.00000      0.39500000       0.0000000       1.0000000
      0.00000      0.39600000       0.0000000       1.0000000
      0.00000      0.39700000       0.0000000       1.0000000
      0.00000      0.39800000       0.0000000       1.0000000
      0.00000      0.39900000       0.0000000       1.0000000
      0.00000      0.40000000       0.0000000       1.0000000
      0.00000      0.40100000       0.0000000       1.0000000
      0.00000      0.40200000       0.0000000       1.0000000
      0.00000      0.40300000       0.0000000       1.0000000
      0.00000      0.40400000       0.0000000       1.0000000
      0.00000      0.40500000       0.0000000       1.0000000
      0.00000      0.40600000       0.0000000       1.0000000
      0.00000      0.40700000       0.0000000       1.0000000
      0.00000      0.40800000       0.0000000       1.0000000
      0.00000      0.40900000       0.0000000       1.0000000
      0.00000      0.41000000       0.0000000       1.0000000
      0.00000      0.41100000       0.0000000       1.0000000
      0.00000      0.41200000       0.0000000       1.0000000
      0.00000      0.41300000       0.0000000       1.0000000
      0.00000      0.41400000       0.0000000       1.0000000
      0.00000      0.41500000       0.0000000       1.0000000
      0.00000      0.41600000       0.0000000       1.0000000
      0.00000      0.41700000       0.0000000       1.0000000
      0.00000      0.41800000       0.0000000       1.0000000
      0.00000      0.41900000       0.0000000       1.0000000
      0.00000      0.42000000       0.0000000       1.0000000
      0.00000      0.42100000       0.0000000       1.0000000
      0.00000      0.42200000       0.0000000       1.0000000
      0.00000      0.42300000       0.0000000       1.0000000
      0.00000      0.42400000       0.0000000       1.0000000
      0.00000      0.42500000       0.0000000       1.0000000
      0.00000      0.42600000       0.0000000       1.0000000
      0.00000      0.42700000       0.0000000       1.0000000
      0.00000      0.42800000       0.0000000       1.0000000
      0.00000      0.42900000       0.0000000       1.0000000
      0.00000      0.43000000       0.0000000       1.0000000
      0.00000      0.43100000       0.0000000       1.0000000
      0.00000      0.43200000       0.0000000       1.0000000
      0.00000      0.43300000       0.0000000       1.0000000
      0.00000      0.43400000       0.0000000       1.0000000
      0.00000      0.43500000       0.0000000       1.0000000
      0.00000      0.43600000       0.0000000       1.0000000
      0.00000      0.43700000       0.0000000       1.0000000
      0.00000      0.43800000       0.0000000       1.0000000
      0.00000      0.43900000       0.0000000       1.0000000
      0.00000      0.44000000       0.0000000       1.0000000
      0.00000      0.44100000       0.0000000       1.0000000
      0.00000      0.44200000       0.0000000       1.0000000
      0.00000      0.44300000       0.0000000       1.0000000
      0.00000      0.44400000       0.0000000       1.0000000
      0.00000      0.44500000       0.0000000       1.0000000
      0.00000      0.44600000       0.0000000       1.0000000
      0.00000      0.44700000       0.0000000       1.0000000
      0.00000      0.44800000       0.0000000       1.0000000
      0.00000      0.44900000       0.0000000       1.0000000
      0.00000      0.45000000       0.0000000       1.0000000
      0.00000      0.45100000       0.0000000       1.0000000
      0.00000      0.45200000       0.0000000       1.0000000
      0.00000      0.45300000       0.0000000       1.0000000
      0.00000      0.45400000       0.0000000       1.0000000
      0.00000      0.45500000       0.0000000       1.0000000
      0.00000      0.45600000       0.0000000       1.0000000
      0.00000      0.45700000       0.0000000       1.0000000
      0.00000      0.45800000       0.0000000       1.0000000
      0.00000      0.45900000       0.0000000       1.0000000
      0.00000      0.46000000       0.0000000       1.0000000
      0.00000      0.46100000       0.0000000       1.0000000
      0.00000      0.46200000       0.0000000       1.0000000
      0.00000      0.46300000       0.0000000       1.0000000
      0.00000      0.46400000       0.0000000       1.0000000
      0.00000      0.46500000       0.0000000       1.0000000
      0.00000      0.46600000       0.0000000       1.0000000
      0.00000      0.46700000       0.0000000       1.0000000
      0.00000      0.46800000       0.0000000       1.0000000
      0.00000      0.46900000       0.0000000       1.0000000
      0.00000      0.47000000       0.0000000       1.0000000
      0.00000      0.47100000       0.0000000       1.0000000
      0.00000      0.47200000       0.0000000       1.0000000
      0.00000      0.47300000       0.0000000       1.0000000
      0.00000      0.47400000       0.0000000       1.0000000
      0.00000      0.47500000       0.0000000       1.0000000
      0.00000      0.47600000       0.0000000       1.0000000
      0.00000      0.47700000       0.0000000       1.0000000
      0.00000      0.47800000       0.0000000       1.0000000
      0.00000      0.47900000       0.0000000       1.0000000
      0.00000      0.48000000       0.0000000       1.0000000
      0.00000      0.48100000       0.0000000       1.0000000
      0.00000      0.48200000       0.0000000       1.0000000
      0.00000      0.48300000       0.0000000       1.0000000
      0.00000      0.48400000       0.0000000       1.0000000
      0.00000      0.48500000       0.0000000       1.0000000
      0.00000      0.48600000       0.0000000       1.0000000
      0.00000      0.48700000       0.0000000       1.0000000
      0.00000      0.48800000       0.0000000       1.0000000
      0.00000      0.48900000       0.0000000       1.0000000
      0.00000      0.49000000       0.0000000       1.0000000
      0.00000      0.49100000       0.0000000       1.0000000
      0.00000      0.49200000       0.0000000       1.0000000
      0.00000      0.49300000       0.0000000       1.0000000
      0.00000      0.49400000       0.0000000       1.0000000
      0.00000      0.49500000       0.0000000       1.0000000
      0.00000      0.49600000       0.0000000       1.0000000
      0.00000      0.49700000       0.0000000       1.0000000
      0.00000      0.49800000       0.0000000       1.0000000
      0.00000      0.49900000       0.0000000       1.0000000
      0.00000      0.50000000       0.0000000       1.0000000
      0.00000      0.50100000       0.0000000       1.0000000
      0.00000      0.50200000       0.0000000       1.0000000
      0.00000      0.50300000       0.0000000       1.0000000
      0.00000      0.50400000       0.0000000       1.0000000
      0.00000      0.50500000       0.0000000       1.0000000
      0.00000      0.50600000       0.0000000       1.0000000
      0.00000      0.50700000       0.0000000       1.0000000
      0.00000      0.50800000       0.0000000       1.0000000
      0.00000      0.50900000       0.0000000       1.0000000
      0.00000      0.51000000       0.0000000       1.0000000
      0.00000      0.51100000       0.0000000       1.0000000
      0.00000      0.51200000       0.0000000       1.0000000
      0.00000      0.51300000       0.0000000       1.0000000
      0.00000      0.51400000       0.0000000       1.0000000
      0.00000      0.51500000       0.0000000       1.0000000
      0.00000      0.51600000       0.0000000       1.0000000
      0.00000      0.51700000       0.0000000       1.0000000
      0.00000      0.51800000       0.0000000       1.0000000
      0.00000      0.51900000       0.0000000       1.0000000
      0.00000      0.52000000       0.0000000       1.0000000
      0.00000      0.52100000       0.0000000       1.0000000
      0.00000      0.52200000       0.0000000       1.0000000
      0.00000      0.52300000       0.0000000       1.0000000
      0.00000      0.52400000       0.0000000       1.0000000
      0.00000      0.52500000       0.0000000       1.0000000
      0.00000      0.52600000       0.0000000       1.0000000
      0.00000      0.52700000       0.0000000       1.0000000
      0.00000      0.52800000       0.0000000       1.0000000
      0.00000      0.52900000       0.0000000       1.0000000
      0.00000      0.53000000       0.0000000       1.0000000
      0.00000      0.53100000       0.0000000       1.0000000
      0.00000      0.53200000       0.0000000       1.0000000
      0.00000      0.53300000       0.0000000       1.0000000
      0.00000      0.53400000       0.0000000       1.0000000
      0.00000      0.53500000       0.0000000       1.0000000
      0.00000      0.53600000       0.0000000       1.0000000
      0.00000      0.53700000       0.0000000       1.0000000
      0.00000      0.53800000       0.0000000       1.0000000
      0.00000      0.53900000       0.0000000       1.0000000
      0.00000      0.54000000       0.0000000       1.0000000
      0.00000      0.54100000       0.0000000       1.0000000
      0.00000      0.54200000       0.0000000       1.0000000
      0.00000      0.54300000       0.0000000       1.0000000
      0.00000      0.54400000       0.0000000       1.0000000
      0.00000      0.54500000       0.0000000       1.0000000
      0.00000      0.54600000       0.0000000       1.0000000
      0.00000      0.54700000       0.0000000       1.0000000
      0.00000      0.54800000       0.0000000       1.0000000
      0.00000      0.54900000       0.0000000       1.0000000
      0.00000      0.55000000       0.0000000       1.0000000
      0.00000      0.55100000       0.0000000       1.0000000
      0.00000      0.55200000       0.0000000       1.0000000
      0.00000      0.55300000       0.0000000       1.0000000
      0.00000      0.55400000       0.0000000       1.0000000
      0.00000      0.55500000       0.0000000       1.0000000
      0.00000      0.55600000       0.0000000       1.0000000
      0.00000      0.55700000       0.0000000       1.0000000
      0.00000      0.55800000       0.0000000       1.0000000
      0.00000      0.55900000       0.0000000       1.0000000
      0.00000      0.56000000       0.0000000       1.0000000
      0.00000      0.56100000       0.0000000       1.0000000
      0.00000      0.56200000       0.0000000       1.0000000
      0.00000      0.56300000       0.0000000       1.0000000
      0.00000      0.56400000       0.0000000       1.0000000
      0.00000      0.56500000       0.0000000       1.0000000
      0.00000      0.56600000       0.0000000       1.0000000
      0.00000      0.56700000       0.0000000       1.0000000
      0.00000      0.56800000       0.0000000       1.0000000
      0.00000      0.56900000       0.0000000       1.0000000
      0.00000      0.57000000       0.0000000       1.0000000
      0.00000      0.57100000       0.0000000       1.0000000
      0.00000      0.57200000       0.0000000       1.0000000
      0.00000      0.57300000       0.0000000       1.0000000
      0.00000      0.57400000       0.0000000       1.0000000
      0.00000      0.57500000       0.0000000       1.0000000
      0.00000      0.57600000       0.0000000       1.0000000
      0.00000      0.57700000       0.0000000       1.0000000
      0.00000      0.57800000       0.0000000       1.0000000
      0.00000      0.57900000       0.0000000       1.0000000
      0.00000      0.58000000       0.0000000       1.0000000
      0.00000      0.58100000       0.0000000       1.0000000
      0.00000      0.58200000       0.0000000       1.0000000
      0.00000      0.58300000       0.0000000       1.0000000
      0.00000      0.58400000       0.0000000       1.0000000
      0.00000      0.58500000       0.0000000       1.0000000
      0.00000      0.58600000       0.0000000       1.0000000
      0.00000      0.58700000       0.0000000       1.0000000
      0.00000      0.58800000       0.0000000       1.0000000
      0.00000      0.58900000       0.0000000       1.0000000
      0.00000      0.59000000       0.0000000       1.0000000
      0.00000      0.59100000       0.0000000       1.0000000
      0.00000      0.59200000       0.0000000       1.0000000
      0.00000      0.59300000       0.0000000       1.0000000
      0.00000      0.59400000       0.0000000       1.0000000
      0.00000      0.59500000       0.0000000       1.0000000
      0.00000      0.59600000       0.0000000       1.0000000
      0.00000      0.59700000       0.0000000       1.0000000
      0.00000      0.59800000       0.0000000       1.0000000
      0.00000      0.59900000       0.0000000       1.0000000
      0.00000      0.60000000       0.0000000       1.0000000
      0.00000      0.60100000       0.0000000       1.0000000
      0.00000      0.60200000       0.0000000       1.0000000
      0.00000      0.60300000       0.0000000       1.0000000
      0.00000      0.60400000       0.0000000       1.0000000
      0.00000      0.60500000       0.0000000       1.0000000
      0.00000      0.60600000       0.0000000       1.0000000
      0.00000      0.60700000       0.0000000       1.0000000
      0.00000      0.60800000       0.0000000       1.0000000
      0.00000      0.60900000       0.0000000       1.0000000
      0.00000      0.61000000       0.0000000       1.0000000
      0.00000      0.61100000       0.0000000       1.0000000
      0.00000      0.61200000       0.0000000       1.0000000
      0.00000      0.61300000       0.0000000       1.0000000
      0.00000      0.61400000       0.0000000       1.0000000
      0.00000      0.61500000       0.0000000       1.0000000
      0.00000      0.61600000       0.0000000       1.0000000
      0.00000      0.61700000       0.0000000       1.0000000
      0.00000      0.61800000       0.0000000       1.0000000
      0.00000      0.61900000       0.0000000       1.0000000
      0.00000      0.62000000       0.0000000       1.0000000
      0.00000      0.62100000       0.0000000       1.0000000
      0.00000      0.62200000       0.0000000       1.0000000
      0.00000      0.62300000       0.0000000       1.0000000
      0.00000      0.62400000       0.0000000       1.0000000
      0.00000      0.62500000       0.0000000       1.0000000
      0.00000      0.62600000       0.0000000       1.0000000
      0.00000      0.62700000       0.0000000       1.0000000
      0.00000      0.62800000       0.0000000       1.0000000
      0.00000      0.62900000       0.0000000       1.0000000
      0.00000      0.63000000       0.0000000       1.0000000
      0.00000      0.63100000       0.0000000       1.0000000
      0.00000      0.63200000       0.0000000       1.0000000
      0.00000      0.63300000       0.0000000       1.0000000
      0.00000      0.63400000       0.0000000       1.0000000
      0.00000      0.63500000       0.0000000       1.0000000
      0.00000      0.63600000       0.0000000       1.0000000
      0.00000      0.63700000       0.0000000       1.0000000
      0.00000      0.63800000       0.0000000       1.0000000
      0.00000      0.63900000       0.0000000       1.0000000
      0.00000      0.64000000       0.0000000       1.0000000
      0.00000      0.64100000       0.0000000       1.0000000
      0.00000      0.64200000       0.0000000       1.0000000
      0.00000      0.64300000       0.0000000       1.0000000
      0.00000      0.64400000       0.0000000       1.0000000
      0.00000      0.64500000       0.0000000       1.0000000
      0.00000      0.64600000       0.0000000       1.0000000
      0.00000      0.64700000       0.0000000       1.0000000
      0.00000      0.64800000       0.0000000       1.0000000
      0.00000      0.64900000       0.0000000       1.0000000
      0.00000      0.65000000       0.0000000       1.0000000
      0.00000      0.65100000       0.0000000       1.0000000
      0.00000      0.65200000       0.0000000       1.0000000
      0.00000      0.65300000       0.0000000       1.0000000
      0.00000      0.65400000       0.0000000       1.0000000
      0.00000      0.65500000       0.0000000       1.0000000
      0.00000      0.65600000       0.0000000       1.0000000
      0.00000      0.65700000       0.0000000       1.0000000
      0.00000      0.65800000       0.0000000       1.0000000
      0.00000      0.65900000       0.0000000       1.0000000
      0.00000      0.66000000       0.0000000       1.0000000
      0.00000      0.66100000       0.0000000       1.0000000
      0.00000      0.66200000       0.0000000       1.0000000
      0.00000      0.66300000       0.0000000       1.0000000
      0.00000      0.66400000       0.0000000       1.0000000
      0.00000      0.66500000       0.0000000       1.0000000
      0.00000      0.66600000       0.0000000       1.0000000
      0.00000      0.66700000       0.0000000       1.0000000
      0.00000      0.66800000       0.0000000       1.0000000
      0.00000      0.66900000       0.0000000       1.0000000
      0.00000      0.67000000       0.0000000       1.0000000
      0.00000      0.67100000       0.0000000       1.0000000
      0.00000      0.67200000       0.0000000       1.0000000
      0.00000      0.67300000       0.0000000       1.0000000
      0.00000      0.67400000       0.0000000       1.0000000
      0.00000      0.67500000       0.0000000       1.0000000
      0.00000      0.67600000       0.0000000       1.0000000
      0.00000      0.67700000       0.0000000       1.0000000
      0.00000      0.67800000       0.0000000       1.0000000
      0.00000      0.67900000       0.0000000       1.0000000
      0.00000      0.68000000       0.0000000       1.0000000
      0.00000      0.68100000       0.0000000       1.0000000
      0.00000      0.68200000       0.0000000       1.0000000
      0.00000      0.68300000       0.0000000       1.0000000
      0.00000      0.68400000       0.0000000       1.0000000
      0.00000      0.68500000       0.0000000       1.0000000
      0.00000      0.68600000       0.0000000       1.0000000
      0.00000      0.68700000       0.0000000       1.0000000
      0.00000      0.68800000       0.0000000       1.0000000
      0.00000      0.68900000       0.0000000       1.0000000
      0.00000      0.69000000       0.0000000       1.0000000
      0.00000      0.69100000       0.0000000       1.0000000
      0.00000      0.69200000       0.0000000       1.0000000
      0.00000      0.69300000       0.0000000       1.0000000
      0.00000      0.69400000       0.0000000       1.0000000
      0.00000      0.69500000       0.0000000       1.0000000
      0.00000      0.69600000       0.0000000       1.0000000
      0.00000      0.69700000       0.0000000       1.0000000
      0.00000      0.69800000       0.0000000       1.0000000
      0.00000      0.69900000       0.0000000       1.0000000
      0.00000      0.70000000       0.0000000       1.0000000
      0.00000      0.70100000       0.0000000       1.0000000
      0.00000      0.70200000       0.0000000       1.0000000
      0.00000      0.70300000       0.0000000       1.0000000
      0.00000      0.70400000       0.0000000       1.0000000
      0.00000      0.70500000       0.0000000       1.0000000
      0.00000      0.70600000       0.0000000       1.0000000
      0.00000      0.70700000       0.0000000       1.0000000
      0.00000      0.70800000       0.0000000       1.0000000
      0.00000      0.70900000       0.0000000       1.0000000
      0.00000      0.71000000       0.0000000       1.0000000
      0.00000      0.71100000       0.0000000       1.0000000
      0.00000      0.71200000       0.0000000       1.0000000
      0.00000      0.71300000       0.0000000       1.0000000
      0.00000      0.71400000       0.0000000       1.0000000
      0.00000      0.71500000       0.0000000       1.0000000
      0.00000      0.71600000       0.0000000       1.0000000
      0.00000      0.71700000       0.0000000       1.0000000
      0.00000      0.71800000       0.0000000       1.0000000
      0.00000      0.71900000       0.0000000       1.0000000
      0.00000      0.72000000       0.0000000       1.0000000
      0.00000      0.72100000       0.0000000       1.0000000
      0.00000      0.72200000       0.0000000       1.0000000
      0.00000      0.72300000       0.0000000       1.0000000
      0.00000      0.72400000       0.0000000       1.0000000
      0.00000      0.72500000       0.0000000       1.0000000
      0.00000      0.72600000       0.0000000       1.0000000
      0.00000      0.72700000       0.0000000       1.0000000
      0.00000      0.72800000       0.0000000       1.0000000
      0.00000      0.72900000       0.0000000       1.0000000
      0.00000      0.73000000       0.0000000       1.0000000
      0.00000      0.73100000       0.0000000       1.0000000
      0.00000      0.73200000       0.0000000       1.0000000
      0.00000      0.73300000       0.0000000       1.0000000
      0.00000      0.73400000       0.0000000       1.0000000
      0.00000      0.73500000       0.0000000       1.0000000
      0.00000      0.73600000       0.0000000       1.0000000
      0.00000      0.73700000       0.0000000       1.0000000
      0.00000      0.73800000       0.0000000       1.0000000
      0.00000      0.73900000       0.0000000       1.0000000
      0.00000      0.74000000       0.0000000       1.0000000
      0.00000      0.74100000       0.0000000       1.0000000
      0.00000      0.74200000       0.0000000       1.0000000
      0.00000      0.74300000       0.0000000       1.0000000
      0.00000      0.74400000       0.0000000       1.0000000
      0.00000      0.74500000       0.0000000       1.0000000
      0.00000      0.74600000       0.0000000       1.0000000
      0.00000      0.74700000       0.0000000       1.0000000
      0.00000      0.74800000       0.0000000       1.0000000
      0.00000      0.74900000       0.0000000       1.0000000
      0.00000      0.75000000       0.0000000       1.0000000
      0.00000      0.75100000       0.0000000       1.0000000
      0.00000      0.75200000       0.0000000       1.0000000
      0.00000      0.75300000       0.0000000       1.0000000
      0.00000      0.75400000       0.0000000       1.0000000
      0.00000      0.75500000       0.0000000       1.0000000
      0.00000      0.75600000       0.0000000       1.0000000
      0.00000      0.75700000       0.0000000       1.0000000
      0.00000      0.75800000       0.0000000       1.0000000
      0.00000      0.75900000       0.0000000       1.0000000
      0.00000      0.76000000       0.0000000       1.0000000
      0.00000      0.76100000       0.0000000       1.0000000
      0.00000      0.76200000       0.0000000       1.0000000
      0.00000      0.76300000       0.0000000       1.0000000
      0.00000      0.76400000       0.0000000       1.0000000
      0.00000      0.76500000       0.0000000       1.0000000
      0.00000      0.76600000       0.0000000       1.0000000
      0.00000      0.76700000       0.0000000       1.0000000
      0.00000      0.76800000       0.0000000       1.0000000
      0.00000      0.76900000       0.0000000       1.0000000
      0.00000      0.77000000       0.0000000       1.0000000
      0.00000      0.77100000       0.0000000       1.0000000
      0.00000      0.77200000       0.0000000       1.0000000
      0.00000      0.77300000       0.0000000       1.0000000
      0.00000      0.77400000       0.0000000       1.0000000
      0.00000      0.77500000       0.0000000       1.0000000
      0.00000      0.77600000       0.0000000       1.0000000
      0.00000      0.77700000       0.0000000       1.0000000
      0.00000      0.77800000       0.0000000       1.0000000
      0.00000      0.77900000       0.0000000       1.0000000
      0.00000      0.78000000       0.0000000       1.0000000
      0.00000      0.78100000       0.0000000       1.0000000
      0.00000      0.78200000       0.0000000       1.0000000
      0.00000      0.78300000       0.0000000       1.0000000
      0.00000      0.78400000       0.0000000       1.0000000
      0.00000      0.78500000       0.0000000       1.0000000
      0.00000      0.78600000       0.0000000       1.0000000
      0.00000      0.78700000       0.0000000       1.0000000
      0.00000      0.78800000       0.0000000       1.0000000
      0.00000      0.78900000       0.0000000       1.0000000
      0.00000      0.79000000       0.0000000       1.0000000
      0.00000      0.79100000       0.0000000       1.0000000
      0.00000      0.79200000       0.0000000       1.0000000
      0.00000      0.79300000       0.0000000       1.0000000
      0.00000      0.79400000       0.0000000       1.0000000
      0.00000      0.79500000       0.0000000       1.0000000
      0.00000      0.79600000       0.0000000       1.0000000
      0.00000      0.79700000       0.0000000       1.0000000
      0.00000      0.79800000       0.0000000       1.0000000
      0.00000      0.79900000       0.0000000       1.0000000
      0.00000      0.80000000       0.0000000       1.0000000
      0.00000      0.80100000       0.0000000       1.0000000
      0.00000      0.80200000       0.0000000       1.0000000
      0.00000      0.80300000       0.0000000       1.0000000
      0.00000      0.80400000       0.0000000       1.0000000
      0.00000      0.80500000       0.0000000       1.0000000
      0.00000      0.80600000       0.0000000       1.0000000
      0.00000      0.80700000       0.0000000       1.0000000
      0.00000      0.80800000       0.0000000       1.0000000
      0.00000      0.80900000       0.0000000       1.0000000
      0.00000      0.81000000       0.0000000       1.0000000
      0.00000      0.81100000       0.0000000       1.0000000
      0.00000      0.81200000       0.0000000       1.0000000
      0.00000      0.81300000       0.0000000       1.0000000
      0.00000      0.81400000       0.0000000       1.0000000
      0.00000      0.81500000       0.0000000       1.0000000
      0.00000      0.81600000       0.0000000       1.0000000
      0.00000      0.81700000       0.0000000       1.0000000
      0.00000      0.81800000       0.0000000       1.0000000
      0.00000      0.81900000       0.0000000       1.0000000
      0.00000      0.82000000       0.0000000       1.0000000
      0.00000      0.82100000       0.0000000       1.0000000
      0.00000      0.82200000       0.0000000       1.0000000
      0.00000      0.82300000       0.0000000       1.0000000
      0.00000      0.82400000       0.0000000       1.0000000
      0.00000      0.82500000       0.0000000       1.0000000
      0.00000      0.82600000       0.0000000       1.0000000
      0.00000      0.82700000       0.0000000       1.0000000
      0.00000      0.82800000       0.0000000       1.0000000
      0.00000      0.82900000       0.0000000       1.0000000
      0.00000      0.83000000       0.0000000       1.0000000
      0.00000      0.83100000       0.0000000       1.0000000
      0.00000      0.83200000       0.0000000       1.0000000
      0.00000      0.83300000       0.0000000       1.0000000
      0.00000      0.83400000       0.0000000       1.0000000
      0.00000      0.83500000       0.0000000       1.0000000
      0.00000      0.83600000       0.0000000       1.0000000
      0.00000      0.83700000       0.0000000       1.0000000
      0.00000      0.83800000   5.4802627e-10       1.0000000
      0.00000      0.83900000   5.4802627e-10       1.0000000
      0.00000      0.84000000   5.4802627e-10       1.0000000
      0.00000      0.84100000   5.4802627e-10       1.0000000
      0.00000      0.84200000   5.4802627e-10       1.0000000
      0.00000      0.84300000   5.4802627e-10       1.0000000
      0.00000      0.84400000   1.0960525e-09       1.0000000
      0.00000      0.84500000   1.0960525e-09       1.0000000
      0.00000      0.84600000   1.0960525e-09       1.0000000
      0.00000      0.84700000   1.6440788e-09       1.0000000
      0.00000      0.84800000   1.6440788e-09       1.0000000
      0.00000      0.84900000   2.1921051e-09       1.0000000
      0.00000      0.85000000   2.7401313e-09       1.0000000
      0.00000      0.85100000   2.7401313e-09       1.0000000
      0.00000      0.85200000   3.2881576e-09       1.0000000
      0.00000      0.85300000   4.3842101e-09       1.0000000
      0.00000      0.85400000   4.9322364e-09       1.0000000
      0.00000      0.85500000   6.0282889e-09      0.99999999
      0.00000      0.85600000   7.1243414e-09      0.99999999
      0.00000      0.85700000   8.7684202e-09      0.99999999
      0.00000      0.85800000   1.0412499e-08      0.99999999
      0.00000      0.85900000   1.2056578e-08      0.99999999
      0.00000      0.86000000   1.4248683e-08      0.99999999
      0.00000      0.86100000   1.6988814e-08      0.99999998
      0.00000      0.86200000   2.0276972e-08      0.99999998
      0.00000      0.86300000   2.4113155e-08      0.99999998
      0.00000      0.86400000   2.9045391e-08      0.99999997
      0.00000      0.86500000   3.4525654e-08      0.99999997
      0.00000      0.86600000   4.1101969e-08      0.99999996
      0.00000      0.86700000   4.8774336e-08      0.99999995
      0.00000      0.86800000   5.8090781e-08      0.99999994
      0.00000      0.86900000   6.9051305e-08      0.99999993
      0.00000      0.87000000   8.1655907e-08      0.99999992
      0.00000      0.87100000   9.7000640e-08      0.99999990
      0.00000      0.87200000   1.1563353e-07      0.99999988
      0.00000      0.87300000   1.3700655e-07      0.99999986
      0.00000      0.87400000   1.6276378e-07      0.99999984
      0.00000      0.87500000   1.9345324e-07      0.99999981
      0.00000      0.87600000   2.2907493e-07      0.99999977
      0.00000      0.87700000   2.7236898e-07      0.99999973
      0.00000      0.87800000   3.2278737e-07      0.99999968
      0.00000      0.87900000   3.8307022e-07      0.99999962
      0.00000      0.88000000   4.5431357e-07      0.99999955
      0.00000      0.88100000   5.3870953e-07      0.99999946
      0.00000      0.88200000   6.3845020e-07      0.99999936
      0.00000      0.88300000   7.5682371e-07      0.99999924
      0.00000      0.88400000   8.9657017e-07      0.99999910
      0.00000      0.88500000   1.0626218e-06      0.99999894
      0.00000      0.88600000   1.2582667e-06      0.99999874
      0.00000      0.88700000   1.4906292e-06      0.99999851
      0.00000      0.88800000   1.7651895e-06      0.99999823
      0.00000      0.88900000   2.0896198e-06      0.99999791
      0.00000      0.89000000   2.4732364e-06      0.99999753
      0.00000      0.89100000   2.9269997e-06      0.99999707
      0.00000      0.89200000   3.4635140e-06      0.99999654
      0.00000      0.89300000   4.0975756e-06      0.99999590
      0.00000      0.89400000   4.8461728e-06      0.99999515
      0.00000      0.89500000   5.7312259e-06      0.99999427
      0.00000      0.89600000   6.7762990e-06      0.99999322
      0.00000      0.89700000   8.0104359e-06      0.99999199
      0.00000      0.89800000   9.4676123e-06      0.99999053
      0.00000      0.89900000   1.1187831e-05      0.99998881
      0.00000      0.90000000   1.3217671e-05      0.99998678
      0.00000      0.90100000   1.5613573e-05      0.99998439
      0.00000      0.90200000   1.8440196e-05      0.99998156
      0.00000      0.90300000   2.1774254e-05      0.99997823
      0.00000      0.90400000   2.5706704e-05      0.99997429
      0.00000      0.90500000   3.0343295e-05      0.99996966
      0.00000      0.90600000   3.5810044e-05      0.99996419
      0.00000      0.90700000   4.2253782e-05      0.99995775
      0.00000      0.90800000   4.9848180e-05      0.99995015
      0.00000      0.90900000   5.8795930e-05      0.99994120
      0.00000      0.91000000   6.9338058e-05      0.99993066
      0.00000      0.91100000   8.1754459e-05      0.99991825
      0.00000      0.91200000   9.6377583e-05      0.99990362
      0.00000      0.91300000   0.00011359460      0.99988641
      0.00000      0.91400000   0.00013386382      0.99986614
      0.00000      0.91500000   0.00015772013      0.99984228
      0.00000      0.91600000   0.00018579410      0.99981421
      0.00000      0.91700000   0.00021882509      0.99978117
      0.00000      0.91800000   0.00025768084      0.99974232
      0.00000      0.91900000   0.00030337979      0.99969662
      0.00000      0.92000000   0.00035711721      0.99964288
      0.00000      0.92100000   0.00042029447      0.99957971
      0.00000      0.92200000   0.00049455537      0.99950544
      0.00000      0.92300000   0.00058182728      0.99941817
      0.00000      0.92400000   0.00068436856      0.99931563
      0.00000      0.92500000   0.00080482623      0.99919517
      0.00000      0.92600000   0.00094629971      0.99905370
      0.00000      0.92700000    0.0011124195      0.99888758
      0.00000      0.92800000    0.0013074354      0.99869256
      0.00000      0.92900000    0.0015363193      0.99846368
      0.00000      0.93000000    0.0018048870      0.99819511
      0.00000      0.93100000    0.0021199369      0.99788006
      0.00000      0.93200000    0.0024894137      0.99751059
      0.00000      0.93300000    0.0029225930      0.99707741
      0.00000      0.93400000    0.0034303020      0.99656970
      0.00000      0.93500000    0.0040251638      0.99597484
      0.00000      0.93600000    0.0047218879      0.99527811
      0.00000      0.93700000    0.0055375973      0.99446240
      0.00000      0.93800000    0.0064922012      0.99350780
      0.00000      0.93900000    0.0076088194      0.99239118
      0.00000      0.94000000    0.0089142650      0.99108573
      0.00000      0.94100000     0.010439579      0.98956042
      0.00000      0.94200000     0.012220628      0.98777937
      0.00000      0.94300000     0.014298765      0.98570123
      0.00000      0.94400000     0.016721544      0.98327846
      0.00000      0.94500000     0.019543481      0.98045652
      0.00000      0.94600000     0.022826861      0.97717314
      0.00000      0.94700000     0.026642542      0.97335746
      0.00000      0.94800000     0.031070747      0.96892925
      0.00000      0.94900000     0.036201791      0.96379821
      0.00000      0.95000000     0.042136647      0.95786335
      0.00000      0.95100000     0.048987314      0.95101269
      0.00000      0.95200000     0.056876822      0.94312318
      0.00000      0.95300000     0.065938760      0.93406124
      0.00000      0.95400000     0.076316163      0.92368384
      0.00000      0.95500000     0.088159546      0.91184045
      0.00000      0.95600000      0.10162390      0.89837610
      0.00000      0.95700000      0.11686447      0.88313553
      0.00000      0.95800000      0.13403108      0.86596892
      0.00000      0.95900000      0.15326110      0.84673890
      0.00000      0.96000000      0.17467085      0.82532915
      0.00000      0.96100000      0.19834590      0.80165410
      0.00000      0.96200000      0.22433064      0.77566936
      0.00000      0.96300000      0.25261779      0.74738221
      0.00000      0.96400000      0.28313896      0.71686104
      0.00000      0.96500000      0.31575734      0.68424266
      0.00000      0.96600000      0.35026377      0.64973623
      0.00000      0.96700000      0.38637737      0.61362263
      0.00000      0.96800000      0.42375134      0.57624866
      0.00000      0.96900000      0.46198425      0.53801575
      0.00000      0.97000000      0.50063618      0.49936382
      0.00000      0.97100000      0.53924845      0.46075155
      0.00000      0.97200000      0.57736517      0.42263483
      0.00000      0.97300000      0.61455452      0.38544548
      0.00000      0.97400000      0.65042751      0.34957249
      0.00000      0.97500000      0.68465282      0.31534718
      0.00000      0.97600000      0.71696649      0.28303351
      0.00000      0.97700000      0.74717621      0.25282379
      0.00000      0.97800000      0.77516059      0.22483941
      0.00000      0.97900000      0.80086435      0.19913565
      0.00000      0.98000000      0.82429035      0.17570965
      0.00000      0.98100000      0.84549001      0.15450999
      0.00000      0.98200000      0.86455291      0.13544709
      0.00000      0.98300000      0.88159674      0.11840326
      0.00000      0.98400000      0.89675796      0.10324204
      0.00000      0.98500000      0.91018388     0.089816122
      0.00000      0.98600000      0.92202597     0.077974030
      0.00000      0.98700000      0.93243475     0.067565247
      0.00000      0.98800000      0.94155591     0.058444090
      0.00000      0.98900000      0.94952759     0.050472408
      0.00000      0.99000000      0.95647867     0.043521328
      0.00000      0.99100000      0.96252779     0.037472214
      0.00000      0.99200000      0.96778295     0.032217046
      0.00000      0.99300000      0.97234164     0.027658365
      0.00000      0.99400000      0.97629110     0.023708897
      0.00000      0.99500000      0.97970901     0.020290992
      0.00000      0.99600000      0.98266407     0.017335930
      0.00000      0.99700000      0.98521683     0.014783172
      0.00000      0.99800000      0.98742041     0.012579593
      0.00000      0.99900000      0.98932127     0.010678725
      0.00000       1.0000000      0.99095995    0.0090400459
      0.00000       1.0010000      0.99237170    0.0076283002
      0.00000       1.0020000      0.99358711    0.0064128871
      0.00000       1.0030000      0.99463270    0.0053672982
      0.00000       1.0040000      0.99553139    0.0044686138
      0.00000       1.0050000      0.99630295    0.0036970542
      0.00000       1.0060000      0.99696442    0.0030355824
      0.00000       1.0070000      0.99753045    0.0024695546
      0.00000       1.0080000      0.99801359    0.0019864148
      0.00000       1.0090000      0.99842457    0.0015754287
      0.00000       1.0100000      0.99877255    0.0012274539
      0.00000       1.0110000      0.99906526   0.00093474134
      0.00000       1.0120000      0.99930923   0.00069076653
      0.00000       1.0130000      0.99950991   0.00049008515
      0.00000       1.0140000      0.99967179   0.00032821237
      0.00000       1.0150000      0.99979848   0.00020152228
      0.00000       1.0160000      0.99989283   0.00010716592
      0.00000       1.0170000      0.99995699   4.3006010e-05
      0.00000       1.0180000      0.99999243   7.5671094e-06
      0.00000       1.0190000       1.0000000       0.0000000
      0.00000       1.0200000      0.99997994   2.0059501e-05
      0.00000       1.0210000      0.99993190   6.8095140e-05
      0.00000       1.0220000      0.99985495   0.00014505435
      0.00000       1.0230000      0.99974750   0.00025249810
      0.00000       1.0240000      0.99960737   0.00039262911
      0.00000       1.0250000      0.99943167   0.00056833302
      0.00000       1.0260000      0.99921677   0.00078323312
      0.00000       1.0270000      0.99895824    0.0010417595
      0.00000       1.0280000      0.99865077    0.0013492334
      0.00000       1.0290000      0.99828803    0.0017119688
      0.00000       1.0300000      0.99786261    0.0021373913
      0.00000       1.0310000      0.99736582    0.0026341776
      0.00000       1.0320000      0.99678758    0.0032124164
      0.00000       1.0330000      0.99611621    0.0038837927
      0.00000       1.0340000      0.99533820    0.0046617984
      0.00000       1.0350000      0.99443803    0.0055619706
      0.00000       1.0360000      0.99339784    0.0066021596
      0.00000       1.0370000      0.99219717    0.0078028296
      0.00000       1.0380000      0.99081261    0.0091873919
      0.00000       1.0390000      0.98921743     0.010782573
      0.00000       1.0400000      0.98738119     0.012618815
      0.00000       1.0410000      0.98526929     0.014730712
      0.00000       1.0420000      0.98284253     0.017157469
      0.00000       1.0430000      0.98005661     0.019943389
      0.00000       1.0440000      0.97686163     0.023138368
      0.00000       1.0450000      0.97320162     0.026798385
      0.00000       1.0460000      0.96901403     0.030985972
      0.00000       1.0470000      0.96422937     0.035770626
      0.00000       1.0480000      0.95877086     0.041229135
      0.00000       1.0490000      0.95255424     0.047445759
      0.00000       1.0500000      0.94548779     0.054512212
      0.00000       1.0510000      0.93747262     0.062527381
      0.00000       1.0520000      0.92840333     0.071596675
      0.00000       1.0530000      0.91816907     0.081830932
      0.00000       1.0540000      0.90665523     0.093344771
      0.00000       1.0550000      0.89374571      0.10625429
      0.00000       1.0560000      0.87932599      0.12067401
      0.00000       1.0570000      0.86328695      0.13671305
      0.00000       1.0580000      0.84552957      0.15447043
      0.00000       1.0590000      0.82597036      0.17402964
      0.00000       1.0600000      0.80454741      0.19545259
      0.00000       1.0610000      0.78122683      0.21877317
      0.00000       1.0620000      0.75600920      0.24399080
      0.00000       1.0630000      0.72893547      0.27106453
      0.00000       1.0640000      0.70009181      0.29990819
      0.00000       1.0650000      0.66961271      0.33038729
      0.00000       1.0660000      0.63768180      0.36231820
      0.00000       1.0670000      0.60452991      0.39547009
      0.00000       1.0680000      0.57043005      0.42956995
      0.00000       1.0690000      0.53568946      0.46431054
      0.00000       1.0700000      0.50063913      0.49936087
      0.00000       1.0710000      0.46562141      0.53437859
      0.00000       1.0720000      0.43097675      0.56902325
      0.00000       1.0730000      0.39703060      0.60296940
      0.00000       1.0740000      0.36408161      0.63591839
      0.00000       1.0750000      0.33239183      0.66760817
      0.00000       1.0760000      0.30217976      0.69782024
      0.00000       1.0770000      0.27361631      0.72638369
      0.00000       1.0780000      0.24682369      0.75317631
      0.00000       1.0790000      0.22187703      0.77812297
      0.00000       1.0800000      0.19880792      0.80119208
      0.00000       1.0810000      0.17760963      0.82239037
      0.00000       1.0820000      0.15824307      0.84175693
      0.00000       1.0830000      0.14064319      0.85935681
      0.00000       1.0840000      0.12472517      0.87527483
      0.00000       1.0850000      0.11039023      0.88960977
      0.00000       1.0860000     0.097530753      0.90246925
      0.00000       1.0870000     0.086034645      0.91396536
      0.00000       1.0880000     0.075788870      0.92421113
      0.00000       1.0890000     0.066682254      0.93331775
      0.00000       1.0900000     0.058607560      0.94139244
      0.00000       1.0910000     0.051462977      0.94853702
      0.00000       1.0920000     0.045153077      0.95484692
      0.00000       1.0930000     0.039589377      0.96041062
      0.00000       1.0940000     0.034690562      0.96530944
      0.00000       1.0950000     0.030382473      0.96961753
      0.00000       1.0960000     0.026597908      0.97340209
      0.00000       1.0970000     0.023276302      0.97672370
      0.00000       1.0980000     0.020363326      0.97963667
      0.00000       1.0990000     0.017810442      0.98218956
      0.00000       1.1000000     0.015574427      0.98442557
      0.00000       1.1010000     0.013616912      0.98638309
      0.00000       1.1020000     0.011903917      0.98809608
      0.00000       1.1030000     0.010405417      0.98959458
      0.00000       1.1040000    0.0090949293      0.99090507
      0.00000       1.1050000    0.0079491351      0.99205086
      0.00000       1.1060000    0.0069475268      0.99305247
      0.00000       1.1070000    0.0060720920      0.99392791
      0.00000       1.1080000    0.0053070252      0.99469297
      0.00000       1.1090000    0.0046384696      0.99536153
      0.00000       1.1100000    0.0040542854      0.99594571
      0.00000       1.1110000    0.0035438435      0.99645616
      0.00000       1.1120000    0.0030978428      0.99690216
      0.00000       1.1130000    0.0027081476      0.99729185
      0.00000       1.1140000    0.0023676441      0.99763236
      0.00000       1.1150000    0.0020701141      0.99792989
      0.00000       1.1160000    0.0018101234      0.99818988
      0.00000       1.1170000    0.0015829242      0.99841708
      0.00000       1.1180000    0.0013843688      0.99861563
      0.00000       1.1190000    0.0012108343      0.99878917
      0.00000       1.1200000    0.0010591566      0.99894084
      0.00000       1.1210000   0.00092657215      0.99907343
      0.00000       1.1220000   0.00081066778      0.99918933
      0.00000       1.1230000   0.00070933599      0.99929066
      0.00000       1.1240000   0.00062073639      0.99937926
      0.00000       1.1250000   0.00054326177      0.99945674
      0.00000       1.1260000   0.00047550856      0.99952449
      0.00000       1.1270000   0.00041625094      0.99958375
      0.00000       1.1280000   0.00036441830      0.99963558
      0.00000       1.1290000   0.00031907553      0.99968092
      0.00000       1.1300000   0.00027940584      0.99972059
      0.00000       1.1310000   0.00024469569      0.99975530
      0.00000       1.1320000   0.00021432173      0.99978568
      0.00000       1.1330000   0.00018773934      0.99981226
      0.00000       1.1340000   0.00016447265      0.99983553
      0.00000       1.1350000   0.00014410580      0.99985589
      0.00000       1.1360000   0.00012627539      0.99987372
      0.00000       1.1370000   0.00011066378      0.99988934
      0.00000       1.1380000   9.6993321e-05      0.99990301
      0.00000       1.1390000   8.5021296e-05      0.99991498
      0.00000       1.1400000   7.4535502e-05      0.99992546
      0.00000       1.1410000   6.5350393e-05      0.99993465
      0.00000       1.1420000   5.7303714e-05      0.99994270
      0.00000       1.1430000   5.0253563e-05      0.99994975
      0.00000       1.1440000   4.4075823e-05      0.99995592
      0.00000       1.1450000   3.8661922e-05      0.99996134
      0.00000       1.1460000   3.3916877e-05      0.99996608
      0.00000       1.1470000   2.9757581e-05      0.99997024
      0.00000       1.1480000   2.6111311e-05      0.99997389
      0.00000       1.1490000   2.2914425e-05      0.99997709
      0.00000       1.1500000   2.0111221e-05      0.99997989
      0.00000       1.1510000   1.7652939e-05      0.99998235
      0.00000       1.1520000   1.5496893e-05      0.99998450
      0.00000       1.1530000   1.3605710e-05      0.99998639
      0.00000       1.1540000   1.1946666e-05      0.99998805
      0.00000       1.1550000   1.0491100e-05      0.99998951
      0.00000       1.1560000   9.2139129e-06      0.99999079
      0.00000       1.1570000   8.0931178e-06      0.99999191
      0.00000       1.1580000   7.1094535e-06      0.99999289
      0.00000       1.1590000   6.2460450e-06      0.99999375
      0.00000       1.1600000   5.4881055e-06      0.99999451
      0.00000       1.1610000   4.8226768e-06      0.99999518
      0.00000       1.1620000   4.2384022e-06      0.99999576
      0.00000       1.1630000   3.7253269e-06      0.99999627
      0.00000       1.1640000   3.2747243e-06      0.99999673
      0.00000       1.1650000   2.8789436e-06      0.99999712
      0.00000       1.1660000   2.5312763e-06      0.99999747
      0.00000       1.1670000   2.2258395e-06      0.99999777
      0.00000       1.1680000   1.9574738e-06      0.99999804
      0.00000       1.1690000   1.7216537e-06      0.99999828
      0.00000       1.1700000   1.5144094e-06      0.99999849
      0.00000       1.1710000   1.3322581e-06      0.99999867
      0.00000       1.1720000   1.1721440e-06      0.99999883
      0.00000       1.1730000   1.0313853e-06      0.99999897
      0.00000       1.1740000   9.0762883e-07      0.99999909
      0.00000       1.1750000   7.9880886e-07      0.99999920
      0.00000       1.1760000   7.0311222e-07      0.99999930
      0.00000       1.1770000   6.1894708e-07      0.99999938
      0.00000       1.1780000   5.4491581e-07      0.99999946
      0.00000       1.1790000   4.7979116e-07      0.99999952
      0.00000       1.1800000   4.2249535e-07      0.99999958
      0.00000       1.1810000   3.7208178e-07      0.99999963
      0.00000       1.1820000   3.2771898e-07      0.99999967
      0.00000       1.1830000   2.8867647e-07      0.99999971
      0.00000       1.1840000   2.5431252e-07      0.99999975
      0.00000       1.1850000   2.2406322e-07      0.99999978
      0.00000       1.1860000   1.9743301e-07      0.99999980
      0.00000       1.1870000   1.7398640e-07      0.99999983
      0.00000       1.1880000   1.5334056e-07      0.99999985
      0.00000       1.1890000   1.3515900e-07      0.99999986
      0.00000       1.1900000   1.1914586e-07      0.99999988
      0.00000       1.1910000   1.0504102e-07      0.99999989
      0.00000       1.1920000   9.2615753e-08      0.99999991
      0.00000       1.1930000   8.1668885e-08      0.99999992
      0.00000       1.1940000   7.2023490e-08      0.99999993
      0.00000       1.1950000   6.3523935e-08      0.99999994
      0.00000       1.1960000   5.6033305e-08      0.99999994
      0.00000       1.1970000   4.9431140e-08      0.99999995
      0.00000       1.1980000   4.3611446e-08      0.99999996
      0.00000       1.1990000   3.8480945e-08      0.99999996
      0.00000       1.2000000   3.3957545e-08      0.99999997
      0.00000       1.2010000   2.9968989e-08      0.99999997
      0.00000       1.2020000   2.6451667e-08      0.99999997
      0.00000       1.2030000   2.3349582e-08      0.99999998
      0.00000       1.2040000   2.0613425e-08      0.99999998
      0.00000       1.2050000   1.8199781e-08      0.99999998
      0.00000       1.2060000   1.6070413e-08      0.99999998
      0.00000       1.2070000   1.4191643e-08      0.99999999
      0.00000       1.2080000   1.2533809e-08      0.99999999
      0.00000       1.2090000   1.1070776e-08      0.99999999
      0.00000       1.2100000   9.7795227e-09      0.99999999
      0.00000       1.2110000   8.6397612e-09      0.99999999
      0.00000       1.2120000   7.6336147e-09      0.99999999
      0.00000       1.2130000   6.7453281e-09      0.99999999
      0.00000       1.2140000   5.9610148e-09      0.99999999
      0.00000       1.2150000   5.2684337e-09      0.99999999
      0.00000       1.2160000   4.6567934e-09       1.0000000
      0.00000       1.2170000   4.1165792e-09       1.0000000
      0.00000       1.2180000   3.6394015e-09       1.0000000
      0.00000       1.2190000   3.2178617e-09       1.0000000
      0.00000       1.2200000   2.8454346e-09       1.0000000
      0.00000       1.2210000   2.5163649e-09       1.0000000
      0.00000       1.2220000   2.2255755e-09       1.0000000
      0.00000       1.2230000   1.9685872e-09       1.0000000
      0.00000       1.2240000   1.7414481e-09       1.0000000
      0.00000       1.2250000   1.5406710e-09       1.0000000
      0.00000       1.2260000   1.3631784e-09       1.0000000
      0.00000       1.2270000   1.2062541e-09       1.0000000
      0.00000       1.2280000   1.0675008e-09       1.0000000
      0.00000       1.2290000   9.4480195e-10       1.0000000
      0.00000       1.2300000   8.3628922e-10       1.0000000
      0.00000       1.2310000   7.4031282e-10       1.0000000
      0.00000       1.2320000   6.5541600e-10       1.0000000
      0.00000       1.2330000   5.8031223e-10       1.0000000
      0.00000       1.2340000   5.1386526e-10       1.0000000
      0.00000       1.2350000   4.5507143e-10       1.0000000
      0.00000       1.2360000   4.0304413e-10       1.0000000
      0.00000       1.2370000   3.5700004e-10       1.0000000
      0.00000       1.2380000   3.1624707e-10       1.0000000
      0.00000       1.2390000   2.8017363e-10       1.0000000
      0.00000       1.2400000   2.4823924e-10       1.0000000
      0.00000       1.2410000   2.1996622e-10       1.0000000
      0.00000       1.2420000   1.9493231e-10       1.0000000
      0.00000       1.2430000   1.7276426e-10       1.0000000
      0.00000       1.2440000   1.5313207e-10       1.0000000
      0.00000       1.2450000   1.3574395e-10       1.0000000
      0.00000       1.2460000   1.2034190e-10       1.0000000
      0.00000       1.2470000   1.0669773e-10       1.0000000
      0.00000       1.2480000   9.4609644e-11       1.0000000
      0.00000       1.2490000   8.3899130e-11       1.0000000
      0.00000       1.2500000   7.4408279e-11       1.0000000
      0.00000       1.2510000   6.5997390e-11       1.0000000
      0.00000       1.2520000   5.8542853e-11       1.0000000
      0.00000       1.2530000   5.1935290e-11       1.0000000
      0.00000       1.2540000   4.6077906e-11       1.0000000
      0.00000       1.2550000   4.0885032e-11       1.0000000
      0.00000       1.2560000   3.6280837e-11       1.0000000
      0.00000       1.2570000   3.2198197e-11       1.0000000
      0.00000       1.2580000   2.8577685e-11       1.0000000
      0.00000       1.2590000   2.5366684e-11       1.0000000
      0.00000       1.2600000   2.2518603e-11       1.0000000
      0.00000       1.2610000   1.9992183e-11       1.0000000
      0.00000       1.2620000   1.7750884e-11       1.0000000
      0.00000       1.2630000   1.5762338e-11       1.0000000
      0.00000       1.2640000   1.3997875e-11       1.0000000
      0.00000       1.2650000   1.2432097e-11       1.0000000
      0.00000       1.2660000   1.1042499e-11       1.0000000
      0.00000       1.2670000   9.8091411e-12       1.0000000
      0.00000       1.2680000   8.7143536e-12       1.0000000
      0.00000       1.2690000   7.7424765e-12       1.0000000
      0.00000       1.2700000   6.8796298e-12       1.0000000
      0.00000       1.2710000   6.1135100e-12       1.0000000
      0.00000       1.2720000   5.4332103e-12       1.0000000
      0.00000       1.2730000   4.8290607e-12       1.0000000
      0.00000       1.2740000   4.2924872e-12       1.0000000
      0.00000       1.2750000   3.8158869e-12       1.0000000
      0.00000       1.2760000   3.3925172e-12       1.0000000
      0.00000       1.2770000   3.0163979e-12       1.0000000
      0.00000       1.2780000   2.6822246e-12       1.0000000
      0.00000       1.2790000   2.3852919e-12       1.0000000
      0.00000       1.2800000   2.1214254e-12       1.0000000
      0.00000       1.2810000   1.8869211e-12       1.0000000
      0.00000       1.2820000   1.6784926e-12       1.0000000
      0.00000       1.2830000   1.4932233e-12       1.0000000
      0.00000       1.2840000   1.3285248e-12       1.0000000
      0.00000       1.2850000   1.1820996e-12       1.0000000
      0.00000       1.2860000   1.0519084e-12       1.0000000
      0.00000       1.2870000   9.3614081e-13       1.0000000
      0.00000       1.2880000   8.3318944e-13       1.0000000
      0.00000       1.2890000   7.4162713e-13       1.0000000
      0.00000       1.2900000   6.6018654e-13       1.0000000
      0.00000       1.2910000   5.8774220e-13       1.0000000
      0.00000       1.2920000   5.2329449e-13       1.0000000
      0.00000       1.2930000   4.6595554e-13       1.0000000
      0.00000       1.2940000   4.1493662e-13       1.0000000
      0.00000       1.2950000   3.6953702e-13       1.0000000
      0.00000       1.2960000   3.2913418e-13       1.0000000
      0.00000       1.2970000   2.9317491e-13       1.0000000
      0.00000       1.2980000   2.6116763e-13       1.0000000
      0.00000       1.2990000   2.3267544e-13       1.0000000
      0.00000       1.3000000   2.0731005e-13       1.0000000
      0.00000       1.3010000   1.8472630e-13       1.0000000
      0.00000       1.3020000   1.6461734e-13       1.0000000
      0.00000       1.3030000   1.4671038e-13       1.0000000
      0.00000       1.3040000   1.3076289e-13       1.0000000
      0.00000       1.3050000   1.1655917e-13       1.0000000
      0.00000       1.3060000   1.0390745e-13       1.0000000
      0.00000       1.3070000   9.2637127e-14       1.0000000
      0.00000       1.3080000   8.2596494e-14       1.0000000
      0.00000       1.3090000   7.3650590e-14       1.0000000
      0.00000       1.3100000   6.5679353e-14       1.0000000
      0.00000       1.3110000   5.8575966e-14       1.0000000
      0.00000       1.3120000   5.2245388e-14       1.0000000
      0.00000       1.3130000   4.6603046e-14       1.0000000
      0.00000       1.3140000   4.1573676e-14       1.0000000
      0.00000       1.3150000   3.7090295e-14       1.0000000
      0.00000       1.3160000   3.3093281e-14       1.0000000
      0.00000       1.3170000   2.9529559e-14       1.0000000
      0.00000       1.3180000   2.6351884e-14       1.0000000
      0.00000       1.3190000   2.3518189e-14       1.0000000
      0.00000       1.3200000   2.0991019e-14       1.0000000
      0.00000       1.3210000   1.8737022e-14       1.0000000
      0.00000       1.3220000   1.6726495e-14       1.0000000
      0.00000       1.3230000   1.4932983e-14       1.0000000
      0.00000       1.3240000   1.3332925e-14       1.0000000
      0.00000       1.3250000   1.1905331e-14       1.0000000
      0.00000       1.3260000   1.0631501e-14       1.0000000
      0.00000       1.3270000   9.4947773e-15       1.0000000
      0.00000       1.3280000   8.4803145e-15       1.0000000
      0.00000       1.3290000   7.5748855e-15       1.0000000
      0.00000       1.3300000   6.7667023e-15       1.0000000
      0.00000       1.3310000   6.0452587e-15       1.0000000
      0.00000       1.3320000   5.4011904e-15       1.0000000
      0.00000       1.3330000   4.8261498e-15       1.0000000
      0.00000       1.3340000   4.3126953e-15       1.0000000
      0.00000       1.3350000   3.8541921e-15       1.0000000
      0.00000       1.3360000   3.4447245e-15       1.0000000
      0.00000       1.3370000   3.0790173e-15       1.0000000
      0.00000       1.3380000   2.7523661e-15       1.0000000
      0.00000       1.3390000   2.4605753e-15       1.0000000
      0.00000       1.3400000   2.1999026e-15       1.0000000
      0.00000       1.3410000   1.9670098e-15       1.0000000
      0.00000       1.3420000   1.7589190e-15       1.0000000
      0.00000       1.3430000   1.5729732e-15       1.0000000
      0.00000       1.3440000   1.4068018e-15       1.0000000
      0.00000       1.3450000   1.2582895e-15       1.0000000
      0.00000       1.3460000   1.1255485e-15       1.0000000
      0.00000       1.3470000   1.0068942e-15       1.0000000
      0.00000       1.3480000   9.0082283e-16       1.0000000
      0.00000       1.3490000   8.0599206e-16       1.0000000
      0.00000       1.3500000   7.2120369e-16       1.0000000
      0.00000       1.3510000   6.4538796e-16       1.0000000
      0.00000       1.3520000   5.7758974e-16       1.0000000
      0.00000       1.3530000   5.1695617e-16       1.0000000
      0.00000       1.3540000   4.6272563e-16       1.0000000
      0.00000       1.3550000   4.1421797e-16       1.0000000
      0.00000       1.3560000   3.7082566e-16       1.0000000
      0.00000       1.3570000   3.3200610e-16       1.0000000
      0.00000       1.3580000   2.9727454e-16       1.0000000
      0.00000       1.3590000   2.6619795e-16       1.0000000
      0.00000       1.3600000   2.3838941e-16       1.0000000
      0.00000       1.3610000   2.1350322e-16       1.0000000
      0.00000       1.3620000   1.9123046e-16       1.0000000
      0.00000       1.3630000   1.7129506e-16       1.0000000
      0.00000       1.3640000   1.5345027e-16       1.0000000
      0.00000       1.3650000   1.3747556e-16       1.0000000
      0.00000       1.3660000   1.2317379e-16       1.0000000
      0.00000       1.3670000   1.1036873e-16       1.0000000
      0.00000       1.3680000   9.8902804e-17       1.0000000
      0.00000       1.3690000   8.8635152e-17       1.0000000
      0.00000       1.3700000   7.9439799e-17       1.0000000
      0.00000       1.3710000   7.1204099e-17       1.0000000
      0.00000       1.3720000   6.3827305e-17       1.0000000
      0.00000       1.3730000   5.7219311e-17       1.0000000
      0.00000       1.3740000   5.1299520e-17       1.0000000
      0.00000       1.3750000   4.5995833e-17       1.0000000
      0.00000       1.3760000   4.1243748e-17       1.0000000
      0.00000       1.3770000   3.6985558e-17       1.0000000
      0.00000       1.3780000   3.3169626e-17       1.0000000
      0.00000       1.3790000   2.9749748e-17       1.0000000
      0.00000       1.3800000   2.6684573e-17       1.0000000
      0.00000       1.3810000   2.3937094e-17       1.0000000
      0.00000       1.3820000   2.1474188e-17       1.0000000
      0.00000       1.3830000   1.9266206e-17       1.0000000
      0.00000       1.3840000   1.7286604e-17       1.0000000
      0.00000       1.3850000   1.5511622e-17       1.0000000
      0.00000       1.3860000   1.3919982e-17       1.0000000
      0.00000       1.3870000   1.2492635e-17       1.0000000
      0.00000       1.3880000   1.1212522e-17       1.0000000
      0.00000       1.3890000   1.0064364e-17       1.0000000
      0.00000       1.3900000   9.0344803e-18       1.0000000
      0.00000       1.3910000   8.1106136e-18       1.0000000
      0.00000       1.3920000   7.2817862e-18       1.0000000
      0.00000       1.3930000   6.5381631e-18       1.0000000
      0.00000       1.3940000   5.8709333e-18       1.0000000
      0.00000       1.3950000   5.2722024e-18       1.0000000
      0.00000       1.3960000   4.7348963e-18       1.0000000
      0.00000       1.3970000   4.2526760e-18       1.0000000
      0.00000       1.3980000   3.8198605e-18       1.0000000
      0.00000       1.3990000   3.4313581e-18       1.0000000
      0.00000       1.4000000   3.0826049e-18       1.0000000
      0.00000       1.4010000   2.7695099e-18       1.0000000
      0.00000       1.4020000   2.4884056e-18       1.0000000
      0.00000       1.4030000   2.2360039e-18       1.0000000
      0.00000       1.4040000   2.0093567e-18       1.0000000
      0.00000       1.4050000   1.8058205e-18       1.0000000
      0.00000       1.4060000   1.6230246e-18       1.0000000
      0.00000       1.4070000   1.4588431e-18       1.0000000
      0.00000       1.4080000   1.3113692e-18       1.0000000
      0.00000       1.4090000   1.1788926e-18       1.0000000
      0.00000       1.4100000   1.0598791e-18       1.0000000
      0.00000       1.4110000   9.5295227e-19       1.0000000
      0.00000       1.4120000   8.5687743e-19       1.0000000
      0.00000       1.4130000   7.7054665e-19       1.0000000
      0.00000       1.4140000   6.9296579e-19       1.0000000
      0.00000       1.4150000   6.2324275e-19       1.0000000
      0.00000       1.4160000   5.6057692e-19       1.0000000
      0.00000       1.4170000   5.0424973e-19       1.0000000
      0.00000       1.4180000   4.5361623e-19       1.0000000
      0.00000       1.4190000   4.0809746e-19       1.0000000
      0.00000       1.4200000   3.6717369e-19       1.0000000
      0.00000       1.4210000   3.3037831e-19       1.0000000
      0.00000       1.4220000   2.9729236e-19       1.0000000
      0.00000       1.4230000   2.6753968e-19       1.0000000
      0.00000       1.4240000   2.4078244e-19       1.0000000
      0.00000       1.4250000   2.1671729e-19       1.0000000
      0.00000       1.4260000   1.9507175e-19       1.0000000
      0.00000       1.4270000   1.7560111e-19       1.0000000
      0.00000       1.4280000   1.5808552e-19       1.0000000
      0.00000       1.4290000   1.4232752e-19       1.0000000
      0.00000       1.4300000   1.2814970e-19       1.0000000
      0.00000       1.4310000   1.1539265e-19       1.0000000
      0.00000       1.4320000   1.0391315e-19       1.0000000
      0.00000       1.4330000   9.3582502e-20       1.0000000
      0.00000       1.4340000   8.4285043e-20       1.0000000
      0.00000       1.4350000   7.5916828e-20       1.0000000
      0.00000       1.4360000   6.8384429e-20       1.0000000
      0.00000       1.4370000   6.1603870e-20       1.0000000
      0.00000       1.4380000   5.5499658e-20       1.0000000
      0.00000       1.4390000   5.0003928e-20       1.0000000
      0.00000       1.4400000   4.5055664e-20       1.0000000
      0.00000       1.4410000   4.0600005e-20       1.0000000
      0.00000       1.4420000   3.6587620e-20       1.0000000
      0.00000       1.4430000   3.2974145e-20       1.0000000
      0.00000       1.4440000   2.9719687e-20       1.0000000
      0.00000       1.4450000   2.6788361e-20       1.0000000
      0.00000       1.4460000   2.4147894e-20       1.0000000
      0.00000       1.4470000   2.1769254e-20       1.0000000
      0.00000       1.4480000   1.9626323e-20       1.0000000
      0.00000       1.4490000   1.7695604e-20       1.0000000
      0.00000       1.4500000   1.5955958e-20       1.0000000
      0.00000       1.4510000   1.4388362e-20       1.0000000
      0.00000       1.4520000   1.2975699e-20       1.0000000
      0.00000       1.4530000   1.1702565e-20       1.0000000
      0.00000       1.4540000   1.0555097e-20       1.0000000
      0.00000       1.4550000   9.5208169e-21       1.0000000
      0.00000       1.4560000   8.5884930e-21       1.0000000
      0.00000       1.4570000   7.7480149e-21       1.0000000
      0.00000       1.4580000   6.9902807e-21       1.0000000
      0.00000       1.4590000   6.3070958e-21       1.0000000
      0.00000       1.4600000   5.6910820e-21       1.0000000
      0.00000       1.4610000   5.1355956e-21       1.0000000
      0.00000       1.4620000   4.6346540e-21       1.0000000
      0.00000       1.4630000   4.1828693e-21       1.0000000
      0.00000       1.4640000   3.7753890e-21       1.0000000
      0.00000       1.4650000   3.4078425e-21       1.0000000
      0.00000       1.4660000   3.0762928e-21       1.0000000
      0.00000       1.4670000   2.7771935e-21       1.0000000
      0.00000       1.4680000   2.5073495e-21       1.0000000
      0.00000       1.4690000   2.2638823e-21       1.0000000
      0.00000       1.4700000   2.0441982e-21       1.0000000
      0.00000       1.4710000   1.8459601e-21       1.0000000
      0.00000       1.4720000   1.6670618e-21       1.0000000
      0.00000       1.4730000   1.5056055e-21       1.0000000
      0.00000       1.4740000   1.3598803e-21       1.0000000
      0.00000       1.4750000   1.2283444e-21       1.0000000
      0.00000       1.4760000   1.1096080e-21       1.0000000
      0.00000       1.4770000   1.0024181e-21       1.0000000
      0.00000       1.4780000   9.0564523e-22       1.0000000
      0.00000       1.4790000   8.1827091e-22       1.0000000
      0.00000       1.4800000   7.3937694e-22       1.0000000
      0.00000       1.4810000   6.6813533e-22       1.0000000
      0.00000       1.4820000   6.0379938e-22       1.0000000
      0.00000       1.4830000   5.4569573e-22       1.0000000
      0.00000       1.4840000   4.9321704e-22       1.0000000
      0.00000       1.4850000   4.4581550e-22       1.0000000
      0.00000       1.4860000   4.0299699e-22       1.0000000
      0.00000       1.4870000   3.6431574e-22       1.0000000
      0.00000       1.4880000   3.2936961e-22       1.0000000
      0.00000       1.4890000   2.9779579e-22       1.0000000
      0.00000       1.4900000   2.6926689e-22       1.0000000
      0.00000       1.4910000   2.4348751e-22       1.0000000
      0.00000       1.4920000   2.2019109e-22       1.0000000
      0.00000       1.4930000   1.9913704e-22       1.0000000
      0.00000       1.4940000   1.8010824e-22       1.0000000
      0.00000       1.4950000   1.6290871e-22       1.0000000
      0.00000       1.4960000   1.4736155e-22       1.0000000
      0.00000       1.4970000   1.3330706e-22       1.0000000
      0.00000       1.4980000   1.2060108e-22       1.0000000
      0.00000       1.4990000   1.0911345e-22       1.0000000
      0.00000       1.5000000   9.8726639e-23       1.0000000
      0.00000       1.5010000   8.9334534e-23       1.0000000
      0.00000       1.5020000   8.0841304e-23       1.0000000
      0.00000       1.5030000   7.3160409e-23       1.0000000
      0.00000       1.5040000   6.6213687e-23       1.0000000
      0.00000       1.5050000   5.9930544e-23       1.0000000
      0.00000       1.5060000   5.4247213e-23       1.0000000
      0.00000       1.5070000   4.9106091e-23       1.0000000
      0.00000       1.5080000   4.4455140e-23       1.0000000
      0.00000       1.5090000   4.0247346e-23       1.0000000
      0.00000       1.5100000   3.6440231e-23       1.0000000
      0.00000       1.5110000   3.2995412e-23       1.0000000
      0.00000       1.5120000   2.9878207e-23       1.0000000
      0.00000       1.5130000   2.7057272e-23       1.0000000
      0.00000       1.5140000   2.4504280e-23       1.0000000
      0.00000       1.5150000   2.2193627e-23       1.0000000
      0.00000       1.5160000   2.0102174e-23       1.0000000
      0.00000       1.5170000   1.8209000e-23       1.0000000
      0.00000       1.5180000   1.6495196e-23       1.0000000
      0.00000       1.5190000   1.4943665e-23       1.0000000
      0.00000       1.5200000   1.3538951e-23       1.0000000
      0.00000       1.5210000   1.2267077e-23       1.0000000
      0.00000       1.5220000   1.1115406e-23       1.0000000
      0.00000       1.5230000   1.0072510e-23       1.0000000
      0.00000       1.5240000   9.1280532e-24       1.0000000
      0.00000       1.5250000   8.2726883e-24       1.0000000
      0.00000       1.5260000   7.4979609e-24       1.0000000
      0.00000       1.5270000   6.7962235e-24       1.0000000
      0.00000       1.5280000   6.1605584e-24       1.0000000
      0.00000       1.5290000   5.5847071e-24       1.0000000
      0.00000       1.5300000   5.0630077e-24       1.0000000
      0.00000       1.5310000   4.5903374e-24       1.0000000
      0.00000       1.5320000   4.1620608e-24       1.0000000
      0.00000       1.5330000   3.7739834e-24       1.0000000
      0.00000       1.5340000   3.4223094e-24       1.0000000
      0.00000       1.5350000   3.1036036e-24       1.0000000
      0.00000       1.5360000   2.8147567e-24       1.0000000
      0.00000       1.5370000   2.5529546e-24       1.0000000
      0.00000       1.5380000   2.3156499e-24       1.0000000
      0.00000       1.5390000   2.1005365e-24       1.0000000
      0.00000       1.5400000   1.9055269e-24       1.0000000
      0.00000       1.5410000   1.7287309e-24       1.0000000
      0.00000       1.5420000   1.5684373e-24       1.0000000
      0.00000       1.5430000   1.4230963e-24       1.0000000
      0.00000       1.5440000   1.2913049e-24       1.0000000
      0.00000       1.5450000   1.1717923e-24       1.0000000
      0.00000       1.5460000   1.0634076e-24       1.0000000
      0.00000       1.5470000   9.6510854e-25       1.0000000
      0.00000       1.5480000   8.7595089e-25       1.0000000
      0.00000       1.5490000   7.9507949e-25       1.0000000
      0.00000       1.5500000   7.2171958e-25       1.0000000
      0.00000       1.5510000   6.5516930e-25       1.0000000
      0.00000       1.5520000   5.9479276e-25       1.0000000
      0.00000       1.5530000   5.4001379e-25       1.0000000
      0.00000       1.5540000   4.9031033e-25       1.0000000
      0.00000       1.5550000   4.4520928e-25       1.0000000
      0.00000       1.5560000   4.0428192e-25       1.0000000
      0.00000       1.5570000   3.6713968e-25       1.0000000
      0.00000       1.5580000   3.3343041e-25       1.0000000
      0.00000       1.5590000   3.0283491e-25       1.0000000
      0.00000       1.5600000   2.7506381e-25       1.0000000
      0.00000       1.5610000   2.4985483e-25       1.0000000
      0.00000       1.5620000   2.2697017e-25       1.0000000
      0.00000       1.5630000   2.0619423e-25       1.0000000
      0.00000       1.5640000   1.8733154e-25       1.0000000
      0.00000       1.5650000   1.7020485e-25       1.0000000
      0.00000       1.5660000   1.5465343e-25       1.0000000
      0.00000       1.5670000   1.4053152e-25       1.0000000
      0.00000       1.5680000   1.2770693e-25       1.0000000
      0.00000       1.5690000   1.1605976e-25       1.0000000
      0.00000       1.5700000   1.0548127e-25       1.0000000
      0.00000       1.5710000   9.5872810e-26       1.0000000
      0.00000       1.5720000   8.7144896e-26       1.0000000
      0.00000       1.5730000   7.9216348e-26       1.0000000
      0.00000       1.5740000   7.2013515e-26       1.0000000
      0.00000       1.5750000   6.5469571e-26       1.0000000
      0.00000       1.5760000   5.9523881e-26       1.0000000
      0.00000       1.5770000   5.4121424e-26       1.0000000
      0.00000       1.5780000   4.9212268e-26       1.0000000
      0.00000       1.5790000   4.4751100e-26       1.0000000
      0.00000       1.5800000   4.0696791e-26       1.0000000
      0.00000       1.5810000   3.7012014e-26       1.0000000
      0.00000       1.5820000   3.3662885e-26       1.0000000
      0.00000       1.5830000   3.0618646e-26       1.0000000
      0.00000       1.5840000   2.7851374e-26       1.0000000
      0.00000       1.5850000   2.5335719e-26       1.0000000
      0.00000       1.5860000   2.3048664e-26       1.0000000
      0.00000       1.5870000   2.0969313e-26       1.0000000
      0.00000       1.5880000   1.9078688e-26       1.0000000
      0.00000       1.5890000   1.7359557e-26       1.0000000
      0.00000       1.5900000   1.5796271e-26       1.0000000
      0.00000       1.5910000   1.4374616e-26       1.0000000
      0.00000       1.5920000   1.3081685e-26       1.0000000
      0.00000       1.5930000   1.1905752e-26       1.0000000
      0.00000       1.5940000   1.0836166e-26       1.0000000
      0.00000       1.5950000   9.8632514e-27       1.0000000
      0.00000       1.5960000   8.9782183e-27       1.0000000
      0.00000       1.5970000   8.1730808e-27       1.0000000
      0.00000       1.5980000   7.4405830e-27       1.0000000
      0.00000       1.5990000   6.7741319e-27       1.0000000
      0.00000       1.6000000   6.1677365e-27       1.0000000
      0.00000       1.6010000   5.6159525e-27       1.0000000
      0.00000       1.6020000   5.1138319e-27       1.0000000
      0.00000       1.6030000   4.6568780e-27       1.0000000
      0.00000       1.6040000   4.2410034e-27       1.0000000
      0.00000       1.6050000   3.8624930e-27       1.0000000
      0.00000       1.6060000   3.5179695e-27       1.0000000
      0.00000       1.6070000   3.2043629e-27       1.0000000
      0.00000       1.6080000   2.9188821e-27       1.0000000
      0.00000       1.6090000   2.6589893e-27       1.0000000
      0.00000       1.6100000   2.4223774e-27       1.0000000
      0.00000       1.6110000   2.2069482e-27       1.0000000
      0.00000       1.6120000   2.0107941e-27       1.0000000
      0.00000       1.6130000   1.8321799e-27       1.0000000
      0.00000       1.6140000   1.6695278e-27       1.0000000
      0.00000       1.6150000   1.5214028e-27       1.0000000
      0.00000       1.6160000   1.3864996e-27       1.0000000
      0.00000       1.6170000   1.2636309e-27       1.0000000
      0.00000       1.6180000   1.1517166e-27       1.0000000
      0.00000       1.6190000   1.0497742e-27       1.0000000
      0.00000       1.6200000   9.5690986e-28       1.0000000
      0.00000       1.6210000   8.7231027e-28       1.0000000
      0.00000       1.6220000   7.9523545e-28       1.0000000
      0.00000       1.6230000   7.2501207e-28       1.0000000
      0.00000       1.6240000   6.6102742e-28       1.0000000
      0.00000       1.6250000   6.0272390e-28       1.0000000
      0.00000       1.6260000   5.4959405e-28       1.0000000
      0.00000       1.6270000   5.0117601e-28       1.0000000
      0.00000       1.6280000   4.5704939e-28       1.0000000
      0.00000       1.6290000   4.1683153e-28       1.0000000
      0.00000       1.6300000   3.8017412e-28       1.0000000
      0.00000       1.6310000   3.4676005e-28       1.0000000
      0.00000       1.6320000   3.1630062e-28       1.0000000
      0.00000       1.6330000   2.8853301e-28       1.0000000
      0.00000       1.6340000   2.6321788e-28       1.0000000
      0.00000       1.6350000   2.4013732e-28       1.0000000
      0.00000       1.6360000   2.1909290e-28       1.0000000
      0.00000       1.6370000   1.9990392e-28       1.0000000
      0.00000       1.6380000   1.8240578e-28       1.0000000
      0.00000       1.6390000   1.6644861e-28       1.0000000
      0.00000       1.6400000   1.5189588e-28       1.0000000
      0.00000       1.6410000   1.3862324e-28       1.0000000
      0.00000       1.6420000   1.2651741e-28       1.0000000
      0.00000       1.6430000   1.1547519e-28       1.0000000
      0.00000       1.6440000   1.0540258e-28       1.0000000
      0.00000       1.6450000   9.6213911e-29       1.0000000
      0.00000       1.6460000   8.7831152e-29       1.0000000
      0.00000       1.6470000   8.0183191e-29       1.0000000
      0.00000       1.6480000   7.3205230e-29       1.0000000
      0.00000       1.6490000   6.6838219e-29       1.0000000
      0.00000       1.6500000   6.1028343e-29       1.0000000
      0.00000       1.6510000   5.5726558e-29       1.0000000
      0.00000       1.6520000   5.0888162e-29       1.0000000
      0.00000       1.6530000   4.6472408e-29       1.0000000
      0.00000       1.6540000   4.2442155e-29       1.0000000
      0.00000       1.6550000   3.8763546e-29       1.0000000
      0.00000       1.6560000   3.5405713e-29       1.0000000
      0.00000       1.6570000   3.2340516e-29       1.0000000
      0.00000       1.6580000   2.9542298e-29       1.0000000
      0.00000       1.6590000   2.6987665e-29       1.0000000
      0.00000       1.6600000   2.4655284e-29       1.0000000
      0.00000       1.6610000   2.2525703e-29       1.0000000
      0.00000       1.6620000   2.0581181e-29       1.0000000
      0.00000       1.6630000   1.8805541e-29       1.0000000
      0.00000       1.6640000   1.7184026e-29       1.0000000
      0.00000       1.6650000   1.5703177e-29       1.0000000
      0.00000       1.6660000   1.4350719e-29       1.0000000
      0.00000       1.6670000   1.3115451e-29       1.0000000
      0.00000       1.6680000   1.1987159e-29       1.0000000
      0.00000       1.6690000   1.0956522e-29       1.0000000
      0.00000       1.6700000   1.0015037e-29       1.0000000
      0.00000       1.6710000   9.1549448e-30       1.0000000
      0.00000       1.6720000   8.3691673e-30       1.0000000
      0.00000       1.6730000   7.6512443e-30       1.0000000
      0.00000       1.6740000   6.9952810e-30       1.0000000
      0.00000       1.6750000   6.3958977e-30       1.0000000
      0.00000       1.6760000   5.8481845e-30       1.0000000
      0.00000       1.6770000   5.3476604e-30       1.0000000
      0.00000       1.6780000   4.8902351e-30       1.0000000
      0.00000       1.6790000   4.4721750e-30       1.0000000
      0.00000       1.6800000   4.0900720e-30       1.0000000
      0.00000       1.6810000   3.7408147e-30       1.0000000
      0.00000       1.6820000   3.4215626e-30       1.0000000
      0.00000       1.6830000   3.1297224e-30       1.0000000
      0.00000       1.6840000   2.8629261e-30       1.0000000
      0.00000       1.6850000   2.6190117e-30       1.0000000
      0.00000       1.6860000   2.3960047e-30       1.0000000
      0.00000       1.6870000   2.1921023e-30       1.0000000
      0.00000       1.6880000   2.0056579e-30       1.0000000
      0.00000       1.6890000   1.8351678e-30       1.0000000
      0.00000       1.6900000   1.6792584e-30       1.0000000
      0.00000       1.6910000   1.5366752e-30       1.0000000
      0.00000       1.6920000   1.4062723e-30       1.0000000
      0.00000       1.6930000   1.2870028e-30       1.0000000
      0.00000       1.6940000   1.1779106e-30       1.0000000
      0.00000       1.6950000   1.0781218e-30       1.0000000
      0.00000       1.6960000   9.8683836e-31       1.0000000
      0.00000       1.6970000   9.0333090e-31       1.0000000
      0.00000       1.6980000   8.2693301e-31       1.0000000
      0.00000       1.6990000   7.5703574e-31       1.0000000
      0.00000       1.7000000   6.9308262e-31       1.0000000
      0.00000       1.7010000   6.3456508e-31       1.0000000
      0.00000       1.7020000   5.8101835e-31       1.0000000
      0.00000       1.7030000   5.3201762e-31       1.0000000
      0.00000       1.7040000   4.8717461e-31       1.0000000
      0.00000       1.7050000   4.4613440e-31       1.0000000
      0.00000       1.7060000   4.0857255e-31       1.0000000
      0.00000       1.7070000   3.7419247e-31       1.0000000
      0.00000       1.7080000   3.4272301e-31       1.0000000
      0.00000       1.7090000   3.1391625e-31       1.0000000
      0.00000       1.7100000   2.8754555e-31       1.0000000
      0.00000       1.7110000   2.6340365e-31       1.0000000
      0.00000       1.7120000   2.4130102e-31       1.0000000
      0.00000       1.7130000   2.2106438e-31       1.0000000
      0.00000       1.7140000   2.0253523e-31       1.0000000
      0.00000       1.7150000   1.8556863e-31       1.0000000
      0.00000       1.7160000   1.7003201e-31       1.0000000
      0.00000       1.7170000   1.5580412e-31       1.0000000
      0.00000       1.7180000   1.4277405e-31       1.0000000
      0.00000       1.7190000   1.3084035e-31       1.0000000
      0.00000       1.7200000   1.1991021e-31       1.0000000
      0.00000       1.7210000   1.0989873e-31       1.0000000
      0.00000       1.7220000   1.0072822e-31       1.0000000
      0.00000       1.7230000   9.2327610e-32       1.0000000
      0.00000       1.7240000   8.4631880e-32       1.0000000
      0.00000       1.7250000   7.7581523e-32       1.0000000
      0.00000       1.7260000   7.1122089e-32       1.0000000
      0.00000       1.7270000   6.5203751e-32       1.0000000
      0.00000       1.7280000   5.9780906e-32       1.0000000
      0.00000       1.7290000   5.4811820e-32       1.0000000
      0.00000       1.7300000   5.0258294e-32       1.0000000
      0.00000       1.7310000   4.6085365e-32       1.0000000
      0.00000       1.7320000   4.2261028e-32       1.0000000
      0.00000       1.7330000   3.8755987e-32       1.0000000
      0.00000       1.7340000   3.5543422e-32       1.0000000
      0.00000       1.7350000   3.2598780e-32       1.0000000
      0.00000       1.7360000   2.9899580e-32       1.0000000
      0.00000       1.7370000   2.7425241e-32       1.0000000
      0.00000       1.7380000   2.5156916e-32       1.0000000
      0.00000       1.7390000   2.3077349e-32       1.0000000
      0.00000       1.7400000   2.1170737e-32       1.0000000
      0.00000       1.7410000   1.9422608e-32       1.0000000
      0.00000       1.7420000   1.7819709e-32       1.0000000
      0.00000       1.7430000   1.6349902e-32       1.0000000
      0.00000       1.7440000   1.5002068e-32       1.0000000
      0.00000       1.7450000   1.3766024e-32       1.0000000
      0.00000       1.7460000   1.2632442e-32       1.0000000
      0.00000       1.7470000   1.1592777e-32       1.0000000
      0.00000       1.7480000   1.0639200e-32       1.0000000
      0.00000       1.7490000   9.7645400e-33       1.0000000
      0.00000       1.7500000   8.9622264e-33       1.0000000
      0.00000       1.7510000   8.2262386e-33       1.0000000
      0.00000       1.7520000   7.5510603e-33       1.0000000
      0.00000       1.7530000   6.9316368e-33       1.0000000
      0.00000       1.7540000   6.3633360e-33       1.0000000
      0.00000       1.7550000   5.8419131e-33       1.0000000
      0.00000       1.7560000   5.3634777e-33       1.0000000
      0.00000       1.7570000   4.9244642e-33       1.0000000
      0.00000       1.7580000   4.5216048e-33       1.0000000
      0.00000       1.7590000   4.1519039e-33       1.0000000
      0.00000       1.7600000   3.8126158e-33       1.0000000
      0.00000       1.7610000   3.5012234e-33       1.0000000
      0.00000       1.7620000   3.2154192e-33       1.0000000
      0.00000       1.7630000   2.9530879e-33       1.0000000
      0.00000       1.7640000   2.7122898e-33       1.0000000
      0.00000       1.7650000   2.4912468e-33       1.0000000
      0.00000       1.7660000   2.2883283e-33       1.0000000
      0.00000       1.7670000   2.1020391e-33       1.0000000
      0.00000       1.7680000   1.9310082e-33       1.0000000
      0.00000       1.7690000   1.7739782e-33       1.0000000
      0.00000       1.7700000   1.6297960e-33       1.0000000
      0.00000       1.7710000   1.4974042e-33       1.0000000
      0.00000       1.7720000   1.3758325e-33       1.0000000
      0.00000       1.7730000   1.2641915e-33       1.0000000
      0.00000       1.7740000   1.1616650e-33       1.0000000
      0.00000       1.7750000   1.0675042e-33       1.0000000
      0.00000       1.7760000   9.8102256e-34       1.0000000
      0.00000       1.7770000   9.0158991e-34       1.0000000
      0.00000       1.7780000   8.2862822e-34       1.0000000
      0.00000       1.7790000   7.6160713e-34       1.0000000
      0.00000       1.7800000   7.0004002e-34       1.0000000
      0.00000       1.7810000   6.4348036e-34       1.0000000
      0.00000       1.7820000   5.9151840e-34       1.0000000
      0.00000       1.7830000   5.4377813e-34       1.0000000
      0.00000       1.7840000   4.9991447e-34       1.0000000
      0.00000       1.7850000   4.5961072e-34       1.0000000
      0.00000       1.7860000   4.2257620e-34       1.0000000
      0.00000       1.7870000   3.8854412e-34       1.0000000
      0.00000       1.7880000   3.5726958e-34       1.0000000
      0.00000       1.7890000   3.2852780e-34       1.0000000
      0.00000       1.7900000   3.0211241e-34       1.0000000
      0.00000       1.7910000   2.7783396e-34       1.0000000
      0.00000       1.7920000   2.5551854e-34       1.0000000
      0.00000       1.7930000   2.3500645e-34       1.0000000
      0.00000       1.7940000   2.1615108e-34       1.0000000
      0.00000       1.7950000   1.9881781e-34       1.0000000
      0.00000       1.7960000   1.8288301e-34       1.0000000
      0.00000       1.7970000   1.6823318e-34       1.0000000
      0.00000       1.7980000   1.5476406e-34       1.0000000
      0.00000       1.7990000   1.4237991e-34       1.0000000
      0.00000       1.8000000   1.3099281e-34       1.0000000
      0.00000       1.8010000   1.2052199e-34       1.0000000
      0.00000       1.8020000   1.1089328e-34       1.0000000
      0.00000       1.8030000   1.0203853e-34       1.0000000
      0.00000       1.8040000   9.3895165e-35       1.0000000
      0.00000       1.8050000   8.6405677e-35       1.0000000
      0.00000       1.8060000   7.9517243e-35       1.0000000
      0.00000       1.8070000   7.3181335e-35       1.0000000
      0.00000       1.8080000   6.7353364e-35       1.0000000
      0.00000       1.8090000   6.1992362e-35       1.0000000
      0.00000       1.8100000   5.7060685e-35       1.0000000
      0.00000       1.8110000   5.2523743e-35       1.0000000
      0.00000       1.8120000   4.8349748e-35       1.0000000
      0.00000       1.8130000   4.4509488e-35       1.0000000
      0.00000       1.8140000   4.0976117e-35       1.0000000
      0.00000       1.8150000   3.7724962e-35       1.0000000
      0.00000       1.8160000   3.4733343e-35       1.0000000
      0.00000       1.8170000   3.1980417e-35       1.0000000
      0.00000       1.8180000   2.9447022e-35       1.0000000
      0.00000       1.8190000   2.7115546e-35       1.0000000
      0.00000       1.8200000   2.4969797e-35       1.0000000
      0.00000       1.8210000   2.2994890e-35       1.0000000
      0.00000       1.8220000   2.1177140e-35       1.0000000
      0.00000       1.8230000   1.9503965e-35       1.0000000
      0.00000       1.8240000   1.7963796e-35       1.0000000
      0.00000       1.8250000   1.6545995e-35       1.0000000
      0.00000       1.8260000   1.5240781e-35       1.0000000
      0.00000       1.8270000   1.4039160e-35       1.0000000
      0.00000       1.8280000   1.2932858e-35       1.0000000
      0.00000       1.8290000   1.1914269e-35       1.0000000
      0.00000       1.8300000   1.0976396e-35       1.0000000
      0.00000       1.8310000   1.0112803e-35       1.0000000
      0.00000       1.8320000   9.3175732e-36       1.0000000
      0.00000       1.8330000   8.5852603e-36       1.0000000
      0.00000       1.8340000   7.9108566e-36       1.0000000
      0.00000       1.8350000   7.2897549e-36       1.0000000
      0.00000       1.8360000   6.7177167e-36       1.0000000
      0.00000       1.8370000   6.1908427e-36       1.0000000
      0.00000       1.8380000   5.7055453e-36       1.0000000
      0.00000       1.8390000   5.2585236e-36       1.0000000
      0.00000       1.8400000   4.8467404e-36       1.0000000
      0.00000       1.8410000   4.4674010e-36       1.0000000
      0.00000       1.8420000   4.1179335e-36       1.0000000
      0.00000       1.8430000   3.7959714e-36       1.0000000
      0.00000       1.8440000   3.4993365e-36       1.0000000
      0.00000       1.8450000   3.2260243e-36       1.0000000
      0.00000       1.8460000   2.9741900e-36       1.0000000
      0.00000       1.8470000   2.7421354e-36       1.0000000
      0.00000       1.8480000   2.5282975e-36       1.0000000
      0.00000       1.8490000   2.3312376e-36       1.0000000
      0.00000       1.8500000   2.1496312e-36       1.0000000
      0.00000       1.8510000   1.9822590e-36       1.0000000
      0.00000       1.8520000   1.8279986e-36       1.0000000
      0.00000       1.8530000   1.6858166e-36       1.0000000
      0.00000       1.8540000   1.5547614e-36       1.0000000
      0.00000       1.8550000   1.4339570e-36       1.0000000
      0.00000       1.8560000   1.3225967e-36       1.0000000
      0.00000       1.8570000   1.2199377e-36       1.0000000
      0.00000       1.8580000   1.1252960e-36       1.0000000
      0.00000       1.8590000   1.0380416e-36       1.0000000
      0.00000       1.8600000   9.5759436e-37       1.0000000
      0.00000       1.8610000   8.8342003e-37       1.0000000
      0.00000       1.8620000   8.1502647e-37       1.0000000
      0.00000       1.8630000   7.5196041e-37       1.0000000
      0.00000       1.8640000   6.9380434e-37       1.0000000
      0.00000       1.8650000   6.4017364e-37       1.0000000
      0.00000       1.8660000   5.9071405e-37       1.0000000
      0.00000       1.8670000   5.4509917e-37       1.0000000
      0.00000       1.8680000   5.0302831e-37       1.0000000
      0.00000       1.8690000   4.6422444e-37       1.0000000
      0.00000       1.8700000   4.2843233e-37       1.0000000
      0.00000       1.8710000   3.9541677e-37       1.0000000
      0.00000       1.8720000   3.6496108e-37       1.0000000
      0.00000       1.8730000   3.3686556e-37       1.0000000
      0.00000       1.8740000   3.1094618e-37       1.0000000
      0.00000       1.8750000   2.8703338e-37       1.0000000
      0.00000       1.8760000   2.6497085e-37       1.0000000
      0.00000       1.8770000   2.4461457e-37       1.0000000
      0.00000       1.8780000   2.2583176e-37       1.0000000
      0.00000       1.8790000   2.0850007e-37       1.0000000
      0.00000       1.8800000   1.9250669e-37       1.0000000
      0.00000       1.8810000   1.7774766e-37       1.0000000
      0.00000       1.8820000   1.6412712e-37       1.0000000
      0.00000       1.8830000   1.5155672e-37       1.0000000
      0.00000       1.8840000   1.3995501e-37       1.0000000
      0.00000       1.8850000   1.2924687e-37       1.0000000
      0.00000       1.8860000   1.1936306e-37       1.0000000
      0.00000       1.8870000   1.1023974e-37       1.0000000
      0.00000       1.8880000   1.0181804e-37       1.0000000
      0.00000       1.8890000   9.4043660e-38       1.0000000
      0.00000       1.8900000   8.6866553e-38       1.0000000
      0.00000       1.8910000   8.0240548e-38       1.0000000
      0.00000       1.8920000   7.4123071e-38       1.0000000
      0.00000       1.8930000   6.8474854e-38       1.0000000
      0.00000       1.8940000   6.3259683e-38       1.0000000
      0.00000       1.8950000   5.8444153e-38       1.0000000
      0.00000       1.8960000   5.3997451e-38       1.0000000
      0.00000       1.8970000   4.9891157e-38       1.0000000
      0.00000       1.8980000   4.6099052e-38       1.0000000
      0.00000       1.8990000   4.2596950e-38       1.0000000
      0.00000       1.9000000   3.9362536e-38       1.0000000
      0.00000       1.9010000   3.6375225e-38       1.0000000
      0.00000       1.9020000   3.3616022e-38       1.0000000
      0.00000       1.9030000   3.1067404e-38       1.0000000
      0.00000       1.9040000   2.8713201e-38       1.0000000
      0.00000       1.9050000   2.6538490e-38       1.0000000
      0.00000       1.9060000   2.4529504e-38       1.0000000
      0.00000       1.9070000   2.2673536e-38       1.0000000
      0.00000       1.9080000   2.0958860e-38       1.0000000
      0.00000       1.9090000   1.9374654e-38       1.0000000
      0.00000       1.9100000   1.7910930e-38       1.0000000
      0.00000       1.9110000   1.6558468e-38       1.0000000
      0.00000       1.9120000   1.5308760e-38       1.0000000
      0.00000       1.9130000   1.4153952e-38       1.0000000
      0.00000       1.9140000   1.3086792e-38       1.0000000
      0.00000       1.9150000   1.2100588e-38       1.0000000
      0.00000       1.9160000   1.1189160e-38       1.0000000
      0.00000       1.9170000   1.0346805e-38       1.0000000
      0.00000       1.9180000   9.5682560e-39       1.0000000
      0.00000       1.9190000   8.8486497e-39       1.0000000
      0.00000       1.9200000   8.1834966e-39       1.0000000
      0.00000       1.9210000   7.5686511e-39       1.0000000
      0.00000       1.9220000   7.0002849e-39       1.0000000
      0.00000       1.9230000   6.4748629e-39       1.0000000
      0.00000       1.9240000   5.9891206e-39       1.0000000
      0.00000       1.9250000   5.5400430e-39       1.0000000
      0.00000       1.9260000   5.1248457e-39       1.0000000
      0.00000       1.9270000   4.7409570e-39       1.0000000
      0.00000       1.9280000   4.3860015e-39       1.0000000
      0.00000       1.9290000   4.0577853e-39       1.0000000
      0.00000       1.9300000   3.7542817e-39       1.0000000
      0.00000       1.9310000   3.4736187e-39       1.0000000
      0.00000       1.9320000   3.2140668e-39       1.0000000
      0.00000       1.9330000   2.9740284e-39       1.0000000
      0.00000       1.9340000   2.7520274e-39       1.0000000
      0.00000       1.9350000   2.5467001e-39       1.0000000
      0.00000       1.9360000   2.3567866e-39       1.0000000
      0.00000       1.9370000   2.1811227e-39       1.0000000
      0.00000       1.9380000   2.0186327e-39       1.0000000
      0.00000       1.9390000   1.8683225e-39       1.0000000
      0.00000       1.9400000   1.7292736e-39       1.0000000
      0.00000       1.9410000   1.6006372e-39       1.0000000
      0.00000       1.9420000   1.4816287e-39       1.0000000
      0.00000       1.9430000   1.3715231e-39       1.0000000
      0.00000       1.9440000   1.2696503e-39       1.0000000
      0.00000       1.9450000   1.1753910e-39       1.0000000
      0.00000       1.9460000   1.0881727e-39       1.0000000
      0.00000       1.9470000   1.0074662e-39       1.0000000
      0.00000       1.9480000   9.3278237e-40       1.0000000
      0.00000       1.9490000   8.6366903e-40       1.0000000
      0.00000       1.9500000   7.9970812e-40       1.0000000
      0.00000       1.9510000   7.4051320e-40       1.0000000
      0.00000       1.9520000   6.8572694e-40       1.0000000
      0.00000       1.9530000   6.3501900e-40       1.0000000
      0.00000       1.9540000   5.8808392e-40       1.0000000
      0.00000       1.9550000   5.4463927e-40       1.0000000
      0.00000       1.9560000   5.0442389e-40       1.0000000
      0.00000       1.9570000   4.6719627e-40       1.0000000
      0.00000       1.9580000   4.3273308e-40       1.0000000
      0.00000       1.9590000   4.0082778e-40       1.0000000
      0.00000       1.9600000   3.7128936e-40       1.0000000
      0.00000       1.9610000   3.4394117e-40       1.0000000
      0.00000       1.9620000   3.1861980e-40       1.0000000
      0.00000       1.9630000   2.9517412e-40       1.0000000
      0.00000       1.9640000   2.7346434e-40       1.0000000
      0.00000       1.9650000   2.5336114e-40       1.0000000
      0.00000       1.9660000   2.3474491e-40       1.0000000
      0.00000       1.9670000   2.1750499e-40       1.0000000
      0.00000       1.9680000   2.0153900e-40       1.0000000
      0.00000       1.9690000   1.8675223e-40       1.0000000
      0.00000       1.9700000   1.7305705e-40       1.0000000
      0.00000       1.9710000   1.6037238e-40       1.0000000
      0.00000       1.9720000   1.4862320e-40       1.0000000
      0.00000       1.9730000   1.3774011e-40       1.0000000
      0.00000       1.9740000   1.2765886e-40       1.0000000
      0.00000       1.9750000   1.1832002e-40       1.0000000
      0.00000       1.9760000   1.0966857e-40       1.0000000
      0.00000       1.9770000   1.0165361e-40       1.0000000
      0.00000       1.9780000   9.4228033e-41       1.0000000
      0.00000       1.9790000   8.7348224e-41       1.0000000
      0.00000       1.9800000   8.0973828e-41       1.0000000
      0.00000       1.9810000   7.5067488e-41       1.0000000
      0.00000       1.9820000   6.9594624e-41       1.0000000
      0.00000       1.9830000   6.4523227e-41       1.0000000
      0.00000       1.9840000   5.9823668e-41       1.0000000
      0.00000       1.9850000   5.5468516e-41       1.0000000
      0.00000       1.9860000   5.1432376e-41       1.0000000
      0.00000       1.9870000   4.7691738e-41       1.0000000
      0.00000       1.9880000   4.4224833e-41       1.0000000
      0.00000       1.9890000   4.1011508e-41       1.0000000
      0.00000       1.9900000   3.8033102e-41       1.0000000
      0.00000       1.9910000   3.5272335e-41       1.0000000
      0.00000       1.9920000   3.2713205e-41       1.0000000
      0.00000       1.9930000   3.0340896e-41       1.0000000
      0.00000       1.9940000   2.8141686e-41       1.0000000
      0.00000       1.9950000   2.6102867e-41       1.0000000
      0.00000       1.9960000   2.4212669e-41       1.0000000
      0.00000       1.9970000   2.2460193e-41       1.0000000
      0.00000       1.9980000   2.0835342e-41       1.0000000
      0.00000       1.9990000   1.9328765e-41       1.0000000
      0.00000       2.0000000   1.7931799e-41       1.0000000
      0.00000       2.0010000   1.6636422e-41       1.0000000
      0.00000       2.0020000   1.5435199e-41       1.0000000
      0.00000       2.0030000   1.4321246e-41       1.0000000
      0.00000       2.0040000   1.3288184e-41       1.0000000
      0.00000       2.0050000   1.2330102e-41       1.0000000
      0.00000       2.0060000   1.1441525e-41       1.0000000
      0.00000       2.0070000   1.0617379e-41       1.0000000
      0.00000       2.0080000   9.8529650e-42       1.0000000
      0.00000       2.0090000   9.1439259e-42       1.0000000
      0.00000       2.0100000   8.4862261e-42       1.0000000
      0.00000       2.0110000   7.8761254e-42       1.0000000
      0.00000       2.0120000   7.3101578e-42       1.0000000
      0.00000       2.0130000   6.7851113e-42       1.0000000
      0.00000       2.0140000   6.2980090e-42       1.0000000
      0.00000       2.0150000   5.8460919e-42       1.0000000
      0.00000       2.0160000   5.4268029e-42       1.0000000
      0.00000       2.0170000   5.0377717e-42       1.0000000
      0.00000       2.0180000   4.6768014e-42       1.0000000
      0.00000       2.0190000   4.3418556e-42       1.0000000
      0.00000       2.0200000   4.0310464e-42       1.0000000
      0.00000       2.0210000   3.7426239e-42       1.0000000
      0.00000       2.0220000   3.4749657e-42       1.0000000
      0.00000       2.0230000   3.2265678e-42       1.0000000
      0.00000       2.0240000   2.9960357e-42       1.0000000
      0.00000       2.0250000   2.7820766e-42       1.0000000
      0.00000       2.0260000   2.5834916e-42       1.0000000
      0.00000       2.0270000   2.3991694e-42       1.0000000
      0.00000       2.0280000   2.2280791e-42       1.0000000
      0.00000       2.0290000   2.0692652e-42       1.0000000
      0.00000       2.0300000   1.9218413e-42       1.0000000
      0.00000       2.0310000   1.7849855e-42       1.0000000
      0.00000       2.0320000   1.6579357e-42       1.0000000
      0.00000       2.0330000   1.5399847e-42       1.0000000
      0.00000       2.0340000   1.4304771e-42       1.0000000
      0.00000       2.0350000   1.3288048e-42       1.0000000
      0.00000       2.0360000   1.2344036e-42       1.0000000
      0.00000       2.0370000   1.1467503e-42       1.0000000
      0.00000       2.0380000   1.0653597e-42       1.0000000
      0.00000       2.0390000   9.8978153e-43       1.0000000
      0.00000       2.0400000   9.1959817e-43       1.0000000
      0.00000       2.0410000   8.5442216e-43       1.0000000
      0.00000       2.0420000   7.9389405e-43       1.0000000
      0.00000       2.0430000   7.3768035e-43       1.0000000
      0.00000       2.0440000   6.8547164e-43       1.0000000
      0.00000       2.0450000   6.3698083e-43       1.0000000
      0.00000       2.0460000   5.9194152e-43       1.0000000
      0.00000       2.0470000   5.5010655e-43       1.0000000
      0.00000       2.0480000   5.1124652e-43       1.0000000
      0.00000       2.0490000   4.7514860e-43       1.0000000
      0.00000       2.0500000   4.4161524e-43       1.0000000
      0.00000       2.0510000   4.1046313e-43       1.0000000
      0.00000       2.0520000   3.8152214e-43       1.0000000
      0.00000       2.0530000   3.5463436e-43       1.0000000
      0.00000       2.0540000   3.2965322e-43       1.0000000
      0.00000       2.0550000   3.0644270e-43       1.0000000
      0.00000       2.0560000   2.8487653e-43       1.0000000
      0.00000       2.0570000   2.6483749e-43       1.0000000
      0.00000       2.0580000   2.4621678e-43       1.0000000
      0.00000       2.0590000   2.2891340e-43       1.0000000
      0.00000       2.0600000   2.1283358e-43       1.0000000
      0.00000       2.0610000   1.9789027e-43       1.0000000
      0.00000       2.0620000   1.8400265e-43       1.0000000
      0.00000       2.0630000   1.7109567e-43       1.0000000
      0.00000       2.0640000   1.5909967e-43       1.0000000
      0.00000       2.0650000   1.4794995e-43       1.0000000
      0.00000       2.0660000   1.3758644e-43       1.0000000
      0.00000       2.0670000   1.2795337e-43       1.0000000
      0.00000       2.0680000   1.1899893e-43       1.0000000
      0.00000       2.0690000   1.1067502e-43       1.0000000
      0.00000       2.0700000   1.0293697e-43       1.0000000
      0.00000       2.0710000   9.5743297e-44       1.0000000
      0.00000       2.0720000   8.9055460e-44       1.0000000
      0.00000       2.0730000   8.2837674e-44       1.0000000
      0.00000       2.0740000   7.7056700e-44       1.0000000
      0.00000       2.0750000   7.1681660e-44       1.0000000
      0.00000       2.0760000   6.6683876e-44       1.0000000
      0.00000       2.0770000   6.2036706e-44       1.0000000
      0.00000       2.0780000   5.7715403e-44       1.0000000
      0.00000       2.0790000   5.3696974e-44       1.0000000
      0.00000       2.0800000   4.9960062e-44       1.0000000
      0.00000       2.0810000   4.6484823e-44       1.0000000
      0.00000       2.0820000   4.3252821e-44       1.0000000
      0.00000       2.0830000   4.0246926e-44       1.0000000
      0.00000       2.0840000   3.7451224e-44       1.0000000
      0.00000       2.0850000   3.4850926e-44       1.0000000
      0.00000       2.0860000   3.2432289e-44       1.0000000
      0.00000       2.0870000   3.0182545e-44       1.0000000
      0.00000       2.0880000   2.8089827e-44       1.0000000
      0.00000       2.0890000   2.6143108e-44       1.0000000
      0.00000       2.0900000   2.4332139e-44       1.0000000
      0.00000       2.0910000   2.2647397e-44       1.0000000
      0.00000       2.0920000   2.1080028e-44       1.0000000
      0.00000       2.0930000   1.9621805e-44       1.0000000
      0.00000       2.0940000   1.8265081e-44       1.0000000
      0.00000       2.0950000   1.7002748e-44       1.0000000
      0.00000       2.0960000   1.5828198e-44       1.0000000
      0.00000       2.0970000   1.4735288e-44       1.0000000
      0.00000       2.0980000   1.3718311e-44       1.0000000
      0.00000       2.0990000   1.2771956e-44       1.0000000
      0.00000       2.1000000   1.1891291e-44       1.0000000
      0.00000       2.1010000   1.1071727e-44       1.0000000
      0.00000       2.1020000   1.0308998e-44       1.0000000
      0.00000       2.1030000   9.5991396e-45       1.0000000
      0.00000       2.1040000   8.9384639e-45       1.0000000
      0.00000       2.1050000   8.3235422e-45       1.0000000
      0.00000       2.1060000   7.7511865e-45       1.0000000
      0.00000       2.1070000   7.2184320e-45       1.0000000
      0.00000       2.1080000   6.7225220e-45       1.0000000
      0.00000       2.1090000   6.2608926e-45       1.0000000
      0.00000       2.1100000   5.8311595e-45       1.0000000
      0.00000       2.1110000   5.4311052e-45       1.0000000
      0.00000       2.1120000   5.0586675e-45       1.0000000
      0.00000       2.1130000   4.7119281e-45       1.0000000
      0.00000       2.1140000   4.3891029e-45       1.0000000
      0.00000       2.1150000   4.0885325e-45       1.0000000
      0.00000       2.1160000   3.8086732e-45       1.0000000
      0.00000       2.1170000   3.5480890e-45       1.0000000
      0.00000       2.1180000   3.3054443e-45       1.0000000
      0.00000       2.1190000   3.0794964e-45       1.0000000
      0.00000       2.1200000   2.8690893e-45       1.0000000
      0.00000       2.1210000   2.6731476e-45       1.0000000
      0.00000       2.1220000   2.4906705e-45       1.0000000
      0.00000       2.1230000   2.3207272e-45       1.0000000
      0.00000       2.1240000   2.1624514e-45       1.0000000
      0.00000       2.1250000   2.0150371e-45       1.0000000
      0.00000       2.1260000   1.8777345e-45       1.0000000
      0.00000       2.1270000   1.7498456e-45       1.0000000
      0.00000       2.1280000   1.6307210e-45       1.0000000
      0.00000       2.1290000   1.5197565e-45       1.0000000
      0.00000       2.1300000   1.4163895e-45       1.0000000
      0.00000       2.1310000   1.3200967e-45       1.0000000
      0.00000       2.1320000   1.2303910e-45       1.0000000
      0.00000       2.1330000   1.1468190e-45       1.0000000
      0.00000       2.1340000   1.0689588e-45       1.0000000
      0.00000       2.1350000   9.9641741e-46       1.0000000
      0.00000       2.1360000   9.2882941e-46       1.0000000
      0.00000       2.1370000   8.6585444e-46       1.0000000
      0.00000       2.1380000   8.0717570e-46       1.0000000
      0.00000       2.1390000   7.5249831e-46       1.0000000
      0.00000       2.1400000   7.0154771e-46       1.0000000
      0.00000       2.1410000   6.5406833e-46       1.0000000
      0.00000       2.1420000   6.0982221e-46       1.0000000
      0.00000       2.1430000   5.6858783e-46       1.0000000
      0.00000       2.1440000   5.3015890e-46       1.0000000
      0.00000       2.1450000   4.9434339e-46       1.0000000
      0.00000       2.1460000   4.6096247e-46       1.0000000
      0.00000       2.1470000   4.2984962e-46       1.0000000
      0.00000       2.1480000   4.0084979e-46       1.0000000
      0.00000       2.1490000   3.7381858e-46       1.0000000
      0.00000       2.1500000   3.4862155e-46       1.0000000
      0.00000       2.1510000   3.2513345e-46       1.0000000
      0.00000       2.1520000   3.0323768e-46       1.0000000
      0.00000       2.1530000   2.8282561e-46       1.0000000
      0.00000       2.1540000   2.6379610e-46       1.0000000
      0.00000       2.1550000   2.4605491e-46       1.0000000
      0.00000       2.1560000   2.2951429e-46       1.0000000
      0.00000       2.1570000   2.1409250e-46       1.0000000
      0.00000       2.1580000   1.9971338e-46       1.0000000
      0.00000       2.1590000   1.8630601e-46       1.0000000
      0.00000       2.1600000   1.7380431e-46       1.0000000
      0.00000       2.1610000   1.6214672e-46       1.0000000
      0.00000       2.1620000   1.5127591e-46       1.0000000
      0.00000       2.1630000   1.4113843e-46       1.0000000
      0.00000       2.1640000   1.3168453e-46       1.0000000
      0.00000       2.1650000   1.2286781e-46       1.0000000
      0.00000       2.1660000   1.1464507e-46       1.0000000
      0.00000       2.1670000   1.0697604e-46       1.0000000
      0.00000       2.1680000   9.9823210e-47       1.0000000
      0.00000       2.1690000   9.3151620e-47       1.0000000
      0.00000       2.1700000   8.6928690e-47       1.0000000
      0.00000       2.1710000   8.1124063e-47       1.0000000
      0.00000       2.1720000   7.5709447e-47       1.0000000
      0.00000       2.1730000   7.0658476e-47       1.0000000
      0.00000       2.1740000   6.5946576e-47       1.0000000
      0.00000       2.1750000   6.1550845e-47       1.0000000
      0.00000       2.1760000   5.7449937e-47       1.0000000
      0.00000       2.1770000   5.3623957e-47       1.0000000
      0.00000       2.1780000   5.0054358e-47       1.0000000
      0.00000       2.1790000   4.6723856e-47       1.0000000
      0.00000       2.1800000   4.3616335e-47       1.0000000
      0.00000       2.1810000   4.0716775e-47       1.0000000
      0.00000       2.1820000   3.8011173e-47       1.0000000
      0.00000       2.1830000   3.5486475e-47       1.0000000
      0.00000       2.1840000   3.3130509e-47       1.0000000
      0.00000       2.1850000   3.0931930e-47       1.0000000
      0.00000       2.1860000   2.8880158e-47       1.0000000
      0.00000       2.1870000   2.6965331e-47       1.0000000
      0.00000       2.1880000   2.5178251e-47       1.0000000
      0.00000       2.1890000   2.3510344e-47       1.0000000
      0.00000       2.1900000   2.1953612e-47       1.0000000
      0.00000       2.1910000   2.0500600e-47       1.0000000
      0.00000       2.1920000   1.9144355e-47       1.0000000
      0.00000       2.1930000   1.7878392e-47       1.0000000
      0.00000       2.1940000   1.6696665e-47       1.0000000
      0.00000       2.1950000   1.5593533e-47       1.0000000
      0.00000       2.1960000   1.4563738e-47       1.0000000
      0.00000       2.1970000   1.3602373e-47       1.0000000
      0.00000       2.1980000   1.2704863e-47       1.0000000
      0.00000       2.1990000   1.1866942e-47       1.0000000
      0.00000       2.2000000   1.1084627e-47       1.0000000
      0.00000       2.2010000   1.0354207e-47       1.0000000
      0.00000       2.2020000   9.6722167e-48       1.0000000
      0.00000       2.2030000   9.0354261e-48       1.0000000
      0.00000       2.2040000   8.4408209e-48       1.0000000
      0.00000       2.2050000   7.8855891e-48       1.0000000
      0.00000       2.2060000   7.3671073e-48       1.0000000
      0.00000       2.2070000   6.8829282e-48       1.0000000
      0.00000       2.2080000   6.4307682e-48       1.0000000
      0.00000       2.2090000   6.0084968e-48       1.0000000
      0.00000       2.2100000   5.6141261e-48       1.0000000
      0.00000       2.2110000   5.2458012e-48       1.0000000
      0.00000       2.2120000   4.9017913e-48       1.0000000
      0.00000       2.2130000   4.5804814e-48       1.0000000
      0.00000       2.2140000   4.2803643e-48       1.0000000
      0.00000       2.2150000   4.0000335e-48       1.0000000
      0.00000       2.2160000   3.7381765e-48       1.0000000
      0.00000       2.2170000   3.4935684e-48       1.0000000
      0.00000       2.2180000   3.2650658e-48       1.0000000
      0.00000       2.2190000   3.0516019e-48       1.0000000
      0.00000       2.2200000   2.8521808e-48       1.0000000
      0.00000       2.2210000   2.6658728e-48       1.0000000
      0.00000       2.2220000   2.4918106e-48       1.0000000
      0.00000       2.2230000   2.3291841e-48       1.0000000
      0.00000       2.2240000   2.1772373e-48       1.0000000
      0.00000       2.2250000   2.0352648e-48       1.0000000
      0.00000       2.2260000   1.9026075e-48       1.0000000
      0.00000       2.2270000   1.7786507e-48       1.0000000
      0.00000       2.2280000   1.6628200e-48       1.0000000
      0.00000       2.2290000   1.5545795e-48       1.0000000
      0.00000       2.2300000   1.4534288e-48       1.0000000
      0.00000       2.2310000   1.3589005e-48       1.0000000
      0.00000       2.2320000   1.2705585e-48       1.0000000
      0.00000       2.2330000   1.1879954e-48       1.0000000
      0.00000       2.2340000   1.1108308e-48       1.0000000
      0.00000       2.2350000   1.0387095e-48       1.0000000
      0.00000       2.2360000   9.7129987e-49       1.0000000
      0.00000       2.2370000   9.0829223e-49       1.0000000
      0.00000       2.2380000   8.4939731e-49       1.0000000
      0.00000       2.2390000   7.9434502e-49       1.0000000
      0.00000       2.2400000   7.4288307e-49       1.0000000
      0.00000       2.2410000   6.9477588e-49       1.0000000
      0.00000       2.2420000   6.4980339e-49       1.0000000
      0.00000       2.2430000   6.0776009e-49       1.0000000
      0.00000       2.2440000   5.6845400e-49       1.0000000
      0.00000       2.2450000   5.3170582e-49       1.0000000
      0.00000       2.2460000   4.9734805e-49       1.0000000
      0.00000       2.2470000   4.6522426e-49       1.0000000
      0.00000       2.2480000   4.3518827e-49       1.0000000
      0.00000       2.2490000   4.0710356e-49       1.0000000
      0.00000       2.2500000   3.8084258e-49       1.0000000
      0.00000       2.2510000   3.5628617e-49       1.0000000
      0.00000       2.2520000   3.3332300e-49       1.0000000
      0.00000       2.2530000   3.1184907e-49       1.0000000
      0.00000       2.2540000   2.9176719e-49       1.0000000
      0.00000       2.2550000   2.7298657e-49       1.0000000
      0.00000       2.2560000   2.5542236e-49       1.0000000
      0.00000       2.2570000   2.3899529e-49       1.0000000
      0.00000       2.2580000   2.2363129e-49       1.0000000
      0.00000       2.2590000   2.0926113e-49       1.0000000
      0.00000       2.2600000   1.9582013e-49       1.0000000
      0.00000       2.2610000   1.8324784e-49       1.0000000
      0.00000       2.2620000   1.7148776e-49       1.0000000
      0.00000       2.2630000   1.6048710e-49       1.0000000
      0.00000       2.2640000   1.5019651e-49       1.0000000
      0.00000       2.2650000   1.4056988e-49       1.0000000
      0.00000       2.2660000   1.3156410e-49       1.0000000
      0.00000       2.2670000   1.2313888e-49       1.0000000
      0.00000       2.2680000   1.1525657e-49       1.0000000
      0.00000       2.2690000   1.0788196e-49       1.0000000
      0.00000       2.2700000   1.0098215e-49       1.0000000
      0.00000       2.2710000   9.4526392e-50       1.0000000
      0.00000       2.2720000   8.8485917e-50       1.0000000
      0.00000       2.2730000   8.2833851e-50       1.0000000
      0.00000       2.2740000   7.7545064e-50       1.0000000
      0.00000       2.2750000   7.2596062e-50       1.0000000
      0.00000       2.2760000   6.7964880e-50       1.0000000
      0.00000       2.2770000   6.3630981e-50       1.0000000
      0.00000       2.2780000   5.9575165e-50       1.0000000
      0.00000       2.2790000   5.5779477e-50       1.0000000
      0.00000       2.2800000   5.2227130e-50       1.0000000
      0.00000       2.2810000   4.8902428e-50       1.0000000
      0.00000       2.2820000   4.5790691e-50       1.0000000
      0.00000       2.2830000   4.2878194e-50       1.0000000
      0.00000       2.2840000   4.0152101e-50       1.0000000
      0.00000       2.2850000   3.7600407e-50       1.0000000
      0.00000       2.2860000   3.5211887e-50       1.0000000
      0.00000       2.2870000   3.2976042e-50       1.0000000
      0.00000       2.2880000   3.0883051e-50       1.0000000
      0.00000       2.2890000   2.8923731e-50       1.0000000
      0.00000       2.2900000   2.7089492e-50       1.0000000
      0.00000       2.2910000   2.5372300e-50       1.0000000
      0.00000       2.2920000   2.3764639e-50       1.0000000
      0.00000       2.2930000   2.2259479e-50       1.0000000
      0.00000       2.2940000   2.0850246e-50       1.0000000
      0.00000       2.2950000   1.9530786e-50       1.0000000
      0.00000       2.2960000   1.8295347e-50       1.0000000
      0.00000       2.2970000   1.7138544e-50       1.0000000
      0.00000       2.2980000   1.6055342e-50       1.0000000
      0.00000       2.2990000   1.5041028e-50       1.0000000
      0.00000       2.3000000   1.4091195e-50       1.0000000
      0.00000       2.3010000   1.3201717e-50       1.0000000
      0.00000       2.3020000   1.2368736e-50       1.0000000
      0.00000       2.3030000   1.1588641e-50       1.0000000
      0.00000       2.3040000   1.0858054e-50       1.0000000
      0.00000       2.3050000   1.0173813e-50       1.0000000
      0.00000       2.3060000   9.5329600e-51       1.0000000
      0.00000       2.3070000   8.9327264e-51       1.0000000
      0.00000       2.3080000   8.3705220e-51       1.0000000
      0.00000       2.3090000   7.8439222e-51       1.0000000
      0.00000       2.3100000   7.3506582e-51       1.0000000
      0.00000       2.3110000   6.8886067e-51       1.0000000
      0.00000       2.3120000   6.4557804e-51       1.0000000
      0.00000       2.3130000   6.0503193e-51       1.0000000
      0.00000       2.3140000   5.6704826e-51       1.0000000
      0.00000       2.3150000   5.3146407e-51       1.0000000
      0.00000       2.3160000   4.9812685e-51       1.0000000
      0.00000       2.3170000   4.6689384e-51       1.0000000
      0.00000       2.3180000   4.3763139e-51       1.0000000
      0.00000       2.3190000   4.1021441e-51       1.0000000
      0.00000       2.3200000   3.8452580e-51       1.0000000
      0.00000       2.3210000   3.6045590e-51       1.0000000
      0.00000       2.3220000   3.3790211e-51       1.0000000
      0.00000       2.3230000   3.1676832e-51       1.0000000
      0.00000       2.3240000   2.9696458e-51       1.0000000
      0.00000       2.3250000   2.7840667e-51       1.0000000
      0.00000       2.3260000   2.6101571e-51       1.0000000
      0.00000       2.3270000   2.4471789e-51       1.0000000
      0.00000       2.3280000   2.2944406e-51       1.0000000
      0.00000       2.3290000   2.1512948e-51       1.0000000
      0.00000       2.3300000   2.0171354e-51       1.0000000
      0.00000       2.3310000   1.8913948e-51       1.0000000
      0.00000       2.3320000   1.7735413e-51       1.0000000
      0.00000       2.3330000   1.6630771e-51       1.0000000
      0.00000       2.3340000   1.5595362e-51       1.0000000
      0.00000       2.3350000   1.4624818e-51       1.0000000
      0.00000       2.3360000   1.3715052e-51       1.0000000
      0.00000       2.3370000   1.2862232e-51       1.0000000
      0.00000       2.3380000   1.2062774e-51       1.0000000
      0.00000       2.3390000   1.1313317e-51       1.0000000
      0.00000       2.3400000   1.0610714e-51       1.0000000
      0.00000       2.3410000   9.9520181e-52       1.0000000
      0.00000       2.3420000   9.3344687e-52       1.0000000
      0.00000       2.3430000   8.7554792e-52       1.0000000
      0.00000       2.3440000   8.2126272e-52       1.0000000
      0.00000       2.3450000   7.7036431e-52       1.0000000
      0.00000       2.3460000   7.2264008e-52       1.0000000
      0.00000       2.3470000   6.7789085e-52       1.0000000
      0.00000       2.3480000   6.3593002e-52       1.0000000
      0.00000       2.3490000   5.9658276e-52       1.0000000
      0.00000       2.3500000   5.5968526e-52       1.0000000
      0.00000       2.3510000   5.2508407e-52       1.0000000
      0.00000       2.3520000   4.9263538e-52       1.0000000
      0.00000       2.3530000   4.6220446e-52       1.0000000
      0.00000       2.3540000   4.3366506e-52       1.0000000
      0.00000       2.3550000   4.0689888e-52       1.0000000
      0.00000       2.3560000   3.8179505e-52       1.0000000
      0.00000       2.3570000   3.5824970e-52       1.0000000
      0.00000       2.3580000   3.3616547e-52       1.0000000
      0.00000       2.3590000   3.1545112e-52       1.0000000
      0.00000       2.3600000   2.9602117e-52       1.0000000
      0.00000       2.3610000   2.7779546e-52       1.0000000
      0.00000       2.3620000   2.6069891e-52       1.0000000
      0.00000       2.3630000   2.4466112e-52       1.0000000
      0.00000       2.3640000   2.2961612e-52       1.0000000
      0.00000       2.3650000   2.1550207e-52       1.0000000
      0.00000       2.3660000   2.0226101e-52       1.0000000
      0.00000       2.3670000   1.8983860e-52       1.0000000
      0.00000       2.3680000   1.7818392e-52       1.0000000
      0.00000       2.3690000   1.6724922e-52       1.0000000
      0.00000       2.3700000   1.5698975e-52       1.0000000
      0.00000       2.3710000   1.4736356e-52       1.0000000
      0.00000       2.3720000   1.3833132e-52       1.0000000
      0.00000       2.3730000   1.2985614e-52       1.0000000
      0.00000       2.3740000   1.2190346e-52       1.0000000
      0.00000       2.3750000   1.1444086e-52       1.0000000
      0.00000       2.3760000   1.0743796e-52       1.0000000
      0.00000       2.3770000   1.0086627e-52       1.0000000
      0.00000       2.3780000   9.4699060e-53       1.0000000
      0.00000       2.3790000   8.8911289e-53       1.0000000
      0.00000       2.3800000   8.3479464e-53       1.0000000
      0.00000       2.3810000   7.8381560e-53       1.0000000
      0.00000       2.3820000   7.3596920e-53       1.0000000
      0.00000       2.3830000   6.9106176e-53       1.0000000
      0.00000       2.3840000   6.4891162e-53       1.0000000
      0.00000       2.3850000   6.0934844e-53       1.0000000
      0.00000       2.3860000   5.7221246e-53       1.0000000
      0.00000       2.3870000   5.3735385e-53       1.0000000
      0.00000       2.3880000   5.0463207e-53       1.0000000
      0.00000       2.3890000   4.7391532e-53       1.0000000
      0.00000       2.3900000   4.4507999e-53       1.0000000
      0.00000       2.3910000   4.1801012e-53       1.0000000
      0.00000       2.3920000   3.9259694e-53       1.0000000
      0.00000       2.3930000   3.6873845e-53       1.0000000
      0.00000       2.3940000   3.4633892e-53       1.0000000
      0.00000       2.3950000   3.2530860e-53       1.0000000
      0.00000       2.3960000   3.0556327e-53       1.0000000
      0.00000       2.3970000   2.8702393e-53       1.0000000
      0.00000       2.3980000   2.6961646e-53       1.0000000
      0.00000       2.3990000   2.5327132e-53       1.0000000
      0.00000       2.4000000   2.3792329e-53       1.0000000
      0.00000       2.4010000   2.2351116e-53       1.0000000
      0.00000       2.4020000   2.0997750e-53       1.0000000
      0.00000       2.4030000   1.9726843e-53       1.0000000
      0.00000       2.4040000   1.8533341e-53       1.0000000
      0.00000       2.4050000   1.7412499e-53       1.0000000
      0.00000       2.4060000   1.6359867e-53       1.0000000
      0.00000       2.4070000   1.5371267e-53       1.0000000
      0.00000       2.4080000   1.4442781e-53       1.0000000
      0.00000       2.4090000   1.3570730e-53       1.0000000
      0.00000       2.4100000   1.2751663e-53       1.0000000
      0.00000       2.4110000   1.1982340e-53       1.0000000
      0.00000       2.4120000   1.1259723e-53       1.0000000
      0.00000       2.4130000   1.0580956e-53       1.0000000
      0.00000       2.4140000   9.9433642e-54       1.0000000
      0.00000       2.4150000   9.3444329e-54       1.0000000
      0.00000       2.4160000   8.7818036e-54       1.0000000
      0.00000       2.4170000   8.2532624e-54       1.0000000
      0.00000       2.4180000   7.7567311e-54       1.0000000
      0.00000       2.4190000   7.2902590e-54       1.0000000
      0.00000       2.4200000   6.8520152e-54       1.0000000
      0.00000       2.4210000   6.4402807e-54       1.0000000
      0.00000       2.4220000   6.0534421e-54       1.0000000
      0.00000       2.4230000   5.6899846e-54       1.0000000
      0.00000       2.4240000   5.3484863e-54       1.0000000
      0.00000       2.4250000   5.0276122e-54       1.0000000
      0.00000       2.4260000   4.7261090e-54       1.0000000
      0.00000       2.4270000   4.4428000e-54       1.0000000
      0.00000       2.4280000   4.1765805e-54       1.0000000
      0.00000       2.4290000   3.9264131e-54       1.0000000
      0.00000       2.4300000   3.6913241e-54       1.0000000
      0.00000       2.4310000   3.4703988e-54       1.0000000
      0.00000       2.4320000   3.2627787e-54       1.0000000
      0.00000       2.4330000   3.0676575e-54       1.0000000
      0.00000       2.4340000   2.8842781e-54       1.0000000
      0.00000       2.4350000   2.7119294e-54       1.0000000
      0.00000       2.4360000   2.5499439e-54       1.0000000
      0.00000       2.4370000   2.3976944e-54       1.0000000
      0.00000       2.4380000   2.2545923e-54       1.0000000
      0.00000       2.4390000   2.1200845e-54       1.0000000
      0.00000       2.4400000   1.9936516e-54       1.0000000
      0.00000       2.4410000   1.8748058e-54       1.0000000
      0.00000       2.4420000   1.7630891e-54       1.0000000
      0.00000       2.4430000   1.6580712e-54       1.0000000
      0.00000       2.4440000   1.5593477e-54       1.0000000
      0.00000       2.4450000   1.4665393e-54       1.0000000
      0.00000       2.4460000   1.3792891e-54       1.0000000
      0.00000       2.4470000   1.2972623e-54       1.0000000
      0.00000       2.4480000   1.2201443e-54       1.0000000
      0.00000       2.4490000   1.1476394e-54       1.0000000
      0.00000       2.4500000   1.0794700e-54       1.0000000
      0.00000       2.4510000   1.0153751e-54       1.0000000
      0.00000       2.4520000   9.5510988e-55       1.0000000
      0.00000       2.4530000   8.9844394e-55       1.0000000
      0.00000       2.4540000   8.4516101e-55       1.0000000
      0.00000       2.4550000   7.9505787e-55       1.0000000
      0.00000       2.4560000   7.4794359e-55       1.0000000
      0.00000       2.4570000   7.0363874e-55       1.0000000
      0.00000       2.4580000   6.6197476e-55       1.0000000
      0.00000       2.4590000   6.2279326e-55       1.0000000
      0.00000       2.4600000   5.8594540e-55       1.0000000
      0.00000       2.4610000   5.5129132e-55       1.0000000
      0.00000       2.4620000   5.1869961e-55       1.0000000
      0.00000       2.4630000   4.8804676e-55       1.0000000
      0.00000       2.4640000   4.5921672e-55       1.0000000
      0.00000       2.4650000   4.3210040e-55       1.0000000
      0.00000       2.4660000   4.0659532e-55       1.0000000
      0.00000       2.4670000   3.8260513e-55       1.0000000
      0.00000       2.4680000   3.6003930e-55       1.0000000
      0.00000       2.4690000   3.3881273e-55       1.0000000
      0.00000       2.4700000   3.1884545e-55       1.0000000
      0.00000       2.4710000   3.0006228e-55       1.0000000
      0.00000       2.4720000   2.8239256e-55       1.0000000
      0.00000       2.4730000   2.6576988e-55       1.0000000
      0.00000       2.4740000   2.5013181e-55       1.0000000
      0.00000       2.4750000   2.3541966e-55       1.0000000
      0.00000       2.4760000   2.2157827e-55       1.0000000
      0.00000       2.4770000   2.0855578e-55       1.0000000
      0.00000       2.4780000   1.9630344e-55       1.0000000
      0.00000       2.4790000   1.8477542e-55       1.0000000
      0.00000       2.4800000   1.7392863e-55       1.0000000
      0.00000       2.4810000   1.6372258e-55       1.0000000
      0.00000       2.4820000   1.5411916e-55       1.0000000
      0.00000       2.4830000   1.4508258e-55       1.0000000
      0.00000       2.4840000   1.3657918e-55       1.0000000
      0.00000       2.4850000   1.2857729e-55       1.0000000
      0.00000       2.4860000   1.2104715e-55       1.0000000
      0.00000       2.4870000   1.1396078e-55       1.0000000
      0.00000       2.4880000   1.0729187e-55       1.0000000
      0.00000       2.4890000   1.0101566e-55       1.0000000
      0.00000       2.4900000   9.5108898e-56       1.0000000
      0.00000       2.4910000   8.9549689e-56       1.0000000
      0.00000       2.4920000   8.4317460e-56       1.0000000
      0.00000       2.4930000   7.9392858e-56       1.0000000
      0.00000       2.4940000   7.4757684e-56       1.0000000
      0.00000       2.4950000   7.0394823e-56       1.0000000
      0.00000       2.4960000   6.6288175e-56       1.0000000
      0.00000       2.4970000   6.2422601e-56       1.0000000
      0.00000       2.4980000   5.8783861e-56       1.0000000
      0.00000       2.4990000   5.5358561e-56       1.0000000
      0.00000       2.5000000   5.2134104e-56       1.0000000
      0.00000       2.5010000   4.9098639e-56       1.0000000
      0.00000       2.5020000   4.6241020e-56       1.0000000
      0.00000       2.5030000   4.3550763e-56       1.0000000
      0.00000       2.5040000   4.1018005e-56       1.0000000
      0.00000       2.5050000   3.8633467e-56       1.0000000
      0.00000       2.5060000   3.6388421e-56       1.0000000
      0.00000       2.5070000   3.4274657e-56       1.0000000
      0.00000       2.5080000   3.2284450e-56       1.0000000
      0.00000       2.5090000   3.0410532e-56       1.0000000
      0.00000       2.5100000   2.8646066e-56       1.0000000
      0.00000       2.5110000   2.6984620e-56       1.0000000
      0.00000       2.5120000   2.5420141e-56       1.0000000
      0.00000       2.5130000   2.3946934e-56       1.0000000
      0.00000       2.5140000   2.2559642e-56       1.0000000
      0.00000       2.5150000   2.1253223e-56       1.0000000
      0.00000       2.5160000   2.0022933e-56       1.0000000
      0.00000       2.5170000   1.8864308e-56       1.0000000
      0.00000       2.5180000   1.7773148e-56       1.0000000
      0.00000       2.5190000   1.6745499e-56       1.0000000
      0.00000       2.5200000   1.5777642e-56       1.0000000
      0.00000       2.5210000   1.4866076e-56       1.0000000
      0.00000       2.5220000   1.4007508e-56       1.0000000
      0.00000       2.5230000   1.3198836e-56       1.0000000
      0.00000       2.5240000   1.2437143e-56       1.0000000
      0.00000       2.5250000   1.1719682e-56       1.0000000
      0.00000       2.5260000   1.1043870e-56       1.0000000
      0.00000       2.5270000   1.0407272e-56       1.0000000
      0.00000       2.5280000   9.8076006e-57       1.0000000
      0.00000       2.5290000   9.2426990e-57       1.0000000
      0.00000       2.5300000   8.7105391e-57       1.0000000
      0.00000       2.5310000   8.2092114e-57       1.0000000
      0.00000       2.5320000   7.7369183e-57       1.0000000
      0.00000       2.5330000   7.2919678e-57       1.0000000
      0.00000       2.5340000   6.8727672e-57       1.0000000
      0.00000       2.5350000   6.4778168e-57       1.0000000
      0.00000       2.5360000   6.1057052e-57       1.0000000
      0.00000       2.5370000   5.7551034e-57       1.0000000
      0.00000       2.5380000   5.4247602e-57       1.0000000
      0.00000       2.5390000   5.1134979e-57       1.0000000
      0.00000       2.5400000   4.8202073e-57       1.0000000
      0.00000       2.5410000   4.5438444e-57       1.0000000
      0.00000       2.5420000   4.2834261e-57       1.0000000
      0.00000       2.5430000   4.0380267e-57       1.0000000
      0.00000       2.5440000   3.8067746e-57       1.0000000
      0.00000       2.5450000   3.5888492e-57       1.0000000
      0.00000       2.5460000   3.3834777e-57       1.0000000
      0.00000       2.5470000   3.1899323e-57       1.0000000
      0.00000       2.5480000   3.0075279e-57       1.0000000
      0.00000       2.5490000   2.8356191e-57       1.0000000
      0.00000       2.5500000   2.6735982e-57       1.0000000
      0.00000       2.5510000   2.5208931e-57       1.0000000
      0.00000       2.5520000   2.3769646e-57       1.0000000
      0.00000       2.5530000   2.2413052e-57       1.0000000
      0.00000       2.5540000   2.1134368e-57       1.0000000
      0.00000       2.5550000   1.9929093e-57       1.0000000
      0.00000       2.5560000   1.8792986e-57       1.0000000
      0.00000       2.5570000   1.7722052e-57       1.0000000
      0.00000       2.5580000   1.6712530e-57       1.0000000
      0.00000       2.5590000   1.5760875e-57       1.0000000
      0.00000       2.5600000   1.4863751e-57       1.0000000
      0.00000       2.5610000   1.4018012e-57       1.0000000
      0.00000       2.5620000   1.3220698e-57       1.0000000
      0.00000       2.5630000   1.2469019e-57       1.0000000
      0.00000       2.5640000   1.1760346e-57       1.0000000
      0.00000       2.5650000   1.1092203e-57       1.0000000
      0.00000       2.5660000   1.0462258e-57       1.0000000
      0.00000       2.5670000   9.8683129e-58       1.0000000
      0.00000       2.5680000   9.3082985e-58       1.0000000
      0.00000       2.5690000   8.7802640e-58       1.0000000
      0.00000       2.5700000   8.2823716e-58       1.0000000
      0.00000       2.5710000   7.8128901e-58       1.0000000
      0.00000       2.5720000   7.3701881e-58       1.0000000
      0.00000       2.5730000   6.9527287e-58       1.0000000
      0.00000       2.5740000   6.5590634e-58       1.0000000
      0.00000       2.5750000   6.1878276e-58       1.0000000
      0.00000       2.5760000   5.8377354e-58       1.0000000
      0.00000       2.5770000   5.5075751e-58       1.0000000
      0.00000       2.5780000   5.1962048e-58       1.0000000
      0.00000       2.5790000   4.9025484e-58       1.0000000
      0.00000       2.5800000   4.6255919e-58       1.0000000
      0.00000       2.5810000   4.3643797e-58       1.0000000
      0.00000       2.5820000   4.1180112e-58       1.0000000
      0.00000       2.5830000   3.8856375e-58       1.0000000
      0.00000       2.5840000   3.6664588e-58       1.0000000
      0.00000       2.5850000   3.4597212e-58       1.0000000
      0.00000       2.5860000   3.2647139e-58       1.0000000
      0.00000       2.5870000   3.0807674e-58       1.0000000
      0.00000       2.5880000   2.9072502e-58       1.0000000
      0.00000       2.5890000   2.7435675e-58       1.0000000
      0.00000       2.5900000   2.5891583e-58       1.0000000
      0.00000       2.5910000   2.4434939e-58       1.0000000
      0.00000       2.5920000   2.3060761e-58       1.0000000
      0.00000       2.5930000   2.1764350e-58       1.0000000
      0.00000       2.5940000   2.0541278e-58       1.0000000
      0.00000       2.5950000   1.9387369e-58       1.0000000
      0.00000       2.5960000   1.8298690e-58       1.0000000
      0.00000       2.5970000   1.7271528e-58       1.0000000
      0.00000       2.5980000   1.6302387e-58       1.0000000
      0.00000       2.5990000   1.5387968e-58       1.0000000
      0.00000       2.6000000   1.4525163e-58       1.0000000
      0.00000       2.6010000   1.3711040e-58       1.0000000
      0.00000       2.6020000   1.2942834e-58       1.0000000
      0.00000       2.6030000   1.2217940e-58       1.0000000
      0.00000       2.6040000   1.1533901e-58       1.0000000
      0.00000       2.6050000   1.0888400e-58       1.0000000
      0.00000       2.6060000   1.0279252e-58       1.0000000
      0.00000       2.6070000   9.7043966e-59       1.0000000
      0.00000       2.6080000   9.1618917e-59       1.0000000
      0.00000       2.6090000   8.6499052e-59       1.0000000
      0.00000       2.6100000   8.1667096e-59       1.0000000
      0.00000       2.6110000   7.7106757e-59       1.0000000
      0.00000       2.6120000   7.2802672e-59       1.0000000
      0.00000       2.6130000   6.8740352e-59       1.0000000
      0.00000       2.6140000   6.4906132e-59       1.0000000
      0.00000       2.6150000   6.1287123e-59       1.0000000
      0.00000       2.6160000   5.7871170e-59       1.0000000
      0.00000       2.6170000   5.4646810e-59       1.0000000
      0.00000       2.6180000   5.1603229e-59       1.0000000
      0.00000       2.6190000   4.8730229e-59       1.0000000
      0.00000       2.6200000   4.6018188e-59       1.0000000
      0.00000       2.6210000   4.3458034e-59       1.0000000
      0.00000       2.6220000   4.1041206e-59       1.0000000
      0.00000       2.6230000   3.8759630e-59       1.0000000
      0.00000       2.6240000   3.6605691e-59       1.0000000
      0.00000       2.6250000   3.4572203e-59       1.0000000
      0.00000       2.6260000   3.2652388e-59       1.0000000
      0.00000       2.6270000   3.0839853e-59       1.0000000
      0.00000       2.6280000   2.9128564e-59       1.0000000
      0.00000       2.6290000   2.7512832e-59       1.0000000
      0.00000       2.6300000   2.5987287e-59       1.0000000
      0.00000       2.6310000   2.4546863e-59       1.0000000
      0.00000       2.6320000   2.3186782e-59       1.0000000
      0.00000       2.6330000   2.1902533e-59       1.0000000
      0.00000       2.6340000   2.0689863e-59       1.0000000
      0.00000       2.6350000   1.9544757e-59       1.0000000
      0.00000       2.6360000   1.8463427e-59       1.0000000
      0.00000       2.6370000   1.7442300e-59       1.0000000
      0.00000       2.6380000   1.6478001e-59       1.0000000
      0.00000       2.6390000   1.5567350e-59       1.0000000
      0.00000       2.6400000   1.4707342e-59       1.0000000
      0.00000       2.6410000   1.3895143e-59       1.0000000
      0.00000       2.6420000   1.3128080e-59       1.0000000
      0.00000       2.6430000   1.2403628e-59       1.0000000
      0.00000       2.6440000   1.1719406e-59       1.0000000
      0.00000       2.6450000   1.1073165e-59       1.0000000
      0.00000       2.6460000   1.0462783e-59       1.0000000
      0.00000       2.6470000   9.8862598e-60       1.0000000
      0.00000       2.6480000   9.3417039e-60       1.0000000
      0.00000       2.6490000   8.8273321e-60       1.0000000
      0.00000       2.6500000   8.3414610e-60       1.0000000
      0.00000       2.6510000   7.8825013e-60       1.0000000
      0.00000       2.6520000   7.4489533e-60       1.0000000
      0.00000       2.6530000   7.0394012e-60       1.0000000
      0.00000       2.6540000   6.6525084e-60       1.0000000
      0.00000       2.6550000   6.2870136e-60       1.0000000
      0.00000       2.6560000   5.9417258e-60       1.0000000
      0.00000       2.6570000   5.6155209e-60       1.0000000
      0.00000       2.6580000   5.3073377e-60       1.0000000
      0.00000       2.6590000   5.0161742e-60       1.0000000
      0.00000       2.6600000   4.7410847e-60       1.0000000
      0.00000       2.6610000   4.4811763e-60       1.0000000
      0.00000       2.6620000   4.2356059e-60       1.0000000
      0.00000       2.6630000   4.0035776e-60       1.0000000
      0.00000       2.6640000   3.7843399e-60       1.0000000
      0.00000       2.6650000   3.5771834e-60       1.0000000
      0.00000       2.6660000   3.3814382e-60       1.0000000
      0.00000       2.6670000   3.1964717e-60       1.0000000
      0.00000       2.6680000   3.0216866e-60       1.0000000
      0.00000       2.6690000   2.8565192e-60       1.0000000
      0.00000       2.6700000   2.7004367e-60       1.0000000
      0.00000       2.6710000   2.5529365e-60       1.0000000
      0.00000       2.6720000   2.4135436e-60       1.0000000
      0.00000       2.6730000   2.2818096e-60       1.0000000
      0.00000       2.6740000   2.1573111e-60       1.0000000
      0.00000       2.6750000   2.0396482e-60       1.0000000
      0.00000       2.6760000   1.9284432e-60       1.0000000
      0.00000       2.6770000   1.8233395e-60       1.0000000
      0.00000       2.6780000   1.7240002e-60       1.0000000
      0.00000       2.6790000   1.6301072e-60       1.0000000
      0.00000       2.6800000   1.5413601e-60       1.0000000
      0.00000       2.6810000   1.4574750e-60       1.0000000
      0.00000       2.6820000   1.3781839e-60       1.0000000
      0.00000       2.6830000   1.3032337e-60       1.0000000
      0.00000       2.6840000   1.2323852e-60       1.0000000
      0.00000       2.6850000   1.1654126e-60       1.0000000
      0.00000       2.6860000   1.1021024e-60       1.0000000
      0.00000       2.6870000   1.0422532e-60       1.0000000
      0.00000       2.6880000   9.8567458e-61       1.0000000
      0.00000       2.6890000   9.3218665e-61       1.0000000
      0.00000       2.6900000   8.8161955e-61       1.0000000
      0.00000       2.6910000   8.3381278e-61       1.0000000
      0.00000       2.6920000   7.8861472e-61       1.0000000
      0.00000       2.6930000   7.4588213e-61       1.0000000
      0.00000       2.6940000   7.0547967e-61       1.0000000
      0.00000       2.6950000   6.6727950e-61       1.0000000
      0.00000       2.6960000   6.3116082e-61       1.0000000
      0.00000       2.6970000   5.9700950e-61       1.0000000
      0.00000       2.6980000   5.6471772e-61       1.0000000
      0.00000       2.6990000   5.3418357e-61       1.0000000
      0.00000       2.7000000   5.0531081e-61       1.0000000
      0.00000       2.7010000   4.7800846e-61       1.0000000
      0.00000       2.7020000   4.5219058e-61       1.0000000
      0.00000       2.7030000   4.2777594e-61       1.0000000
      0.00000       2.7040000   4.0468781e-61       1.0000000
      0.00000       2.7050000   3.8285365e-61       1.0000000
      0.00000       2.7060000   3.6220494e-61       1.0000000
      0.00000       2.7070000   3.4267691e-61       1.0000000
      0.00000       2.7080000   3.2420836e-61       1.0000000
      0.00000       2.7090000   3.0674144e-61       1.0000000
      0.00000       2.7100000   2.9022150e-61       1.0000000
      0.00000       2.7110000   2.7459687e-61       1.0000000
      0.00000       2.7120000   2.5981872e-61       1.0000000
      0.00000       2.7130000   2.4584091e-61       1.0000000
      0.00000       2.7140000   2.3261982e-61       1.0000000
      0.00000       2.7150000   2.2011423e-61       1.0000000
      0.00000       2.7160000   2.0828518e-61       1.0000000
      0.00000       2.7170000   1.9709584e-61       1.0000000
      0.00000       2.7180000   1.8651139e-61       1.0000000
      0.00000       2.7190000   1.7649893e-61       1.0000000
      0.00000       2.7200000   1.6702736e-61       1.0000000
      0.00000       2.7210000   1.5806727e-61       1.0000000
      0.00000       2.7220000   1.4959087e-61       1.0000000
      0.00000       2.7230000   1.4157188e-61       1.0000000
      0.00000       2.7240000   1.3398548e-61       1.0000000
      0.00000       2.7250000   1.2680817e-61       1.0000000
      0.00000       2.7260000   1.2001775e-61       1.0000000
      0.00000       2.7270000   1.1359325e-61       1.0000000
      0.00000       2.7280000   1.0751482e-61       1.0000000
      0.00000       2.7290000   1.0176369e-61       1.0000000
      0.00000       2.7300000   9.6322147e-62       1.0000000
      0.00000       2.7310000   9.1173409e-62       1.0000000
      0.00000       2.7320000   8.6301623e-62       1.0000000
      0.00000       2.7330000   8.1691799e-62       1.0000000
      0.00000       2.7340000   7.7329763e-62       1.0000000
      0.00000       2.7350000   7.3202112e-62       1.0000000
      0.00000       2.7360000   6.9296174e-62       1.0000000
      0.00000       2.7370000   6.5599964e-62       1.0000000
      0.00000       2.7380000   6.2102151e-62       1.0000000
      0.00000       2.7390000   5.8792019e-62       1.0000000
      0.00000       2.7400000   5.5659434e-62       1.0000000
      0.00000       2.7410000   5.2694815e-62       1.0000000
      0.00000       2.7420000   4.9889097e-62       1.0000000
      0.00000       2.7430000   4.7233711e-62       1.0000000
      0.00000       2.7440000   4.4720552e-62       1.0000000
      0.00000       2.7450000   4.2341954e-62       1.0000000
      0.00000       2.7460000   4.0090667e-62       1.0000000
      0.00000       2.7470000   3.7959834e-62       1.0000000
      0.00000       2.7480000   3.5942969e-62       1.0000000
      0.00000       2.7490000   3.4033941e-62       1.0000000
      0.00000       2.7500000   3.2226945e-62       1.0000000
      0.00000       2.7510000   3.0516495e-62       1.0000000
      0.00000       2.7520000   2.8897401e-62       1.0000000
      0.00000       2.7530000   2.7364751e-62       1.0000000
      0.00000       2.7540000   2.5913903e-62       1.0000000
      0.00000       2.7550000   2.4540462e-62       1.0000000
      0.00000       2.7560000   2.3240273e-62       1.0000000
      0.00000       2.7570000   2.2009405e-62       1.0000000
      0.00000       2.7580000   2.0844138e-62       1.0000000
      0.00000       2.7590000   1.9740954e-62       1.0000000
      0.00000       2.7600000   1.8696525e-62       1.0000000
      0.00000       2.7610000   1.7707702e-62       1.0000000
      0.00000       2.7620000   1.6771507e-62       1.0000000
      0.00000       2.7630000   1.5885119e-62       1.0000000
      0.00000       2.7640000   1.5045874e-62       1.0000000
      0.00000       2.7650000   1.4251247e-62       1.0000000
      0.00000       2.7660000   1.3498852e-62       1.0000000
      0.00000       2.7670000   1.2786431e-62       1.0000000
      0.00000       2.7680000   1.2111846e-62       1.0000000
      0.00000       2.7690000   1.1473075e-62       1.0000000
      0.00000       2.7700000   1.0868206e-62       1.0000000
      0.00000       2.7710000   1.0295427e-62       1.0000000
      0.00000       2.7720000   9.7530246e-63       1.0000000
      0.00000       2.7730000   9.2393789e-63       1.0000000
      0.00000       2.7740000   8.7529551e-63       1.0000000
      0.00000       2.7750000   8.2923017e-63       1.0000000
      0.00000       2.7760000   7.8560447e-63       1.0000000
      0.00000       2.7770000   7.4428840e-63       1.0000000
      0.00000       2.7780000   7.0515892e-63       1.0000000
      0.00000       2.7790000   6.6809958e-63       1.0000000
      0.00000       2.7800000   6.3300017e-63       1.0000000
      0.00000       2.7810000   5.9975639e-63       1.0000000
      0.00000       2.7820000   5.6826952e-63       1.0000000
      0.00000       2.7830000   5.3844613e-63       1.0000000
      0.00000       2.7840000   5.1019779e-63       1.0000000
      0.00000       2.7850000   4.8344078e-63       1.0000000
      0.00000       2.7860000   4.5809589e-63       1.0000000
      0.00000       2.7870000   4.3408813e-63       1.0000000
      0.00000       2.7880000   4.1134649e-63       1.0000000
      0.00000       2.7890000   3.8980380e-63       1.0000000
      0.00000       2.7900000   3.6939645e-63       1.0000000
      0.00000       2.7910000   3.5006423e-63       1.0000000
      0.00000       2.7920000   3.3175014e-63       1.0000000
      0.00000       2.7930000   3.1440023e-63       1.0000000
      0.00000       2.7940000   2.9796342e-63       1.0000000
      0.00000       2.7950000   2.8239134e-63       1.0000000
      0.00000       2.7960000   2.6763823e-63       1.0000000
      0.00000       2.7970000   2.5366074e-63       1.0000000
      0.00000       2.7980000   2.4041784e-63       1.0000000
      0.00000       2.7990000   2.2787068e-63       1.0000000
      0.00000       2.8000000   2.1598247e-63       1.0000000
      0.00000       2.8010000   2.0471840e-63       1.0000000
      0.00000       2.8020000   1.9404550e-63       1.0000000
      0.00000       2.8030000   1.8393253e-63       1.0000000
      0.00000       2.8040000   1.7434995e-63       1.0000000
      0.00000       2.8050000   1.6526975e-63       1.0000000
      0.00000       2.8060000   1.5666544e-63       1.0000000
      0.00000       2.8070000   1.4851192e-63       1.0000000
      0.00000       2.8080000   1.4078542e-63       1.0000000
      0.00000       2.8090000   1.3346345e-63       1.0000000
      0.00000       2.8100000   1.2652467e-63       1.0000000
      0.00000       2.8110000   1.1994893e-63       1.0000000
      0.00000       2.8120000   1.1371710e-63       1.0000000
      0.00000       2.8130000   1.0781108e-63       1.0000000
      0.00000       2.8140000   1.0221373e-63       1.0000000
      0.00000       2.8150000   9.6908826e-64       1.0000000
      0.00000       2.8160000   9.1880985e-64       1.0000000
      0.00000       2.8170000   8.7115647e-64       1.0000000
      0.00000       2.8180000   8.2599020e-64       1.0000000
      0.00000       2.8190000   7.8318044e-64       1.0000000
      0.00000       2.8200000   7.4260345e-64       1.0000000
      0.00000       2.8210000   7.0414206e-64       1.0000000
      0.00000       2.8220000   6.6768528e-64       1.0000000
      0.00000       2.8230000   6.3312796e-64       1.0000000
      0.00000       2.8240000   6.0037052e-64       1.0000000
      0.00000       2.8250000   5.6931862e-64       1.0000000
      0.00000       2.8260000   5.3988292e-64       1.0000000
      0.00000       2.8270000   5.1197875e-64       1.0000000
      0.00000       2.8280000   4.8552595e-64       1.0000000
      0.00000       2.8290000   4.6044853e-64       1.0000000
      0.00000       2.8300000   4.3667455e-64       1.0000000
      0.00000       2.8310000   4.1413583e-64       1.0000000
      0.00000       2.8320000   3.9276779e-64       1.0000000
      0.00000       2.8330000   3.7250923e-64       1.0000000
      0.00000       2.8340000   3.5330219e-64       1.0000000
      0.00000       2.8350000   3.3509174e-64       1.0000000
      0.00000       2.8360000   3.1782586e-64       1.0000000
      0.00000       2.8370000   3.0145524e-64       1.0000000
      0.00000       2.8380000   2.8593317e-64       1.0000000
      0.00000       2.8390000   2.7121539e-64       1.0000000
      0.00000       2.8400000   2.5725996e-64       1.0000000
      0.00000       2.8410000   2.4402715e-64       1.0000000
      0.00000       2.8420000   2.3147931e-64       1.0000000
      0.00000       2.8430000   2.1958075e-64       1.0000000
      0.00000       2.8440000   2.0829767e-64       1.0000000
      0.00000       2.8450000   1.9759803e-64       1.0000000
      0.00000       2.8460000   1.8745147e-64       1.0000000
      0.00000       2.8470000   1.7782923e-64       1.0000000
      0.00000       2.8480000   1.6870403e-64       1.0000000
      0.00000       2.8490000   1.6005005e-64       1.0000000
      0.00000       2.8500000   1.5184280e-64       1.0000000
      0.00000       2.8510000   1.4405907e-64       1.0000000
      0.00000       2.8520000   1.3667687e-64       1.0000000
      0.00000       2.8530000   1.2967536e-64       1.0000000
      0.00000       2.8540000   1.2303478e-64       1.0000000
      0.00000       2.8550000   1.1673641e-64       1.0000000
      0.00000       2.8560000   1.1076250e-64       1.0000000
      0.00000       2.8570000   1.0509623e-64       1.0000000
      0.00000       2.8580000   9.9721670e-65       1.0000000
      0.00000       2.8590000   9.4623696e-65       1.0000000
      0.00000       2.8600000   8.9787989e-65       1.0000000
      0.00000       2.8610000   8.5200970e-65       1.0000000
      0.00000       2.8620000   8.0849772e-65       1.0000000
      0.00000       2.8630000   7.6722193e-65       1.0000000
      0.00000       2.8640000   7.2806670e-65       1.0000000
      0.00000       2.8650000   6.9092239e-65       1.0000000
      0.00000       2.8660000   6.5568508e-65       1.0000000
      0.00000       2.8670000   6.2225625e-65       1.0000000
      0.00000       2.8680000   5.9054251e-65       1.0000000
      0.00000       2.8690000   5.6045529e-65       1.0000000
      0.00000       2.8700000   5.3191067e-65       1.0000000
      0.00000       2.8710000   5.0482905e-65       1.0000000
      0.00000       2.8720000   4.7913498e-65       1.0000000
      0.00000       2.8730000   4.5475692e-65       1.0000000
      0.00000       2.8740000   4.3162704e-65       1.0000000
      0.00000       2.8750000   4.0968103e-65       1.0000000
      0.00000       2.8760000   3.8885793e-65       1.0000000
      0.00000       2.8770000   3.6909990e-65       1.0000000
      0.00000       2.8780000   3.5035214e-65       1.0000000
      0.00000       2.8790000   3.3256266e-65       1.0000000
      0.00000       2.8800000   3.1568217e-65       1.0000000
      0.00000       2.8810000   2.9966393e-65       1.0000000
      0.00000       2.8820000   2.8446363e-65       1.0000000
      0.00000       2.8830000   2.7003923e-65       1.0000000
      0.00000       2.8840000   2.5635088e-65       1.0000000
      0.00000       2.8850000   2.4336078e-65       1.0000000
      0.00000       2.8860000   2.3103310e-65       1.0000000
      0.00000       2.8870000   2.1933383e-65       1.0000000
      0.00000       2.8880000   2.0823076e-65       1.0000000
      0.00000       2.8890000   1.9769329e-65       1.0000000
      0.00000       2.8900000   1.8769245e-65       1.0000000
      0.00000       2.8910000   1.7820072e-65       1.0000000
      0.00000       2.8920000   1.6919204e-65       1.0000000
      0.00000       2.8930000   1.6064165e-65       1.0000000
      0.00000       2.8940000   1.5252611e-65       1.0000000
      0.00000       2.8950000   1.4482315e-65       1.0000000
      0.00000       2.8960000   1.3751168e-65       1.0000000
      0.00000       2.8970000   1.3057166e-65       1.0000000
      0.00000       2.8980000   1.2398411e-65       1.0000000
      0.00000       2.8990000   1.1773102e-65       1.0000000
      0.00000       2.9000000   1.1179530e-65       1.0000000
      0.00000       2.9010000   1.0616073e-65       1.0000000
      0.00000       2.9020000   1.0081195e-65       1.0000000
      0.00000       2.9030000   9.5734360e-66       1.0000000
      0.00000       2.9040000   9.0914134e-66       1.0000000
      0.00000       2.9050000   8.6338143e-66       1.0000000
      0.00000       2.9060000   8.1993933e-66       1.0000000
      0.00000       2.9070000   7.7869690e-66       1.0000000
      0.00000       2.9080000   7.3954207e-66       1.0000000
      0.00000       2.9090000   7.0236850e-66       1.0000000
      0.00000       2.9100000   6.6707531e-66       1.0000000
      0.00000       2.9110000   6.3356678e-66       1.0000000
      0.00000       2.9120000   6.0175210e-66       1.0000000
      0.00000       2.9130000   5.7154512e-66       1.0000000
      0.00000       2.9140000   5.4286407e-66       1.0000000
      0.00000       2.9150000   5.1563139e-66       1.0000000
      0.00000       2.9160000   4.8977348e-66       1.0000000
      0.00000       2.9170000   4.6522050e-66       1.0000000
      0.00000       2.9180000   4.4190618e-66       1.0000000
      0.00000       2.9190000   4.1976765e-66       1.0000000
      0.00000       2.9200000   3.9874522e-66       1.0000000
      0.00000       2.9210000   3.7878229e-66       1.0000000
      0.00000       2.9220000   3.5982511e-66       1.0000000
      0.00000       2.9230000   3.4182271e-66       1.0000000
      0.00000       2.9240000   3.2472668e-66       1.0000000
      0.00000       2.9250000   3.0849111e-66       1.0000000
      0.00000       2.9260000   2.9307242e-66       1.0000000
      0.00000       2.9270000   2.7842924e-66       1.0000000
      0.00000       2.9280000   2.6452234e-66       1.0000000
      0.00000       2.9290000   2.5131445e-66       1.0000000
      0.00000       2.9300000   2.3877022e-66       1.0000000
      0.00000       2.9310000   2.2685609e-66       1.0000000
      0.00000       2.9320000   2.1554022e-66       1.0000000
      0.00000       2.9330000   2.0479237e-66       1.0000000
      0.00000       2.9340000   1.9458385e-66       1.0000000
      0.00000       2.9350000   1.8488743e-66       1.0000000
      0.00000       2.9360000   1.7567725e-66       1.0000000
      0.00000       2.9370000   1.6692879e-66       1.0000000
      0.00000       2.9380000   1.5861874e-66       1.0000000
      0.00000       2.9390000   1.5072500e-66       1.0000000
      0.00000       2.9400000   1.4322659e-66       1.0000000
      0.00000       2.9410000   1.3610358e-66       1.0000000
      0.00000       2.9420000   1.2933705e-66       1.0000000
      0.00000       2.9430000   1.2290906e-66       1.0000000
      0.00000       2.9440000   1.1680256e-66       1.0000000
      0.00000       2.9450000   1.1100137e-66       1.0000000
      0.00000       2.9460000   1.0549013e-66       1.0000000
      0.00000       2.9470000   1.0025426e-66       1.0000000
      0.00000       2.9480000   9.5279909e-67       1.0000000
      0.00000       2.9490000   9.0553936e-67       1.0000000
      0.00000       2.9500000   8.6063859e-67       1.0000000
      0.00000       2.9510000   8.1797831e-67       1.0000000
      0.00000       2.9520000   7.7744601e-67       1.0000000
      0.00000       2.9530000   7.3893488e-67       1.0000000
      0.00000       2.9540000   7.0234350e-67       1.0000000
      0.00000       2.9550000   6.6757556e-67       1.0000000
      0.00000       2.9560000   6.3453963e-67       1.0000000
      0.00000       2.9570000   6.0314889e-67       1.0000000
      0.00000       2.9580000   5.7332089e-67       1.0000000
      0.00000       2.9590000   5.4497733e-67       1.0000000
      0.00000       2.9600000   5.1804389e-67       1.0000000
      0.00000       2.9610000   4.9244996e-67       1.0000000
      0.00000       2.9620000   4.6812850e-67       1.0000000
      0.00000       2.9630000   4.4501586e-67       1.0000000
      0.00000       2.9640000   4.2305158e-67       1.0000000
      0.00000       2.9650000   4.0217823e-67       1.0000000
      0.00000       2.9660000   3.8234130e-67       1.0000000
      0.00000       2.9670000   3.6348899e-67       1.0000000
      0.00000       2.9680000   3.4557214e-67       1.0000000
      0.00000       2.9690000   3.2854402e-67       1.0000000
      0.00000       2.9700000   3.1236029e-67       1.0000000
      0.00000       2.9710000   2.9697880e-67       1.0000000
      0.00000       2.9720000   2.8235953e-67       1.0000000
      0.00000       2.9730000   2.6846448e-67       1.0000000
      0.00000       2.9740000   2.5525754e-67       1.0000000
      0.00000       2.9750000   2.4270443e-67       1.0000000
      0.00000       2.9760000   2.3077257e-67       1.0000000
      0.00000       2.9770000   2.1943102e-67       1.0000000
      0.00000       2.9780000   2.0865039e-67       1.0000000
      0.00000       2.9790000   1.9840277e-67       1.0000000
      0.00000       2.9800000   1.8866164e-67       1.0000000
      0.00000       2.9810000   1.7940180e-67       1.0000000
      0.00000       2.9820000   1.7059934e-67       1.0000000
      0.00000       2.9830000   1.6223151e-67       1.0000000
      0.00000       2.9840000   1.5427672e-67       1.0000000
      0.00000       2.9850000   1.4671445e-67       1.0000000
      0.00000       2.9860000   1.3952522e-67       1.0000000
      0.00000       2.9870000   1.3269050e-67       1.0000000
      0.00000       2.9880000   1.2619270e-67       1.0000000
      0.00000       2.9890000   1.2001512e-67       1.0000000
      0.00000       2.9900000   1.1414186e-67       1.0000000
      0.00000       2.9910000   1.0855786e-67       1.0000000
      0.00000       2.9920000   1.0324876e-67       1.0000000
      0.00000       2.9930000   9.8200949e-68       1.0000000
      0.00000       2.9940000   9.3401491e-68       1.0000000
      0.00000       2.9950000   8.8838088e-68       1.0000000
      0.00000       2.9960000   8.4499056e-68       1.0000000
      0.00000       2.9970000   8.0373295e-68       1.0000000
      0.00000       2.9980000   7.6450255e-68       1.0000000
      0.00000       2.9990000   7.2719913e-68       1.0000000
      0.00000       3.0000000   6.9172744e-68       1.0000000
      0.00000       3.0010000   6.5799698e-68       1.0000000
      0.00000       3.0020000   6.2592173e-68       1.0000000
      0.00000       3.0030000   5.9541995e-68       1.0000000
      0.00000       3.0040000   5.6641398e-68       1.0000000
      0.00000       3.0050000   5.3882999e-68       1.0000000
      0.00000       3.0060000   5.1259784e-68       1.0000000
      0.00000       3.0070000   4.8765086e-68       1.0000000
      0.00000       3.0080000   4.6392569e-68       1.0000000
      0.00000       3.0090000   4.4136211e-68       1.0000000
      0.00000       3.0100000   4.1990290e-68       1.0000000
      0.00000       3.0110000   3.9949365e-68       1.0000000
      0.00000       3.0120000   3.8008268e-68       1.0000000
      0.00000       3.0130000   3.6162085e-68       1.0000000
      0.00000       3.0140000   3.4406145e-68       1.0000000
      0.00000       3.0150000   3.2736010e-68       1.0000000
      0.00000       3.0160000   3.1147460e-68       1.0000000
      0.00000       3.0170000   2.9636485e-68       1.0000000
      0.00000       3.0180000   2.8199272e-68       1.0000000
      0.00000       3.0190000   2.6832199e-68       1.0000000
      0.00000       3.0200000   2.5531820e-68       1.0000000
      0.00000       3.0210000   2.4294861e-68       1.0000000
      0.00000       3.0220000   2.3118210e-68       1.0000000
      0.00000       3.0230000   2.1998909e-68       1.0000000
      0.00000       3.0240000   2.0934143e-68       1.0000000
      0.00000       3.0250000   1.9921240e-68       1.0000000
      0.00000       3.0260000   1.8957657e-68       1.0000000
      0.00000       3.0270000   1.8040978e-68       1.0000000
      0.00000       3.0280000   1.7168905e-68       1.0000000
      0.00000       3.0290000   1.6339254e-68       1.0000000
      0.00000       3.0300000   1.5549948e-68       1.0000000
      0.00000       3.0310000   1.4799013e-68       1.0000000
      0.00000       3.0320000   1.4084572e-68       1.0000000
      0.00000       3.0330000   1.3404841e-68       1.0000000
      0.00000       3.0340000   1.2758122e-68       1.0000000
      0.00000       3.0350000   1.2142802e-68       1.0000000
      0.00000       3.0360000   1.1557346e-68       1.0000000
      0.00000       3.0370000   1.1000297e-68       1.0000000
      0.00000       3.0380000   1.0470268e-68       1.0000000
      0.00000       3.0390000   9.9659384e-69       1.0000000
      0.00000       3.0400000   9.4860557e-69       1.0000000
      0.00000       3.0410000   9.0294270e-69       1.0000000
      0.00000       3.0420000   8.5949183e-69       1.0000000
      0.00000       3.0430000   8.1814515e-69       1.0000000
      0.00000       3.0440000   7.7880010e-69       1.0000000
      0.00000       3.0450000   7.4135918e-69       1.0000000
      0.00000       3.0460000   7.0572965e-69       1.0000000
      0.00000       3.0470000   6.7182333e-69       1.0000000
      0.00000       3.0480000   6.3955635e-69       1.0000000
      0.00000       3.0490000   6.0884894e-69       1.0000000
      0.00000       3.0500000   5.7962527e-69       1.0000000
      0.00000       3.0510000   5.5181318e-69       1.0000000
      0.00000       3.0520000   5.2534405e-69       1.0000000
      0.00000       3.0530000   5.0015264e-69       1.0000000
      0.00000       3.0540000   4.7617688e-69       1.0000000
      0.00000       3.0550000   4.5335773e-69       1.0000000
      0.00000       3.0560000   4.3163905e-69       1.0000000
      0.00000       3.0570000   4.1096743e-69       1.0000000
      0.00000       3.0580000   3.9129207e-69       1.0000000
      0.00000       3.0590000   3.7256467e-69       1.0000000
      0.00000       3.0600000   3.5473925e-69       1.0000000
      0.00000       3.0610000   3.3777210e-69       1.0000000
      0.00000       3.0620000   3.2162164e-69       1.0000000
      0.00000       3.0630000   3.0624830e-69       1.0000000
      0.00000       3.0640000   2.9161447e-69       1.0000000
      0.00000       3.0650000   2.7768434e-69       1.0000000
      0.00000       3.0660000   2.6442386e-69       1.0000000
      0.00000       3.0670000   2.5180063e-69       1.0000000
      0.00000       3.0680000   2.3978385e-69       1.0000000
      0.00000       3.0690000   2.2834418e-69       1.0000000
      0.00000       3.0700000   2.1745374e-69       1.0000000
      0.00000       3.0710000   2.0708600e-69       1.0000000
      0.00000       3.0720000   1.9721571e-69       1.0000000
      0.00000       3.0730000   1.8781885e-69       1.0000000
      0.00000       3.0740000   1.7887257e-69       1.0000000
      0.00000       3.0750000   1.7035512e-69       1.0000000
      0.00000       3.0760000   1.6224583e-69       1.0000000
      0.00000       3.0770000   1.5452501e-69       1.0000000
      0.00000       3.0780000   1.4717393e-69       1.0000000
      0.00000       3.0790000   1.4017478e-69       1.0000000
      0.00000       3.0800000   1.3351060e-69       1.0000000
      0.00000       3.0810000   1.2716525e-69       1.0000000
      0.00000       3.0820000   1.2112340e-69       1.0000000
      0.00000       3.0830000   1.1537043e-69       1.0000000
      0.00000       3.0840000   1.0989244e-69       1.0000000
      0.00000       3.0850000   1.0467620e-69       1.0000000
      0.00000       3.0860000   9.9709136e-70       1.0000000
      0.00000       3.0870000   9.4979262e-70       1.0000000
      0.00000       3.0880000   9.0475181e-70       1.0000000
      0.00000       3.0890000   8.6186048e-70       1.0000000
      0.00000       3.0900000   8.2101539e-70       1.0000000
      0.00000       3.0910000   7.8211831e-70       1.0000000
      0.00000       3.0920000   7.4507574e-70       1.0000000
      0.00000       3.0930000   7.0979872e-70       1.0000000
      0.00000       3.0940000   6.7620256e-70       1.0000000
      0.00000       3.0950000   6.4420666e-70       1.0000000
      0.00000       3.0960000   6.1373432e-70       1.0000000
      0.00000       3.0970000   5.8471254e-70       1.0000000
      0.00000       3.0980000   5.5707183e-70       1.0000000
      0.00000       3.0990000   5.3074606e-70       1.0000000
      0.00000       3.1000000   5.0567227e-70       1.0000000
      0.00000       3.1010000   4.8179055e-70       1.0000000
      0.00000       3.1020000   4.5904387e-70       1.0000000
      0.00000       3.1030000   4.3737794e-70       1.0000000
      0.00000       3.1040000   4.1674109e-70       1.0000000
      0.00000       3.1050000   3.9708413e-70       1.0000000
      0.00000       3.1060000   3.7836025e-70       1.0000000
      0.00000       3.1070000   3.6052487e-70       1.0000000
      0.00000       3.1080000   3.4353556e-70       1.0000000
      0.00000       3.1090000   3.2735193e-70       1.0000000
      0.00000       3.1100000   3.1193554e-70       1.0000000
      0.00000       3.1110000   2.9724978e-70       1.0000000
      0.00000       3.1120000   2.8325981e-70       1.0000000
      0.00000       3.1130000   2.6993246e-70       1.0000000
      0.00000       3.1140000   2.5723614e-70       1.0000000
      0.00000       3.1150000   2.4514078e-70       1.0000000
      0.00000       3.1160000   2.3361776e-70       1.0000000
      0.00000       3.1170000   2.2263983e-70       1.0000000
      0.00000       3.1180000   2.1218105e-70       1.0000000
      0.00000       3.1190000   2.0221669e-70       1.0000000
      0.00000       3.1200000   1.9272325e-70       1.0000000
      0.00000       3.1210000   1.8367833e-70       1.0000000
      0.00000       3.1220000   1.7506060e-70       1.0000000
      0.00000       3.1230000   1.6684976e-70       1.0000000
      0.00000       3.1240000   1.5902647e-70       1.0000000
      0.00000       3.1250000   1.5157234e-70       1.0000000
      0.00000       3.1260000   1.4446983e-70       1.0000000
      0.00000       3.1270000   1.3770225e-70       1.0000000
      0.00000       3.1280000   1.3125370e-70       1.0000000
      0.00000       3.1290000   1.2510905e-70       1.0000000
      0.00000       3.1300000   1.1925390e-70       1.0000000
      0.00000       3.1310000   1.1367450e-70       1.0000000
      0.00000       3.1320000   1.0835781e-70       1.0000000
      0.00000       3.1330000   1.0329136e-70       1.0000000
      0.00000       3.1340000   9.8463301e-71       1.0000000
      0.00000       3.1350000   9.3862353e-71       1.0000000
      0.00000       3.1360000   8.9477761e-71       1.0000000
      0.00000       3.1370000   8.5299288e-71       1.0000000
      0.00000       3.1380000   8.1317183e-71       1.0000000
      0.00000       3.1390000   7.7522159e-71       1.0000000
      0.00000       3.1400000   7.3905371e-71       1.0000000
      0.00000       3.1410000   7.0458396e-71       1.0000000
      0.00000       3.1420000   6.7173211e-71       1.0000000
      0.00000       3.1430000   6.4042173e-71       1.0000000
      0.00000       3.1440000   6.1058005e-71       1.0000000
      0.00000       3.1450000   5.8213773e-71       1.0000000
      0.00000       3.1460000   5.5502874e-71       1.0000000
      0.00000       3.1470000   5.2919018e-71       1.0000000
      0.00000       3.1480000   5.0456214e-71       1.0000000
      0.00000       3.1490000   4.8108755e-71       1.0000000
      0.00000       3.1500000   4.5871204e-71       1.0000000
      0.00000       3.1510000   4.3738384e-71       1.0000000
      0.00000       3.1520000   4.1705361e-71       1.0000000
      0.00000       3.1530000   3.9767437e-71       1.0000000
      0.00000       3.1540000   3.7920134e-71       1.0000000
      0.00000       3.1550000   3.6159189e-71       1.0000000
      0.00000       3.1560000   3.4480538e-71       1.0000000
      0.00000       3.1570000   3.2880312e-71       1.0000000
      0.00000       3.1580000   3.1354824e-71       1.0000000
      0.00000       3.1590000   2.9900560e-71       1.0000000
      0.00000       3.1600000   2.8514176e-71       1.0000000
      0.00000       3.1610000   2.7192481e-71       1.0000000
      0.00000       3.1620000   2.5932439e-71       1.0000000
      0.00000       3.1630000   2.4731156e-71       1.0000000
      0.00000       3.1640000   2.3585875e-71       1.0000000
      0.00000       3.1650000   2.2493967e-71       1.0000000
      0.00000       3.1660000   2.1452931e-71       1.0000000
      0.00000       3.1670000   2.0460381e-71       1.0000000
      0.00000       3.1680000   1.9514044e-71       1.0000000
      0.00000       3.1690000   1.8611755e-71       1.0000000
      0.00000       3.1700000   1.7751452e-71       1.0000000
      0.00000       3.1710000   1.6931168e-71       1.0000000
      0.00000       3.1720000   1.6149029e-71       1.0000000
      0.00000       3.1730000   1.5403251e-71       1.0000000
      0.00000       3.1740000   1.4692133e-71       1.0000000
      0.00000       3.1750000   1.4014053e-71       1.0000000
      0.00000       3.1760000   1.3367468e-71       1.0000000
      0.00000       3.1770000   1.2750904e-71       1.0000000
      0.00000       3.1780000   1.2162960e-71       1.0000000
      0.00000       3.1790000   1.1602298e-71       1.0000000
      0.00000       3.1800000   1.1067645e-71       1.0000000
      0.00000       3.1810000   1.0557786e-71       1.0000000
      0.00000       3.1820000   1.0071564e-71       1.0000000
      0.00000       3.1830000   9.6078767e-72       1.0000000
      0.00000       3.1840000   9.1656729e-72       1.0000000
      0.00000       3.1850000   8.7439509e-72       1.0000000
      0.00000       3.1860000   8.3417562e-72       1.0000000
      0.00000       3.1870000   7.9581788e-72       1.0000000
      0.00000       3.1880000   7.5923515e-72       1.0000000
      0.00000       3.1890000   7.2434477e-72       1.0000000
      0.00000       3.1900000   6.9106795e-72       1.0000000
      0.00000       3.1910000   6.5932962e-72       1.0000000
      0.00000       3.1920000   6.2905817e-72       1.0000000
      0.00000       3.1930000   6.0018541e-72       1.0000000
      0.00000       3.1940000   5.7264628e-72       1.0000000
      0.00000       3.1950000   5.4637880e-72       1.0000000
      0.00000       3.1960000   5.2132388e-72       1.0000000
      0.00000       3.1970000   4.9742519e-72       1.0000000
      0.00000       3.1980000   4.7462903e-72       1.0000000
      0.00000       3.1990000   4.5288423e-72       1.0000000
      0.00000       3.2000000   4.3214199e-72       1.0000000
      0.00000       3.2010000   4.1235578e-72       1.0000000
      0.00000       3.2020000   3.9348128e-72       1.0000000
      0.00000       3.2030000   3.7547620e-72       1.0000000
      0.00000       3.2040000   3.5830024e-72       1.0000000
      0.00000       3.2050000   3.4191498e-72       1.0000000
      0.00000       3.2060000   3.2628380e-72       1.0000000
      0.00000       3.2070000   3.1137176e-72       1.0000000
      0.00000       3.2080000   2.9714558e-72       1.0000000
      0.00000       3.2090000   2.8357350e-72       1.0000000
      0.00000       3.2100000   2.7062527e-72       1.0000000
      0.00000       3.2110000   2.5827203e-72       1.0000000
      0.00000       3.2120000   2.4648626e-72       1.0000000
      0.00000       3.2130000   2.3524174e-72       1.0000000
      0.00000       3.2140000   2.2451344e-72       1.0000000
      0.00000       3.2150000   2.1427753e-72       1.0000000
      0.00000       3.2160000   2.0451125e-72       1.0000000
      0.00000       3.2170000   1.9519293e-72       1.0000000
      0.00000       3.2180000   1.8630188e-72       1.0000000
      0.00000       3.2190000   1.7781840e-72       1.0000000
      0.00000       3.2200000   1.6972369e-72       1.0000000
      0.00000       3.2210000   1.6199980e-72       1.0000000
      0.00000       3.2220000   1.5462966e-72       1.0000000
      0.00000       3.2230000   1.4759695e-72       1.0000000
      0.00000       3.2240000   1.4088613e-72       1.0000000
      0.00000       3.2250000   1.3448237e-72       1.0000000
      0.00000       3.2260000   1.2837154e-72       1.0000000
      0.00000       3.2270000   1.2254015e-72       1.0000000
      0.00000       3.2280000   1.1697534e-72       1.0000000
      0.00000       3.2290000   1.1166484e-72       1.0000000
      0.00000       3.2300000   1.0659697e-72       1.0000000
      0.00000       3.2310000   1.0176057e-72       1.0000000
      0.00000       3.2320000   9.7144988e-73       1.0000000
      0.00000       3.2330000   9.2740092e-73       1.0000000
      0.00000       3.2340000   8.8536200e-73       1.0000000
      0.00000       3.2350000   8.4524082e-73       1.0000000
      0.00000       3.2360000   8.0694934e-73       1.0000000
      0.00000       3.2370000   7.7040360e-73       1.0000000
      0.00000       3.2380000   7.3552349e-73       1.0000000
      0.00000       3.2390000   7.0223264e-73       1.0000000
      0.00000       3.2400000   6.7045816e-73       1.0000000
      0.00000       3.2410000   6.4013055e-73       1.0000000
      0.00000       3.2420000   6.1118352e-73       1.0000000
      0.00000       3.2430000   5.8355381e-73       1.0000000
      0.00000       3.2440000   5.5718111e-73       1.0000000
      0.00000       3.2450000   5.3200785e-73       1.0000000
      0.00000       3.2460000   5.0797915e-73       1.0000000
      0.00000       3.2470000   4.8504264e-73       1.0000000
      0.00000       3.2480000   4.6314836e-73       1.0000000
      0.00000       3.2490000   4.4224864e-73       1.0000000
      0.00000       3.2500000   4.2229804e-73       1.0000000
      0.00000       3.2510000   4.0325317e-73       1.0000000
      0.00000       3.2520000   3.8507265e-73       1.0000000
      0.00000       3.2530000   3.6771701e-73       1.0000000
      0.00000       3.2540000   3.5114858e-73       1.0000000
      0.00000       3.2550000   3.3533144e-73       1.0000000
      0.00000       3.2560000   3.2023130e-73       1.0000000
      0.00000       3.2570000   3.0581545e-73       1.0000000
      0.00000       3.2580000   2.9205269e-73       1.0000000
      0.00000       3.2590000   2.7891325e-73       1.0000000
      0.00000       3.2600000   2.6636871e-73       1.0000000
      0.00000       3.2610000   2.5439197e-73       1.0000000
      0.00000       3.2620000   2.4295716e-73       1.0000000
      0.00000       3.2630000   2.3203962e-73       1.0000000
      0.00000       3.2640000   2.2161579e-73       1.0000000
      0.00000       3.2650000   2.1166321e-73       1.0000000
      0.00000       3.2660000   2.0216043e-73       1.0000000
      0.00000       3.2670000   1.9308700e-73       1.0000000
      0.00000       3.2680000   1.8442340e-73       1.0000000
      0.00000       3.2690000   1.7615101e-73       1.0000000
      0.00000       3.2700000   1.6825203e-73       1.0000000
      0.00000       3.2710000   1.6070952e-73       1.0000000
      0.00000       3.2720000   1.5350728e-73       1.0000000
      0.00000       3.2730000   1.4662986e-73       1.0000000
      0.00000       3.2740000   1.4006252e-73       1.0000000
      0.00000       3.2750000   1.3379120e-73       1.0000000
      0.00000       3.2760000   1.2780247e-73       1.0000000
      0.00000       3.2770000   1.2208351e-73       1.0000000
      0.00000       3.2780000   1.1662209e-73       1.0000000
      0.00000       3.2790000   1.1140655e-73       1.0000000
      0.00000       3.2800000   1.0642573e-73       1.0000000
      0.00000       3.2810000   1.0166902e-73       1.0000000
      0.00000       3.2820000   9.7126269e-74       1.0000000
      0.00000       3.2830000   9.2787784e-74       1.0000000
      0.00000       3.2840000   8.8644327e-74       1.0000000
      0.00000       3.2850000   8.4687074e-74       1.0000000
      0.00000       3.2860000   8.0907605e-74       1.0000000
      0.00000       3.2870000   7.7297883e-74       1.0000000
      0.00000       3.2880000   7.3850235e-74       1.0000000
      0.00000       3.2890000   7.0557338e-74       1.0000000
      0.00000       3.2900000   6.7412203e-74       1.0000000
      0.00000       3.2910000   6.4408156e-74       1.0000000
      0.00000       3.2920000   6.1538829e-74       1.0000000
      0.00000       3.2930000   5.8798142e-74       1.0000000
      0.00000       3.2940000   5.6180291e-74       1.0000000
      0.00000       3.2950000   5.3679736e-74       1.0000000
      0.00000       3.2960000   5.1291188e-74       1.0000000
      0.00000       3.2970000   4.9009598e-74       1.0000000
      0.00000       3.2980000   4.6830146e-74       1.0000000
      0.00000       3.2990000   4.4748232e-74       1.0000000
      0.00000       3.3000000   4.2759462e-74       1.0000000
      0.00000       3.3010000   4.0859643e-74       1.0000000
      0.00000       3.3020000   3.9044770e-74       1.0000000
      0.00000       3.3030000   3.7311023e-74       1.0000000
      0.00000       3.3040000   3.5654752e-74       1.0000000
      0.00000       3.3050000   3.4072472e-74       1.0000000
      0.00000       3.3060000   3.2560857e-74       1.0000000
      0.00000       3.3070000   3.1116732e-74       1.0000000
      0.00000       3.3080000   2.9737064e-74       1.0000000
      0.00000       3.3090000   2.8418957e-74       1.0000000
      0.00000       3.3100000   2.7159649e-74       1.0000000
      0.00000       3.3110000   2.5956498e-74       1.0000000
      0.00000       3.3120000   2.4806986e-74       1.0000000
      0.00000       3.3130000   2.3708705e-74       1.0000000
      0.00000       3.3140000   2.2659358e-74       1.0000000
      0.00000       3.3150000   2.1656751e-74       1.0000000
      0.00000       3.3160000   2.0698789e-74       1.0000000
      0.00000       3.3170000   1.9783471e-74       1.0000000
      0.00000       3.3180000   1.8908887e-74       1.0000000
      0.00000       3.3190000   1.8073212e-74       1.0000000
      0.00000       3.3200000   1.7274706e-74       1.0000000
      0.00000       3.3210000   1.6511703e-74       1.0000000
      0.00000       3.3220000   1.5782616e-74       1.0000000
      0.00000       3.3230000   1.5085928e-74       1.0000000
      0.00000       3.3240000   1.4420189e-74       1.0000000
      0.00000       3.3250000   1.3784016e-74       1.0000000
      0.00000       3.3260000   1.3176088e-74       1.0000000
      0.00000       3.3270000   1.2595142e-74       1.0000000
      0.00000       3.3280000   1.2039975e-74       1.0000000
      0.00000       3.3290000   1.1509433e-74       1.0000000
      0.00000       3.3300000   1.1002419e-74       1.0000000
      0.00000       3.3310000   1.0517882e-74       1.0000000
      0.00000       3.3320000   1.0054820e-74       1.0000000
      0.00000       3.3330000   9.6122745e-75       1.0000000
      0.00000       3.3340000   9.1893309e-75       1.0000000
      0.00000       3.3350000   8.7851155e-75       1.0000000
      0.00000       3.3360000   8.3987938e-75       1.0000000
      0.00000       3.3370000   8.0295686e-75       1.0000000
      0.00000       3.3380000   7.6766786e-75       1.0000000
      0.00000       3.3390000   7.3393966e-75       1.0000000
      0.00000       3.3400000   7.0170277e-75       1.0000000
      0.00000       3.3410000   6.7089085e-75       1.0000000
      0.00000       3.3420000   6.4144050e-75       1.0000000
      0.00000       3.3430000   6.1329119e-75       1.0000000
      0.00000       3.3440000   5.8638506e-75       1.0000000
      0.00000       3.3450000   5.6066687e-75       1.0000000
      0.00000       3.3460000   5.3608384e-75       1.0000000
      0.00000       3.3470000   5.1258555e-75       1.0000000
      0.00000       3.3480000   4.9012383e-75       1.0000000
      0.00000       3.3490000   4.6865265e-75       1.0000000
      0.00000       3.3500000   4.4812808e-75       1.0000000
      0.00000       3.3510000   4.2850810e-75       1.0000000
      0.00000       3.3520000   4.0975260e-75       1.0000000
      0.00000       3.3530000   3.9182325e-75       1.0000000
      0.00000       3.3540000   3.7468342e-75       1.0000000
      0.00000       3.3550000   3.5829813e-75       1.0000000
      0.00000       3.3560000   3.4263395e-75       1.0000000
      0.00000       3.3570000   3.2765894e-75       1.0000000
      0.00000       3.3580000   3.1334260e-75       1.0000000
      0.00000       3.3590000   2.9965576e-75       1.0000000
      0.00000       3.3600000   2.8657058e-75       1.0000000
      0.00000       3.3610000   2.7406043e-75       1.0000000
      0.00000       3.3620000   2.6209989e-75       1.0000000
      0.00000       3.3630000   2.5066466e-75       1.0000000
      0.00000       3.3640000   2.3973152e-75       1.0000000
      0.00000       3.3650000   2.2927829e-75       1.0000000
      0.00000       3.3660000   2.1928376e-75       1.0000000
      0.00000       3.3670000   2.0972768e-75       1.0000000
      0.00000       3.3680000   2.0059070e-75       1.0000000
      0.00000       3.3690000   1.9185431e-75       1.0000000
      0.00000       3.3700000   1.8350085e-75       1.0000000
      0.00000       3.3710000   1.7551342e-75       1.0000000
      0.00000       3.3720000   1.6787589e-75       1.0000000
      0.00000       3.3730000   1.6057282e-75       1.0000000
      0.00000       3.3740000   1.5358948e-75       1.0000000
      0.00000       3.3750000   1.4691179e-75       1.0000000
      0.00000       3.3760000   1.4052627e-75       1.0000000
      0.00000       3.3770000   1.3442007e-75       1.0000000
      0.00000       3.3780000   1.2858089e-75       1.0000000
      0.00000       3.3790000   1.2299698e-75       1.0000000
      0.00000       3.3800000   1.1765711e-75       1.0000000
      0.00000       3.3810000   1.1255054e-75       1.0000000
      0.00000       3.3820000   1.0766703e-75       1.0000000
      0.00000       3.3830000   1.0299676e-75       1.0000000
      0.00000       3.3840000   9.8530357e-76       1.0000000
      0.00000       3.3850000   9.4258877e-76       1.0000000
      0.00000       3.3860000   9.0173753e-76       1.0000000
      0.00000       3.3870000   8.6266805e-76       1.0000000
      0.00000       3.3880000   8.2530213e-76       1.0000000
      0.00000       3.3890000   7.8956500e-76       1.0000000
      0.00000       3.3900000   7.5538522e-76       1.0000000
      0.00000       3.3910000   7.2269449e-76       1.0000000
      0.00000       3.3920000   6.9142754e-76       1.0000000
      0.00000       3.3930000   6.6152196e-76       1.0000000
      0.00000       3.3940000   6.3291810e-76       1.0000000
      0.00000       3.3950000   6.0555894e-76       1.0000000
      0.00000       3.3960000   5.7938998e-76       1.0000000
      0.00000       3.3970000   5.5435910e-76       1.0000000
      0.00000       3.3980000   5.3041651e-76       1.0000000
      0.00000       3.3990000   5.0751458e-76       1.0000000
      0.00000       3.4000000   4.8560780e-76       1.0000000
      0.00000       3.4010000   4.6465265e-76       1.0000000
      0.00000       3.4020000   4.4460754e-76       1.0000000
      0.00000       3.4030000   4.2543268e-76       1.0000000
      0.00000       3.4040000   4.0709006e-76       1.0000000
      0.00000       3.4050000   3.8954333e-76       1.0000000
      0.00000       3.4060000   3.7275774e-76       1.0000000
      0.00000       3.4070000   3.5670006e-76       1.0000000
      0.00000       3.4080000   3.4133852e-76       1.0000000
      0.00000       3.4090000   3.2664275e-76       1.0000000
      0.00000       3.4100000   3.1258373e-76       1.0000000
      0.00000       3.4110000   2.9913367e-76       1.0000000
      0.00000       3.4120000   2.8626605e-76       1.0000000
      0.00000       3.4130000   2.7395547e-76       1.0000000
      0.00000       3.4140000   2.6217767e-76       1.0000000
      0.00000       3.4150000   2.5090944e-76       1.0000000
      0.00000       3.4160000   2.4012861e-76       1.0000000
      0.00000       3.4170000   2.2981395e-76       1.0000000
      0.00000       3.4180000   2.1994518e-76       1.0000000
      0.00000       3.4190000   2.1050290e-76       1.0000000
      0.00000       3.4200000   2.0146857e-76       1.0000000
      0.00000       3.4210000   1.9282444e-76       1.0000000
      0.00000       3.4220000   1.8455356e-76       1.0000000
      0.00000       3.4230000   1.7663971e-76       1.0000000
      0.00000       3.4240000   1.6906738e-76       1.0000000
      0.00000       3.4250000   1.6182173e-76       1.0000000
      0.00000       3.4260000   1.5488859e-76       1.0000000
      0.00000       3.4270000   1.4825439e-76       1.0000000
      0.00000       3.4280000   1.4190615e-76       1.0000000
      0.00000       3.4290000   1.3583148e-76       1.0000000
      0.00000       3.4300000   1.3001852e-76       1.0000000
      0.00000       3.4310000   1.2445590e-76       1.0000000
      0.00000       3.4320000   1.1913280e-76       1.0000000
      0.00000       3.4330000   1.1403882e-76       1.0000000
      0.00000       3.4340000   1.0916404e-76       1.0000000
      0.00000       3.4350000   1.0449897e-76       1.0000000
      0.00000       3.4360000   1.0003453e-76       1.0000000
      0.00000       3.4370000   9.5762041e-77       1.0000000
      0.00000       3.4380000   9.1673193e-77       1.0000000
      0.00000       3.4390000   8.7760045e-77       1.0000000
      0.00000       3.4400000   8.4014999e-77       1.0000000
      0.00000       3.4410000   8.0430787e-77       1.0000000
      0.00000       3.4420000   7.7000459e-77       1.0000000
      0.00000       3.4430000   7.3717366e-77       1.0000000
      0.00000       3.4440000   7.0575148e-77       1.0000000
      0.00000       3.4450000   6.7567722e-77       1.0000000
      0.00000       3.4460000   6.4689269e-77       1.0000000
      0.00000       3.4470000   6.1934224e-77       1.0000000
      0.00000       3.4480000   5.9297262e-77       1.0000000
      0.00000       3.4490000   5.6773289e-77       1.0000000
      0.00000       3.4500000   5.4357435e-77       1.0000000
      0.00000       3.4510000   5.2045037e-77       1.0000000
      0.00000       3.4520000   4.9831637e-77       1.0000000
      0.00000       3.4530000   4.7712971e-77       1.0000000
      0.00000       3.4540000   4.5684958e-77       1.0000000
      0.00000       3.4550000   4.3743694e-77       1.0000000
      0.00000       3.4560000   4.1885446e-77       1.0000000
      0.00000       3.4570000   4.0106640e-77       1.0000000
      0.00000       3.4580000   3.8403859e-77       1.0000000
      0.00000       3.4590000   3.6773834e-77       1.0000000
      0.00000       3.4600000   3.5213435e-77       1.0000000
      0.00000       3.4610000   3.3719670e-77       1.0000000
      0.00000       3.4620000   3.2289676e-77       1.0000000
      0.00000       3.4630000   3.0920712e-77       1.0000000
      0.00000       3.4640000   2.9610157e-77       1.0000000
      0.00000       3.4650000   2.8355504e-77       1.0000000
      0.00000       3.4660000   2.7154353e-77       1.0000000
      0.00000       3.4670000   2.6004408e-77       1.0000000
      0.00000       3.4680000   2.4903472e-77       1.0000000
      0.00000       3.4690000   2.3849443e-77       1.0000000
      0.00000       3.4700000   2.2840310e-77       1.0000000
      0.00000       3.4710000   2.1874149e-77       1.0000000
      0.00000       3.4720000   2.0949118e-77       1.0000000
      0.00000       3.4730000   2.0063455e-77       1.0000000
      0.00000       3.4740000   1.9215474e-77       1.0000000
      0.00000       3.4750000   1.8403561e-77       1.0000000
      0.00000       3.4760000   1.7626174e-77       1.0000000
      0.00000       3.4770000   1.6881833e-77       1.0000000
      0.00000       3.4780000   1.6169127e-77       1.0000000
      0.00000       3.4790000   1.5486701e-77       1.0000000
      0.00000       3.4800000   1.4833260e-77       1.0000000
      0.00000       3.4810000   1.4207567e-77       1.0000000
      0.00000       3.4820000   1.3608435e-77       1.0000000
      0.00000       3.4830000   1.3034730e-77       1.0000000
      0.00000       3.4840000   1.2485366e-77       1.0000000
      0.00000       3.4850000   1.1959302e-77       1.0000000
      0.00000       3.4860000   1.1455546e-77       1.0000000
      0.00000       3.4870000   1.0973145e-77       1.0000000
      0.00000       3.4880000   1.0511187e-77       1.0000000
      0.00000       3.4890000   1.0068802e-77       1.0000000
      0.00000       3.4900000   9.6451541e-78       1.0000000
      0.00000       3.4910000   9.2394451e-78       1.0000000
      0.00000       3.4920000   8.8509107e-78       1.0000000
      0.00000       3.4930000   8.4788190e-78       1.0000000
      0.00000       3.4940000   8.1224700e-78       1.0000000
      0.00000       3.4950000   7.7811932e-78       1.0000000
      0.00000       3.4960000   7.4543472e-78       1.0000000
      0.00000       3.4970000   7.1413179e-78       1.0000000
      0.00000       3.4980000   6.8415175e-78       1.0000000
      0.00000       3.4990000   6.5543834e-78       1.0000000
      0.00000       3.5000000   6.2793770e-78       1.0000000
      0.00000       3.5010000   6.0159830e-78       1.0000000
      0.00000       3.5020000   5.7637077e-78       1.0000000
      0.00000       3.5030000   5.5220790e-78       1.0000000
      0.00000       3.5040000   5.2906446e-78       1.0000000
      0.00000       3.5050000   5.0689717e-78       1.0000000
      0.00000       3.5060000   4.8566460e-78       1.0000000
      0.00000       3.5070000   4.6532708e-78       1.0000000
      0.00000       3.5080000   4.4584665e-78       1.0000000
      0.00000       3.5090000   4.2718695e-78       1.0000000
      0.00000       3.5100000   4.0931319e-78       1.0000000
      0.00000       3.5110000   3.9219206e-78       1.0000000
      0.00000       3.5120000   3.7579165e-78       1.0000000
      0.00000       3.5130000   3.6008145e-78       1.0000000
      0.00000       3.5140000   3.4503221e-78       1.0000000
      0.00000       3.5150000   3.3061596e-78       1.0000000
      0.00000       3.5160000   3.1680589e-78       1.0000000
      0.00000       3.5170000   3.0357637e-78       1.0000000
      0.00000       3.5180000   2.9090283e-78       1.0000000
      0.00000       3.5190000   2.7876175e-78       1.0000000
      0.00000       3.5200000   2.6713063e-78       1.0000000
      0.00000       3.5210000   2.5598791e-78       1.0000000
      0.00000       3.5220000   2.4531295e-78       1.0000000
      0.00000       3.5230000   2.3508598e-78       1.0000000
      0.00000       3.5240000   2.2528810e-78       1.0000000
      0.00000       3.5250000   2.1590118e-78       1.0000000
      0.00000       3.5260000   2.0690787e-78       1.0000000
      0.00000       3.5270000   1.9829157e-78       1.0000000
      0.00000       3.5280000   1.9003638e-78       1.0000000
      0.00000       3.5290000   1.8212705e-78       1.0000000
      0.00000       3.5300000   1.7454902e-78       1.0000000
      0.00000       3.5310000   1.6728830e-78       1.0000000
      0.00000       3.5320000   1.6033154e-78       1.0000000
      0.00000       3.5330000   1.5366593e-78       1.0000000
      0.00000       3.5340000   1.4727921e-78       1.0000000
      0.00000       3.5350000   1.4115962e-78       1.0000000
      0.00000       3.5360000   1.3529594e-78       1.0000000
      0.00000       3.5370000   1.2967738e-78       1.0000000
      0.00000       3.5380000   1.2429365e-78       1.0000000
      0.00000       3.5390000   1.1913485e-78       1.0000000
      0.00000       3.5400000   1.1419153e-78       1.0000000
      0.00000       3.5410000   1.0945465e-78       1.0000000
      0.00000       3.5420000   1.0491551e-78       1.0000000
      0.00000       3.5430000   1.0056581e-78       1.0000000
      0.00000       3.5440000   9.6397602e-79       1.0000000
      0.00000       3.5450000   9.2403258e-79       1.0000000
      0.00000       3.5460000   8.8575482e-79       1.0000000
      0.00000       3.5470000   8.4907283e-79       1.0000000
      0.00000       3.5480000   8.1391966e-79       1.0000000
      0.00000       3.5490000   7.8023120e-79       1.0000000
      0.00000       3.5500000   7.4794602e-79       1.0000000
      0.00000       3.5510000   7.1700530e-79       1.0000000
      0.00000       3.5520000   6.8735271e-79       1.0000000
      0.00000       3.5530000   6.5893426e-79       1.0000000
      0.00000       3.5540000   6.3169828e-79       1.0000000
      0.00000       3.5550000   6.0559524e-79       1.0000000
      0.00000       3.5560000   5.8057772e-79       1.0000000
      0.00000       3.5570000   5.5660030e-79       1.0000000
      0.00000       3.5580000   5.3361945e-79       1.0000000
      0.00000       3.5590000   5.1159349e-79       1.0000000
      0.00000       3.5600000   4.9048250e-79       1.0000000
      0.00000       3.5610000   4.7024822e-79       1.0000000
      0.00000       3.5620000   4.5085402e-79       1.0000000
      0.00000       3.5630000   4.3226479e-79       1.0000000
      0.00000       3.5640000   4.1444691e-79       1.0000000
      0.00000       3.5650000   3.9736818e-79       1.0000000
      0.00000       3.5660000   3.8099773e-79       1.0000000
      0.00000       3.5670000   3.6530601e-79       1.0000000
      0.00000       3.5680000   3.5026469e-79       1.0000000
      0.00000       3.5690000   3.3584665e-79       1.0000000
      0.00000       3.5700000   3.2202589e-79       1.0000000
      0.00000       3.5710000   3.0877753e-79       1.0000000
      0.00000       3.5720000   2.9607769e-79       1.0000000
      0.00000       3.5730000   2.8390352e-79       1.0000000
      0.00000       3.5740000   2.7223314e-79       1.0000000
      0.00000       3.5750000   2.6104555e-79       1.0000000
      0.00000       3.5760000   2.5032066e-79       1.0000000
      0.00000       3.5770000   2.4003921e-79       1.0000000
      0.00000       3.5780000   2.3018275e-79       1.0000000
      0.00000       3.5790000   2.2073360e-79       1.0000000
      0.00000       3.5800000   2.1167483e-79       1.0000000
      0.00000       3.5810000   2.0299019e-79       1.0000000
      0.00000       3.5820000   1.9466415e-79       1.0000000
      0.00000       3.5830000   1.8668180e-79       1.0000000
      0.00000       3.5840000   1.7902887e-79       1.0000000
      0.00000       3.5850000   1.7169166e-79       1.0000000
      0.00000       3.5860000   1.6465709e-79       1.0000000
      0.00000       3.5870000   1.5791257e-79       1.0000000
      0.00000       3.5880000   1.5144609e-79       1.0000000
      0.00000       3.5890000   1.4524609e-79       1.0000000
      0.00000       3.5900000   1.3930154e-79       1.0000000
      0.00000       3.5910000   1.3360184e-79       1.0000000
      0.00000       3.5920000   1.2813684e-79       1.0000000
      0.00000       3.5930000   1.2289682e-79       1.0000000
      0.00000       3.5940000   1.1787245e-79       1.0000000
      0.00000       3.5950000   1.1305480e-79       1.0000000
      0.00000       3.5960000   1.0843532e-79       1.0000000
      0.00000       3.5970000   1.0400580e-79       1.0000000
      0.00000       3.5980000   9.9758374e-80       1.0000000
      0.00000       3.5990000   9.5685518e-80       1.0000000
      0.00000       3.6000000   9.1780009e-80       1.0000000
      0.00000       3.6010000   8.8034927e-80       1.0000000
      0.00000       3.6020000   8.4443639e-80       1.0000000
      0.00000       3.6030000   8.0999790e-80       1.0000000
      0.00000       3.6040000   7.7697289e-80       1.0000000
      0.00000       3.6050000   7.4530297e-80       1.0000000
      0.00000       3.6060000   7.1493219e-80       1.0000000
      0.00000       3.6070000   6.8580692e-80       1.0000000
      0.00000       3.6080000   6.5787576e-80       1.0000000
      0.00000       3.6090000   6.3108943e-80       1.0000000
      0.00000       3.6100000   6.0540071e-80       1.0000000
      0.00000       3.6110000   5.8076435e-80       1.0000000
      0.00000       3.6120000   5.5713695e-80       1.0000000
      0.00000       3.6130000   5.3447695e-80       1.0000000
      0.00000       3.6140000   5.1274446e-80       1.0000000
      0.00000       3.6150000   4.9190130e-80       1.0000000
      0.00000       3.6160000   4.7191083e-80       1.0000000
      0.00000       3.6170000   4.5273795e-80       1.0000000
      0.00000       3.6180000   4.3434901e-80       1.0000000
      0.00000       3.6190000   4.1671175e-80       1.0000000
      0.00000       3.6200000   3.9979525e-80       1.0000000
      0.00000       3.6210000   3.8356987e-80       1.0000000
      0.00000       3.6220000   3.6800720e-80       1.0000000
      0.00000       3.6230000   3.5307999e-80       1.0000000
      0.00000       3.6240000   3.3876214e-80       1.0000000
      0.00000       3.6250000   3.2502860e-80       1.0000000
      0.00000       3.6260000   3.1185539e-80       1.0000000
      0.00000       3.6270000   2.9921949e-80       1.0000000
      0.00000       3.6280000   2.8709885e-80       1.0000000
      0.00000       3.6290000   2.7547233e-80       1.0000000
      0.00000       3.6300000   2.6431965e-80       1.0000000
      0.00000       3.6310000   2.5362139e-80       1.0000000
      0.00000       3.6320000   2.4335890e-80       1.0000000
      0.00000       3.6330000   2.3351433e-80       1.0000000
      0.00000       3.6340000   2.2407054e-80       1.0000000
      0.00000       3.6350000   2.1501113e-80       1.0000000
      0.00000       3.6360000   2.0632033e-80       1.0000000
      0.00000       3.6370000   1.9798307e-80       1.0000000
      0.00000       3.6380000   1.8998486e-80       1.0000000
      0.00000       3.6390000   1.8231184e-80       1.0000000
      0.00000       3.6400000   1.7495069e-80       1.0000000
      0.00000       3.6410000   1.6788866e-80       1.0000000
      0.00000       3.6420000   1.6111352e-80       1.0000000
      0.00000       3.6430000   1.5461354e-80       1.0000000
      0.00000       3.6440000   1.4837747e-80       1.0000000
      0.00000       3.6450000   1.4239453e-80       1.0000000
      0.00000       3.6460000   1.3665438e-80       1.0000000
      0.00000       3.6470000   1.3114711e-80       1.0000000
      0.00000       3.6480000   1.2586320e-80       1.0000000
      0.00000       3.6490000   1.2079354e-80       1.0000000
      0.00000       3.6500000   1.1592939e-80       1.0000000
      0.00000       3.6510000   1.1126236e-80       1.0000000
      0.00000       3.6520000   1.0678442e-80       1.0000000
      0.00000       3.6530000   1.0248785e-80       1.0000000
      0.00000       3.6540000   9.8365264e-81       1.0000000
      0.00000       3.6550000   9.4409570e-81       1.0000000
      0.00000       3.6560000   9.0613969e-81       1.0000000
      0.00000       3.6570000   8.6971941e-81       1.0000000
      0.00000       3.6580000   8.3477232e-81       1.0000000
      0.00000       3.6590000   8.0123846e-81       1.0000000
      0.00000       3.6600000   7.6906032e-81       1.0000000
      0.00000       3.6610000   7.3818273e-81       1.0000000
      0.00000       3.6620000   7.0855280e-81       1.0000000
      0.00000       3.6630000   6.8011979e-81       1.0000000
      0.00000       3.6640000   6.5283505e-81       1.0000000
      0.00000       3.6650000   6.2665191e-81       1.0000000
      0.00000       3.6660000   6.0152560e-81       1.0000000
      0.00000       3.6670000   5.7741321e-81       1.0000000
      0.00000       3.6680000   5.5427356e-81       1.0000000
      0.00000       3.6690000   5.3206715e-81       1.0000000
      0.00000       3.6700000   5.1075611e-81       1.0000000
      0.00000       3.6710000   4.9030411e-81       1.0000000
      0.00000       3.6720000   4.7067630e-81       1.0000000
      0.00000       3.6730000   4.5183926e-81       1.0000000
      0.00000       3.6740000   4.3376092e-81       1.0000000
      0.00000       3.6750000   4.1641053e-81       1.0000000
      0.00000       3.6760000   3.9975859e-81       1.0000000
      0.00000       3.6770000   3.8377681e-81       1.0000000
      0.00000       3.6780000   3.6843805e-81       1.0000000
      0.00000       3.6790000   3.5371627e-81       1.0000000
      0.00000       3.6800000   3.3958650e-81       1.0000000
      0.00000       3.6810000   3.2602477e-81       1.0000000
      0.00000       3.6820000   3.1300811e-81       1.0000000
      0.00000       3.6830000   3.0051447e-81       1.0000000
      0.00000       3.6840000   2.8852270e-81       1.0000000
      0.00000       3.6850000   2.7701251e-81       1.0000000
      0.00000       3.6860000   2.6596444e-81       1.0000000
      0.00000       3.6870000   2.5535982e-81       1.0000000
      0.00000       3.6880000   2.4518074e-81       1.0000000
      0.00000       3.6890000   2.3541001e-81       1.0000000
      0.00000       3.6900000   2.2603115e-81       1.0000000
      0.00000       3.6910000   2.1702833e-81       1.0000000
      0.00000       3.6920000   2.0838639e-81       1.0000000
      0.00000       3.6930000   2.0009077e-81       1.0000000
      0.00000       3.6940000   1.9212751e-81       1.0000000
      0.00000       3.6950000   1.8448319e-81       1.0000000
      0.00000       3.6960000   1.7714497e-81       1.0000000
      0.00000       3.6970000   1.7010051e-81       1.0000000
      0.00000       3.6980000   1.6333798e-81       1.0000000
      0.00000       3.6990000   1.5684602e-81       1.0000000
      0.00000       3.7000000   1.5061374e-81       1.0000000
      0.00000       3.7010000   1.4463069e-81       1.0000000
      0.00000       3.7020000   1.3888682e-81       1.0000000
      0.00000       3.7030000   1.3337253e-81       1.0000000
      0.00000       3.7040000   1.2807858e-81       1.0000000
      0.00000       3.7050000   1.2299611e-81       1.0000000
      0.00000       3.7060000   1.1811661e-81       1.0000000
      0.00000       3.7070000   1.1343193e-81       1.0000000
      0.00000       3.7080000   1.0893424e-81       1.0000000
      0.00000       3.7090000   1.0461602e-81       1.0000000
      0.00000       3.7100000   1.0047009e-81       1.0000000
      0.00000       3.7110000   9.6489501e-82       1.0000000
      0.00000       3.7120000   9.2667635e-82       1.0000000
      0.00000       3.7130000   8.8998119e-82       1.0000000
      0.00000       3.7140000   8.5474841e-82       1.0000000
      0.00000       3.7150000   8.2091936e-82       1.0000000
      0.00000       3.7160000   7.8843776e-82       1.0000000
      0.00000       3.7170000   7.5724959e-82       1.0000000
      0.00000       3.7180000   7.2730303e-82       1.0000000
      0.00000       3.7190000   6.9854833e-82       1.0000000
      0.00000       3.7200000   6.7093775e-82       1.0000000
      0.00000       3.7210000   6.4442549e-82       1.0000000
      0.00000       3.7220000   6.1896757e-82       1.0000000
      0.00000       3.7230000   5.9452179e-82       1.0000000
      0.00000       3.7240000   5.7104767e-82       1.0000000
      0.00000       3.7250000   5.4850634e-82       1.0000000
      0.00000       3.7260000   5.2686049e-82       1.0000000
      0.00000       3.7270000   5.0607432e-82       1.0000000
      0.00000       3.7280000   4.8611348e-82       1.0000000
      0.00000       3.7290000   4.6694498e-82       1.0000000
      0.00000       3.7300000   4.4853717e-82       1.0000000
      0.00000       3.7310000   4.3085968e-82       1.0000000
      0.00000       3.7320000   4.1388335e-82       1.0000000
      0.00000       3.7330000   3.9758018e-82       1.0000000
      0.00000       3.7340000   3.8192331e-82       1.0000000
      0.00000       3.7350000   3.6688697e-82       1.0000000
      0.00000       3.7360000   3.5244640e-82       1.0000000
      0.00000       3.7370000   3.3857784e-82       1.0000000
      0.00000       3.7380000   3.2525850e-82       1.0000000
      0.00000       3.7390000   3.1246648e-82       1.0000000
      0.00000       3.7400000   3.0018078e-82       1.0000000
      0.00000       3.7410000   2.8838123e-82       1.0000000
      0.00000       3.7420000   2.7704846e-82       1.0000000
      0.00000       3.7430000   2.6616390e-82       1.0000000
      0.00000       3.7440000   2.5570970e-82       1.0000000
      0.00000       3.7450000   2.4566874e-82       1.0000000
      0.00000       3.7460000   2.3602459e-82       1.0000000
      0.00000       3.7470000   2.2676146e-82       1.0000000
      0.00000       3.7480000   2.1786420e-82       1.0000000
      0.00000       3.7490000   2.0931828e-82       1.0000000
      0.00000       3.7500000   2.0110972e-82       1.0000000
      0.00000       3.7510000   1.9322512e-82       1.0000000
      0.00000       3.7520000   1.8565163e-82       1.0000000
      0.00000       3.7530000   1.7837687e-82       1.0000000
      0.00000       3.7540000   1.7138901e-82       1.0000000
      0.00000       3.7550000   1.6467665e-82       1.0000000
      0.00000       3.7560000   1.5822885e-82       1.0000000
      0.00000       3.7570000   1.5203513e-82       1.0000000
      0.00000       3.7580000   1.4608541e-82       1.0000000
      0.00000       3.7590000   1.4037002e-82       1.0000000
      0.00000       3.7600000   1.3487966e-82       1.0000000
      0.00000       3.7610000   1.2960543e-82       1.0000000
      0.00000       3.7620000   1.2453876e-82       1.0000000
      0.00000       3.7630000   1.1967143e-82       1.0000000
      0.00000       3.7640000   1.1499554e-82       1.0000000
      0.00000       3.7650000   1.1050352e-82       1.0000000
      0.00000       3.7660000   1.0618810e-82       1.0000000
      0.00000       3.7670000   1.0204229e-82       1.0000000
      0.00000       3.7680000   9.8059369e-83       1.0000000
      0.00000       3.7690000   9.4232908e-83       1.0000000
      0.00000       3.7700000   9.0556720e-83       1.0000000
      0.00000       3.7710000   8.7024864e-83       1.0000000
      0.00000       3.7720000   8.3631638e-83       1.0000000
      0.00000       3.7730000   8.0371566e-83       1.0000000
      0.00000       3.7740000   7.7239390e-83       1.0000000
      0.00000       3.7750000   7.4230061e-83       1.0000000
      0.00000       3.7760000   7.1338729e-83       1.0000000
      0.00000       3.7770000   6.8560739e-83       1.0000000
      0.00000       3.7780000   6.5891618e-83       1.0000000
      0.00000       3.7790000   6.3327074e-83       1.0000000
      0.00000       3.7800000   6.0862983e-83       1.0000000
      0.00000       3.7810000   5.8495386e-83       1.0000000
      0.00000       3.7820000   5.6220478e-83       1.0000000
      0.00000       3.7830000   5.4034610e-83       1.0000000
      0.00000       3.7840000   5.1934273e-83       1.0000000
      0.00000       3.7850000   4.9916099e-83       1.0000000
      0.00000       3.7860000   4.7976854e-83       1.0000000
      0.00000       3.7870000   4.6113432e-83       1.0000000
      0.00000       3.7880000   4.4322848e-83       1.0000000
      0.00000       3.7890000   4.2602239e-83       1.0000000
      0.00000       3.7900000   4.0948851e-83       1.0000000
      0.00000       3.7910000   3.9360042e-83       1.0000000
      0.00000       3.7920000   3.7833273e-83       1.0000000
      0.00000       3.7930000   3.6366107e-83       1.0000000
      0.00000       3.7940000   3.4956201e-83       1.0000000
      0.00000       3.7950000   3.3601308e-83       1.0000000
      0.00000       3.7960000   3.2299266e-83       1.0000000
      0.00000       3.7970000   3.1048001e-83       1.0000000
      0.00000       3.7980000   2.9845520e-83       1.0000000
      0.00000       3.7990000   2.8689910e-83       1.0000000
      0.00000       3.8000000   2.7579331e-83       1.0000000
      0.00000       3.8010000   2.6512017e-83       1.0000000
      0.00000       3.8020000   2.5486273e-83       1.0000000
      0.00000       3.8030000   2.4500469e-83       1.0000000
      0.00000       3.8040000   2.3553040e-83       1.0000000
      0.00000       3.8050000   2.2642483e-83       1.0000000
      0.00000       3.8060000   2.1767353e-83       1.0000000
      0.00000       3.8070000   2.0926264e-83       1.0000000
      0.00000       3.8080000   2.0117882e-83       1.0000000
      0.00000       3.8090000   1.9340928e-83       1.0000000
      0.00000       3.8100000   1.8594173e-83       1.0000000
      0.00000       3.8110000   1.7876434e-83       1.0000000
      0.00000       3.8120000   1.7186578e-83       1.0000000
      0.00000       3.8130000   1.6523514e-83       1.0000000
      0.00000       3.8140000   1.5886196e-83       1.0000000
      0.00000       3.8150000   1.5273616e-83       1.0000000
      0.00000       3.8160000   1.4684809e-83       1.0000000
      0.00000       3.8170000   1.4118847e-83       1.0000000
      0.00000       3.8180000   1.3574836e-83       1.0000000
      0.00000       3.8190000   1.3051922e-83       1.0000000
      0.00000       3.8200000   1.2549279e-83       1.0000000
      0.00000       3.8210000   1.2066118e-83       1.0000000
      0.00000       3.8220000   1.1601678e-83       1.0000000
      0.00000       3.8230000   1.1155229e-83       1.0000000
      0.00000       3.8240000   1.0726071e-83       1.0000000
      0.00000       3.8250000   1.0313529e-83       1.0000000
      0.00000       3.8260000   9.9169554e-84       1.0000000
      0.00000       3.8270000   9.5357285e-84       1.0000000
      0.00000       3.8280000   9.1692507e-84       1.0000000
      0.00000       3.8290000   8.8169476e-84       1.0000000
      0.00000       3.8300000   8.4782675e-84       1.0000000
      0.00000       3.8310000   8.1526804e-84       1.0000000
      0.00000       3.8320000   7.8396767e-84       1.0000000
      0.00000       3.8330000   7.5387671e-84       1.0000000
      0.00000       3.8340000   7.2494813e-84       1.0000000
      0.00000       3.8350000   6.9713674e-84       1.0000000
      0.00000       3.8360000   6.7039912e-84       1.0000000
      0.00000       3.8370000   6.4469356e-84       1.0000000
      0.00000       3.8380000   6.1997996e-84       1.0000000
      0.00000       3.8390000   5.9621980e-84       1.0000000
      0.00000       3.8400000   5.7337606e-84       1.0000000
      0.00000       3.8410000   5.5141317e-84       1.0000000
      0.00000       3.8420000   5.3029696e-84       1.0000000
      0.00000       3.8430000   5.0999456e-84       1.0000000
      0.00000       3.8440000   4.9047442e-84       1.0000000
      0.00000       3.8450000   4.7170621e-84       1.0000000
      0.00000       3.8460000   4.5366077e-84       1.0000000
      0.00000       3.8470000   4.3631010e-84       1.0000000
      0.00000       3.8480000   4.1962727e-84       1.0000000
      0.00000       3.8490000   4.0358642e-84       1.0000000
      0.00000       3.8500000   3.8816269e-84       1.0000000
      0.00000       3.8510000   3.7333217e-84       1.0000000
      0.00000       3.8520000   3.5907192e-84       1.0000000
      0.00000       3.8530000   3.4535986e-84       1.0000000
      0.00000       3.8540000   3.3217479e-84       1.0000000
      0.00000       3.8550000   3.1949632e-84       1.0000000
      0.00000       3.8560000   3.0730486e-84       1.0000000
      0.00000       3.8570000   2.9558159e-84       1.0000000
      0.00000       3.8580000   2.8430842e-84       1.0000000
      0.00000       3.8590000   2.7346794e-84       1.0000000
      0.00000       3.8600000   2.6304346e-84       1.0000000
      0.00000       3.8610000   2.5301890e-84       1.0000000
      0.00000       3.8620000   2.4337883e-84       1.0000000
      0.00000       3.8630000   2.3410840e-84       1.0000000
      0.00000       3.8640000   2.2519334e-84       1.0000000
      0.00000       3.8650000   2.1661996e-84       1.0000000
      0.00000       3.8660000   2.0837507e-84       1.0000000
      0.00000       3.8670000   2.0044600e-84       1.0000000
      0.00000       3.8680000   1.9282059e-84       1.0000000
      0.00000       3.8690000   1.8548712e-84       1.0000000
      0.00000       3.8700000   1.7843435e-84       1.0000000
      0.00000       3.8710000   1.7165147e-84       1.0000000
      0.00000       3.8720000   1.6512807e-84       1.0000000
      0.00000       3.8730000   1.5885419e-84       1.0000000
      0.00000       3.8740000   1.5282020e-84       1.0000000
      0.00000       3.8750000   1.4701687e-84       1.0000000
      0.00000       3.8760000   1.4143535e-84       1.0000000
      0.00000       3.8770000   1.3606708e-84       1.0000000
      0.00000       3.8780000   1.3090387e-84       1.0000000
      0.00000       3.8790000   1.2593785e-84       1.0000000
      0.00000       3.8800000   1.2116143e-84       1.0000000
      0.00000       3.8810000   1.1656732e-84       1.0000000
      0.00000       3.8820000   1.1214852e-84       1.0000000
      0.00000       3.8830000   1.0789831e-84       1.0000000
      0.00000       3.8840000   1.0381020e-84       1.0000000
      0.00000       3.8850000   9.9877978e-85       1.0000000
      0.00000       3.8860000   9.6095660e-85       1.0000000
      0.00000       3.8870000   9.2457494e-85       1.0000000
      0.00000       3.8880000   8.8957952e-85       1.0000000
      0.00000       3.8890000   8.5591717e-85       1.0000000
      0.00000       3.8900000   8.2353681e-85       1.0000000
      0.00000       3.8910000   7.9238928e-85       1.0000000
      0.00000       3.8920000   7.6242736e-85       1.0000000
      0.00000       3.8930000   7.3360563e-85       1.0000000
      0.00000       3.8940000   7.0588042e-85       1.0000000
      0.00000       3.8950000   6.7920975e-85       1.0000000
      0.00000       3.8960000   6.5355325e-85       1.0000000
      0.00000       3.8970000   6.2887212e-85       1.0000000
      0.00000       3.8980000   6.0512904e-85       1.0000000
      0.00000       3.8990000   5.8228813e-85       1.0000000
      0.00000       3.9000000   5.6031488e-85       1.0000000
      0.00000       3.9010000   5.3917614e-85       1.0000000
      0.00000       3.9020000   5.1884000e-85       1.0000000
      0.00000       3.9030000   4.9927580e-85       1.0000000
      0.00000       3.9040000   4.8045406e-85       1.0000000
      0.00000       3.9050000   4.6234640e-85       1.0000000
      0.00000       3.9060000   4.4492557e-85       1.0000000
      0.00000       3.9070000   4.2816536e-85       1.0000000
      0.00000       3.9080000   4.1204055e-85       1.0000000
      0.00000       3.9090000   3.9652689e-85       1.0000000
      0.00000       3.9100000   3.8160109e-85       1.0000000
      0.00000       3.9110000   3.6724071e-85       1.0000000
      0.00000       3.9120000   3.5342421e-85       1.0000000
      0.00000       3.9130000   3.4013085e-85       1.0000000
      0.00000       3.9140000   3.2734071e-85       1.0000000
      0.00000       3.9150000   3.1503460e-85       1.0000000
      0.00000       3.9160000   3.0319410e-85       1.0000000
      0.00000       3.9170000   2.9180147e-85       1.0000000
      0.00000       3.9180000   2.8083968e-85       1.0000000
      0.00000       3.9190000   2.7029231e-85       1.0000000
      0.00000       3.9200000   2.6014361e-85       1.0000000
      0.00000       3.9210000   2.5037840e-85       1.0000000
      0.00000       3.9220000   2.4098212e-85       1.0000000
      0.00000       3.9230000   2.3194072e-85       1.0000000
      0.00000       3.9240000   2.2324072e-85       1.0000000
      0.00000       3.9250000   2.1486914e-85       1.0000000
      0.00000       3.9260000   2.0681352e-85       1.0000000
      0.00000       3.9270000   1.9906184e-85       1.0000000
      0.00000       3.9280000   1.9160258e-85       1.0000000
      0.00000       3.9290000   1.8442462e-85       1.0000000
      0.00000       3.9300000   1.7751729e-85       1.0000000
      0.00000       3.9310000   1.7087032e-85       1.0000000
      0.00000       3.9320000   1.6447384e-85       1.0000000
      0.00000       3.9330000   1.5831835e-85       1.0000000
      0.00000       3.9340000   1.5239470e-85       1.0000000
      0.00000       3.9350000   1.4669412e-85       1.0000000
      0.00000       3.9360000   1.4120815e-85       1.0000000
      0.00000       3.9370000   1.3592865e-85       1.0000000
      0.00000       3.9380000   1.3084781e-85       1.0000000
      0.00000       3.9390000   1.2595810e-85       1.0000000
      0.00000       3.9400000   1.2125229e-85       1.0000000
      0.00000       3.9410000   1.1672341e-85       1.0000000
      0.00000       3.9420000   1.1236478e-85       1.0000000
      0.00000       3.9430000   1.0816996e-85       1.0000000
      0.00000       3.9440000   1.0413273e-85       1.0000000
      0.00000       3.9450000   1.0024716e-85       1.0000000
      0.00000       3.9460000   9.6507502e-86       1.0000000
      0.00000       3.9470000   9.2908244e-86       1.0000000
      0.00000       3.9480000   8.9444082e-86       1.0000000
      0.00000       3.9490000   8.6109913e-86       1.0000000
      0.00000       3.9500000   8.2900828e-86       1.0000000
      0.00000       3.9510000   7.9812104e-86       1.0000000
      0.00000       3.9520000   7.6839198e-86       1.0000000
      0.00000       3.9530000   7.3977740e-86       1.0000000
      0.00000       3.9540000   7.1223525e-86       1.0000000
      0.00000       3.9550000   6.8572509e-86       1.0000000
      0.00000       3.9560000   6.6020799e-86       1.0000000
      0.00000       3.9570000   6.3564652e-86       1.0000000
      0.00000       3.9580000   6.1200466e-86       1.0000000
      0.00000       3.9590000   5.8924777e-86       1.0000000
      0.00000       3.9600000   5.6734251e-86       1.0000000
      0.00000       3.9610000   5.4625679e-86       1.0000000
      0.00000       3.9620000   5.2595978e-86       1.0000000
      0.00000       3.9630000   5.0642176e-86       1.0000000
      0.00000       3.9640000   4.8761420e-86       1.0000000
      0.00000       3.9650000   4.6950959e-86       1.0000000
      0.00000       3.9660000   4.5208150e-86       1.0000000
      0.00000       3.9670000   4.3530448e-86       1.0000000
      0.00000       3.9680000   4.1915407e-86       1.0000000
      0.00000       3.9690000   4.0360671e-86       1.0000000
      0.00000       3.9700000   3.8863973e-86       1.0000000
      0.00000       3.9710000   3.7423134e-86       1.0000000
      0.00000       3.9720000   3.6036055e-86       1.0000000
      0.00000       3.9730000   3.4700717e-86       1.0000000
      0.00000       3.9740000   3.3415179e-86       1.0000000
      0.00000       3.9750000   3.2177571e-86       1.0000000
      0.00000       3.9760000   3.0986095e-86       1.0000000
      0.00000       3.9770000   2.9839021e-86       1.0000000
      0.00000       3.9780000   2.8734682e-86       1.0000000
      0.00000       3.9790000   2.7671477e-86       1.0000000
      0.00000       3.9800000   2.6647864e-86       1.0000000
      0.00000       3.9810000   2.5662359e-86       1.0000000
      0.00000       3.9820000   2.4713534e-86       1.0000000
      0.00000       3.9830000   2.3800016e-86       1.0000000
      0.00000       3.9840000   2.2920482e-86       1.0000000
      0.00000       3.9850000   2.2073660e-86       1.0000000
      0.00000       3.9860000   2.1258326e-86       1.0000000
      0.00000       3.9870000   2.0473301e-86       1.0000000
      0.00000       3.9880000   1.9717451e-86       1.0000000
      0.00000       3.9890000   1.8989685e-86       1.0000000
      0.00000       3.9900000   1.8288954e-86       1.0000000
      0.00000       3.9910000   1.7614245e-86       1.0000000
      0.00000       3.9920000   1.6964588e-86       1.0000000
      0.00000       3.9930000   1.6339046e-86       1.0000000
      0.00000       3.9940000   1.5736717e-86       1.0000000
      0.00000       3.9950000   1.5156735e-86       1.0000000
      0.00000       3.9960000   1.4598266e-86       1.0000000
      0.00000       3.9970000   1.4060507e-86       1.0000000
      0.00000       3.9980000   1.3542684e-86       1.0000000
      0.00000       3.9990000   1.3044054e-86       1.0000000
      0.00000       4.0000000   1.2563901e-86       1.0000000
      0.00000       4.0010000   1.2101536e-86       1.0000000
      0.00000       4.0020000   1.1656296e-86       1.0000000
      0.00000       4.0030000   1.1227542e-86       1.0000000
      0.00000       4.0040000   1.0814661e-86       1.0000000
      0.00000       4.0050000   1.0417060e-86       1.0000000
      0.00000       4.0060000   1.0034170e-86       1.0000000
      0.00000       4.0070000   9.6654449e-87       1.0000000
      0.00000       4.0080000   9.3103559e-87       1.0000000
      0.00000       4.0090000   8.9683960e-87       1.0000000
      0.00000       4.0100000   8.6390765e-87       1.0000000
      0.00000       4.0110000   8.3219273e-87       1.0000000
      0.00000       4.0120000   8.0164956e-87       1.0000000
      0.00000       4.0130000   7.7223459e-87       1.0000000
      0.00000       4.0140000   7.4390588e-87       1.0000000
      0.00000       4.0150000   7.1662305e-87       1.0000000
      0.00000       4.0160000   6.9034724e-87       1.0000000
      0.00000       4.0170000   6.6504105e-87       1.0000000
      0.00000       4.0180000   6.4066847e-87       1.0000000
      0.00000       4.0190000   6.1719484e-87       1.0000000
      0.00000       4.0200000   5.9458678e-87       1.0000000
      0.00000       4.0210000   5.7281218e-87       1.0000000
      0.00000       4.0220000   5.5184012e-87       1.0000000
      0.00000       4.0230000   5.3164083e-87       1.0000000
      0.00000       4.0240000   5.1218565e-87       1.0000000
      0.00000       4.0250000   4.9344699e-87       1.0000000
      0.00000       4.0260000   4.7539831e-87       1.0000000
      0.00000       4.0270000   4.5801402e-87       1.0000000
      0.00000       4.0280000   4.4126952e-87       1.0000000
      0.00000       4.0290000   4.2514111e-87       1.0000000
      0.00000       4.0300000   4.0960598e-87       1.0000000
      0.00000       4.0310000   3.9464217e-87       1.0000000
      0.00000       4.0320000   3.8022853e-87       1.0000000
      0.00000       4.0330000   3.6634470e-87       1.0000000
      0.00000       4.0340000   3.5297109e-87       1.0000000
      0.00000       4.0350000   3.4008882e-87       1.0000000
      0.00000       4.0360000   3.2767973e-87       1.0000000
      0.00000       4.0370000   3.1572633e-87       1.0000000
      0.00000       4.0380000   3.0421178e-87       1.0000000
      0.00000       4.0390000   2.9311985e-87       1.0000000
      0.00000       4.0400000   2.8243496e-87       1.0000000
      0.00000       4.0410000   2.7214205e-87       1.0000000
      0.00000       4.0420000   2.6222666e-87       1.0000000
      0.00000       4.0430000   2.5267485e-87       1.0000000
      0.00000       4.0440000   2.4347321e-87       1.0000000
      0.00000       4.0450000   2.3460881e-87       1.0000000
      0.00000       4.0460000   2.2606923e-87       1.0000000
      0.00000       4.0470000   2.1784247e-87       1.0000000
      0.00000       4.0480000   2.0991701e-87       1.0000000
      0.00000       4.0490000   2.0228175e-87       1.0000000
      0.00000       4.0500000   1.9492598e-87       1.0000000
      0.00000       4.0510000   1.8783942e-87       1.0000000
      0.00000       4.0520000   1.8101214e-87       1.0000000
      0.00000       4.0530000   1.7443461e-87       1.0000000
      0.00000       4.0540000   1.6809762e-87       1.0000000
      0.00000       4.0550000   1.6199232e-87       1.0000000
      0.00000       4.0560000   1.5611019e-87       1.0000000
      0.00000       4.0570000   1.5044302e-87       1.0000000
      0.00000       4.0580000   1.4498291e-87       1.0000000
      0.00000       4.0590000   1.3972223e-87       1.0000000
      0.00000       4.0600000   1.3465366e-87       1.0000000
      0.00000       4.0610000   1.2977014e-87       1.0000000
      0.00000       4.0620000   1.2506487e-87       1.0000000
      0.00000       4.0630000   1.2053131e-87       1.0000000
      0.00000       4.0640000   1.1616313e-87       1.0000000
      0.00000       4.0650000   1.1195429e-87       1.0000000
      0.00000       4.0660000   1.0789891e-87       1.0000000
      0.00000       4.0670000   1.0399138e-87       1.0000000
      0.00000       4.0680000   1.0022627e-87       1.0000000
      0.00000       4.0690000   9.6598356e-88       1.0000000
      0.00000       4.0700000   9.3102604e-88       1.0000000
      0.00000       4.0710000   8.9734171e-88       1.0000000
      0.00000       4.0720000   8.6488390e-88       1.0000000
      0.00000       4.0730000   8.3360767e-88       1.0000000
      0.00000       4.0740000   8.0346972e-88       1.0000000
      0.00000       4.0750000   7.7442836e-88       1.0000000
      0.00000       4.0760000   7.4644345e-88       1.0000000
      0.00000       4.0770000   7.1947630e-88       1.0000000
      0.00000       4.0780000   6.9348967e-88       1.0000000
      0.00000       4.0790000   6.6844767e-88       1.0000000
      0.00000       4.0800000   6.4431575e-88       1.0000000
      0.00000       4.0810000   6.2106063e-88       1.0000000
      0.00000       4.0820000   5.9865023e-88       1.0000000
      0.00000       4.0830000   5.7705369e-88       1.0000000
      0.00000       4.0840000   5.5624126e-88       1.0000000
      0.00000       4.0850000   5.3618429e-88       1.0000000
      0.00000       4.0860000   5.1685517e-88       1.0000000
      0.00000       4.0870000   4.9822734e-88       1.0000000
      0.00000       4.0880000   4.8027518e-88       1.0000000
      0.00000       4.0890000   4.6297403e-88       1.0000000
      0.00000       4.0900000   4.4630013e-88       1.0000000
      0.00000       4.0910000   4.3023059e-88       1.0000000
      0.00000       4.0920000   4.1474337e-88       1.0000000
      0.00000       4.0930000   3.9981724e-88       1.0000000
      0.00000       4.0940000   3.8543173e-88       1.0000000
      0.00000       4.0950000   3.7156714e-88       1.0000000
      0.00000       4.0960000   3.5820448e-88       1.0000000
      0.00000       4.0970000   3.4532548e-88       1.0000000
      0.00000       4.0980000   3.3291250e-88       1.0000000
      0.00000       4.0990000   3.2094858e-88       1.0000000
      0.00000       4.1000000   3.0941738e-88       1.0000000
      0.00000       4.1010000   2.9830314e-88       1.0000000
      0.00000       4.1020000   2.8759068e-88       1.0000000
      0.00000       4.1030000   2.7726539e-88       1.0000000
      0.00000       4.1040000   2.6731320e-88       1.0000000
      0.00000       4.1050000   2.5772052e-88       1.0000000
      0.00000       4.1060000   2.4847429e-88       1.0000000
      0.00000       4.1070000   2.3956192e-88       1.0000000
      0.00000       4.1080000   2.3097128e-88       1.0000000
      0.00000       4.1090000   2.2269067e-88       1.0000000
      0.00000       4.1100000   2.1470884e-88       1.0000000
      0.00000       4.1110000   2.0701494e-88       1.0000000
      0.00000       4.1120000   1.9959852e-88       1.0000000
      0.00000       4.1130000   1.9244950e-88       1.0000000
      0.00000       4.1140000   1.8555818e-88       1.0000000
      0.00000       4.1150000   1.7891522e-88       1.0000000
      0.00000       4.1160000   1.7251160e-88       1.0000000
      0.00000       4.1170000   1.6633865e-88       1.0000000
      0.00000       4.1180000   1.6038800e-88       1.0000000
      0.00000       4.1190000   1.5465160e-88       1.0000000
      0.00000       4.1200000   1.4912169e-88       1.0000000
      0.00000       4.1210000   1.4379078e-88       1.0000000
      0.00000       4.1220000   1.3865167e-88       1.0000000
      0.00000       4.1230000   1.3369741e-88       1.0000000
      0.00000       4.1240000   1.2892131e-88       1.0000000
      0.00000       4.1250000   1.2431693e-88       1.0000000
      0.00000       4.1260000   1.1987805e-88       1.0000000
      0.00000       4.1270000   1.1559868e-88       1.0000000
      0.00000       4.1280000   1.1147306e-88       1.0000000
      0.00000       4.1290000   1.0749562e-88       1.0000000
      0.00000       4.1300000   1.0366102e-88       1.0000000
      0.00000       4.1310000   9.9964078e-89       1.0000000
      0.00000       4.1320000   9.6399834e-89       1.0000000
      0.00000       4.1330000   9.2963490e-89       1.0000000
      0.00000       4.1340000   8.9650428e-89       1.0000000
      0.00000       4.1350000   8.6456197e-89       1.0000000
      0.00000       4.1360000   8.3376508e-89       1.0000000
      0.00000       4.1370000   8.0407226e-89       1.0000000
      0.00000       4.1380000   7.7544368e-89       1.0000000
      0.00000       4.1390000   7.4784097e-89       1.0000000
      0.00000       4.1400000   7.2122711e-89       1.0000000
      0.00000       4.1410000   6.9556647e-89       1.0000000
      0.00000       4.1420000   6.7082467e-89       1.0000000
      0.00000       4.1430000   6.4696862e-89       1.0000000
      0.00000       4.1440000   6.2396640e-89       1.0000000
      0.00000       4.1450000   6.0178725e-89       1.0000000
      0.00000       4.1460000   5.8040153e-89       1.0000000
      0.00000       4.1470000   5.5978068e-89       1.0000000
      0.00000       4.1480000   5.3989717e-89       1.0000000
      0.00000       4.1490000   5.2072447e-89       1.0000000
      0.00000       4.1500000   5.0223700e-89       1.0000000
      0.00000       4.1510000   4.8441012e-89       1.0000000
      0.00000       4.1520000   4.6722007e-89       1.0000000
      0.00000       4.1530000   4.5064395e-89       1.0000000
      0.00000       4.1540000   4.3465971e-89       1.0000000
      0.00000       4.1550000   4.1924606e-89       1.0000000
      0.00000       4.1560000   4.0438252e-89       1.0000000
      0.00000       4.1570000   3.9004933e-89       1.0000000
      0.00000       4.1580000   3.7622744e-89       1.0000000
      0.00000       4.1590000   3.6289849e-89       1.0000000
      0.00000       4.1600000   3.5004479e-89       1.0000000
      0.00000       4.1610000   3.3764929e-89       1.0000000
      0.00000       4.1620000   3.2569555e-89       1.0000000
      0.00000       4.1630000   3.1416773e-89       1.0000000
      0.00000       4.1640000   3.0305056e-89       1.0000000
      0.00000       4.1650000   2.9232930e-89       1.0000000
      0.00000       4.1660000   2.8198978e-89       1.0000000
      0.00000       4.1670000   2.7201831e-89       1.0000000
      0.00000       4.1680000   2.6240171e-89       1.0000000
      0.00000       4.1690000   2.5312727e-89       1.0000000
      0.00000       4.1700000   2.4418274e-89       1.0000000
      0.00000       4.1710000   2.3555631e-89       1.0000000
      0.00000       4.1720000   2.2723658e-89       1.0000000
      0.00000       4.1730000   2.1921260e-89       1.0000000
      0.00000       4.1740000   2.1147377e-89       1.0000000
      0.00000       4.1750000   2.0400990e-89       1.0000000
      0.00000       4.1760000   1.9681116e-89       1.0000000
      0.00000       4.1770000   1.8986806e-89       1.0000000
      0.00000       4.1780000   1.8317148e-89       1.0000000
      0.00000       4.1790000   1.7671261e-89       1.0000000
      0.00000       4.1800000   1.7048295e-89       1.0000000
      0.00000       4.1810000   1.6447431e-89       1.0000000
      0.00000       4.1820000   1.5867881e-89       1.0000000
      0.00000       4.1830000   1.5308884e-89       1.0000000
      0.00000       4.1840000   1.4769705e-89       1.0000000
      0.00000       4.1850000   1.4249639e-89       1.0000000
      0.00000       4.1860000   1.3748003e-89       1.0000000
      0.00000       4.1870000   1.3264139e-89       1.0000000
      0.00000       4.1880000   1.2797415e-89       1.0000000
      0.00000       4.1890000   1.2347219e-89       1.0000000
      0.00000       4.1900000   1.1912962e-89       1.0000000
      0.00000       4.1910000   1.1494077e-89       1.0000000
      0.00000       4.1920000   1.1090015e-89       1.0000000
      0.00000       4.1930000   1.0700248e-89       1.0000000
      0.00000       4.1940000   1.0324269e-89       1.0000000
      0.00000       4.1950000   9.9615848e-90       1.0000000
      0.00000       4.1960000   9.6117238e-90       1.0000000
      0.00000       4.1970000   9.2742293e-90       1.0000000
      0.00000       4.1980000   8.9486614e-90       1.0000000
      0.00000       4.1990000   8.6345959e-90       1.0000000
      0.00000       4.2000000   8.3316238e-90       1.0000000
      0.00000       4.2010000   8.0393508e-90       1.0000000
      0.00000       4.2020000   7.7573967e-90       1.0000000
      0.00000       4.2030000   7.4853948e-90       1.0000000
      0.00000       4.2040000   7.2229916e-90       1.0000000
      0.00000       4.2050000   6.9698462e-90       1.0000000
      0.00000       4.2060000   6.7256298e-90       1.0000000
      0.00000       4.2070000   6.4900256e-90       1.0000000
      0.00000       4.2080000   6.2627279e-90       1.0000000
      0.00000       4.2090000   6.0434419e-90       1.0000000
      0.00000       4.2100000   5.8318835e-90       1.0000000
      0.00000       4.2110000   5.6277785e-90       1.0000000
      0.00000       4.2120000   5.4308629e-90       1.0000000
      0.00000       4.2130000   5.2408815e-90       1.0000000
      0.00000       4.2140000   5.0575889e-90       1.0000000
      0.00000       4.2150000   4.8807478e-90       1.0000000
      0.00000       4.2160000   4.7101299e-90       1.0000000
      0.00000       4.2170000   4.5455146e-90       1.0000000
      0.00000       4.2180000   4.3866896e-90       1.0000000
      0.00000       4.2190000   4.2334497e-90       1.0000000
      0.00000       4.2200000   4.0855974e-90       1.0000000
      0.00000       4.2210000   3.9429420e-90       1.0000000
      0.00000       4.2220000   3.8052997e-90       1.0000000
      0.00000       4.2230000   3.6724932e-90       1.0000000
      0.00000       4.2240000   3.5443515e-90       1.0000000
      0.00000       4.2250000   3.4207097e-90       1.0000000
      0.00000       4.2260000   3.3014088e-90       1.0000000
      0.00000       4.2270000   3.1862954e-90       1.0000000
      0.00000       4.2280000   3.0752216e-90       1.0000000
      0.00000       4.2290000   2.9680447e-90       1.0000000
      0.00000       4.2300000   2.8646272e-90       1.0000000
      0.00000       4.2310000   2.7648362e-90       1.0000000
      0.00000       4.2320000   2.6685439e-90       1.0000000
      0.00000       4.2330000   2.5756268e-90       1.0000000
      0.00000       4.2340000   2.4859659e-90       1.0000000
      0.00000       4.2350000   2.3994462e-90       1.0000000
      0.00000       4.2360000   2.3159570e-90       1.0000000
      0.00000       4.2370000   2.2353916e-90       1.0000000
      0.00000       4.2380000   2.1576468e-90       1.0000000
      0.00000       4.2390000   2.0826233e-90       1.0000000
      0.00000       4.2400000   2.0102252e-90       1.0000000
      0.00000       4.2410000   1.9403601e-90       1.0000000
      0.00000       4.2420000   1.8729388e-90       1.0000000
      0.00000       4.2430000   1.8078752e-90       1.0000000
      0.00000       4.2440000   1.7450864e-90       1.0000000
      0.00000       4.2450000   1.6844923e-90       1.0000000
      0.00000       4.2460000   1.6260157e-90       1.0000000
      0.00000       4.2470000   1.5695822e-90       1.0000000
      0.00000       4.2480000   1.5151199e-90       1.0000000
      0.00000       4.2490000   1.4625595e-90       1.0000000
      0.00000       4.2500000   1.4118342e-90       1.0000000
      0.00000       4.2510000   1.3628795e-90       1.0000000
      0.00000       4.2520000   1.3156332e-90       1.0000000
      0.00000       4.2530000   1.2700353e-90       1.0000000
      0.00000       4.2540000   1.2260280e-90       1.0000000
      0.00000       4.2550000   1.1835553e-90       1.0000000
      0.00000       4.2560000   1.1425634e-90       1.0000000
      0.00000       4.2570000   1.1030004e-90       1.0000000
      0.00000       4.2580000   1.0648162e-90       1.0000000
      0.00000       4.2590000   1.0279623e-90       1.0000000
      0.00000       4.2600000   9.9239221e-91       1.0000000
      0.00000       4.2610000   9.5806083e-91       1.0000000
      0.00000       4.2620000   9.2492476e-91       1.0000000
      0.00000       4.2630000   8.9294213e-91       1.0000000
      0.00000       4.2640000   8.6207254e-91       1.0000000
      0.00000       4.2650000   8.3227699e-91       1.0000000
      0.00000       4.2660000   8.0351788e-91       1.0000000
      0.00000       4.2670000   7.7575893e-91       1.0000000
      0.00000       4.2680000   7.4896513e-91       1.0000000
      0.00000       4.2690000   7.2310271e-91       1.0000000
      0.00000       4.2700000   6.9813909e-91       1.0000000
      0.00000       4.2710000   6.7404284e-91       1.0000000
      0.00000       4.2720000   6.5078361e-91       1.0000000
      0.00000       4.2730000   6.2833216e-91       1.0000000
      0.00000       4.2740000   6.0666025e-91       1.0000000
      0.00000       4.2750000   5.8574063e-91       1.0000000
      0.00000       4.2760000   5.6554704e-91       1.0000000
      0.00000       4.2770000   5.4605410e-91       1.0000000
      0.00000       4.2780000   5.2723736e-91       1.0000000
      0.00000       4.2790000   5.0907321e-91       1.0000000
      0.00000       4.2800000   4.9153886e-91       1.0000000
      0.00000       4.2810000   4.7461235e-91       1.0000000
      0.00000       4.2820000   4.5827247e-91       1.0000000
      0.00000       4.2830000   4.4249875e-91       1.0000000
      0.00000       4.2840000   4.2727146e-91       1.0000000
      0.00000       4.2850000   4.1257155e-91       1.0000000
      0.00000       4.2860000   3.9838062e-91       1.0000000
      0.00000       4.2870000   3.8468096e-91       1.0000000
      0.00000       4.2880000   3.7145543e-91       1.0000000
      0.00000       4.2890000   3.5868753e-91       1.0000000
      0.00000       4.2900000   3.4636132e-91       1.0000000
      0.00000       4.2910000   3.3446142e-91       1.0000000
      0.00000       4.2920000   3.2297300e-91       1.0000000
      0.00000       4.2930000   3.1188173e-91       1.0000000
      0.00000       4.2940000   3.0117381e-91       1.0000000
      0.00000       4.2950000   2.9083588e-91       1.0000000
      0.00000       4.2960000   2.8085510e-91       1.0000000
      0.00000       4.2970000   2.7121903e-91       1.0000000
      0.00000       4.2980000   2.6191570e-91       1.0000000
      0.00000       4.2990000   2.5293355e-91       1.0000000
      0.00000       4.3000000   2.4426142e-91       1.0000000
      0.00000       4.3010000   2.3588853e-91       1.0000000
      0.00000       4.3020000   2.2780450e-91       1.0000000
      0.00000       4.3030000   2.1999930e-91       1.0000000
      0.00000       4.3040000   2.1246325e-91       1.0000000
      0.00000       4.3050000   2.0518700e-91       1.0000000
      0.00000       4.3060000   1.9816155e-91       1.0000000
      0.00000       4.3070000   1.9137819e-91       1.0000000
      0.00000       4.3080000   1.8482853e-91       1.0000000
      0.00000       4.3090000   1.7850447e-91       1.0000000
      0.00000       4.3100000   1.7239818e-91       1.0000000
      0.00000       4.3110000   1.6650213e-91       1.0000000
      0.00000       4.3120000   1.6080901e-91       1.0000000
      0.00000       4.3130000   1.5531181e-91       1.0000000
      0.00000       4.3140000   1.5000374e-91       1.0000000
      0.00000       4.3150000   1.4487825e-91       1.0000000
      0.00000       4.3160000   1.3992903e-91       1.0000000
      0.00000       4.3170000   1.3514996e-91       1.0000000
      0.00000       4.3180000   1.3053516e-91       1.0000000
      0.00000       4.3190000   1.2607896e-91       1.0000000
      0.00000       4.3200000   1.2177586e-91       1.0000000
      0.00000       4.3210000   1.1762057e-91       1.0000000
      0.00000       4.3220000   1.1360798e-91       1.0000000
      0.00000       4.3230000   1.0973316e-91       1.0000000
      0.00000       4.3240000   1.0599135e-91       1.0000000
      0.00000       4.3250000   1.0237795e-91       1.0000000
      0.00000       4.3260000   9.8888536e-92       1.0000000
      0.00000       4.3270000   9.5518816e-92       1.0000000
      0.00000       4.3280000   9.2264663e-92       1.0000000
      0.00000       4.3290000   8.9122085e-92       1.0000000
      0.00000       4.3300000   8.6087235e-92       1.0000000
      0.00000       4.3310000   8.3156395e-92       1.0000000
      0.00000       4.3320000   8.0325978e-92       1.0000000
      0.00000       4.3330000   7.7592520e-92       1.0000000
      0.00000       4.3340000   7.4952680e-92       1.0000000
      0.00000       4.3350000   7.2403230e-92       1.0000000
      0.00000       4.3360000   6.9941056e-92       1.0000000
      0.00000       4.3370000   6.7563150e-92       1.0000000
      0.00000       4.3380000   6.5266611e-92       1.0000000
      0.00000       4.3390000   6.3048636e-92       1.0000000
      0.00000       4.3400000   6.0906520e-92       1.0000000
      0.00000       4.3410000   5.8837652e-92       1.0000000
      0.00000       4.3420000   5.6839513e-92       1.0000000
      0.00000       4.3430000   5.4909667e-92       1.0000000
      0.00000       4.3440000   5.3045766e-92       1.0000000
      0.00000       4.3450000   5.1245542e-92       1.0000000
      0.00000       4.3460000   4.9506807e-92       1.0000000
      0.00000       4.3470000   4.7827445e-92       1.0000000
      0.00000       4.3480000   4.6205418e-92       1.0000000
      0.00000       4.3490000   4.4638754e-92       1.0000000
      0.00000       4.3500000   4.3125552e-92       1.0000000
      0.00000       4.3510000   4.1663977e-92       1.0000000
      0.00000       4.3520000   4.0252254e-92       1.0000000
      0.00000       4.3530000   3.8888674e-92       1.0000000
      0.00000       4.3540000   3.7571584e-92       1.0000000
      0.00000       4.3550000   3.6299389e-92       1.0000000
      0.00000       4.3560000   3.5070548e-92       1.0000000
      0.00000       4.3570000   3.3883575e-92       1.0000000
      0.00000       4.3580000   3.2737034e-92       1.0000000
      0.00000       4.3590000   3.1629539e-92       1.0000000
      0.00000       4.3600000   3.0559752e-92       1.0000000
      0.00000       4.3610000   2.9526380e-92       1.0000000
      0.00000       4.3620000   2.8528177e-92       1.0000000
      0.00000       4.3630000   2.7563938e-92       1.0000000
      0.00000       4.3640000   2.6632499e-92       1.0000000
      0.00000       4.3650000   2.5732738e-92       1.0000000
      0.00000       4.3660000   2.4863571e-92       1.0000000
      0.00000       4.3670000   2.4023950e-92       1.0000000
      0.00000       4.3680000   2.3212866e-92       1.0000000
      0.00000       4.3690000   2.2429341e-92       1.0000000
      0.00000       4.3700000   2.1672433e-92       1.0000000
      0.00000       4.3710000   2.0941233e-92       1.0000000
      0.00000       4.3720000   2.0234861e-92       1.0000000
      0.00000       4.3730000   1.9552469e-92       1.0000000
      0.00000       4.3740000   1.8893239e-92       1.0000000
      0.00000       4.3750000   1.8256378e-92       1.0000000
      0.00000       4.3760000   1.7641122e-92       1.0000000
      0.00000       4.3770000   1.7046735e-92       1.0000000
      0.00000       4.3780000   1.6472504e-92       1.0000000
      0.00000       4.3790000   1.5917741e-92       1.0000000
      0.00000       4.3800000   1.5381781e-92       1.0000000
      0.00000       4.3810000   1.4863984e-92       1.0000000
      0.00000       4.3820000   1.4363730e-92       1.0000000
      0.00000       4.3830000   1.3880420e-92       1.0000000
      0.00000       4.3840000   1.3413478e-92       1.0000000
      0.00000       4.3850000   1.2962344e-92       1.0000000
      0.00000       4.3860000   1.2526482e-92       1.0000000
      0.00000       4.3870000   1.2105370e-92       1.0000000
      0.00000       4.3880000   1.1698505e-92       1.0000000
      0.00000       4.3890000   1.1305404e-92       1.0000000
      0.00000       4.3900000   1.0925597e-92       1.0000000
      0.00000       4.3910000   1.0558632e-92       1.0000000
      0.00000       4.3920000   1.0204072e-92       1.0000000
      0.00000       4.3930000   9.8614942e-93       1.0000000
      0.00000       4.3940000   9.5304921e-93       1.0000000
      0.00000       4.3950000   9.2106717e-93       1.0000000
      0.00000       4.3960000   8.9016528e-93       1.0000000
      0.00000       4.3970000   8.6030683e-93       1.0000000
      0.00000       4.3980000   8.3145636e-93       1.0000000
      0.00000       4.3990000   8.0357962e-93       1.0000000
      0.00000       4.4000000   7.7664355e-93       1.0000000
      0.00000       4.4010000   7.5061619e-93       1.0000000
      0.00000       4.4020000   7.2546670e-93       1.0000000
      0.00000       4.4030000   7.0116527e-93       1.0000000
      0.00000       4.4040000   6.7768312e-93       1.0000000
      0.00000       4.4050000   6.5499246e-93       1.0000000
      0.00000       4.4060000   6.3306644e-93       1.0000000
      0.00000       4.4070000   6.1187912e-93       1.0000000
      0.00000       4.4080000   5.9140547e-93       1.0000000
      0.00000       4.4090000   5.7162128e-93       1.0000000
      0.00000       4.4100000   5.5250319e-93       1.0000000
      0.00000       4.4110000   5.3402864e-93       1.0000000
      0.00000       4.4120000   5.1617581e-93       1.0000000
      0.00000       4.4130000   4.9892366e-93       1.0000000
      0.00000       4.4140000   4.8225183e-93       1.0000000
      0.00000       4.4150000   4.6614070e-93       1.0000000
      0.00000       4.4160000   4.5057128e-93       1.0000000
      0.00000       4.4170000   4.3552523e-93       1.0000000
      0.00000       4.4180000   4.2098486e-93       1.0000000
      0.00000       4.4190000   4.0693306e-93       1.0000000
      0.00000       4.4200000   3.9335331e-93       1.0000000
      0.00000       4.4210000   3.8022965e-93       1.0000000
      0.00000       4.4220000   3.6754666e-93       1.0000000
      0.00000       4.4230000   3.5528945e-93       1.0000000
      0.00000       4.4240000   3.4344363e-93       1.0000000
      0.00000       4.4250000   3.3199532e-93       1.0000000
      0.00000       4.4260000   3.2093108e-93       1.0000000
      0.00000       4.4270000   3.1023795e-93       1.0000000
      0.00000       4.4280000   2.9990339e-93       1.0000000
      0.00000       4.4290000   2.8991532e-93       1.0000000
      0.00000       4.4300000   2.8026204e-93       1.0000000
      0.00000       4.4310000   2.7093225e-93       1.0000000
      0.00000       4.4320000   2.6191505e-93       1.0000000
      0.00000       4.4330000   2.5319989e-93       1.0000000
      0.00000       4.4340000   2.4477660e-93       1.0000000
      0.00000       4.4350000   2.3663533e-93       1.0000000
      0.00000       4.4360000   2.2876659e-93       1.0000000
      0.00000       4.4370000   2.2116118e-93       1.0000000
      0.00000       4.4380000   2.1381025e-93       1.0000000
      0.00000       4.4390000   2.0670523e-93       1.0000000
      0.00000       4.4400000   1.9983783e-93       1.0000000
      0.00000       4.4410000   1.9320005e-93       1.0000000
      0.00000       4.4420000   1.8678418e-93       1.0000000
      0.00000       4.4430000   1.8058273e-93       1.0000000
      0.00000       4.4440000   1.7458852e-93       1.0000000
      0.00000       4.4450000   1.6879455e-93       1.0000000
      0.00000       4.4460000   1.6319410e-93       1.0000000
      0.00000       4.4470000   1.5778067e-93       1.0000000
      0.00000       4.4480000   1.5254797e-93       1.0000000
      0.00000       4.4490000   1.4748992e-93       1.0000000
      0.00000       4.4500000   1.4260067e-93       1.0000000
      0.00000       4.4510000   1.3787454e-93       1.0000000
      0.00000       4.4520000   1.3330605e-93       1.0000000
      0.00000       4.4530000   1.2888992e-93       1.0000000
      0.00000       4.4540000   1.2462102e-93       1.0000000
      0.00000       4.4550000   1.2049443e-93       1.0000000
      0.00000       4.4560000   1.1650536e-93       1.0000000
      0.00000       4.4570000   1.1264920e-93       1.0000000
      0.00000       4.4580000   1.0892149e-93       1.0000000
      0.00000       4.4590000   1.0531794e-93       1.0000000
      0.00000       4.4600000   1.0183438e-93       1.0000000
      0.00000       4.4610000   9.8466778e-94       1.0000000
      0.00000       4.4620000   9.5211262e-94       1.0000000
      0.00000       4.4630000   9.2064073e-94       1.0000000
      0.00000       4.4640000   8.9021585e-94       1.0000000
      0.00000       4.4650000   8.6080291e-94       1.0000000
      0.00000       4.4660000   8.3236805e-94       1.0000000
      0.00000       4.4670000   8.0487853e-94       1.0000000
      0.00000       4.4680000   7.7830272e-94       1.0000000
      0.00000       4.4690000   7.5261005e-94       1.0000000
      0.00000       4.4700000   7.2777099e-94       1.0000000
      0.00000       4.4710000   7.0375701e-94       1.0000000
      0.00000       4.4720000   6.8054051e-94       1.0000000
      0.00000       4.4730000   6.5809484e-94       1.0000000
      0.00000       4.4740000   6.3639425e-94       1.0000000
      0.00000       4.4750000   6.1541385e-94       1.0000000
      0.00000       4.4760000   5.9512958e-94       1.0000000
      0.00000       4.4770000   5.7551819e-94       1.0000000
      0.00000       4.4780000   5.5655723e-94       1.0000000
      0.00000       4.4790000   5.3822497e-94       1.0000000
      0.00000       4.4800000   5.2050045e-94       1.0000000
      0.00000       4.4810000   5.0336339e-94       1.0000000
      0.00000       4.4820000   4.8679419e-94       1.0000000
      0.00000       4.4830000   4.7077391e-94       1.0000000
      0.00000       4.4840000   4.5528425e-94       1.0000000
      0.00000       4.4850000   4.4030752e-94       1.0000000
      0.00000       4.4860000   4.2582664e-94       1.0000000
      0.00000       4.4870000   4.1182507e-94       1.0000000
      0.00000       4.4880000   3.9828686e-94       1.0000000
      0.00000       4.4890000   3.8519656e-94       1.0000000
      0.00000       4.4900000   3.7253927e-94       1.0000000
      0.00000       4.4910000   3.6030057e-94       1.0000000
      0.00000       4.4920000   3.4846653e-94       1.0000000
      0.00000       4.4930000   3.3702369e-94       1.0000000
      0.00000       4.4940000   3.2595902e-94       1.0000000
      0.00000       4.4950000   3.1525995e-94       1.0000000
      0.00000       4.4960000   3.0491433e-94       1.0000000
      0.00000       4.4970000   2.9491039e-94       1.0000000
      0.00000       4.4980000   2.8523679e-94       1.0000000
      0.00000       4.4990000   2.7588255e-94       1.0000000
      0.00000       4.5000000   2.6683706e-94       1.0000000
      0.00000       4.5010000   2.5809006e-94       1.0000000
      0.00000       4.5020000   2.4963163e-94       1.0000000
      0.00000       4.5030000   2.4145220e-94       1.0000000
      0.00000       4.5040000   2.3354251e-94       1.0000000
      0.00000       4.5050000   2.2589359e-94       1.0000000
      0.00000       4.5060000   2.1849681e-94       1.0000000
      0.00000       4.5070000   2.1134380e-94       1.0000000
      0.00000       4.5080000   2.0442646e-94       1.0000000
      0.00000       4.5090000   1.9773699e-94       1.0000000
      0.00000       4.5100000   1.9126783e-94       1.0000000
      0.00000       4.5110000   1.8501168e-94       1.0000000
      0.00000       4.5120000   1.7896148e-94       1.0000000
      0.00000       4.5130000   1.7311041e-94       1.0000000
      0.00000       4.5140000   1.6745187e-94       1.0000000
      0.00000       4.5150000   1.6197949e-94       1.0000000
      0.00000       4.5160000   1.5668709e-94       1.0000000
      0.00000       4.5170000   1.5156874e-94       1.0000000
      0.00000       4.5180000   1.4661865e-94       1.0000000
      0.00000       4.5190000   1.4183128e-94       1.0000000
      0.00000       4.5200000   1.3720123e-94       1.0000000
      0.00000       4.5210000   1.3272330e-94       1.0000000
      0.00000       4.5220000   1.2839246e-94       1.0000000
      0.00000       4.5230000   1.2420385e-94       1.0000000
      0.00000       4.5240000   1.2015277e-94       1.0000000
      0.00000       4.5250000   1.1623467e-94       1.0000000
      0.00000       4.5260000   1.1244516e-94       1.0000000
      0.00000       4.5270000   1.0878000e-94       1.0000000
      0.00000       4.5280000   1.0523507e-94       1.0000000
      0.00000       4.5290000   1.0180641e-94       1.0000000
      0.00000       4.5300000   9.8490175e-95       1.0000000
      0.00000       4.5310000   9.5282663e-95       1.0000000
      0.00000       4.5320000   9.2180282e-95       1.0000000
      0.00000       4.5330000   8.9179566e-95       1.0000000
      0.00000       4.5340000   8.6277161e-95       1.0000000
      0.00000       4.5350000   8.3469825e-95       1.0000000
      0.00000       4.5360000   8.0754425e-95       1.0000000
      0.00000       4.5370000   7.8127931e-95       1.0000000
      0.00000       4.5380000   7.5587413e-95       1.0000000
      0.00000       4.5390000   7.3130038e-95       1.0000000
      0.00000       4.5400000   7.0753069e-95       1.0000000
      0.00000       4.5410000   6.8453858e-95       1.0000000
      0.00000       4.5420000   6.6229844e-95       1.0000000
      0.00000       4.5430000   6.4078552e-95       1.0000000
      0.00000       4.5440000   6.1997590e-95       1.0000000
      0.00000       4.5450000   5.9984643e-95       1.0000000
      0.00000       4.5460000   5.8037474e-95       1.0000000
      0.00000       4.5470000   5.6153920e-95       1.0000000
      0.00000       4.5480000   5.4331890e-95       1.0000000
      0.00000       4.5490000   5.2569360e-95       1.0000000
      0.00000       4.5500000   5.0864375e-95       1.0000000
      0.00000       4.5510000   4.9215045e-95       1.0000000
      0.00000       4.5520000   4.7619541e-95       1.0000000
      0.00000       4.5530000   4.6076095e-95       1.0000000
      0.00000       4.5540000   4.4582998e-95       1.0000000
      0.00000       4.5550000   4.3138597e-95       1.0000000
      0.00000       4.5560000   4.1741293e-95       1.0000000
      0.00000       4.5570000   4.0389542e-95       1.0000000
      0.00000       4.5580000   3.9081848e-95       1.0000000
      0.00000       4.5590000   3.7816766e-95       1.0000000
      0.00000       4.5600000   3.6592899e-95       1.0000000
      0.00000       4.5610000   3.5408895e-95       1.0000000
      0.00000       4.5620000   3.4263449e-95       1.0000000
      0.00000       4.5630000   3.3155295e-95       1.0000000
      0.00000       4.5640000   3.2083213e-95       1.0000000
      0.00000       4.5650000   3.1046020e-95       1.0000000
      0.00000       4.5660000   3.0042574e-95       1.0000000
      0.00000       4.5670000   2.9071770e-95       1.0000000
      0.00000       4.5680000   2.8132539e-95       1.0000000
      0.00000       4.5690000   2.7223848e-95       1.0000000
      0.00000       4.5700000   2.6344697e-95       1.0000000
      0.00000       4.5710000   2.5494120e-95       1.0000000
      0.00000       4.5720000   2.4671182e-95       1.0000000
      0.00000       4.5730000   2.3874979e-95       1.0000000
      0.00000       4.5740000   2.3104638e-95       1.0000000
      0.00000       4.5750000   2.2359313e-95       1.0000000
      0.00000       4.5760000   2.1638186e-95       1.0000000
      0.00000       4.5770000   2.0940466e-95       1.0000000
      0.00000       4.5780000   2.0265390e-95       1.0000000
      0.00000       4.5790000   1.9612217e-95       1.0000000
      0.00000       4.5800000   1.8980232e-95       1.0000000
      0.00000       4.5810000   1.8368743e-95       1.0000000
      0.00000       4.5820000   1.7777082e-95       1.0000000
      0.00000       4.5830000   1.7204602e-95       1.0000000
      0.00000       4.5840000   1.6650676e-95       1.0000000
      0.00000       4.5850000   1.6114700e-95       1.0000000
      0.00000       4.5860000   1.5596087e-95       1.0000000
      0.00000       4.5870000   1.5094273e-95       1.0000000
      0.00000       4.5880000   1.4608709e-95       1.0000000
      0.00000       4.5890000   1.4138865e-95       1.0000000
      0.00000       4.5900000   1.3684231e-95       1.0000000
      0.00000       4.5910000   1.3244309e-95       1.0000000
      0.00000       4.5920000   1.2818621e-95       1.0000000
      0.00000       4.5930000   1.2406703e-95       1.0000000
      0.00000       4.5940000   1.2008108e-95       1.0000000
      0.00000       4.5950000   1.1622401e-95       1.0000000
      0.00000       4.5960000   1.1249163e-95       1.0000000
      0.00000       4.5970000   1.0887988e-95       1.0000000
      0.00000       4.5980000   1.0538485e-95       1.0000000
      0.00000       4.5990000   1.0200273e-95       1.0000000
      0.00000       4.6000000   9.8729846e-96       1.0000000
      0.00000       4.6010000   9.5562658e-96       1.0000000
      0.00000       4.6020000   9.2497727e-96       1.0000000
      0.00000       4.6030000   8.9531730e-96       1.0000000
      0.00000       4.6040000   8.6661453e-96       1.0000000
      0.00000       4.6050000   8.3883788e-96       1.0000000
      0.00000       4.6060000   8.1195726e-96       1.0000000
      0.00000       4.6070000   7.8594359e-96       1.0000000
      0.00000       4.6080000   7.6076872e-96       1.0000000
      0.00000       4.6090000   7.3640545e-96       1.0000000
      0.00000       4.6100000   7.1282743e-96       1.0000000
      0.00000       4.6110000   6.9000920e-96       1.0000000
      0.00000       4.6120000   6.6792611e-96       1.0000000
      0.00000       4.6130000   6.4655432e-96       1.0000000
      0.00000       4.6140000   6.2587079e-96       1.0000000
      0.00000       4.6150000   6.0585320e-96       1.0000000
      0.00000       4.6160000   5.8647998e-96       1.0000000
      0.00000       4.6170000   5.6773024e-96       1.0000000
      0.00000       4.6180000   5.4958380e-96       1.0000000
      0.00000       4.6190000   5.3202112e-96       1.0000000
      0.00000       4.6200000   5.1502330e-96       1.0000000
      0.00000       4.6210000   4.9857206e-96       1.0000000
      0.00000       4.6220000   4.8264970e-96       1.0000000
      0.00000       4.6230000   4.6723912e-96       1.0000000
      0.00000       4.6240000   4.5232376e-96       1.0000000
      0.00000       4.6250000   4.3788760e-96       1.0000000
      0.00000       4.6260000   4.2391516e-96       1.0000000
      0.00000       4.6270000   4.1039143e-96       1.0000000
      0.00000       4.6280000   3.9730193e-96       1.0000000
      0.00000       4.6290000   3.8463260e-96       1.0000000
      0.00000       4.6300000   3.7236989e-96       1.0000000
      0.00000       4.6310000   3.6050066e-96       1.0000000
      0.00000       4.6320000   3.4901220e-96       1.0000000
      0.00000       4.6330000   3.3789221e-96       1.0000000
      0.00000       4.6340000   3.2712881e-96       1.0000000
      0.00000       4.6350000   3.1671048e-96       1.0000000
      0.00000       4.6360000   3.0662610e-96       1.0000000
      0.00000       4.6370000   2.9686488e-96       1.0000000
      0.00000       4.6380000   2.8741641e-96       1.0000000
      0.00000       4.6390000   2.7827061e-96       1.0000000
      0.00000       4.6400000   2.6941770e-96       1.0000000
      0.00000       4.6410000   2.6084826e-96       1.0000000
      0.00000       4.6420000   2.5255315e-96       1.0000000
      0.00000       4.6430000   2.4452353e-96       1.0000000
      0.00000       4.6440000   2.3675085e-96       1.0000000
      0.00000       4.6450000   2.2922684e-96       1.0000000
      0.00000       4.6460000   2.2194348e-96       1.0000000
      0.00000       4.6470000   2.1489304e-96       1.0000000
      0.00000       4.6480000   2.0806801e-96       1.0000000
      0.00000       4.6490000   2.0146114e-96       1.0000000
      0.00000       4.6500000   1.9506542e-96       1.0000000
      0.00000       4.6510000   1.8887405e-96       1.0000000
      0.00000       4.6520000   1.8288046e-96       1.0000000
      0.00000       4.6530000   1.7707830e-96       1.0000000
      0.00000       4.6540000   1.7146140e-96       1.0000000
      0.00000       4.6550000   1.6602382e-96       1.0000000
      0.00000       4.6560000   1.6075980e-96       1.0000000
      0.00000       4.6570000   1.5566376e-96       1.0000000
      0.00000       4.6580000   1.5073031e-96       1.0000000
      0.00000       4.6590000   1.4595422e-96       1.0000000
      0.00000       4.6600000   1.4133044e-96       1.0000000
      0.00000       4.6610000   1.3685409e-96       1.0000000
      0.00000       4.6620000   1.3252043e-96       1.0000000
      0.00000       4.6630000   1.2832489e-96       1.0000000
      0.00000       4.6640000   1.2426303e-96       1.0000000
      0.00000       4.6650000   1.2033058e-96       1.0000000
      0.00000       4.6660000   1.1652337e-96       1.0000000
      0.00000       4.6670000   1.1283740e-96       1.0000000
      0.00000       4.6680000   1.0926878e-96       1.0000000
      0.00000       4.6690000   1.0581375e-96       1.0000000
      0.00000       4.6700000   1.0246868e-96       1.0000000
      0.00000       4.6710000   9.9230029e-97       1.0000000
      0.00000       4.6720000   9.6094404e-97       1.0000000
      0.00000       4.6730000   9.3058502e-97       1.0000000
      0.00000       4.6740000   9.0119133e-97       1.0000000
      0.00000       4.6750000   8.7273206e-97       1.0000000
      0.00000       4.6760000   8.4517733e-97       1.0000000
      0.00000       4.6770000   8.1849820e-97       1.0000000
      0.00000       4.6780000   7.9266666e-97       1.0000000
      0.00000       4.6790000   7.6765562e-97       1.0000000
      0.00000       4.6800000   7.4343885e-97       1.0000000
      0.00000       4.6810000   7.1999096e-97       1.0000000
      0.00000       4.6820000   6.9728739e-97       1.0000000
      0.00000       4.6830000   6.7530435e-97       1.0000000
      0.00000       4.6840000   6.5401883e-97       1.0000000
      0.00000       4.6850000   6.3340856e-97       1.0000000
      0.00000       4.6860000   6.1345198e-97       1.0000000
      0.00000       4.6870000   5.9412822e-97       1.0000000
      0.00000       4.6880000   5.7541710e-97       1.0000000
      0.00000       4.6890000   5.5729905e-97       1.0000000
      0.00000       4.6900000   5.3975516e-97       1.0000000
      0.00000       4.6910000   5.2276713e-97       1.0000000
      0.00000       4.6920000   5.0631722e-97       1.0000000
      0.00000       4.6930000   4.9038828e-97       1.0000000
      0.00000       4.6940000   4.7496370e-97       1.0000000
      0.00000       4.6950000   4.6002742e-97       1.0000000
      0.00000       4.6960000   4.4556388e-97       1.0000000
      0.00000       4.6970000   4.3155801e-97       1.0000000
      0.00000       4.6980000   4.1799525e-97       1.0000000
      0.00000       4.6990000   4.0486148e-97       1.0000000
      0.00000       4.7000000   3.9214305e-97       1.0000000
      0.00000       4.7010000   3.7982674e-97       1.0000000
      0.00000       4.7020000   3.6789975e-97       1.0000000
      0.00000       4.7030000   3.5634970e-97       1.0000000
      0.00000       4.7040000   3.4516460e-97       1.0000000
      0.00000       4.7050000   3.3433285e-97       1.0000000
      0.00000       4.7060000   3.2384320e-97       1.0000000
      0.00000       4.7070000   3.1368479e-97       1.0000000
      0.00000       4.7080000   3.0384709e-97       1.0000000
      0.00000       4.7090000   2.9431991e-97       1.0000000
      0.00000       4.7100000   2.8509339e-97       1.0000000
      0.00000       4.7110000   2.7615797e-97       1.0000000
      0.00000       4.7120000   2.6750441e-97       1.0000000
      0.00000       4.7130000   2.5912377e-97       1.0000000
      0.00000       4.7140000   2.5100738e-97       1.0000000
      0.00000       4.7150000   2.4314685e-97       1.0000000
      0.00000       4.7160000   2.3553408e-97       1.0000000
      0.00000       4.7170000   2.2816119e-97       1.0000000
      0.00000       4.7180000   2.2102059e-97       1.0000000
      0.00000       4.7190000   2.1410490e-97       1.0000000
      0.00000       4.7200000   2.0740700e-97       1.0000000
      0.00000       4.7210000   2.0091999e-97       1.0000000
      0.00000       4.7220000   1.9463718e-97       1.0000000
      0.00000       4.7230000   1.8855210e-97       1.0000000
      0.00000       4.7240000   1.8265849e-97       1.0000000
      0.00000       4.7250000   1.7695029e-97       1.0000000
      0.00000       4.7260000   1.7142163e-97       1.0000000
      0.00000       4.7270000   1.6606682e-97       1.0000000
      0.00000       4.7280000   1.6088036e-97       1.0000000
      0.00000       4.7290000   1.5585693e-97       1.0000000
      0.00000       4.7300000   1.5099136e-97       1.0000000
      0.00000       4.7310000   1.4627867e-97       1.0000000
      0.00000       4.7320000   1.4171402e-97       1.0000000
      0.00000       4.7330000   1.3729273e-97       1.0000000
      0.00000       4.7340000   1.3301027e-97       1.0000000
      0.00000       4.7350000   1.2886225e-97       1.0000000
      0.00000       4.7360000   1.2484443e-97       1.0000000
      0.00000       4.7370000   1.2095268e-97       1.0000000
      0.00000       4.7380000   1.1718304e-97       1.0000000
      0.00000       4.7390000   1.1353164e-97       1.0000000
      0.00000       4.7400000   1.0999475e-97       1.0000000
      0.00000       4.7410000   1.0656876e-97       1.0000000
      0.00000       4.7420000   1.0325017e-97       1.0000000
      0.00000       4.7430000   1.0003558e-97       1.0000000
      0.00000       4.7440000   9.6921730e-98       1.0000000
      0.00000       4.7450000   9.3905428e-98       1.0000000
      0.00000       4.7460000   9.0983603e-98       1.0000000
      0.00000       4.7470000   8.8153276e-98       1.0000000
      0.00000       4.7480000   8.5411563e-98       1.0000000
      0.00000       4.7490000   8.2755673e-98       1.0000000
      0.00000       4.7500000   8.0182902e-98       1.0000000
      0.00000       4.7510000   7.7690631e-98       1.0000000
      0.00000       4.7520000   7.5276326e-98       1.0000000
      0.00000       4.7530000   7.2937533e-98       1.0000000
      0.00000       4.7540000   7.0671873e-98       1.0000000
      0.00000       4.7550000   6.8477047e-98       1.0000000
      0.00000       4.7560000   6.6350824e-98       1.0000000
      0.00000       4.7570000   6.4291047e-98       1.0000000
      0.00000       4.7580000   6.2295626e-98       1.0000000
      0.00000       4.7590000   6.0362538e-98       1.0000000
      0.00000       4.7600000   5.8489823e-98       1.0000000
      0.00000       4.7610000   5.6675582e-98       1.0000000
      0.00000       4.7620000   5.4917980e-98       1.0000000
      0.00000       4.7630000   5.3215235e-98       1.0000000
      0.00000       4.7640000   5.1565626e-98       1.0000000
      0.00000       4.7650000   4.9967482e-98       1.0000000
      0.00000       4.7660000   4.8419189e-98       1.0000000
      0.00000       4.7670000   4.6919181e-98       1.0000000
      0.00000       4.7680000   4.5465943e-98       1.0000000
      0.00000       4.7690000   4.4058007e-98       1.0000000
      0.00000       4.7700000   4.2693952e-98       1.0000000
      0.00000       4.7710000   4.1372401e-98       1.0000000
      0.00000       4.7720000   4.0092022e-98       1.0000000
      0.00000       4.7730000   3.8851524e-98       1.0000000
      0.00000       4.7740000   3.7649656e-98       1.0000000
      0.00000       4.7750000   3.6485208e-98       1.0000000
      0.00000       4.7760000   3.5357007e-98       1.0000000
      0.00000       4.7770000   3.4263918e-98       1.0000000
      0.00000       4.7780000   3.3204841e-98       1.0000000
      0.00000       4.7790000   3.2178710e-98       1.0000000
      0.00000       4.7800000   3.1184495e-98       1.0000000
      0.00000       4.7810000   3.0221197e-98       1.0000000
      0.00000       4.7820000   2.9287847e-98       1.0000000
      0.00000       4.7830000   2.8383509e-98       1.0000000
      0.00000       4.7840000   2.7507275e-98       1.0000000
      0.00000       4.7850000   2.6658266e-98       1.0000000
      0.00000       4.7860000   2.5835631e-98       1.0000000
      0.00000       4.7870000   2.5038545e-98       1.0000000
      0.00000       4.7880000   2.4266210e-98       1.0000000
      0.00000       4.7890000   2.3517852e-98       1.0000000
      0.00000       4.7900000   2.2792722e-98       1.0000000
      0.00000       4.7910000   2.2090095e-98       1.0000000
      0.00000       4.7920000   2.1409267e-98       1.0000000
      0.00000       4.7930000   2.0749559e-98       1.0000000
      0.00000       4.7940000   2.0110310e-98       1.0000000
      0.00000       4.7950000   1.9490882e-98       1.0000000
      0.00000       4.7960000   1.8890656e-98       1.0000000
      0.00000       4.7970000   1.8309034e-98       1.0000000
      0.00000       4.7980000   1.7745436e-98       1.0000000
      0.00000       4.7990000   1.7199298e-98       1.0000000
      0.00000       4.8000000   1.6670077e-98       1.0000000
      0.00000       4.8010000   1.6157245e-98       1.0000000
      0.00000       4.8020000   1.5660292e-98       1.0000000
      0.00000       4.8030000   1.5178722e-98       1.0000000
      0.00000       4.8040000   1.4712057e-98       1.0000000
      0.00000       4.8050000   1.4259832e-98       1.0000000
      0.00000       4.8060000   1.3821598e-98       1.0000000
      0.00000       4.8070000   1.3396918e-98       1.0000000
      0.00000       4.8080000   1.2985371e-98       1.0000000
      0.00000       4.8090000   1.2586548e-98       1.0000000
      0.00000       4.8100000   1.2200054e-98       1.0000000
      0.00000       4.8110000   1.1825504e-98       1.0000000
      0.00000       4.8120000   1.1462528e-98       1.0000000
      0.00000       4.8130000   1.1110765e-98       1.0000000
      0.00000       4.8140000   1.0769867e-98       1.0000000
      0.00000       4.8150000   1.0439495e-98       1.0000000
      0.00000       4.8160000   1.0119323e-98       1.0000000
      0.00000       4.8170000   9.8090346e-99       1.0000000
      0.00000       4.8180000   9.5083216e-99       1.0000000
      0.00000       4.8190000   9.2168871e-99       1.0000000
      0.00000       4.8200000   8.9344429e-99       1.0000000
      0.00000       4.8210000   8.6607099e-99       1.0000000
      0.00000       4.8220000   8.3954177e-99       1.0000000
      0.00000       4.8230000   8.1383043e-99       1.0000000
      0.00000       4.8240000   7.8891160e-99       1.0000000
      0.00000       4.8250000   7.6476070e-99       1.0000000
      0.00000       4.8260000   7.4135390e-99       1.0000000
      0.00000       4.8270000   7.1866814e-99       1.0000000
      0.00000       4.8280000   6.9668105e-99       1.0000000
      0.00000       4.8290000   6.7537099e-99       1.0000000
      0.00000       4.8300000   6.5471697e-99       1.0000000
      0.00000       4.8310000   6.3469867e-99       1.0000000
      0.00000       4.8320000   6.1529639e-99       1.0000000
      0.00000       4.8330000   5.9649106e-99       1.0000000
      0.00000       4.8340000   5.7826419e-99       1.0000000
      0.00000       4.8350000   5.6059788e-99       1.0000000
      0.00000       4.8360000   5.4347477e-99       1.0000000
      0.00000       4.8370000   5.2687805e-99       1.0000000
      0.00000       4.8380000   5.1079144e-99       1.0000000
      0.00000       4.8390000   4.9519916e-99       1.0000000
      0.00000       4.8400000   4.8008592e-99       1.0000000
      0.00000       4.8410000   4.6543691e-99       1.0000000
      0.00000       4.8420000   4.5123777e-99       1.0000000
      0.00000       4.8430000   4.3747461e-99       1.0000000
      0.00000       4.8440000   4.2413395e-99       1.0000000
      0.00000       4.8450000   4.1120274e-99       1.0000000
      0.00000       4.8460000   3.9866833e-99       1.0000000
      0.00000       4.8470000   3.8651847e-99       1.0000000
      0.00000       4.8480000   3.7474128e-99       1.0000000
      0.00000       4.8490000   3.6332526e-99       1.0000000
      0.00000       4.8500000   3.5225926e-99       1.0000000
      0.00000       4.8510000   3.4153249e-99       1.0000000
      0.00000       4.8520000   3.3113446e-99       1.0000000
      0.00000       4.8530000   3.2105506e-99       1.0000000
      0.00000       4.8540000   3.1128444e-99       1.0000000
      0.00000       4.8550000   3.0181309e-99       1.0000000
      0.00000       4.8560000   2.9263179e-99       1.0000000
      0.00000       4.8570000   2.8373159e-99       1.0000000
      0.00000       4.8580000   2.7510383e-99       1.0000000
      0.00000       4.8590000   2.6674013e-99       1.0000000
      0.00000       4.8600000   2.5863234e-99       1.0000000
      0.00000       4.8610000   2.5077258e-99       1.0000000
      0.00000       4.8620000   2.4315323e-99       1.0000000
      0.00000       4.8630000   2.3576687e-99       1.0000000
      0.00000       4.8640000   2.2860634e-99       1.0000000
      0.00000       4.8650000   2.2166469e-99       1.0000000
      0.00000       4.8660000   2.1493519e-99       1.0000000
      0.00000       4.8670000   2.0841131e-99       1.0000000
      0.00000       4.8680000   2.0208672e-99       1.0000000
      0.00000       4.8690000   1.9595531e-99       1.0000000
      0.00000       4.8700000   1.9001113e-99       1.0000000
      0.00000       4.8710000   1.8424842e-99       1.0000000
      0.00000       4.8720000   1.7866162e-99       1.0000000
      0.00000       4.8730000   1.7324532e-99       1.0000000
      0.00000       4.8740000   1.6799428e-99       1.0000000
      0.00000       4.8750000   1.6290342e-99       1.0000000
      0.00000       4.8760000   1.5796784e-99       1.0000000
      0.00000       4.8770000   1.5318275e-99       1.0000000
      0.00000       4.8780000   1.4854356e-99       1.0000000
      0.00000       4.8790000   1.4404577e-99       1.0000000
      0.00000       4.8800000   1.3968504e-99       1.0000000
      0.00000       4.8810000   1.3545719e-99       1.0000000
      0.00000       4.8820000   1.3135813e-99       1.0000000
      0.00000       4.8830000   1.2738391e-99       1.0000000
      0.00000       4.8840000   1.2353071e-99       1.0000000
      0.00000       4.8850000   1.1979481e-99       1.0000000
      0.00000       4.8860000   1.1617263e-99       1.0000000
      0.00000       4.8870000   1.1266068e-99       1.0000000
      0.00000       4.8880000   1.0925558e-99       1.0000000
      0.00000       4.8890000   1.0595406e-99       1.0000000
      0.00000       4.8900000   1.0275296e-99       1.0000000
      0.00000       4.8910000  9.9649194e-100       1.0000000
      0.00000       4.8920000  9.6639786e-100       1.0000000
      0.00000       4.8930000  9.3721849e-100       1.0000000
      0.00000       4.8940000  9.0892586e-100       1.0000000
      0.00000       4.8950000  8.8149285e-100       1.0000000
      0.00000       4.8960000  8.5489316e-100       1.0000000
      0.00000       4.8970000  8.2910133e-100       1.0000000
      0.00000       4.8980000  8.0409265e-100       1.0000000
      0.00000       4.8990000  7.7984321e-100       1.0000000
      0.00000       4.9000000  7.5632979e-100       1.0000000
      0.00000       4.9010000  7.3352992e-100       1.0000000
      0.00000       4.9020000  7.1142181e-100       1.0000000
      0.00000       4.9030000  6.8998433e-100       1.0000000
      0.00000       4.9040000  6.6919700e-100       1.0000000
      0.00000       4.9050000  6.4903999e-100       1.0000000
      0.00000       4.9060000  6.2949405e-100       1.0000000
      0.00000       4.9070000  6.1054055e-100       1.0000000
      0.00000       4.9080000  5.9216141e-100       1.0000000
      0.00000       4.9090000  5.7433912e-100       1.0000000
      0.00000       4.9100000  5.5705669e-100       1.0000000
      0.00000       4.9110000  5.4029767e-100       1.0000000
      0.00000       4.9120000  5.2404610e-100       1.0000000
      0.00000       4.9130000  5.0828652e-100       1.0000000
      0.00000       4.9140000  4.9300394e-100       1.0000000
      0.00000       4.9150000  4.7818383e-100       1.0000000
      0.00000       4.9160000  4.6381211e-100       1.0000000
      0.00000       4.9170000  4.4987511e-100       1.0000000
      0.00000       4.9180000  4.3635962e-100       1.0000000
      0.00000       4.9190000  4.2325279e-100       1.0000000
      0.00000       4.9200000  4.1054219e-100       1.0000000
      0.00000       4.9210000  3.9821577e-100       1.0000000
      0.00000       4.9220000  3.8626184e-100       1.0000000
      0.00000       4.9230000  3.7466907e-100       1.0000000
      0.00000       4.9240000  3.6342648e-100       1.0000000
      0.00000       4.9250000  3.5252343e-100       1.0000000
      0.00000       4.9260000  3.4194959e-100       1.0000000
      0.00000       4.9270000  3.3169496e-100       1.0000000
      0.00000       4.9280000  3.2174984e-100       1.0000000
      0.00000       4.9290000  3.1210483e-100       1.0000000
      0.00000       4.9300000  3.0275081e-100       1.0000000
      0.00000       4.9310000  2.9367896e-100       1.0000000
      0.00000       4.9320000  2.8488070e-100       1.0000000
      0.00000       4.9330000  2.7634772e-100       1.0000000
      0.00000       4.9340000  2.6807199e-100       1.0000000
      0.00000       4.9350000  2.6004569e-100       1.0000000
      0.00000       4.9360000  2.5226126e-100       1.0000000
      0.00000       4.9370000  2.4471136e-100       1.0000000
      0.00000       4.9380000  2.3738888e-100       1.0000000
      0.00000       4.9390000  2.3028693e-100       1.0000000
      0.00000       4.9400000  2.2339882e-100       1.0000000
      0.00000       4.9410000  2.1671807e-100       1.0000000
      0.00000       4.9420000  2.1023840e-100       1.0000000
      0.00000       4.9430000  2.0395373e-100       1.0000000
      0.00000       4.9440000  1.9785813e-100       1.0000000
      0.00000       4.9450000  1.9194589e-100       1.0000000
      0.00000       4.9460000  1.8621146e-100       1.0000000
      0.00000       4.9470000  1.8064946e-100       1.0000000
      0.00000       4.9480000  1.7525466e-100       1.0000000
      0.00000       4.9490000  1.7002201e-100       1.0000000
      0.00000       4.9500000  1.6494660e-100       1.0000000
      0.00000       4.9510000  1.6002368e-100       1.0000000
      0.00000       4.9520000  1.5524864e-100       1.0000000
      0.00000       4.9530000  1.5061701e-100       1.0000000
      0.00000       4.9540000  1.4612445e-100       1.0000000
      0.00000       4.9550000  1.4176675e-100       1.0000000
      0.00000       4.9560000  1.3753985e-100       1.0000000
      0.00000       4.9570000  1.3343980e-100       1.0000000
      0.00000       4.9580000  1.2946276e-100       1.0000000
      0.00000       4.9590000  1.2560501e-100       1.0000000
      0.00000       4.9600000  1.2186296e-100       1.0000000
      0.00000       4.9610000  1.1823312e-100       1.0000000
      0.00000       4.9620000  1.1471210e-100       1.0000000
      0.00000       4.9630000  1.1129661e-100       1.0000000
      0.00000       4.9640000  1.0798347e-100       1.0000000
      0.00000       4.9650000  1.0476960e-100       1.0000000
      0.00000       4.9660000  1.0165200e-100       1.0000000
      0.00000       4.9670000  9.8627770e-101       1.0000000
      0.00000       4.9680000  9.5694094e-101       1.0000000
      0.00000       4.9690000  9.2848245e-101       1.0000000
      0.00000       4.9700000  9.0087576e-101       1.0000000
      0.00000       4.9710000  8.7409521e-101       1.0000000
      0.00000       4.9720000  8.4811592e-101       1.0000000
      0.00000       4.9730000  8.2291377e-101       1.0000000
      0.00000       4.9740000  7.9846535e-101       1.0000000
      0.00000       4.9750000  7.7474798e-101       1.0000000
      0.00000       4.9760000  7.5173965e-101       1.0000000
      0.00000       4.9770000  7.2941905e-101       1.0000000
      0.00000       4.9780000  7.0776547e-101       1.0000000
      0.00000       4.9790000  6.8675886e-101       1.0000000
      0.00000       4.9800000  6.6637976e-101       1.0000000
      0.00000       4.9810000  6.4660931e-101       1.0000000
      0.00000       4.9820000  6.2742921e-101       1.0000000
      0.00000       4.9830000  6.0882172e-101       1.0000000
      0.00000       4.9840000  5.9076963e-101       1.0000000
      0.00000       4.9850000  5.7325627e-101       1.0000000
      0.00000       4.9860000  5.5626545e-101       1.0000000
      0.00000       4.9870000  5.3978148e-101       1.0000000
      0.00000       4.9880000  5.2378914e-101       1.0000000
      0.00000       4.9890000  5.0827368e-101       1.0000000
      0.00000       4.9900000  4.9322078e-101       1.0000000
      0.00000       4.9910000  4.7861657e-101       1.0000000
      0.00000       4.9920000  4.6444759e-101       1.0000000
      0.00000       4.9930000  4.5070077e-101       1.0000000
      0.00000       4.9940000  4.3736347e-101       1.0000000
      0.00000       4.9950000  4.2442341e-101       1.0000000
      0.00000       4.9960000  4.1186867e-101       1.0000000
      0.00000       4.9970000  3.9968771e-101       1.0000000
      0.00000       4.9980000  3.8786933e-101       1.0000000
      0.00000       4.9990000  3.7640267e-101       1.0000000
      0.00000       5.0000000  3.6527720e-101       1.0000000
      0.00000       5.0010000  3.5448269e-101       1.0000000
      0.00000       5.0020000  3.4400924e-101       1.0000000
      0.00000       5.0030000  3.3384723e-101       1.0000000
      0.00000       5.0040000  3.2398735e-101       1.0000000
      0.00000       5.0050000  3.1442056e-101       1.0000000
      0.00000       5.0060000  3.0513809e-101       1.0000000
      0.00000       5.0070000  2.9613143e-101       1.0000000
      0.00000       5.0080000  2.8739234e-101       1.0000000
      0.00000       5.0090000  2.7891281e-101       1.0000000
      0.00000       5.0100000  2.7068509e-101       1.0000000
      0.00000       5.0110000  2.6270165e-101       1.0000000
      0.00000       5.0120000  2.5495519e-101       1.0000000
      0.00000       5.0130000  2.4743864e-101       1.0000000
      0.00000       5.0140000  2.4014512e-101       1.0000000
      0.00000       5.0150000  2.3306798e-101       1.0000000
      0.00000       5.0160000  2.2620075e-101       1.0000000
      0.00000       5.0170000  2.1953717e-101       1.0000000
      0.00000       5.0180000  2.1307116e-101       1.0000000
      0.00000       5.0190000  2.0679682e-101       1.0000000
      0.00000       5.0200000  2.0070844e-101       1.0000000
      0.00000       5.0210000  1.9480047e-101       1.0000000
      0.00000       5.0220000  1.8906753e-101       1.0000000
      0.00000       5.0230000  1.8350440e-101       1.0000000
      0.00000       5.0240000  1.7810602e-101       1.0000000
      0.00000       5.0250000  1.7286748e-101       1.0000000
      0.00000       5.0260000  1.6778401e-101       1.0000000
      0.00000       5.0270000  1.6285100e-101       1.0000000
      0.00000       5.0280000  1.5806396e-101       1.0000000
      0.00000       5.0290000  1.5341855e-101       1.0000000
      0.00000       5.0300000  1.4891055e-101       1.0000000
      0.00000       5.0310000  1.4453586e-101       1.0000000
      0.00000       5.0320000  1.4029053e-101       1.0000000
      0.00000       5.0330000  1.3617069e-101       1.0000000
      0.00000       5.0340000  1.3217263e-101       1.0000000
      0.00000       5.0350000  1.2829271e-101       1.0000000
      0.00000       5.0360000  1.2452742e-101       1.0000000
      0.00000       5.0370000  1.2087336e-101       1.0000000
      0.00000       5.0380000  1.1732721e-101       1.0000000
      0.00000       5.0390000  1.1388577e-101       1.0000000
      0.00000       5.0400000  1.1054593e-101       1.0000000
      0.00000       5.0410000  1.0730466e-101       1.0000000
      0.00000       5.0420000  1.0415905e-101       1.0000000
      0.00000       5.0430000  1.0110625e-101       1.0000000
      0.00000       5.0440000  9.8143497e-102       1.0000000
      0.00000       5.0450000  9.5268127e-102       1.0000000
      0.00000       5.0460000  9.2477544e-102       1.0000000
      0.00000       5.0470000  8.9769230e-102       1.0000000
      0.00000       5.0480000  8.7140747e-102       1.0000000
      0.00000       5.0490000  8.4589724e-102       1.0000000
      0.00000       5.0500000  8.2113865e-102       1.0000000
      0.00000       5.0510000  7.9710941e-102       1.0000000
      0.00000       5.0520000  7.7378789e-102       1.0000000
      0.00000       5.0530000  7.5115312e-102       1.0000000
      0.00000       5.0540000  7.2918475e-102       1.0000000
      0.00000       5.0550000  7.0786302e-102       1.0000000
      0.00000       5.0560000  6.8716878e-102       1.0000000
      0.00000       5.0570000  6.6708345e-102       1.0000000
      0.00000       5.0580000  6.4758900e-102       1.0000000
      0.00000       5.0590000  6.2866792e-102       1.0000000
      0.00000       5.0600000  6.1030326e-102       1.0000000
      0.00000       5.0610000  5.9247853e-102       1.0000000
      0.00000       5.0620000  5.7517777e-102       1.0000000
      0.00000       5.0630000  5.5838546e-102       1.0000000
      0.00000       5.0640000  5.4208659e-102       1.0000000
      0.00000       5.0650000  5.2626654e-102       1.0000000
      0.00000       5.0660000  5.1091117e-102       1.0000000
      0.00000       5.0670000  4.9600673e-102       1.0000000
      0.00000       5.0680000  4.8153990e-102       1.0000000
      0.00000       5.0690000  4.6749775e-102       1.0000000
      0.00000       5.0700000  4.5386774e-102       1.0000000
      0.00000       5.0710000  4.4063768e-102       1.0000000
      0.00000       5.0720000  4.2779577e-102       1.0000000
      0.00000       5.0730000  4.1533054e-102       1.0000000
      0.00000       5.0740000  4.0323088e-102       1.0000000
      0.00000       5.0750000  3.9148599e-102       1.0000000
      0.00000       5.0760000  3.8008541e-102       1.0000000
      0.00000       5.0770000  3.6901898e-102       1.0000000
      0.00000       5.0780000  3.5827684e-102       1.0000000
      0.00000       5.0790000  3.4784942e-102       1.0000000
      0.00000       5.0800000  3.3772746e-102       1.0000000
      0.00000       5.0810000  3.2790193e-102       1.0000000
      0.00000       5.0820000  3.1836411e-102       1.0000000
      0.00000       5.0830000  3.0910552e-102       1.0000000
      0.00000       5.0840000  3.0011792e-102       1.0000000
      0.00000       5.0850000  2.9139334e-102       1.0000000
      0.00000       5.0860000  2.8292403e-102       1.0000000
      0.00000       5.0870000  2.7470247e-102       1.0000000
      0.00000       5.0880000  2.6672137e-102       1.0000000
      0.00000       5.0890000  2.5897365e-102       1.0000000
      0.00000       5.0900000  2.5145244e-102       1.0000000
      0.00000       5.0910000  2.4415108e-102       1.0000000
      0.00000       5.0920000  2.3706310e-102       1.0000000
      0.00000       5.0930000  2.3018223e-102       1.0000000
      0.00000       5.0940000  2.2350236e-102       1.0000000
      0.00000       5.0950000  2.1701760e-102       1.0000000
      0.00000       5.0960000  2.1072221e-102       1.0000000
      0.00000       5.0970000  2.0461062e-102       1.0000000
      0.00000       5.0980000  1.9867743e-102       1.0000000
      0.00000       5.0990000  1.9291741e-102       1.0000000
      0.00000       5.1000000  1.8732546e-102       1.0000000
      0.00000       5.1010000  1.8189664e-102       1.0000000
      0.00000       5.1020000  1.7662618e-102       1.0000000
      0.00000       5.1030000  1.7150941e-102       1.0000000
      0.00000       5.1040000  1.6654184e-102       1.0000000
      0.00000       5.1050000  1.6171908e-102       1.0000000
      0.00000       5.1060000  1.5703687e-102       1.0000000
      0.00000       5.1070000  1.5249111e-102       1.0000000
      0.00000       5.1080000  1.4807779e-102       1.0000000
      0.00000       5.1090000  1.4379302e-102       1.0000000
      0.00000       5.1100000  1.3963304e-102       1.0000000
      0.00000       5.1110000  1.3559419e-102       1.0000000
      0.00000       5.1120000  1.3167291e-102       1.0000000
      0.00000       5.1130000  1.2786577e-102       1.0000000
      0.00000       5.1140000  1.2416942e-102       1.0000000
      0.00000       5.1150000  1.2058062e-102       1.0000000
      0.00000       5.1160000  1.1709621e-102       1.0000000
      0.00000       5.1170000  1.1371314e-102       1.0000000
      0.00000       5.1180000  1.1042845e-102       1.0000000
      0.00000       5.1190000  1.0723925e-102       1.0000000
      0.00000       5.1200000  1.0414276e-102       1.0000000
      0.00000       5.1210000  1.0113625e-102       1.0000000
      0.00000       5.1220000  9.8217097e-103       1.0000000
      0.00000       5.1230000  9.5382748e-103       1.0000000
      0.00000       5.1240000  9.2630723e-103       1.0000000
      0.00000       5.1250000  8.9958614e-103       1.0000000
      0.00000       5.1260000  8.7364085e-103       1.0000000
      0.00000       5.1270000  8.4844872e-103       1.0000000
      0.00000       5.1280000  8.2398771e-103       1.0000000
      0.00000       5.1290000  8.0023649e-103       1.0000000
      0.00000       5.1300000  7.7717433e-103       1.0000000
      0.00000       5.1310000  7.5478110e-103       1.0000000
      0.00000       5.1320000  7.3303727e-103       1.0000000
      0.00000       5.1330000  7.1192390e-103       1.0000000
      0.00000       5.1340000  6.9142259e-103       1.0000000
      0.00000       5.1350000  6.7151547e-103       1.0000000
      0.00000       5.1360000  6.5218522e-103       1.0000000
      0.00000       5.1370000  6.3341501e-103       1.0000000
      0.00000       5.1380000  6.1518852e-103       1.0000000
      0.00000       5.1390000  5.9748989e-103       1.0000000
      0.00000       5.1400000  5.8030373e-103       1.0000000
      0.00000       5.1410000  5.6361512e-103       1.0000000
      0.00000       5.1420000  5.4740955e-103       1.0000000
      0.00000       5.1430000  5.3167295e-103       1.0000000
      0.00000       5.1440000  5.1639167e-103       1.0000000
      0.00000       5.1450000  5.0155244e-103       1.0000000
      0.00000       5.1460000  4.8714240e-103       1.0000000
      0.00000       5.1470000  4.7314905e-103       1.0000000
      0.00000       5.1480000  4.5956027e-103       1.0000000
      0.00000       5.1490000  4.4636429e-103       1.0000000
      0.00000       5.1500000  4.3354967e-103       1.0000000
      0.00000       5.1510000  4.2110532e-103       1.0000000
      0.00000       5.1520000  4.0902049e-103       1.0000000
      0.00000       5.1530000  3.9728470e-103       1.0000000
      0.00000       5.1540000  3.8588783e-103       1.0000000
      0.00000       5.1550000  3.7482001e-103       1.0000000
      0.00000       5.1560000  3.6407169e-103       1.0000000
      0.00000       5.1570000  3.5363358e-103       1.0000000
      0.00000       5.1580000  3.4349668e-103       1.0000000
      0.00000       5.1590000  3.3365223e-103       1.0000000
      0.00000       5.1600000  3.2409174e-103       1.0000000
      0.00000       5.1610000  3.1480698e-103       1.0000000
      0.00000       5.1620000  3.0578993e-103       1.0000000
      0.00000       5.1630000  2.9703283e-103       1.0000000
      0.00000       5.1640000  2.8852814e-103       1.0000000
      0.00000       5.1650000  2.8026853e-103       1.0000000
      0.00000       5.1660000  2.7224690e-103       1.0000000
      0.00000       5.1670000  2.6445634e-103       1.0000000
      0.00000       5.1680000  2.5689016e-103       1.0000000
      0.00000       5.1690000  2.4954185e-103       1.0000000
      0.00000       5.1700000  2.4240510e-103       1.0000000
      0.00000       5.1710000  2.3547378e-103       1.0000000
      0.00000       5.1720000  2.2874193e-103       1.0000000
      0.00000       5.1730000  2.2220378e-103       1.0000000
      0.00000       5.1740000  2.1585373e-103       1.0000000
      0.00000       5.1750000  2.0968632e-103       1.0000000
      0.00000       5.1760000  2.0369626e-103       1.0000000
      0.00000       5.1770000  1.9787843e-103       1.0000000
      0.00000       5.1780000  1.9222785e-103       1.0000000
      0.00000       5.1790000  1.8673966e-103       1.0000000
      0.00000       5.1800000  1.8140918e-103       1.0000000
      0.00000       5.1810000  1.7623184e-103       1.0000000
      0.00000       5.1820000  1.7120321e-103       1.0000000
      0.00000       5.1830000  1.6631901e-103       1.0000000
      0.00000       5.1840000  1.6157504e-103       1.0000000
      0.00000       5.1850000  1.5696727e-103       1.0000000
      0.00000       5.1860000  1.5249175e-103       1.0000000
      0.00000       5.1870000  1.4814466e-103       1.0000000
      0.00000       5.1880000  1.4392230e-103       1.0000000
      0.00000       5.1890000  1.3982107e-103       1.0000000
      0.00000       5.1900000  1.3583745e-103       1.0000000
      0.00000       5.1910000  1.3196807e-103       1.0000000
      0.00000       5.1920000  1.2820963e-103       1.0000000
      0.00000       5.1930000  1.2455892e-103       1.0000000
      0.00000       5.1940000  1.2101283e-103       1.0000000
      0.00000       5.1950000  1.1756835e-103       1.0000000
      0.00000       5.1960000  1.1422255e-103       1.0000000
      0.00000       5.1970000  1.1097258e-103       1.0000000
      0.00000       5.1980000  1.0781568e-103       1.0000000
      0.00000       5.1990000  1.0474917e-103       1.0000000
      0.00000       5.2000000  1.0177044e-103       1.0000000
      0.00000       5.2010000  9.8876969e-104       1.0000000
      0.00000       5.2020000  9.6066293e-104       1.0000000
      0.00000       5.2030000  9.3336031e-104       1.0000000
      0.00000       5.2040000  9.0683867e-104       1.0000000
      0.00000       5.2050000  8.8107552e-104       1.0000000
      0.00000       5.2060000  8.5604904e-104       1.0000000
      0.00000       5.2070000  8.3173803e-104       1.0000000
      0.00000       5.2080000  8.0812190e-104       1.0000000
      0.00000       5.2090000  7.8518067e-104       1.0000000
      0.00000       5.2100000  7.6289491e-104       1.0000000
      0.00000       5.2110000  7.4124579e-104       1.0000000
      0.00000       5.2120000  7.2021499e-104       1.0000000
      0.00000       5.2130000  6.9978475e-104       1.0000000
      0.00000       5.2140000  6.7993780e-104       1.0000000
      0.00000       5.2150000  6.6065739e-104       1.0000000
      0.00000       5.2160000  6.4192724e-104       1.0000000
      0.00000       5.2170000  6.2373154e-104       1.0000000
      0.00000       5.2180000  6.0605494e-104       1.0000000
      0.00000       5.2190000  5.8888255e-104       1.0000000
      0.00000       5.2200000  5.7219988e-104       1.0000000
      0.00000       5.2210000  5.5599288e-104       1.0000000
      0.00000       5.2220000  5.4024790e-104       1.0000000
      0.00000       5.2230000  5.2495169e-104       1.0000000
      0.00000       5.2240000  5.1009137e-104       1.0000000
      0.00000       5.2250000  4.9565443e-104       1.0000000
      0.00000       5.2260000  4.8162875e-104       1.0000000
      0.00000       5.2270000  4.6800253e-104       1.0000000
      0.00000       5.2280000  4.5476431e-104       1.0000000
      0.00000       5.2290000  4.4190299e-104       1.0000000
      0.00000       5.2300000  4.2940775e-104       1.0000000
      0.00000       5.2310000  4.1726812e-104       1.0000000
      0.00000       5.2320000  4.0547391e-104       1.0000000
      0.00000       5.2330000  3.9401522e-104       1.0000000
      0.00000       5.2340000  3.8288246e-104       1.0000000
      0.00000       5.2350000  3.7206628e-104       1.0000000
      0.00000       5.2360000  3.6155763e-104       1.0000000
      0.00000       5.2370000  3.5134771e-104       1.0000000
      0.00000       5.2380000  3.4142797e-104       1.0000000
      0.00000       5.2390000  3.3179012e-104       1.0000000
      0.00000       5.2400000  3.2242608e-104       1.0000000
      0.00000       5.2410000  3.1332804e-104       1.0000000
      0.00000       5.2420000  3.0448838e-104       1.0000000
      0.00000       5.2430000  2.9589972e-104       1.0000000
      0.00000       5.2440000  2.8755489e-104       1.0000000
      0.00000       5.2450000  2.7944692e-104       1.0000000
      0.00000       5.2460000  2.7156905e-104       1.0000000
      0.00000       5.2470000  2.6391470e-104       1.0000000
      0.00000       5.2480000  2.5647749e-104       1.0000000
      0.00000       5.2490000  2.4925122e-104       1.0000000
      0.00000       5.2500000  2.4222987e-104       1.0000000
      0.00000       5.2510000  2.3540759e-104       1.0000000
      0.00000       5.2520000  2.2877871e-104       1.0000000
      0.00000       5.2530000  2.2233769e-104       1.0000000
      0.00000       5.2540000  2.1607919e-104       1.0000000
      0.00000       5.2550000  2.0999800e-104       1.0000000
      0.00000       5.2560000  2.0408906e-104       1.0000000
      0.00000       5.2570000  1.9834747e-104       1.0000000
      0.00000       5.2580000  1.9276845e-104       1.0000000
      0.00000       5.2590000  1.8734737e-104       1.0000000
      0.00000       5.2600000  1.8207973e-104       1.0000000
      0.00000       5.2610000  1.7696115e-104       1.0000000
      0.00000       5.2620000  1.7198741e-104       1.0000000
      0.00000       5.2630000  1.6715436e-104       1.0000000
      0.00000       5.2640000  1.6245801e-104       1.0000000
      0.00000       5.2650000  1.5789446e-104       1.0000000
      0.00000       5.2660000  1.5345993e-104       1.0000000
      0.00000       5.2670000  1.4915076e-104       1.0000000
      0.00000       5.2680000  1.4496337e-104       1.0000000
      0.00000       5.2690000  1.4089430e-104       1.0000000
      0.00000       5.2700000  1.3694019e-104       1.0000000
      0.00000       5.2710000  1.3309777e-104       1.0000000
      0.00000       5.2720000  1.2936386e-104       1.0000000
      0.00000       5.2730000  1.2573538e-104       1.0000000
      0.00000       5.2740000  1.2220934e-104       1.0000000
      0.00000       5.2750000  1.1878282e-104       1.0000000
      0.00000       5.2760000  1.1545299e-104       1.0000000
      0.00000       5.2770000  1.1221711e-104       1.0000000
      0.00000       5.2780000  1.0907252e-104       1.0000000
      0.00000       5.2790000  1.0601661e-104       1.0000000
      0.00000       5.2800000  1.0304688e-104       1.0000000
      0.00000       5.2810000  1.0016087e-104       1.0000000
      0.00000       5.2820000  9.7356215e-105       1.0000000
      0.00000       5.2830000  9.4630603e-105       1.0000000
      0.00000       5.2840000  9.1981793e-105       1.0000000
      0.00000       5.2850000  8.9407606e-105       1.0000000
      0.00000       5.2860000  8.6905926e-105       1.0000000
      0.00000       5.2870000  8.4474699e-105       1.0000000
      0.00000       5.2880000  8.2111926e-105       1.0000000
      0.00000       5.2890000  7.9815669e-105       1.0000000
      0.00000       5.2900000  7.7584043e-105       1.0000000
      0.00000       5.2910000  7.5415217e-105       1.0000000
      0.00000       5.2920000  7.3307412e-105       1.0000000
      0.00000       5.2930000  7.1258900e-105       1.0000000
      0.00000       5.2940000  6.9268003e-105       1.0000000
      0.00000       5.2950000  6.7333090e-105       1.0000000
      0.00000       5.2960000  6.5452577e-105       1.0000000
      0.00000       5.2970000  6.3624923e-105       1.0000000
      0.00000       5.2980000  6.1848635e-105       1.0000000
      0.00000       5.2990000  6.0122258e-105       1.0000000
      0.00000       5.3000000  5.8444382e-105       1.0000000
      0.00000       5.3010000  5.6813635e-105       1.0000000
      0.00000       5.3020000  5.5228685e-105       1.0000000
      0.00000       5.3030000  5.3688237e-105       1.0000000
      0.00000       5.3040000  5.2191034e-105       1.0000000
      0.00000       5.3050000  5.0735854e-105       1.0000000
      0.00000       5.3060000  4.9321510e-105       1.0000000
      0.00000       5.3070000  4.7946849e-105       1.0000000
      0.00000       5.3080000  4.6610749e-105       1.0000000
      0.00000       5.3090000  4.5312123e-105       1.0000000
      0.00000       5.3100000  4.4049913e-105       1.0000000
      0.00000       5.3110000  4.2823090e-105       1.0000000
      0.00000       5.3120000  4.1630656e-105       1.0000000
      0.00000       5.3130000  4.0471642e-105       1.0000000
      0.00000       5.3140000  3.9345104e-105       1.0000000
      0.00000       5.3150000  3.8250127e-105       1.0000000
      0.00000       5.3160000  3.7185821e-105       1.0000000
      0.00000       5.3170000  3.6151320e-105       1.0000000
      0.00000       5.3180000  3.5145786e-105       1.0000000
      0.00000       5.3190000  3.4168402e-105       1.0000000
      0.00000       5.3200000  3.3218374e-105       1.0000000
      0.00000       5.3210000  3.2294932e-105       1.0000000
      0.00000       5.3220000  3.1397327e-105       1.0000000
      0.00000       5.3230000  3.0524832e-105       1.0000000
      0.00000       5.3240000  2.9676740e-105       1.0000000
      0.00000       5.3250000  2.8852364e-105       1.0000000
      0.00000       5.3260000  2.8051035e-105       1.0000000
      0.00000       5.3270000  2.7272107e-105       1.0000000
      0.00000       5.3280000  2.6514949e-105       1.0000000
      0.00000       5.3290000  2.5778947e-105       1.0000000
      0.00000       5.3300000  2.5063508e-105       1.0000000
      0.00000       5.3310000  2.4368053e-105       1.0000000
      0.00000       5.3320000  2.3692021e-105       1.0000000
      0.00000       5.3330000  2.3034864e-105       1.0000000
      0.00000       5.3340000  2.2396054e-105       1.0000000
      0.00000       5.3350000  2.1775074e-105       1.0000000
      0.00000       5.3360000  2.1171424e-105       1.0000000
      0.00000       5.3370000  2.0584617e-105       1.0000000
      0.00000       5.3380000  2.0014180e-105       1.0000000
      0.00000       5.3390000  1.9459653e-105       1.0000000
      0.00000       5.3400000  1.8920589e-105       1.0000000
      0.00000       5.3410000  1.8396556e-105       1.0000000
      0.00000       5.3420000  1.7887130e-105       1.0000000
      0.00000       5.3430000  1.7391902e-105       1.0000000
      0.00000       5.3440000  1.6910474e-105       1.0000000
      0.00000       5.3450000  1.6442459e-105       1.0000000
      0.00000       5.3460000  1.5987481e-105       1.0000000
      0.00000       5.3470000  1.5545174e-105       1.0000000
      0.00000       5.3480000  1.5115183e-105       1.0000000
      0.00000       5.3490000  1.4697164e-105       1.0000000
      0.00000       5.3500000  1.4290779e-105       1.0000000
      0.00000       5.3510000  1.3895704e-105       1.0000000
      0.00000       5.3520000  1.3511622e-105       1.0000000
      0.00000       5.3530000  1.3138225e-105       1.0000000
      0.00000       5.3540000  1.2775214e-105       1.0000000
      0.00000       5.3550000  1.2422298e-105       1.0000000
      0.00000       5.3560000  1.2079194e-105       1.0000000
      0.00000       5.3570000  1.1745628e-105       1.0000000
      0.00000       5.3580000  1.1421334e-105       1.0000000
      0.00000       5.3590000  1.1106051e-105       1.0000000
      0.00000       5.3600000  1.0799528e-105       1.0000000
      0.00000       5.3610000  1.0501519e-105       1.0000000
      0.00000       5.3620000  1.0211787e-105       1.0000000
      0.00000       5.3630000  9.9301011e-106       1.0000000
      0.00000       5.3640000  9.6562352e-106       1.0000000
      0.00000       5.3650000  9.3899713e-106       1.0000000
      0.00000       5.3660000  9.1310971e-106       1.0000000
      0.00000       5.3670000  8.8794061e-106       1.0000000
      0.00000       5.3680000  8.6346977e-106       1.0000000
      0.00000       5.3690000  8.3967770e-106       1.0000000
      0.00000       5.3700000  8.1654544e-106       1.0000000
      0.00000       5.3710000  7.9405458e-106       1.0000000
      0.00000       5.3720000  7.7218723e-106       1.0000000
      0.00000       5.3730000  7.5092598e-106       1.0000000
      0.00000       5.3740000  7.3025392e-106       1.0000000
      0.00000       5.3750000  7.1015463e-106       1.0000000
      0.00000       5.3760000  6.9061214e-106       1.0000000
      0.00000       5.3770000  6.7161091e-106       1.0000000
      0.00000       5.3780000  6.5313586e-106       1.0000000
      0.00000       5.3790000  6.3517233e-106       1.0000000
      0.00000       5.3800000  6.1770606e-106       1.0000000
      0.00000       5.3810000  6.0072320e-106       1.0000000
      0.00000       5.3820000  5.8421028e-106       1.0000000
      0.00000       5.3830000  5.6815422e-106       1.0000000
      0.00000       5.3840000  5.5254230e-106       1.0000000
      0.00000       5.3850000  5.3736214e-106       1.0000000
      0.00000       5.3860000  5.2260174e-106       1.0000000
      0.00000       5.3870000  5.0824941e-106       1.0000000
      0.00000       5.3880000  4.9429379e-106       1.0000000
      0.00000       5.3890000  4.8072385e-106       1.0000000
      0.00000       5.3900000  4.6752887e-106       1.0000000
      0.00000       5.3910000  4.5469841e-106       1.0000000
      0.00000       5.3920000  4.4222235e-106       1.0000000
      0.00000       5.3930000  4.3009082e-106       1.0000000
      0.00000       5.3940000  4.1829425e-106       1.0000000
      0.00000       5.3950000  4.0682334e-106       1.0000000
      0.00000       5.3960000  3.9566903e-106       1.0000000
      0.00000       5.3970000  3.8482254e-106       1.0000000
      0.00000       5.3980000  3.7427531e-106       1.0000000
      0.00000       5.3990000  3.6401903e-106       1.0000000
      0.00000       5.4000000  3.5404563e-106       1.0000000
      0.00000       5.4010000  3.4434725e-106       1.0000000
      0.00000       5.4020000  3.3491626e-106       1.0000000
      0.00000       5.4030000  3.2574524e-106       1.0000000
      0.00000       5.4040000  3.1682698e-106       1.0000000
      0.00000       5.4050000  3.0815447e-106       1.0000000
      0.00000       5.4060000  2.9972089e-106       1.0000000
      0.00000       5.4070000  2.9151961e-106       1.0000000
      0.00000       5.4080000  2.8354420e-106       1.0000000
      0.00000       5.4090000  2.7578840e-106       1.0000000
      0.00000       5.4100000  2.6824612e-106       1.0000000
      0.00000       5.4110000  2.6091144e-106       1.0000000
      0.00000       5.4120000  2.5377862e-106       1.0000000
      0.00000       5.4130000  2.4684205e-106       1.0000000
      0.00000       5.4140000  2.4009632e-106       1.0000000
      0.00000       5.4150000  2.3353612e-106       1.0000000
      0.00000       5.4160000  2.2715634e-106       1.0000000
      0.00000       5.4170000  2.2095197e-106       1.0000000
      0.00000       5.4180000  2.1491816e-106       1.0000000
      0.00000       5.4190000  2.0905019e-106       1.0000000
      0.00000       5.4200000  2.0334347e-106       1.0000000
      0.00000       5.4210000  1.9779355e-106       1.0000000
      0.00000       5.4220000  1.9239608e-106       1.0000000
      0.00000       5.4230000  1.8714686e-106       1.0000000
      0.00000       5.4240000  1.8204178e-106       1.0000000
      0.00000       5.4250000  1.7707687e-106       1.0000000
      0.00000       5.4260000  1.7224824e-106       1.0000000
      0.00000       5.4270000  1.6755214e-106       1.0000000
      0.00000       5.4280000  1.6298490e-106       1.0000000
      0.00000       5.4290000  1.5854296e-106       1.0000000
      0.00000       5.4300000  1.5422287e-106       1.0000000
      0.00000       5.4310000  1.5002125e-106       1.0000000
      0.00000       5.4320000  1.4593485e-106       1.0000000
      0.00000       5.4330000  1.4196048e-106       1.0000000
      0.00000       5.4340000  1.3809505e-106       1.0000000
      0.00000       5.4350000  1.3433555e-106       1.0000000
      0.00000       5.4360000  1.3067906e-106       1.0000000
      0.00000       5.4370000  1.2712275e-106       1.0000000
      0.00000       5.4380000  1.2366384e-106       1.0000000
      0.00000       5.4390000  1.2029966e-106       1.0000000
      0.00000       5.4400000  1.1702759e-106       1.0000000
      0.00000       5.4410000  1.1384510e-106       1.0000000
      0.00000       5.4420000  1.1074971e-106       1.0000000
      0.00000       5.4430000  1.0773903e-106       1.0000000
      0.00000       5.4440000  1.0481073e-106       1.0000000
      0.00000       5.4450000  1.0196253e-106       1.0000000
      0.00000       5.4460000  9.9192232e-107       1.0000000
      0.00000       5.4470000  9.6497691e-107       1.0000000
      0.00000       5.4480000  9.3876821e-107       1.0000000
      0.00000       5.4490000  9.1327596e-107       1.0000000
      0.00000       5.4500000  8.8848044e-107       1.0000000
      0.00000       5.4510000  8.6436248e-107       1.0000000
      0.00000       5.4520000  8.4090346e-107       1.0000000
      0.00000       5.4530000  8.1808524e-107       1.0000000
      0.00000       5.4540000  7.9589023e-107       1.0000000
      0.00000       5.4550000  7.7430127e-107       1.0000000
      0.00000       5.4560000  7.5330173e-107       1.0000000
      0.00000       5.4570000  7.3287540e-107       1.0000000
      0.00000       5.4580000  7.1300654e-107       1.0000000
      0.00000       5.4590000  6.9367983e-107       1.0000000
      0.00000       5.4600000  6.7488039e-107       1.0000000
      0.00000       5.4610000  6.5659373e-107       1.0000000
      0.00000       5.4620000  6.3880579e-107       1.0000000
      0.00000       5.4630000  6.2150287e-107       1.0000000
      0.00000       5.4640000  6.0467166e-107       1.0000000
      0.00000       5.4650000  5.8829922e-107       1.0000000
      0.00000       5.4660000  5.7237296e-107       1.0000000
      0.00000       5.4670000  5.5688065e-107       1.0000000
      0.00000       5.4680000  5.4181039e-107       1.0000000
      0.00000       5.4690000  5.2715060e-107       1.0000000
      0.00000       5.4700000  5.1289004e-107       1.0000000
      0.00000       5.4710000  4.9901775e-107       1.0000000
      0.00000       5.4720000  4.8552311e-107       1.0000000
      0.00000       5.4730000  4.7239576e-107       1.0000000
      0.00000       5.4740000  4.5962564e-107       1.0000000
      0.00000       5.4750000  4.4720298e-107       1.0000000
      0.00000       5.4760000  4.3511824e-107       1.0000000
      0.00000       5.4770000  4.2336219e-107       1.0000000
      0.00000       5.4780000  4.1192583e-107       1.0000000
      0.00000       5.4790000  4.0080040e-107       1.0000000
      0.00000       5.4800000  3.8997740e-107       1.0000000
      0.00000       5.4810000  3.7944855e-107       1.0000000
      0.00000       5.4820000  3.6920581e-107       1.0000000
      0.00000       5.4830000  3.5924136e-107       1.0000000
      0.00000       5.4840000  3.4954758e-107       1.0000000
      0.00000       5.4850000  3.4011707e-107       1.0000000
      0.00000       5.4860000  3.3094264e-107       1.0000000
      0.00000       5.4870000  3.2201728e-107       1.0000000
      0.00000       5.4880000  3.1333421e-107       1.0000000
      0.00000       5.4890000  3.0488678e-107       1.0000000
      0.00000       5.4900000  2.9666857e-107       1.0000000
      0.00000       5.4910000  2.8867333e-107       1.0000000
      0.00000       5.4920000  2.8089495e-107       1.0000000
      0.00000       5.4930000  2.7332752e-107       1.0000000
      0.00000       5.4940000  2.6596528e-107       1.0000000
      0.00000       5.4950000  2.5880264e-107       1.0000000
      0.00000       5.4960000  2.5183414e-107       1.0000000
      0.00000       5.4970000  2.4505449e-107       1.0000000
      0.00000       5.4980000  2.3845854e-107       1.0000000
      0.00000       5.4990000  2.3204128e-107       1.0000000
      0.00000       5.5000000  2.2579784e-107       1.0000000
      0.00000       5.5010000  2.1972348e-107       1.0000000
      0.00000       5.5020000  2.1381359e-107       1.0000000
      0.00000       5.5030000  2.0806369e-107       1.0000000
      0.00000       5.5040000  2.0246942e-107       1.0000000
      0.00000       5.5050000  1.9702653e-107       1.0000000
      0.00000       5.5060000  1.9173092e-107       1.0000000
      0.00000       5.5070000  1.8657856e-107       1.0000000
      0.00000       5.5080000  1.8156556e-107       1.0000000
      0.00000       5.5090000  1.7668812e-107       1.0000000
      0.00000       5.5100000  1.7194256e-107       1.0000000
      0.00000       5.5110000  1.6732528e-107       1.0000000
      0.00000       5.5120000  1.6283279e-107       1.0000000
      0.00000       5.5130000  1.5846171e-107       1.0000000
      0.00000       5.5140000  1.5420873e-107       1.0000000
      0.00000       5.5150000  1.5007063e-107       1.0000000
      0.00000       5.5160000  1.4604429e-107       1.0000000
      0.00000       5.5170000  1.4212668e-107       1.0000000
      0.00000       5.5180000  1.3831484e-107       1.0000000
      0.00000       5.5190000  1.3460590e-107       1.0000000
      0.00000       5.5200000  1.3099706e-107       1.0000000
      0.00000       5.5210000  1.2748560e-107       1.0000000
      0.00000       5.5220000  1.2406888e-107       1.0000000
      0.00000       5.5230000  1.2074433e-107       1.0000000
      0.00000       5.5240000  1.1750943e-107       1.0000000
      0.00000       5.5250000  1.1436177e-107       1.0000000
      0.00000       5.5260000  1.1129896e-107       1.0000000
      0.00000       5.5270000  1.0831872e-107       1.0000000
      0.00000       5.5280000  1.0541880e-107       1.0000000
      0.00000       5.5290000  1.0259701e-107       1.0000000
      0.00000       5.5300000  9.9851252e-108       1.0000000
      0.00000       5.5310000  9.7179451e-108       1.0000000
      0.00000       5.5320000  9.4579605e-108       1.0000000
      0.00000       5.5330000  9.2049764e-108       1.0000000
      0.00000       5.5340000  8.9588031e-108       1.0000000
      0.00000       5.5350000  8.7192560e-108       1.0000000
      0.00000       5.5360000  8.4861557e-108       1.0000000
      0.00000       5.5370000  8.2593275e-108       1.0000000
      0.00000       5.5380000  8.0386015e-108       1.0000000
      0.00000       5.5390000  7.8238126e-108       1.0000000
      0.00000       5.5400000  7.6148000e-108       1.0000000
      0.00000       5.5410000  7.4114074e-108       1.0000000
      0.00000       5.5420000  7.2134827e-108       1.0000000
      0.00000       5.5430000  7.0208780e-108       1.0000000
      0.00000       5.5440000  6.8334492e-108       1.0000000
      0.00000       5.5450000  6.6510565e-108       1.0000000
      0.00000       5.5460000  6.4735637e-108       1.0000000
      0.00000       5.5470000  6.3008382e-108       1.0000000
      0.00000       5.5480000  6.1327513e-108       1.0000000
      0.00000       5.5490000  5.9691775e-108       1.0000000
      0.00000       5.5500000  5.8099948e-108       1.0000000
      0.00000       5.5510000  5.6550847e-108       1.0000000
      0.00000       5.5520000  5.5043317e-108       1.0000000
      0.00000       5.5530000  5.3576235e-108       1.0000000
      0.00000       5.5540000  5.2148510e-108       1.0000000
      0.00000       5.5550000  5.0759078e-108       1.0000000
      0.00000       5.5560000  4.9406905e-108       1.0000000
      0.00000       5.5570000  4.8090987e-108       1.0000000
      0.00000       5.5580000  4.6810345e-108       1.0000000
      0.00000       5.5590000  4.5564028e-108       1.0000000
      0.00000       5.5600000  4.4351108e-108       1.0000000
      0.00000       5.5610000  4.3170686e-108       1.0000000
      0.00000       5.5620000  4.2021885e-108       1.0000000
      0.00000       5.5630000  4.0903853e-108       1.0000000
      0.00000       5.5640000  3.9815760e-108       1.0000000
      0.00000       5.5650000  3.8756800e-108       1.0000000
      0.00000       5.5660000  3.7726187e-108       1.0000000
      0.00000       5.5670000  3.6723158e-108       1.0000000
      0.00000       5.5680000  3.5746969e-108       1.0000000
      0.00000       5.5690000  3.4796898e-108       1.0000000
      0.00000       5.5700000  3.3872241e-108       1.0000000
      0.00000       5.5710000  3.2972315e-108       1.0000000
      0.00000       5.5720000  3.2096454e-108       1.0000000
      0.00000       5.5730000  3.1244009e-108       1.0000000
      0.00000       5.5740000  3.0414351e-108       1.0000000
      0.00000       5.5750000  2.9606867e-108       1.0000000
      0.00000       5.5760000  2.8820960e-108       1.0000000
      0.00000       5.5770000  2.8056051e-108       1.0000000
      0.00000       5.5780000  2.7311574e-108       1.0000000
      0.00000       5.5790000  2.6586980e-108       1.0000000
      0.00000       5.5800000  2.5881734e-108       1.0000000
      0.00000       5.5810000  2.5195317e-108       1.0000000
      0.00000       5.5820000  2.4527224e-108       1.0000000
      0.00000       5.5830000  2.3876960e-108       1.0000000
      0.00000       5.5840000  2.3244048e-108       1.0000000
      0.00000       5.5850000  2.2628022e-108       1.0000000
      0.00000       5.5860000  2.2028428e-108       1.0000000
      0.00000       5.5870000  2.1444825e-108       1.0000000
      0.00000       5.5880000  2.0876784e-108       1.0000000
      0.00000       5.5890000  2.0323887e-108       1.0000000
      0.00000       5.5900000  1.9785728e-108       1.0000000
      0.00000       5.5910000  1.9261911e-108       1.0000000
      0.00000       5.5920000  1.8752052e-108       1.0000000
      0.00000       5.5930000  1.8255777e-108       1.0000000
      0.00000       5.5940000  1.7772720e-108       1.0000000
      0.00000       5.5950000  1.7302529e-108       1.0000000
      0.00000       5.5960000  1.6844857e-108       1.0000000
      0.00000       5.5970000  1.6399370e-108       1.0000000
      0.00000       5.5980000  1.5965741e-108       1.0000000
      0.00000       5.5990000  1.5543653e-108       1.0000000
      0.00000       5.6000000  1.5132795e-108       1.0000000
      0.00000       5.6010000  1.4732868e-108       1.0000000
      0.00000       5.6020000  1.4343579e-108       1.0000000
      0.00000       5.6030000  1.3964643e-108       1.0000000
      0.00000       5.6040000  1.3595783e-108       1.0000000
      0.00000       5.6050000  1.3236729e-108       1.0000000
      0.00000       5.6060000  1.2887219e-108       1.0000000
      0.00000       5.6070000  1.2546997e-108       1.0000000
      0.00000       5.6080000  1.2215816e-108       1.0000000
      0.00000       5.6090000  1.1893432e-108       1.0000000
      0.00000       5.6100000  1.1579612e-108       1.0000000
      0.00000       5.6110000  1.1274127e-108       1.0000000
      0.00000       5.6120000  1.0976752e-108       1.0000000
      0.00000       5.6130000  1.0687272e-108       1.0000000
      0.00000       5.6140000  1.0405476e-108       1.0000000
      0.00000       5.6150000  1.0131159e-108       1.0000000
      0.00000       5.6160000  9.8641199e-109       1.0000000
      0.00000       5.6170000  9.6041654e-109       1.0000000
      0.00000       5.6180000  9.3511061e-109       1.0000000
      0.00000       5.6190000  9.1047578e-109       1.0000000
      0.00000       5.6200000  8.8649416e-109       1.0000000
      0.00000       5.6210000  8.6314830e-109       1.0000000
      0.00000       5.6220000  8.4042124e-109       1.0000000
      0.00000       5.6230000  8.1829649e-109       1.0000000
      0.00000       5.6240000  7.9675796e-109       1.0000000
      0.00000       5.6250000  7.7579003e-109       1.0000000
      0.00000       5.6260000  7.5537749e-109       1.0000000
      0.00000       5.6270000  7.3550552e-109       1.0000000
      0.00000       5.6280000  7.1615973e-109       1.0000000
      0.00000       5.6290000  6.9732609e-109       1.0000000
      0.00000       5.6300000  6.7899095e-109       1.0000000
      0.00000       5.6310000  6.6114103e-109       1.0000000
      0.00000       5.6320000  6.4376342e-109       1.0000000
      0.00000       5.6330000  6.2684552e-109       1.0000000
      0.00000       5.6340000  6.1037511e-109       1.0000000
      0.00000       5.6350000  5.9434027e-109       1.0000000
      0.00000       5.6360000  5.7872940e-109       1.0000000
      0.00000       5.6370000  5.6353123e-109       1.0000000
      0.00000       5.6380000  5.4873477e-109       1.0000000
      0.00000       5.6390000  5.3432934e-109       1.0000000
      0.00000       5.6400000  5.2030454e-109       1.0000000
      0.00000       5.6410000  5.0665024e-109       1.0000000
      0.00000       5.6420000  4.9335660e-109       1.0000000
      0.00000       5.6430000  4.8041402e-109       1.0000000
      0.00000       5.6440000  4.6781318e-109       1.0000000
      0.00000       5.6450000  4.5554499e-109       1.0000000
      0.00000       5.6460000  4.4360062e-109       1.0000000
      0.00000       5.6470000  4.3197146e-109       1.0000000
      0.00000       5.6480000  4.2064914e-109       1.0000000
      0.00000       5.6490000  4.0962552e-109       1.0000000
      0.00000       5.6500000  3.9889265e-109       1.0000000
      0.00000       5.6510000  3.8844284e-109       1.0000000
      0.00000       5.6520000  3.7826855e-109       1.0000000
      0.00000       5.6530000  3.6836248e-109       1.0000000
      0.00000       5.6540000  3.5871752e-109       1.0000000
      0.00000       5.6550000  3.4932673e-109       1.0000000
      0.00000       5.6560000  3.4018338e-109       1.0000000
      0.00000       5.6570000  3.3128090e-109       1.0000000
      0.00000       5.6580000  3.2261291e-109       1.0000000
      0.00000       5.6590000  3.1417319e-109       1.0000000
      0.00000       5.6600000  3.0595569e-109       1.0000000
      0.00000       5.6610000  2.9795452e-109       1.0000000
      0.00000       5.6620000  2.9016395e-109       1.0000000
      0.00000       5.6630000  2.8257840e-109       1.0000000
      0.00000       5.6640000  2.7519245e-109       1.0000000
      0.00000       5.6650000  2.6800080e-109       1.0000000
      0.00000       5.6660000  2.6099830e-109       1.0000000
      0.00000       5.6670000  2.5417997e-109       1.0000000
      0.00000       5.6680000  2.4754091e-109       1.0000000
      0.00000       5.6690000  2.4107638e-109       1.0000000
      0.00000       5.6700000  2.3478177e-109       1.0000000
      0.00000       5.6710000  2.2865259e-109       1.0000000
      0.00000       5.6720000  2.2268445e-109       1.0000000
      0.00000       5.6730000  2.1687310e-109       1.0000000
      0.00000       5.6740000  2.1121439e-109       1.0000000
      0.00000       5.6750000  2.0570428e-109       1.0000000
      0.00000       5.6760000  2.0033886e-109       1.0000000
      0.00000       5.6770000  1.9511429e-109       1.0000000
      0.00000       5.6780000  1.9002686e-109       1.0000000
      0.00000       5.6790000  1.8507293e-109       1.0000000
      0.00000       5.6800000  1.8024900e-109       1.0000000
      0.00000       5.6810000  1.7555161e-109       1.0000000
      0.00000       5.6820000  1.7097744e-109       1.0000000
      0.00000       5.6830000  1.6652322e-109       1.0000000
      0.00000       5.6840000  1.6218580e-109       1.0000000
      0.00000       5.6850000  1.5796209e-109       1.0000000
      0.00000       5.6860000  1.5384908e-109       1.0000000
      0.00000       5.6870000  1.4984387e-109       1.0000000
      0.00000       5.6880000  1.4594360e-109       1.0000000
      0.00000       5.6890000  1.4214551e-109       1.0000000
      0.00000       5.6900000  1.3844691e-109       1.0000000
      0.00000       5.6910000  1.3484516e-109       1.0000000
      0.00000       5.6920000  1.3133773e-109       1.0000000
      0.00000       5.6930000  1.2792212e-109       1.0000000
      0.00000       5.6940000  1.2459591e-109       1.0000000
      0.00000       5.6950000  1.2135675e-109       1.0000000
      0.00000       5.6960000  1.1820235e-109       1.0000000
      0.00000       5.6970000  1.1513047e-109       1.0000000
      0.00000       5.6980000  1.1213895e-109       1.0000000
      0.00000       5.6990000  1.0922566e-109       1.0000000
      0.00000       5.7000000  1.0638854e-109       1.0000000
      0.00000       5.7010000  1.0362560e-109       1.0000000
      0.00000       5.7020000  1.0093488e-109       1.0000000
      0.00000       5.7030000  9.8314477e-110       1.0000000
      0.00000       5.7040000  9.5762546e-110       1.0000000
      0.00000       5.7050000  9.3277286e-110       1.0000000
      0.00000       5.7060000  9.0856942e-110       1.0000000
      0.00000       5.7070000  8.8499808e-110       1.0000000
      0.00000       5.7080000  8.6204224e-110       1.0000000
      0.00000       5.7090000  8.3968571e-110       1.0000000
      0.00000       5.7100000  8.1791274e-110       1.0000000
      0.00000       5.7110000  7.9670802e-110       1.0000000
      0.00000       5.7120000  7.7605660e-110       1.0000000
      0.00000       5.7130000  7.5594396e-110       1.0000000
      0.00000       5.7140000  7.3635596e-110       1.0000000
      0.00000       5.7150000  7.1727881e-110       1.0000000
      0.00000       5.7160000  6.9869912e-110       1.0000000
      0.00000       5.7170000  6.8060382e-110       1.0000000
      0.00000       5.7180000  6.6298020e-110       1.0000000
      0.00000       5.7190000  6.4581590e-110       1.0000000
      0.00000       5.7200000  6.2909885e-110       1.0000000
      0.00000       5.7210000  6.1281734e-110       1.0000000
      0.00000       5.7220000  5.9695995e-110       1.0000000
      0.00000       5.7230000  5.8151554e-110       1.0000000
      0.00000       5.7240000  5.6647331e-110       1.0000000
      0.00000       5.7250000  5.5182270e-110       1.0000000
      0.00000       5.7260000  5.3755346e-110       1.0000000
      0.00000       5.7270000  5.2365559e-110       1.0000000
      0.00000       5.7280000  5.1011937e-110       1.0000000
      0.00000       5.7290000  4.9693533e-110       1.0000000
      0.00000       5.7300000  4.8409424e-110       1.0000000
      0.00000       5.7310000  4.7158713e-110       1.0000000
      0.00000       5.7320000  4.5940525e-110       1.0000000
      0.00000       5.7330000  4.4754009e-110       1.0000000
      0.00000       5.7340000  4.3598337e-110       1.0000000
      0.00000       5.7350000  4.2472701e-110       1.0000000
      0.00000       5.7360000  4.1376315e-110       1.0000000
      0.00000       5.7370000  4.0308416e-110       1.0000000
      0.00000       5.7380000  3.9268257e-110       1.0000000
      0.00000       5.7390000  3.8255114e-110       1.0000000
      0.00000       5.7400000  3.7268280e-110       1.0000000
      0.00000       5.7410000  3.6307068e-110       1.0000000
      0.00000       5.7420000  3.5370809e-110       1.0000000
      0.00000       5.7430000  3.4458849e-110       1.0000000
      0.00000       5.7440000  3.3570555e-110       1.0000000
      0.00000       5.7450000  3.2705309e-110       1.0000000
      0.00000       5.7460000  3.1862508e-110       1.0000000
      0.00000       5.7470000  3.1041567e-110       1.0000000
      0.00000       5.7480000  3.0241915e-110       1.0000000
      0.00000       5.7490000  2.9462997e-110       1.0000000
      0.00000       5.7500000  2.8704270e-110       1.0000000
      0.00000       5.7510000  2.7965209e-110       1.0000000
      0.00000       5.7520000  2.7245301e-110       1.0000000
      0.00000       5.7530000  2.6544045e-110       1.0000000
      0.00000       5.7540000  2.5860956e-110       1.0000000
      0.00000       5.7550000  2.5195560e-110       1.0000000
      0.00000       5.7560000  2.4547396e-110       1.0000000
      0.00000       5.7570000  2.3916014e-110       1.0000000
      0.00000       5.7580000  2.3300977e-110       1.0000000
      0.00000       5.7590000  2.2701860e-110       1.0000000
      0.00000       5.7600000  2.2118247e-110       1.0000000
      0.00000       5.7610000  2.1549735e-110       1.0000000
      0.00000       5.7620000  2.0995930e-110       1.0000000
      0.00000       5.7630000  2.0456450e-110       1.0000000
      0.00000       5.7640000  1.9930922e-110       1.0000000
      0.00000       5.7650000  1.9418982e-110       1.0000000
      0.00000       5.7660000  1.8920278e-110       1.0000000
      0.00000       5.7670000  1.8434463e-110       1.0000000
      0.00000       5.7680000  1.7961204e-110       1.0000000
      0.00000       5.7690000  1.7500174e-110       1.0000000
      0.00000       5.7700000  1.7051054e-110       1.0000000
      0.00000       5.7710000  1.6613536e-110       1.0000000
      0.00000       5.7720000  1.6187316e-110       1.0000000
      0.00000       5.7730000  1.5772102e-110       1.0000000
      0.00000       5.7740000  1.5367608e-110       1.0000000
      0.00000       5.7750000  1.4973555e-110       1.0000000
      0.00000       5.7760000  1.4589672e-110       1.0000000
      0.00000       5.7770000  1.4215694e-110       1.0000000
      0.00000       5.7780000  1.3851365e-110       1.0000000
      0.00000       5.7790000  1.3496434e-110       1.0000000
      0.00000       5.7800000  1.3150657e-110       1.0000000
      0.00000       5.7810000  1.2813796e-110       1.0000000
      0.00000       5.7820000  1.2485620e-110       1.0000000
      0.00000       5.7830000  1.2165903e-110       1.0000000
      0.00000       5.7840000  1.1854427e-110       1.0000000
      0.00000       5.7850000  1.1550977e-110       1.0000000
      0.00000       5.7860000  1.1255345e-110       1.0000000
      0.00000       5.7870000  1.0967329e-110       1.0000000
      0.00000       5.7880000  1.0686730e-110       1.0000000
      0.00000       5.7890000  1.0413357e-110       1.0000000
      0.00000       5.7900000  1.0147023e-110       1.0000000
      0.00000       5.7910000  9.8875450e-111       1.0000000
      0.00000       5.7920000  9.6347452e-111       1.0000000
      0.00000       5.7930000  9.3884509e-111       1.0000000
      0.00000       5.7940000  9.1484935e-111       1.0000000
      0.00000       5.7950000  8.9147089e-111       1.0000000
      0.00000       5.7960000  8.6869374e-111       1.0000000
      0.00000       5.7970000  8.4650233e-111       1.0000000
      0.00000       5.7980000  8.2488149e-111       1.0000000
      0.00000       5.7990000  8.0381647e-111       1.0000000
      0.00000       5.8000000  7.8329288e-111       1.0000000
      0.00000       5.8010000  7.6329671e-111       1.0000000
      0.00000       5.8020000  7.4381433e-111       1.0000000
      0.00000       5.8030000  7.2483245e-111       1.0000000
      0.00000       5.8040000  7.0633812e-111       1.0000000
      0.00000       5.8050000  6.8831875e-111       1.0000000
      0.00000       5.8060000  6.7076206e-111       1.0000000
      0.00000       5.8070000  6.5365608e-111       1.0000000
      0.00000       5.8080000  6.3698918e-111       1.0000000
      0.00000       5.8090000  6.2075002e-111       1.0000000
      0.00000       5.8100000  6.0492754e-111       1.0000000
      0.00000       5.8110000  5.8951098e-111       1.0000000
      0.00000       5.8120000  5.7448986e-111       1.0000000
      0.00000       5.8130000  5.5985398e-111       1.0000000
      0.00000       5.8140000  5.4559339e-111       1.0000000
      0.00000       5.8150000  5.3169840e-111       1.0000000
      0.00000       5.8160000  5.1815958e-111       1.0000000
      0.00000       5.8170000  5.0496775e-111       1.0000000
      0.00000       5.8180000  4.9211395e-111       1.0000000
      0.00000       5.8190000  4.7958946e-111       1.0000000
      0.00000       5.8200000  4.6738580e-111       1.0000000
      0.00000       5.8210000  4.5549469e-111       1.0000000
      0.00000       5.8220000  4.4390808e-111       1.0000000
      0.00000       5.8230000  4.3261811e-111       1.0000000
      0.00000       5.8240000  4.2161715e-111       1.0000000
      0.00000       5.8250000  4.1089774e-111       1.0000000
      0.00000       5.8260000  4.0045265e-111       1.0000000
      0.00000       5.8270000  3.9027479e-111       1.0000000
      0.00000       5.8280000  3.8035729e-111       1.0000000
      0.00000       5.8290000  3.7069345e-111       1.0000000
      0.00000       5.8300000  3.6127674e-111       1.0000000
      0.00000       5.8310000  3.5210079e-111       1.0000000
      0.00000       5.8320000  3.4315941e-111       1.0000000
      0.00000       5.8330000  3.3444657e-111       1.0000000
      0.00000       5.8340000  3.2595639e-111       1.0000000
      0.00000       5.8350000  3.1768313e-111       1.0000000
      0.00000       5.8360000  3.0962123e-111       1.0000000
      0.00000       5.8370000  3.0176524e-111       1.0000000
      0.00000       5.8380000  2.9410988e-111       1.0000000
      0.00000       5.8390000  2.8664999e-111       1.0000000
      0.00000       5.8400000  2.7938054e-111       1.0000000
      0.00000       5.8410000  2.7229664e-111       1.0000000
      0.00000       5.8420000  2.6539352e-111       1.0000000
      0.00000       5.8430000  2.5866655e-111       1.0000000
      0.00000       5.8440000  2.5211119e-111       1.0000000
      0.00000       5.8450000  2.4572304e-111       1.0000000
      0.00000       5.8460000  2.3949782e-111       1.0000000
      0.00000       5.8470000  2.3343133e-111       1.0000000
      0.00000       5.8480000  2.2751950e-111       1.0000000
      0.00000       5.8490000  2.2175836e-111       1.0000000
      0.00000       5.8500000  2.1614406e-111       1.0000000
      0.00000       5.8510000  2.1067281e-111       1.0000000
      0.00000       5.8520000  2.0534096e-111       1.0000000
      0.00000       5.8530000  2.0014493e-111       1.0000000
      0.00000       5.8540000  1.9508124e-111       1.0000000
      0.00000       5.8550000  1.9014648e-111       1.0000000
      0.00000       5.8560000  1.8533737e-111       1.0000000
      0.00000       5.8570000  1.8065068e-111       1.0000000
      0.00000       5.8580000  1.7608328e-111       1.0000000
      0.00000       5.8590000  1.7163210e-111       1.0000000
      0.00000       5.8600000  1.6729417e-111       1.0000000
      0.00000       5.8610000  1.6306660e-111       1.0000000
      0.00000       5.8620000  1.5894655e-111       1.0000000
      0.00000       5.8630000  1.5493127e-111       1.0000000
      0.00000       5.8640000  1.5101809e-111       1.0000000
      0.00000       5.8650000  1.4720438e-111       1.0000000
      0.00000       5.8660000  1.4348761e-111       1.0000000
      0.00000       5.8670000  1.3986530e-111       1.0000000
      0.00000       5.8680000  1.3633502e-111       1.0000000
      0.00000       5.8690000  1.3289443e-111       1.0000000
      0.00000       5.8700000  1.2954123e-111       1.0000000
      0.00000       5.8710000  1.2627319e-111       1.0000000
      0.00000       5.8720000  1.2308813e-111       1.0000000
      0.00000       5.8730000  1.1998393e-111       1.0000000
      0.00000       5.8740000  1.1695853e-111       1.0000000
      0.00000       5.8750000  1.1400990e-111       1.0000000
      0.00000       5.8760000  1.1113610e-111       1.0000000
      0.00000       5.8770000  1.0833520e-111       1.0000000
      0.00000       5.8780000  1.0560536e-111       1.0000000
      0.00000       5.8790000  1.0294475e-111       1.0000000
      0.00000       5.8800000  1.0035160e-111       1.0000000
      0.00000       5.8810000  9.7824199e-112       1.0000000
      0.00000       5.8820000  9.5360866e-112       1.0000000
      0.00000       5.8830000  9.2959966e-112       1.0000000
      0.00000       5.8840000  9.0619905e-112       1.0000000
      0.00000       5.8850000  8.8339134e-112       1.0000000
      0.00000       5.8860000  8.6116139e-112       1.0000000
      0.00000       5.8870000  8.3949447e-112       1.0000000
      0.00000       5.8880000  8.1837624e-112       1.0000000
      0.00000       5.8890000  7.9779271e-112       1.0000000
      0.00000       5.8900000  7.7773026e-112       1.0000000
      0.00000       5.8910000  7.5817560e-112       1.0000000
      0.00000       5.8920000  7.3911580e-112       1.0000000
      0.00000       5.8930000  7.2053826e-112       1.0000000
      0.00000       5.8940000  7.0243070e-112       1.0000000
      0.00000       5.8950000  6.8478115e-112       1.0000000
      0.00000       5.8960000  6.6757795e-112       1.0000000
      0.00000       5.8970000  6.5080974e-112       1.0000000
      0.00000       5.8980000  6.3446545e-112       1.0000000
      0.00000       5.8990000  6.1853430e-112       1.0000000
      0.00000       5.9000000  6.0300577e-112       1.0000000
      0.00000       5.9010000  5.8786962e-112       1.0000000
      0.00000       5.9020000  5.7311587e-112       1.0000000
      0.00000       5.9030000  5.5873481e-112       1.0000000
      0.00000       5.9040000  5.4471695e-112       1.0000000
      0.00000       5.9050000  5.3105307e-112       1.0000000
      0.00000       5.9060000  5.1773416e-112       1.0000000
      0.00000       5.9070000  5.0475146e-112       1.0000000
      0.00000       5.9080000  4.9209643e-112       1.0000000
      0.00000       5.9090000  4.7976075e-112       1.0000000
      0.00000       5.9100000  4.6773630e-112       1.0000000
      0.00000       5.9110000  4.5601519e-112       1.0000000
      0.00000       5.9120000  4.4458971e-112       1.0000000
      0.00000       5.9130000  4.3345235e-112       1.0000000
      0.00000       5.9140000  4.2259581e-112       1.0000000
      0.00000       5.9150000  4.1201295e-112       1.0000000
      0.00000       5.9160000  4.0169684e-112       1.0000000
      0.00000       5.9170000  3.9164070e-112       1.0000000
      0.00000       5.9180000  3.8183795e-112       1.0000000
      0.00000       5.9190000  3.7228215e-112       1.0000000
      0.00000       5.9200000  3.6296705e-112       1.0000000
      0.00000       5.9210000  3.5388654e-112       1.0000000
      0.00000       5.9220000  3.4503468e-112       1.0000000
      0.00000       5.9230000  3.3640568e-112       1.0000000
      0.00000       5.9240000  3.2799388e-112       1.0000000
      0.00000       5.9250000  3.1979378e-112       1.0000000
      0.00000       5.9260000  3.1180002e-112       1.0000000
      0.00000       5.9270000  3.0400738e-112       1.0000000
      0.00000       5.9280000  2.9641076e-112       1.0000000
      0.00000       5.9290000  2.8900520e-112       1.0000000
      0.00000       5.9300000  2.8178587e-112       1.0000000
      0.00000       5.9310000  2.7474804e-112       1.0000000
      0.00000       5.9320000  2.6788714e-112       1.0000000
      0.00000       5.9330000  2.6119867e-112       1.0000000
      0.00000       5.9340000  2.5467828e-112       1.0000000
      0.00000       5.9350000  2.4832173e-112       1.0000000
      0.00000       5.9360000  2.4212485e-112       1.0000000
      0.00000       5.9370000  2.3608363e-112       1.0000000
      0.00000       5.9380000  2.3019412e-112       1.0000000
      0.00000       5.9390000  2.2445249e-112       1.0000000
      0.00000       5.9400000  2.1885500e-112       1.0000000
      0.00000       5.9410000  2.1339801e-112       1.0000000
      0.00000       5.9420000  2.0807797e-112       1.0000000
      0.00000       5.9430000  2.0289142e-112       1.0000000
      0.00000       5.9440000  1.9783499e-112       1.0000000
      0.00000       5.9450000  1.9290539e-112       1.0000000
      0.00000       5.9460000  1.8809943e-112       1.0000000
      0.00000       5.9470000  1.8341398e-112       1.0000000
      0.00000       5.9480000  1.7884600e-112       1.0000000
      0.00000       5.9490000  1.7439253e-112       1.0000000
      0.00000       5.9500000  1.7005067e-112       1.0000000
      0.00000       5.9510000  1.6581762e-112       1.0000000
      0.00000       5.9520000  1.6169062e-112       1.0000000
      0.00000       5.9530000  1.5766701e-112       1.0000000
      0.00000       5.9540000  1.5374417e-112       1.0000000
      0.00000       5.9550000  1.4991957e-112       1.0000000
      0.00000       5.9560000  1.4619074e-112       1.0000000
      0.00000       5.9570000  1.4255524e-112       1.0000000
      0.00000       5.9580000  1.3901075e-112       1.0000000
      0.00000       5.9590000  1.3555496e-112       1.0000000
      0.00000       5.9600000  1.3218563e-112       1.0000000
      0.00000       5.9610000  1.2890060e-112       1.0000000
      0.00000       5.9620000  1.2569774e-112       1.0000000
      0.00000       5.9630000  1.2257497e-112       1.0000000
      0.00000       5.9640000  1.1953030e-112       1.0000000
      0.00000       5.9650000  1.1656174e-112       1.0000000
      0.00000       5.9660000  1.1366738e-112       1.0000000
      0.00000       5.9670000  1.1084536e-112       1.0000000
      0.00000       5.9680000  1.0809386e-112       1.0000000
      0.00000       5.9690000  1.0541111e-112       1.0000000
      0.00000       5.9700000  1.0279537e-112       1.0000000
      0.00000       5.9710000  1.0024496e-112       1.0000000
      0.00000       5.9720000  9.7758236e-113       1.0000000
      0.00000       5.9730000  9.5333602e-113       1.0000000
      0.00000       5.9740000  9.2969495e-113       1.0000000
      0.00000       5.9750000  9.0664395e-113       1.0000000
      0.00000       5.9760000  8.8416820e-113       1.0000000
      0.00000       5.9770000  8.6225324e-113       1.0000000
      0.00000       5.9780000  8.4088500e-113       1.0000000
      0.00000       5.9790000  8.2004975e-113       1.0000000
      0.00000       5.9800000  7.9973410e-113       1.0000000
      0.00000       5.9810000  7.7992502e-113       1.0000000
      0.00000       5.9820000  7.6060978e-113       1.0000000
      0.00000       5.9830000  7.4177601e-113       1.0000000
      0.00000       5.9840000  7.2341163e-113       1.0000000
      0.00000       5.9850000  7.0550485e-113       1.0000000
      0.00000       5.9860000  6.8804420e-113       1.0000000
      0.00000       5.9870000  6.7101849e-113       1.0000000
      0.00000       5.9880000  6.5441683e-113       1.0000000
      0.00000       5.9890000  6.3822858e-113       1.0000000
      0.00000       5.9900000  6.2244338e-113       1.0000000
      0.00000       5.9910000  6.0705113e-113       1.0000000
      0.00000       5.9920000  5.9204199e-113       1.0000000
      0.00000       5.9930000  5.7740635e-113       1.0000000
      0.00000       5.9940000  5.6313487e-113       1.0000000
      0.00000       5.9950000  5.4921842e-113       1.0000000
      0.00000       5.9960000  5.3564812e-113       1.0000000
      0.00000       5.9970000  5.2241530e-113       1.0000000
      0.00000       5.9980000  5.0951151e-113       1.0000000
      0.00000       5.9990000  4.9692852e-113       1.0000000
