      0.00000       0.0000000       0.0000000       1.0000000
      0.00000    0.0010000000       0.0000000       1.0000000
      0.00000    0.0020000000       0.0000000       1.0000000
      0.00000    0.0030000000       0.0000000       1.0000000
      0.00000    0.0040000000       0.0000000       1.0000000
      0.00000    0.0050000000       0.0000000       1.0000000
      0.00000    0.0060000000       0.0000000       1.0000000
      0.00000    0.0070000000       0.0000000       1.0000000
      0.00000    0.0080000000       0.0000000       1.0000000
      0.00000    0.0090000000       0.0000000       1.0000000
      0.00000     0.010000000       0.0000000       1.0000000
      0.00000     0.011000000       0.0000000       1.0000000
      0.00000     0.012000000       0.0000000       1.0000000
      0.00000     0.013000000       0.0000000       1.0000000
      0.00000     0.014000000       0.0000000       1.0000000
      0.00000     0.015000000       0.0000000       1.0000000
      0.00000     0.016000000       0.0000000       1.0000000
      0.00000     0.017000000       0.0000000       1.0000000
      0.00000     0.018000000       0.0000000       1.0000000
      0.00000     0.019000000       0.0000000       1.0000000
      0.00000     0.020000000       0.0000000       1.0000000
      0.00000     0.021000000       0.0000000       1.0000000
      0.00000     0.022000000       0.0000000       1.0000000
      0.00000     0.023000000       0.0000000       1.0000000
      0.00000     0.024000000       0.0000000       1.0000000
      0.00000     0.025000000       0.0000000       1.0000000
      0.00000     0.026000000       0.0000000       1.0000000
      0.00000     0.027000000       0.0000000       1.0000000
      0.00000     0.028000000       0.0000000       1.0000000
      0.00000     0.029000000       0.0000000       1.0000000
      0.00000     0.030000000       0.0000000       1.0000000
      0.00000     0.031000000       0.0000000       1.0000000
      0.00000     0.032000000       0.0000000       1.0000000
      0.00000     0.033000000       0.0000000       1.0000000
      0.00000     0.034000000       0.0000000       1.0000000
      0.00000     0.035000000       0.0000000       1.0000000
      0.00000     0.036000000       0.0000000       1.0000000
      0.00000     0.037000000       0.0000000       1.0000000
      0.00000     0.038000000       0.0000000       1.0000000
      0.00000     0.039000000       0.0000000       1.0000000
      0.00000     0.040000000       0.0000000       1.0000000
      0.00000     0.041000000       0.0000000       1.0000000
      0.00000     0.042000000       0.0000000       1.0000000
      0.00000     0.043000000       0.0000000       1.0000000
      0.00000     0.044000000       0.0000000       1.0000000
      0.00000     0.045000000       0.0000000       1.0000000
      0.00000     0.046000000       0.0000000       1.0000000
      0.00000     0.047000000       0.0000000       1.0000000
      0.00000     0.048000000       0.0000000       1.0000000
      0.00000     0.049000000       0.0000000       1.0000000
      0.00000     0.050000000       0.0000000       1.0000000
      0.00000     0.051000000       0.0000000       1.0000000
      0.00000     0.052000000       0.0000000       1.0000000
      0.00000     0.053000000       0.0000000       1.0000000
      0.00000     0.054000000       0.0000000       1.0000000
      0.00000     0.055000000       0.0000000       1.0000000
      0.00000     0.056000000       0.0000000       1.0000000
      0.00000     0.057000000       0.0000000       1.0000000
      0.00000     0.058000000       0.0000000       1.0000000
      0.00000     0.059000000       0.0000000       1.0000000
      0.00000     0.060000000       0.0000000       1.0000000
      0.00000     0.061000000       0.0000000       1.0000000
      0.00000     0.062000000       0.0000000       1.0000000
      0.00000     0.063000000       0.0000000       1.0000000
      0.00000     0.064000000       0.0000000       1.0000000
      0.00000     0.065000000       0.0000000       1.0000000
      0.00000     0.066000000       0.0000000       1.0000000
      0.00000     0.067000000       0.0000000       1.0000000
      0.00000     0.068000000       0.0000000       1.0000000
      0.00000     0.069000000       0.0000000       1.0000000
      0.00000     0.070000000       0.0000000       1.0000000
      0.00000     0.071000000       0.0000000       1.0000000
      0.00000     0.072000000       0.0000000       1.0000000
      0.00000     0.073000000       0.0000000       1.0000000
      0.00000     0.074000000       0.0000000       1.0000000
      0.00000     0.075000000       0.0000000       1.0000000
      0.00000     0.076000000       0.0000000       1.0000000
      0.00000     0.077000000       0.0000000       1.0000000
      0.00000     0.078000000       0.0000000       1.0000000
      0.00000     0.079000000       0.0000000       1.0000000
      0.00000     0.080000000       0.0000000       1.0000000
      0.00000     0.081000000       0.0000000       1.0000000
      0.00000     0.082000000       0.0000000       1.0000000
      0.00000     0.083000000       0.0000000       1.0000000
      0.00000     0.084000000       0.0000000       1.0000000
      0.00000     0.085000000       0.0000000       1.0000000
      0.00000     0.086000000       0.0000000       1.0000000
      0.00000     0.087000000       0.0000000       1.0000000
      0.00000     0.088000000       0.0000000       1.0000000
      0.00000     0.089000000       0.0000000       1.0000000
      0.00000     0.090000000       0.0000000       1.0000000
      0.00000     0.091000000       0.0000000       1.0000000
      0.00000     0.092000000       0.0000000       1.0000000
      0.00000     0.093000000       0.0000000       1.0000000
      0.00000     0.094000000       0.0000000       1.0000000
      0.00000     0.095000000       0.0000000       1.0000000
      0.00000     0.096000000       0.0000000       1.0000000
      0.00000     0.097000000       0.0000000       1.0000000
      0.00000     0.098000000       0.0000000       1.0000000
      0.00000     0.099000000       0.0000000       1.0000000
      0.00000      0.10000000       0.0000000       1.0000000
      0.00000      0.10100000       0.0000000       1.0000000
      0.00000      0.10200000       0.0000000       1.0000000
      0.00000      0.10300000       0.0000000       1.0000000
      0.00000      0.10400000       0.0000000       1.0000000
      0.00000      0.10500000       0.0000000       1.0000000
      0.00000      0.10600000       0.0000000       1.0000000
      0.00000      0.10700000       0.0000000       1.0000000
      0.00000      0.10800000       0.0000000       1.0000000
      0.00000      0.10900000       0.0000000       1.0000000
      0.00000      0.11000000       0.0000000       1.0000000
      0.00000      0.11100000       0.0000000       1.0000000
      0.00000      0.11200000       0.0000000       1.0000000
      0.00000      0.11300000       0.0000000       1.0000000
      0.00000      0.11400000       0.0000000       1.0000000
      0.00000      0.11500000       0.0000000       1.0000000
      0.00000      0.11600000       0.0000000       1.0000000
      0.00000      0.11700000       0.0000000       1.0000000
      0.00000      0.11800000       0.0000000       1.0000000
      0.00000      0.11900000       0.0000000       1.0000000
      0.00000      0.12000000       0.0000000       1.0000000
      0.00000      0.12100000       0.0000000       1.0000000
      0.00000      0.12200000       0.0000000       1.0000000
      0.00000      0.12300000       0.0000000       1.0000000
      0.00000      0.12400000       0.0000000       1.0000000
      0.00000      0.12500000       0.0000000       1.0000000
      0.00000      0.12600000       0.0000000       1.0000000
      0.00000      0.12700000       0.0000000       1.0000000
      0.00000      0.12800000       0.0000000       1.0000000
      0.00000      0.12900000       0.0000000       1.0000000
      0.00000      0.13000000       0.0000000       1.0000000
      0.00000      0.13100000       0.0000000       1.0000000
      0.00000      0.13200000       0.0000000       1.0000000
      0.00000      0.13300000       0.0000000       1.0000000
      0.00000      0.13400000       0.0000000       1.0000000
      0.00000      0.13500000       0.0000000       1.0000000
      0.00000      0.13600000       0.0000000       1.0000000
      0.00000      0.13700000       0.0000000       1.0000000
      0.00000      0.13800000       0.0000000       1.0000000
      0.00000      0.13900000       0.0000000       1.0000000
      0.00000      0.14000000       0.0000000       1.0000000
      0.00000      0.14100000       0.0000000       1.0000000
      0.00000      0.14200000       0.0000000       1.0000000
      0.00000      0.14300000       0.0000000       1.0000000
      0.00000      0.14400000       0.0000000       1.0000000
      0.00000      0.14500000       0.0000000       1.0000000
      0.00000      0.14600000       0.0000000       1.0000000
      0.00000      0.14700000       0.0000000       1.0000000
      0.00000      0.14800000       0.0000000       1.0000000
      0.00000      0.14900000       0.0000000       1.0000000
      0.00000      0.15000000       0.0000000       1.0000000
      0.00000      0.15100000       0.0000000       1.0000000
      0.00000      0.15200000       0.0000000       1.0000000
      0.00000      0.15300000       0.0000000       1.0000000
      0.00000      0.15400000       0.0000000       1.0000000
      0.00000      0.15500000       0.0000000       1.0000000
      0.00000      0.15600000       0.0000000       1.0000000
      0.00000      0.15700000       0.0000000       1.0000000
      0.00000      0.15800000       0.0000000       1.0000000
      0.00000      0.15900000       0.0000000       1.0000000
      0.00000      0.16000000       0.0000000       1.0000000
      0.00000      0.16100000       0.0000000       1.0000000
      0.00000      0.16200000       0.0000000       1.0000000
      0.00000      0.16300000       0.0000000       1.0000000
      0.00000      0.16400000       0.0000000       1.0000000
      0.00000      0.16500000       0.0000000       1.0000000
      0.00000      0.16600000       0.0000000       1.0000000
      0.00000      0.16700000       0.0000000       1.0000000
      0.00000      0.16800000       0.0000000       1.0000000
      0.00000      0.16900000       0.0000000       1.0000000
      0.00000      0.17000000       0.0000000       1.0000000
      0.00000      0.17100000       0.0000000       1.0000000
      0.00000      0.17200000       0.0000000       1.0000000
      0.00000      0.17300000       0.0000000       1.0000000
      0.00000      0.17400000       0.0000000       1.0000000
      0.00000      0.17500000       0.0000000       1.0000000
      0.00000      0.17600000       0.0000000       1.0000000
      0.00000      0.17700000       0.0000000       1.0000000
      0.00000      0.17800000       0.0000000       1.0000000
      0.00000      0.17900000       0.0000000       1.0000000
      0.00000      0.18000000       0.0000000       1.0000000
      0.00000      0.18100000       0.0000000       1.0000000
      0.00000      0.18200000       0.0000000       1.0000000
      0.00000      0.18300000       0.0000000       1.0000000
      0.00000      0.18400000       0.0000000       1.0000000
      0.00000      0.18500000       0.0000000       1.0000000
      0.00000      0.18600000       0.0000000       1.0000000
      0.00000      0.18700000       0.0000000       1.0000000
      0.00000      0.18800000       0.0000000       1.0000000
      0.00000      0.18900000       0.0000000       1.0000000
      0.00000      0.19000000       0.0000000       1.0000000
      0.00000      0.19100000       0.0000000       1.0000000
      0.00000      0.19200000       0.0000000       1.0000000
      0.00000      0.19300000       0.0000000       1.0000000
      0.00000      0.19400000       0.0000000       1.0000000
      0.00000      0.19500000       0.0000000       1.0000000
      0.00000      0.19600000       0.0000000       1.0000000
      0.00000      0.19700000       0.0000000       1.0000000
      0.00000      0.19800000       0.0000000       1.0000000
      0.00000      0.19900000       0.0000000       1.0000000
      0.00000      0.20000000       0.0000000       1.0000000
      0.00000      0.20100000       0.0000000       1.0000000
      0.00000      0.20200000       0.0000000       1.0000000
      0.00000      0.20300000       0.0000000       1.0000000
      0.00000      0.20400000       0.0000000       1.0000000
      0.00000      0.20500000       0.0000000       1.0000000
      0.00000      0.20600000       0.0000000       1.0000000
      0.00000      0.20700000       0.0000000       1.0000000
      0.00000      0.20800000       0.0000000       1.0000000
      0.00000      0.20900000       0.0000000       1.0000000
      0.00000      0.21000000       0.0000000       1.0000000
      0.00000      0.21100000       0.0000000       1.0000000
      0.00000      0.21200000       0.0000000       1.0000000
      0.00000      0.21300000       0.0000000       1.0000000
      0.00000      0.21400000       0.0000000       1.0000000
      0.00000      0.21500000       0.0000000       1.0000000
      0.00000      0.21600000       0.0000000       1.0000000
      0.00000      0.21700000       0.0000000       1.0000000
      0.00000      0.21800000       0.0000000       1.0000000
      0.00000      0.21900000       0.0000000       1.0000000
      0.00000      0.22000000       0.0000000       1.0000000
      0.00000      0.22100000       0.0000000       1.0000000
      0.00000      0.22200000       0.0000000       1.0000000
      0.00000      0.22300000       0.0000000       1.0000000
      0.00000      0.22400000       0.0000000       1.0000000
      0.00000      0.22500000       0.0000000       1.0000000
      0.00000      0.22600000       0.0000000       1.0000000
      0.00000      0.22700000       0.0000000       1.0000000
      0.00000      0.22800000       0.0000000       1.0000000
      0.00000      0.22900000       0.0000000       1.0000000
      0.00000      0.23000000       0.0000000       1.0000000
      0.00000      0.23100000       0.0000000       1.0000000
      0.00000      0.23200000       0.0000000       1.0000000
      0.00000      0.23300000       0.0000000       1.0000000
      0.00000      0.23400000       0.0000000       1.0000000
      0.00000      0.23500000       0.0000000       1.0000000
      0.00000      0.23600000       0.0000000       1.0000000
      0.00000      0.23700000       0.0000000       1.0000000
      0.00000      0.23800000       0.0000000       1.0000000
      0.00000      0.23900000       0.0000000       1.0000000
      0.00000      0.24000000       0.0000000       1.0000000
      0.00000      0.24100000       0.0000000       1.0000000
      0.00000      0.24200000       0.0000000       1.0000000
      0.00000      0.24300000       0.0000000       1.0000000
      0.00000      0.24400000       0.0000000       1.0000000
      0.00000      0.24500000       0.0000000       1.0000000
      0.00000      0.24600000       0.0000000       1.0000000
      0.00000      0.24700000       0.0000000       1.0000000
      0.00000      0.24800000       0.0000000       1.0000000
      0.00000      0.24900000       0.0000000       1.0000000
      0.00000      0.25000000       0.0000000       1.0000000
      0.00000      0.25100000       0.0000000       1.0000000
      0.00000      0.25200000       0.0000000       1.0000000
      0.00000      0.25300000       0.0000000       1.0000000
      0.00000      0.25400000       0.0000000       1.0000000
      0.00000      0.25500000       0.0000000       1.0000000
      0.00000      0.25600000       0.0000000       1.0000000
      0.00000      0.25700000       0.0000000       1.0000000
      0.00000      0.25800000       0.0000000       1.0000000
      0.00000      0.25900000       0.0000000       1.0000000
      0.00000      0.26000000       0.0000000       1.0000000
      0.00000      0.26100000       0.0000000       1.0000000
      0.00000      0.26200000       0.0000000       1.0000000
      0.00000      0.26300000       0.0000000       1.0000000
      0.00000      0.26400000       0.0000000       1.0000000
      0.00000      0.26500000       0.0000000       1.0000000
      0.00000      0.26600000       0.0000000       1.0000000
      0.00000      0.26700000       0.0000000       1.0000000
      0.00000      0.26800000       0.0000000       1.0000000
      0.00000      0.26900000       0.0000000       1.0000000
      0.00000      0.27000000       0.0000000       1.0000000
      0.00000      0.27100000       0.0000000       1.0000000
      0.00000      0.27200000       0.0000000       1.0000000
      0.00000      0.27300000       0.0000000       1.0000000
      0.00000      0.27400000       0.0000000       1.0000000
      0.00000      0.27500000       0.0000000       1.0000000
      0.00000      0.27600000       0.0000000       1.0000000
      0.00000      0.27700000       0.0000000       1.0000000
      0.00000      0.27800000       0.0000000       1.0000000
      0.00000      0.27900000       0.0000000       1.0000000
      0.00000      0.28000000       0.0000000       1.0000000
      0.00000      0.28100000       0.0000000       1.0000000
      0.00000      0.28200000       0.0000000       1.0000000
      0.00000      0.28300000       0.0000000       1.0000000
      0.00000      0.28400000       0.0000000       1.0000000
      0.00000      0.28500000       0.0000000       1.0000000
      0.00000      0.28600000       0.0000000       1.0000000
      0.00000      0.28700000       0.0000000       1.0000000
      0.00000      0.28800000       0.0000000       1.0000000
      0.00000      0.28900000       0.0000000       1.0000000
      0.00000      0.29000000       0.0000000       1.0000000
      0.00000      0.29100000       0.0000000       1.0000000
      0.00000      0.29200000       0.0000000       1.0000000
      0.00000      0.29300000       0.0000000       1.0000000
      0.00000      0.29400000       0.0000000       1.0000000
      0.00000      0.29500000       0.0000000       1.0000000
      0.00000      0.29600000       0.0000000       1.0000000
      0.00000      0.29700000       0.0000000       1.0000000
      0.00000      0.29800000       0.0000000       1.0000000
      0.00000      0.29900000       0.0000000       1.0000000
      0.00000      0.30000000       0.0000000       1.0000000
      0.00000      0.30100000       0.0000000       1.0000000
      0.00000      0.30200000       0.0000000       1.0000000
      0.00000      0.30300000       0.0000000       1.0000000
      0.00000      0.30400000       0.0000000       1.0000000
      0.00000      0.30500000       0.0000000       1.0000000
      0.00000      0.30600000       0.0000000       1.0000000
      0.00000      0.30700000       0.0000000       1.0000000
      0.00000      0.30800000       0.0000000       1.0000000
      0.00000      0.30900000       0.0000000       1.0000000
      0.00000      0.31000000       0.0000000       1.0000000
      0.00000      0.31100000       0.0000000       1.0000000
      0.00000      0.31200000       0.0000000       1.0000000
      0.00000      0.31300000       0.0000000       1.0000000
      0.00000      0.31400000       0.0000000       1.0000000
      0.00000      0.31500000       0.0000000       1.0000000
      0.00000      0.31600000       0.0000000       1.0000000
      0.00000      0.31700000       0.0000000       1.0000000
      0.00000      0.31800000       0.0000000       1.0000000
      0.00000      0.31900000       0.0000000       1.0000000
      0.00000      0.32000000       0.0000000       1.0000000
      0.00000      0.32100000       0.0000000       1.0000000
      0.00000      0.32200000       0.0000000       1.0000000
      0.00000      0.32300000       0.0000000       1.0000000
      0.00000      0.32400000       0.0000000       1.0000000
      0.00000      0.32500000       0.0000000       1.0000000
      0.00000      0.32600000       0.0000000       1.0000000
      0.00000      0.32700000       0.0000000       1.0000000
      0.00000      0.32800000       0.0000000       1.0000000
      0.00000      0.32900000       0.0000000       1.0000000
      0.00000      0.33000000       0.0000000       1.0000000
      0.00000      0.33100000       0.0000000       1.0000000
      0.00000      0.33200000       0.0000000       1.0000000
      0.00000      0.33300000       0.0000000       1.0000000
      0.00000      0.33400000       0.0000000       1.0000000
      0.00000      0.33500000       0.0000000       1.0000000
      0.00000      0.33600000       0.0000000       1.0000000
      0.00000      0.33700000       0.0000000       1.0000000
      0.00000      0.33800000       0.0000000       1.0000000
      0.00000      0.33900000       0.0000000       1.0000000
      0.00000      0.34000000       0.0000000       1.0000000
      0.00000      0.34100000       0.0000000       1.0000000
      0.00000      0.34200000       0.0000000       1.0000000
      0.00000      0.34300000       0.0000000       1.0000000
      0.00000      0.34400000       0.0000000       1.0000000
      0.00000      0.34500000       0.0000000       1.0000000
      0.00000      0.34600000       0.0000000       1.0000000
      0.00000      0.34700000       0.0000000       1.0000000
      0.00000      0.34800000       0.0000000       1.0000000
      0.00000      0.34900000       0.0000000       1.0000000
      0.00000      0.35000000       0.0000000       1.0000000
      0.00000      0.35100000       0.0000000       1.0000000
      0.00000      0.35200000       0.0000000       1.0000000
      0.00000      0.35300000       0.0000000       1.0000000
      0.00000      0.35400000       0.0000000       1.0000000
      0.00000      0.35500000       0.0000000       1.0000000
      0.00000      0.35600000       0.0000000       1.0000000
      0.00000      0.35700000       0.0000000       1.0000000
      0.00000      0.35800000       0.0000000       1.0000000
      0.00000      0.35900000       0.0000000       1.0000000
      0.00000      0.36000000       0.0000000       1.0000000
      0.00000      0.36100000       0.0000000       1.0000000
      0.00000      0.36200000       0.0000000       1.0000000
      0.00000      0.36300000       0.0000000       1.0000000
      0.00000      0.36400000       0.0000000       1.0000000
      0.00000      0.36500000       0.0000000       1.0000000
      0.00000      0.36600000       0.0000000       1.0000000
      0.00000      0.36700000       0.0000000       1.0000000
      0.00000      0.36800000       0.0000000       1.0000000
      0.00000      0.36900000       0.0000000       1.0000000
      0.00000      0.37000000       0.0000000       1.0000000
      0.00000      0.37100000       0.0000000       1.0000000
      0.00000      0.37200000       0.0000000       1.0000000
      0.00000      0.37300000       0.0000000       1.0000000
      0.00000      0.37400000       0.0000000       1.0000000
      0.00000      0.37500000       0.0000000       1.0000000
      0.00000      0.37600000       0.0000000       1.0000000
      0.00000      0.37700000       0.0000000       1.0000000
      0.00000      0.37800000       0.0000000       1.0000000
      0.00000      0.37900000       0.0000000       1.0000000
      0.00000      0.38000000       0.0000000       1.0000000
      0.00000      0.38100000       0.0000000       1.0000000
      0.00000      0.38200000       0.0000000       1.0000000
      0.00000      0.38300000       0.0000000       1.0000000
      0.00000      0.38400000       0.0000000       1.0000000
      0.00000      0.38500000       0.0000000       1.0000000
      0.00000      0.38600000       0.0000000       1.0000000
      0.00000      0.38700000       0.0000000       1.0000000
      0.00000      0.38800000       0.0000000       1.0000000
      0.00000      0.38900000       0.0000000       1.0000000
      0.00000      0.39000000       0.0000000       1.0000000
      0.00000      0.39100000       0.0000000       1.0000000
      0.00000      0.39200000       0.0000000       1.0000000
      0.00000      0.39300000       0.0000000       1.0000000
      0.00000      0.39400000       0.0000000       1.0000000
      0.00000      0.39500000       0.0000000       1.0000000
      0.00000      0.39600000       0.0000000       1.0000000
      0.00000      0.39700000       0.0000000       1.0000000
      0.00000      0.39800000       0.0000000       1.0000000
      0.00000      0.39900000       0.0000000       1.0000000
      0.00000      0.40000000       0.0000000       1.0000000
      0.00000      0.40100000       0.0000000       1.0000000
      0.00000      0.40200000       0.0000000       1.0000000
      0.00000      0.40300000       0.0000000       1.0000000
      0.00000      0.40400000       0.0000000       1.0000000
      0.00000      0.40500000       0.0000000       1.0000000
      0.00000      0.40600000       0.0000000       1.0000000
      0.00000      0.40700000       0.0000000       1.0000000
      0.00000      0.40800000       0.0000000       1.0000000
      0.00000      0.40900000       0.0000000       1.0000000
      0.00000      0.41000000       0.0000000       1.0000000
      0.00000      0.41100000       0.0000000       1.0000000
      0.00000      0.41200000       0.0000000       1.0000000
      0.00000      0.41300000       0.0000000       1.0000000
      0.00000      0.41400000       0.0000000       1.0000000
      0.00000      0.41500000       0.0000000       1.0000000
      0.00000      0.41600000       0.0000000       1.0000000
      0.00000      0.41700000       0.0000000       1.0000000
      0.00000      0.41800000       0.0000000       1.0000000
      0.00000      0.41900000       0.0000000       1.0000000
      0.00000      0.42000000       0.0000000       1.0000000
      0.00000      0.42100000       0.0000000       1.0000000
      0.00000      0.42200000       0.0000000       1.0000000
      0.00000      0.42300000       0.0000000       1.0000000
      0.00000      0.42400000       0.0000000       1.0000000
      0.00000      0.42500000       0.0000000       1.0000000
      0.00000      0.42600000       0.0000000       1.0000000
      0.00000      0.42700000       0.0000000       1.0000000
      0.00000      0.42800000       0.0000000       1.0000000
      0.00000      0.42900000       0.0000000       1.0000000
      0.00000      0.43000000       0.0000000       1.0000000
      0.00000      0.43100000       0.0000000       1.0000000
      0.00000      0.43200000       0.0000000       1.0000000
      0.00000      0.43300000       0.0000000       1.0000000
      0.00000      0.43400000       0.0000000       1.0000000
      0.00000      0.43500000       0.0000000       1.0000000
      0.00000      0.43600000       0.0000000       1.0000000
      0.00000      0.43700000       0.0000000       1.0000000
      0.00000      0.43800000       0.0000000       1.0000000
      0.00000      0.43900000       0.0000000       1.0000000
      0.00000      0.44000000       0.0000000       1.0000000
      0.00000      0.44100000       0.0000000       1.0000000
      0.00000      0.44200000       0.0000000       1.0000000
      0.00000      0.44300000       0.0000000       1.0000000
      0.00000      0.44400000       0.0000000       1.0000000
      0.00000      0.44500000       0.0000000       1.0000000
      0.00000      0.44600000       0.0000000       1.0000000
      0.00000      0.44700000       0.0000000       1.0000000
      0.00000      0.44800000       0.0000000       1.0000000
      0.00000      0.44900000       0.0000000       1.0000000
      0.00000      0.45000000       0.0000000       1.0000000
      0.00000      0.45100000       0.0000000       1.0000000
      0.00000      0.45200000       0.0000000       1.0000000
      0.00000      0.45300000       0.0000000       1.0000000
      0.00000      0.45400000       0.0000000       1.0000000
      0.00000      0.45500000       0.0000000       1.0000000
      0.00000      0.45600000       0.0000000       1.0000000
      0.00000      0.45700000       0.0000000       1.0000000
      0.00000      0.45800000       0.0000000       1.0000000
      0.00000      0.45900000       0.0000000       1.0000000
      0.00000      0.46000000       0.0000000       1.0000000
      0.00000      0.46100000       0.0000000       1.0000000
      0.00000      0.46200000       0.0000000       1.0000000
      0.00000      0.46300000       0.0000000       1.0000000
      0.00000      0.46400000       0.0000000       1.0000000
      0.00000      0.46500000       0.0000000       1.0000000
      0.00000      0.46600000       0.0000000       1.0000000
      0.00000      0.46700000       0.0000000       1.0000000
      0.00000      0.46800000       0.0000000       1.0000000
      0.00000      0.46900000       0.0000000       1.0000000
      0.00000      0.47000000       0.0000000       1.0000000
      0.00000      0.47100000       0.0000000       1.0000000
      0.00000      0.47200000       0.0000000       1.0000000
      0.00000      0.47300000       0.0000000       1.0000000
      0.00000      0.47400000       0.0000000       1.0000000
      0.00000      0.47500000       0.0000000       1.0000000
      0.00000      0.47600000       0.0000000       1.0000000
      0.00000      0.47700000       0.0000000       1.0000000
      0.00000      0.47800000       0.0000000       1.0000000
      0.00000      0.47900000       0.0000000       1.0000000
      0.00000      0.48000000       0.0000000       1.0000000
      0.00000      0.48100000       0.0000000       1.0000000
      0.00000      0.48200000       0.0000000       1.0000000
      0.00000      0.48300000       0.0000000       1.0000000
      0.00000      0.48400000       0.0000000       1.0000000
      0.00000      0.48500000       0.0000000       1.0000000
      0.00000      0.48600000       0.0000000       1.0000000
      0.00000      0.48700000       0.0000000       1.0000000
      0.00000      0.48800000       0.0000000       1.0000000
      0.00000      0.48900000       0.0000000       1.0000000
      0.00000      0.49000000       0.0000000       1.0000000
      0.00000      0.49100000       0.0000000       1.0000000
      0.00000      0.49200000       0.0000000       1.0000000
      0.00000      0.49300000       0.0000000       1.0000000
      0.00000      0.49400000       0.0000000       1.0000000
      0.00000      0.49500000       0.0000000       1.0000000
      0.00000      0.49600000       0.0000000       1.0000000
      0.00000      0.49700000       0.0000000       1.0000000
      0.00000      0.49800000       0.0000000       1.0000000
      0.00000      0.49900000       0.0000000       1.0000000
      0.00000      0.50000000       0.0000000       1.0000000
      0.00000      0.50100000       0.0000000       1.0000000
      0.00000      0.50200000       0.0000000       1.0000000
      0.00000      0.50300000       0.0000000       1.0000000
      0.00000      0.50400000       0.0000000       1.0000000
      0.00000      0.50500000       0.0000000       1.0000000
      0.00000      0.50600000       0.0000000       1.0000000
      0.00000      0.50700000       0.0000000       1.0000000
      0.00000      0.50800000       0.0000000       1.0000000
      0.00000      0.50900000       0.0000000       1.0000000
      0.00000      0.51000000       0.0000000       1.0000000
      0.00000      0.51100000       0.0000000       1.0000000
      0.00000      0.51200000       0.0000000       1.0000000
      0.00000      0.51300000       0.0000000       1.0000000
      0.00000      0.51400000       0.0000000       1.0000000
      0.00000      0.51500000       0.0000000       1.0000000
      0.00000      0.51600000       0.0000000       1.0000000
      0.00000      0.51700000       0.0000000       1.0000000
      0.00000      0.51800000       0.0000000       1.0000000
      0.00000      0.51900000       0.0000000       1.0000000
      0.00000      0.52000000       0.0000000       1.0000000
      0.00000      0.52100000       0.0000000       1.0000000
      0.00000      0.52200000       0.0000000       1.0000000
      0.00000      0.52300000       0.0000000       1.0000000
      0.00000      0.52400000       0.0000000       1.0000000
      0.00000      0.52500000       0.0000000       1.0000000
      0.00000      0.52600000       0.0000000       1.0000000
      0.00000      0.52700000       0.0000000       1.0000000
      0.00000      0.52800000       0.0000000       1.0000000
      0.00000      0.52900000       0.0000000       1.0000000
      0.00000      0.53000000       0.0000000       1.0000000
      0.00000      0.53100000       0.0000000       1.0000000
      0.00000      0.53200000       0.0000000       1.0000000
      0.00000      0.53300000       0.0000000       1.0000000
      0.00000      0.53400000       0.0000000       1.0000000
      0.00000      0.53500000       0.0000000       1.0000000
      0.00000      0.53600000       0.0000000       1.0000000
      0.00000      0.53700000       0.0000000       1.0000000
      0.00000      0.53800000       0.0000000       1.0000000
      0.00000      0.53900000       0.0000000       1.0000000
      0.00000      0.54000000       0.0000000       1.0000000
      0.00000      0.54100000       0.0000000       1.0000000
      0.00000      0.54200000       0.0000000       1.0000000
      0.00000      0.54300000       0.0000000       1.0000000
      0.00000      0.54400000       0.0000000       1.0000000
      0.00000      0.54500000       0.0000000       1.0000000
      0.00000      0.54600000       0.0000000       1.0000000
      0.00000      0.54700000       0.0000000       1.0000000
      0.00000      0.54800000       0.0000000       1.0000000
      0.00000      0.54900000       0.0000000       1.0000000
      0.00000      0.55000000       0.0000000       1.0000000
      0.00000      0.55100000       0.0000000       1.0000000
      0.00000      0.55200000       0.0000000       1.0000000
      0.00000      0.55300000       0.0000000       1.0000000
      0.00000      0.55400000       0.0000000       1.0000000
      0.00000      0.55500000       0.0000000       1.0000000
      0.00000      0.55600000       0.0000000       1.0000000
      0.00000      0.55700000       0.0000000       1.0000000
      0.00000      0.55800000       0.0000000       1.0000000
      0.00000      0.55900000       0.0000000       1.0000000
      0.00000      0.56000000       0.0000000       1.0000000
      0.00000      0.56100000       0.0000000       1.0000000
      0.00000      0.56200000       0.0000000       1.0000000
      0.00000      0.56300000       0.0000000       1.0000000
      0.00000      0.56400000       0.0000000       1.0000000
      0.00000      0.56500000       0.0000000       1.0000000
      0.00000      0.56600000       0.0000000       1.0000000
      0.00000      0.56700000       0.0000000       1.0000000
      0.00000      0.56800000       0.0000000       1.0000000
      0.00000      0.56900000       0.0000000       1.0000000
      0.00000      0.57000000       0.0000000       1.0000000
      0.00000      0.57100000       0.0000000       1.0000000
      0.00000      0.57200000       0.0000000       1.0000000
      0.00000      0.57300000       0.0000000       1.0000000
      0.00000      0.57400000       0.0000000       1.0000000
      0.00000      0.57500000       0.0000000       1.0000000
      0.00000      0.57600000       0.0000000       1.0000000
      0.00000      0.57700000       0.0000000       1.0000000
      0.00000      0.57800000       0.0000000       1.0000000
      0.00000      0.57900000       0.0000000       1.0000000
      0.00000      0.58000000       0.0000000       1.0000000
      0.00000      0.58100000       0.0000000       1.0000000
      0.00000      0.58200000       0.0000000       1.0000000
      0.00000      0.58300000       0.0000000       1.0000000
      0.00000      0.58400000       0.0000000       1.0000000
      0.00000      0.58500000       0.0000000       1.0000000
      0.00000      0.58600000       0.0000000       1.0000000
      0.00000      0.58700000       0.0000000       1.0000000
      0.00000      0.58800000       0.0000000       1.0000000
      0.00000      0.58900000       0.0000000       1.0000000
      0.00000      0.59000000       0.0000000       1.0000000
      0.00000      0.59100000       0.0000000       1.0000000
      0.00000      0.59200000       0.0000000       1.0000000
      0.00000      0.59300000       0.0000000       1.0000000
      0.00000      0.59400000       0.0000000       1.0000000
      0.00000      0.59500000       0.0000000       1.0000000
      0.00000      0.59600000       0.0000000       1.0000000
      0.00000      0.59700000       0.0000000       1.0000000
      0.00000      0.59800000       0.0000000       1.0000000
      0.00000      0.59900000       0.0000000       1.0000000
      0.00000      0.60000000       0.0000000       1.0000000
      0.00000      0.60100000       0.0000000       1.0000000
      0.00000      0.60200000       0.0000000       1.0000000
      0.00000      0.60300000       0.0000000       1.0000000
      0.00000      0.60400000       0.0000000       1.0000000
      0.00000      0.60500000       0.0000000       1.0000000
      0.00000      0.60600000       0.0000000       1.0000000
      0.00000      0.60700000       0.0000000       1.0000000
      0.00000      0.60800000       0.0000000       1.0000000
      0.00000      0.60900000       0.0000000       1.0000000
      0.00000      0.61000000       0.0000000       1.0000000
      0.00000      0.61100000       0.0000000       1.0000000
      0.00000      0.61200000       0.0000000       1.0000000
      0.00000      0.61300000       0.0000000       1.0000000
      0.00000      0.61400000       0.0000000       1.0000000
      0.00000      0.61500000       0.0000000       1.0000000
      0.00000      0.61600000       0.0000000       1.0000000
      0.00000      0.61700000       0.0000000       1.0000000
      0.00000      0.61800000       0.0000000       1.0000000
      0.00000      0.61900000       0.0000000       1.0000000
      0.00000      0.62000000       0.0000000       1.0000000
      0.00000      0.62100000       0.0000000       1.0000000
      0.00000      0.62200000       0.0000000       1.0000000
      0.00000      0.62300000       0.0000000       1.0000000
      0.00000      0.62400000       0.0000000       1.0000000
      0.00000      0.62500000       0.0000000       1.0000000
      0.00000      0.62600000       0.0000000       1.0000000
      0.00000      0.62700000       0.0000000       1.0000000
      0.00000      0.62800000       0.0000000       1.0000000
      0.00000      0.62900000       0.0000000       1.0000000
      0.00000      0.63000000       0.0000000       1.0000000
      0.00000      0.63100000       0.0000000       1.0000000
      0.00000      0.63200000       0.0000000       1.0000000
      0.00000      0.63300000       0.0000000       1.0000000
      0.00000      0.63400000       0.0000000       1.0000000
      0.00000      0.63500000       0.0000000       1.0000000
      0.00000      0.63600000       0.0000000       1.0000000
      0.00000      0.63700000       0.0000000       1.0000000
      0.00000      0.63800000       0.0000000       1.0000000
      0.00000      0.63900000       0.0000000       1.0000000
      0.00000      0.64000000       0.0000000       1.0000000
      0.00000      0.64100000       0.0000000       1.0000000
      0.00000      0.64200000       0.0000000       1.0000000
      0.00000      0.64300000       0.0000000       1.0000000
      0.00000      0.64400000       0.0000000       1.0000000
      0.00000      0.64500000       0.0000000       1.0000000
      0.00000      0.64600000       0.0000000       1.0000000
      0.00000      0.64700000       0.0000000       1.0000000
      0.00000      0.64800000       0.0000000       1.0000000
      0.00000      0.64900000       0.0000000       1.0000000
      0.00000      0.65000000       0.0000000       1.0000000
      0.00000      0.65100000       0.0000000       1.0000000
      0.00000      0.65200000       0.0000000       1.0000000
      0.00000      0.65300000       0.0000000       1.0000000
      0.00000      0.65400000       0.0000000       1.0000000
      0.00000      0.65500000       0.0000000       1.0000000
      0.00000      0.65600000       0.0000000       1.0000000
      0.00000      0.65700000       0.0000000       1.0000000
      0.00000      0.65800000       0.0000000       1.0000000
      0.00000      0.65900000       0.0000000       1.0000000
      0.00000      0.66000000       0.0000000       1.0000000
      0.00000      0.66100000       0.0000000       1.0000000
      0.00000      0.66200000       0.0000000       1.0000000
      0.00000      0.66300000       0.0000000       1.0000000
      0.00000      0.66400000       0.0000000       1.0000000
      0.00000      0.66500000       0.0000000       1.0000000
      0.00000      0.66600000       0.0000000       1.0000000
      0.00000      0.66700000       0.0000000       1.0000000
      0.00000      0.66800000       0.0000000       1.0000000
      0.00000      0.66900000       0.0000000       1.0000000
      0.00000      0.67000000       0.0000000       1.0000000
      0.00000      0.67100000       0.0000000       1.0000000
      0.00000      0.67200000       0.0000000       1.0000000
      0.00000      0.67300000       0.0000000       1.0000000
      0.00000      0.67400000       0.0000000       1.0000000
      0.00000      0.67500000       0.0000000       1.0000000
      0.00000      0.67600000       0.0000000       1.0000000
      0.00000      0.67700000       0.0000000       1.0000000
      0.00000      0.67800000       0.0000000       1.0000000
      0.00000      0.67900000       0.0000000       1.0000000
      0.00000      0.68000000       0.0000000       1.0000000
      0.00000      0.68100000       0.0000000       1.0000000
      0.00000      0.68200000       0.0000000       1.0000000
      0.00000      0.68300000       0.0000000       1.0000000
      0.00000      0.68400000       0.0000000       1.0000000
      0.00000      0.68500000       0.0000000       1.0000000
      0.00000      0.68600000       0.0000000       1.0000000
      0.00000      0.68700000       0.0000000       1.0000000
      0.00000      0.68800000       0.0000000       1.0000000
      0.00000      0.68900000       0.0000000       1.0000000
      0.00000      0.69000000       0.0000000       1.0000000
      0.00000      0.69100000       0.0000000       1.0000000
      0.00000      0.69200000       0.0000000       1.0000000
      0.00000      0.69300000       0.0000000       1.0000000
      0.00000      0.69400000       0.0000000       1.0000000
      0.00000      0.69500000       0.0000000       1.0000000
      0.00000      0.69600000       0.0000000       1.0000000
      0.00000      0.69700000       0.0000000       1.0000000
      0.00000      0.69800000       0.0000000       1.0000000
      0.00000      0.69900000       0.0000000       1.0000000
      0.00000      0.70000000       0.0000000       1.0000000
      0.00000      0.70100000       0.0000000       1.0000000
      0.00000      0.70200000       0.0000000       1.0000000
      0.00000      0.70300000       0.0000000       1.0000000
      0.00000      0.70400000       0.0000000       1.0000000
      0.00000      0.70500000       0.0000000       1.0000000
      0.00000      0.70600000       0.0000000       1.0000000
      0.00000      0.70700000       0.0000000       1.0000000
      0.00000      0.70800000       0.0000000       1.0000000
      0.00000      0.70900000       0.0000000       1.0000000
      0.00000      0.71000000       0.0000000       1.0000000
      0.00000      0.71100000       0.0000000       1.0000000
      0.00000      0.71200000       0.0000000       1.0000000
      0.00000      0.71300000       0.0000000       1.0000000
      0.00000      0.71400000       0.0000000       1.0000000
      0.00000      0.71500000       0.0000000       1.0000000
      0.00000      0.71600000       0.0000000       1.0000000
      0.00000      0.71700000       0.0000000       1.0000000
      0.00000      0.71800000       0.0000000       1.0000000
      0.00000      0.71900000       0.0000000       1.0000000
      0.00000      0.72000000       0.0000000       1.0000000
      0.00000      0.72100000       0.0000000       1.0000000
      0.00000      0.72200000       0.0000000       1.0000000
      0.00000      0.72300000       0.0000000       1.0000000
      0.00000      0.72400000       0.0000000       1.0000000
      0.00000      0.72500000       0.0000000       1.0000000
      0.00000      0.72600000       0.0000000       1.0000000
      0.00000      0.72700000       0.0000000       1.0000000
      0.00000      0.72800000       0.0000000       1.0000000
      0.00000      0.72900000       0.0000000       1.0000000
      0.00000      0.73000000       0.0000000       1.0000000
      0.00000      0.73100000       0.0000000       1.0000000
      0.00000      0.73200000       0.0000000       1.0000000
      0.00000      0.73300000       0.0000000       1.0000000
      0.00000      0.73400000       0.0000000       1.0000000
      0.00000      0.73500000       0.0000000       1.0000000
      0.00000      0.73600000       0.0000000       1.0000000
      0.00000      0.73700000       0.0000000       1.0000000
      0.00000      0.73800000       0.0000000       1.0000000
      0.00000      0.73900000       0.0000000       1.0000000
      0.00000      0.74000000       0.0000000       1.0000000
      0.00000      0.74100000       0.0000000       1.0000000
      0.00000      0.74200000       0.0000000       1.0000000
      0.00000      0.74300000       0.0000000       1.0000000
      0.00000      0.74400000       0.0000000       1.0000000
      0.00000      0.74500000       0.0000000       1.0000000
      0.00000      0.74600000       0.0000000       1.0000000
      0.00000      0.74700000       0.0000000       1.0000000
      0.00000      0.74800000       0.0000000       1.0000000
      0.00000      0.74900000       0.0000000       1.0000000
      0.00000      0.75000000       0.0000000       1.0000000
      0.00000      0.75100000       0.0000000       1.0000000
      0.00000      0.75200000       0.0000000       1.0000000
      0.00000      0.75300000       0.0000000       1.0000000
      0.00000      0.75400000       0.0000000       1.0000000
      0.00000      0.75500000       0.0000000       1.0000000
      0.00000      0.75600000       0.0000000       1.0000000
      0.00000      0.75700000       0.0000000       1.0000000
      0.00000      0.75800000       0.0000000       1.0000000
      0.00000      0.75900000       0.0000000       1.0000000
      0.00000      0.76000000       0.0000000       1.0000000
      0.00000      0.76100000       0.0000000       1.0000000
      0.00000      0.76200000       0.0000000       1.0000000
      0.00000      0.76300000       0.0000000       1.0000000
      0.00000      0.76400000       0.0000000       1.0000000
      0.00000      0.76500000       0.0000000       1.0000000
      0.00000      0.76600000       0.0000000       1.0000000
      0.00000      0.76700000       0.0000000       1.0000000
      0.00000      0.76800000       0.0000000       1.0000000
      0.00000      0.76900000       0.0000000       1.0000000
      0.00000      0.77000000       0.0000000       1.0000000
      0.00000      0.77100000       0.0000000       1.0000000
      0.00000      0.77200000       0.0000000       1.0000000
      0.00000      0.77300000       0.0000000       1.0000000
      0.00000      0.77400000       0.0000000       1.0000000
      0.00000      0.77500000       0.0000000       1.0000000
      0.00000      0.77600000       0.0000000       1.0000000
      0.00000      0.77700000       0.0000000       1.0000000
      0.00000      0.77800000       0.0000000       1.0000000
      0.00000      0.77900000       0.0000000       1.0000000
      0.00000      0.78000000       0.0000000       1.0000000
      0.00000      0.78100000       0.0000000       1.0000000
      0.00000      0.78200000       0.0000000       1.0000000
      0.00000      0.78300000       0.0000000       1.0000000
      0.00000      0.78400000       0.0000000       1.0000000
      0.00000      0.78500000       0.0000000       1.0000000
      0.00000      0.78600000       0.0000000       1.0000000
      0.00000      0.78700000       0.0000000       1.0000000
      0.00000      0.78800000       0.0000000       1.0000000
      0.00000      0.78900000       0.0000000       1.0000000
      0.00000      0.79000000       0.0000000       1.0000000
      0.00000      0.79100000       0.0000000       1.0000000
      0.00000      0.79200000       0.0000000       1.0000000
      0.00000      0.79300000       0.0000000       1.0000000
      0.00000      0.79400000       0.0000000       1.0000000
      0.00000      0.79500000       0.0000000       1.0000000
      0.00000      0.79600000       0.0000000       1.0000000
      0.00000      0.79700000       0.0000000       1.0000000
      0.00000      0.79800000       0.0000000       1.0000000
      0.00000      0.79900000       0.0000000       1.0000000
      0.00000      0.80000000       0.0000000       1.0000000
      0.00000      0.80100000       0.0000000       1.0000000
      0.00000      0.80200000       0.0000000       1.0000000
      0.00000      0.80300000       0.0000000       1.0000000
      0.00000      0.80400000       0.0000000       1.0000000
      0.00000      0.80500000       0.0000000       1.0000000
      0.00000      0.80600000       0.0000000       1.0000000
      0.00000      0.80700000       0.0000000       1.0000000
      0.00000      0.80800000       0.0000000       1.0000000
      0.00000      0.80900000       0.0000000       1.0000000
      0.00000      0.81000000       0.0000000       1.0000000
      0.00000      0.81100000       0.0000000       1.0000000
      0.00000      0.81200000       0.0000000       1.0000000
      0.00000      0.81300000       0.0000000       1.0000000
      0.00000      0.81400000       0.0000000       1.0000000
      0.00000      0.81500000       0.0000000       1.0000000
      0.00000      0.81600000       0.0000000       1.0000000
      0.00000      0.81700000       0.0000000       1.0000000
      0.00000      0.81800000       0.0000000       1.0000000
      0.00000      0.81900000       0.0000000       1.0000000
      0.00000      0.82000000       0.0000000       1.0000000
      0.00000      0.82100000       0.0000000       1.0000000
      0.00000      0.82200000       0.0000000       1.0000000
      0.00000      0.82300000       0.0000000       1.0000000
      0.00000      0.82400000       0.0000000       1.0000000
      0.00000      0.82500000       0.0000000       1.0000000
      0.00000      0.82600000       0.0000000       1.0000000
      0.00000      0.82700000       0.0000000       1.0000000
      0.00000      0.82800000       0.0000000       1.0000000
      0.00000      0.82900000       0.0000000       1.0000000
      0.00000      0.83000000       0.0000000       1.0000000
      0.00000      0.83100000       0.0000000       1.0000000
      0.00000      0.83200000       0.0000000       1.0000000
      0.00000      0.83300000       0.0000000       1.0000000
      0.00000      0.83400000       0.0000000       1.0000000
      0.00000      0.83500000       0.0000000       1.0000000
      0.00000      0.83600000       0.0000000       1.0000000
      0.00000      0.83700000       0.0000000       1.0000000
      0.00000      0.83800000       0.0000000       1.0000000
      0.00000      0.83900000       0.0000000       1.0000000
      0.00000      0.84000000       0.0000000       1.0000000
      0.00000      0.84100000       0.0000000       1.0000000
      0.00000      0.84200000       0.0000000       1.0000000
      0.00000      0.84300000       0.0000000       1.0000000
      0.00000      0.84400000       0.0000000       1.0000000
      0.00000      0.84500000       0.0000000       1.0000000
      0.00000      0.84600000       0.0000000       1.0000000
      0.00000      0.84700000       0.0000000       1.0000000
      0.00000      0.84800000       0.0000000       1.0000000
      0.00000      0.84900000       0.0000000       1.0000000
      0.00000      0.85000000       0.0000000       1.0000000
      0.00000      0.85100000       0.0000000       1.0000000
      0.00000      0.85200000       0.0000000       1.0000000
      0.00000      0.85300000       0.0000000       1.0000000
      0.00000      0.85400000       0.0000000       1.0000000
      0.00000      0.85500000       0.0000000       1.0000000
      0.00000      0.85600000       0.0000000       1.0000000
      0.00000      0.85700000       0.0000000       1.0000000
      0.00000      0.85800000       0.0000000       1.0000000
      0.00000      0.85900000       0.0000000       1.0000000
      0.00000      0.86000000       0.0000000       1.0000000
      0.00000      0.86100000       0.0000000       1.0000000
      0.00000      0.86200000       0.0000000       1.0000000
      0.00000      0.86300000       0.0000000       1.0000000
      0.00000      0.86400000       0.0000000       1.0000000
      0.00000      0.86500000       0.0000000       1.0000000
      0.00000      0.86600000       0.0000000       1.0000000
      0.00000      0.86700000       0.0000000       1.0000000
      0.00000      0.86800000       0.0000000       1.0000000
      0.00000      0.86900000       0.0000000       1.0000000
      0.00000      0.87000000       0.0000000       1.0000000
      0.00000      0.87100000       0.0000000       1.0000000
      0.00000      0.87200000       0.0000000       1.0000000
      0.00000      0.87300000       0.0000000       1.0000000
      0.00000      0.87400000       0.0000000       1.0000000
      0.00000      0.87500000       0.0000000       1.0000000
      0.00000      0.87600000       0.0000000       1.0000000
      0.00000      0.87700000       0.0000000       1.0000000
      0.00000      0.87800000       0.0000000       1.0000000
      0.00000      0.87900000       0.0000000       1.0000000
      0.00000      0.88000000       0.0000000       1.0000000
      0.00000      0.88100000       0.0000000       1.0000000
      0.00000      0.88200000       0.0000000       1.0000000
      0.00000      0.88300000       0.0000000       1.0000000
      0.00000      0.88400000       0.0000000       1.0000000
      0.00000      0.88500000       0.0000000       1.0000000
      0.00000      0.88600000       0.0000000       1.0000000
      0.00000      0.88700000       0.0000000       1.0000000
      0.00000      0.88800000       0.0000000       1.0000000
      0.00000      0.88900000       0.0000000       1.0000000
      0.00000      0.89000000       0.0000000       1.0000000
      0.00000      0.89100000       0.0000000       1.0000000
      0.00000      0.89200000       0.0000000       1.0000000
      0.00000      0.89300000       0.0000000       1.0000000
      0.00000      0.89400000       0.0000000       1.0000000
      0.00000      0.89500000       0.0000000       1.0000000
      0.00000      0.89600000       0.0000000       1.0000000
      0.00000      0.89700000       0.0000000       1.0000000
      0.00000      0.89800000       0.0000000       1.0000000
      0.00000      0.89900000       0.0000000       1.0000000
      0.00000      0.90000000       0.0000000       1.0000000
      0.00000      0.90100000       0.0000000       1.0000000
      0.00000      0.90200000       0.0000000       1.0000000
      0.00000      0.90300000       0.0000000       1.0000000
      0.00000      0.90400000       0.0000000       1.0000000
      0.00000      0.90500000       0.0000000       1.0000000
      0.00000      0.90600000       0.0000000       1.0000000
      0.00000      0.90700000       0.0000000       1.0000000
      0.00000      0.90800000       0.0000000       1.0000000
      0.00000      0.90900000       0.0000000       1.0000000
      0.00000      0.91000000       0.0000000       1.0000000
      0.00000      0.91100000       0.0000000       1.0000000
      0.00000      0.91200000       0.0000000       1.0000000
      0.00000      0.91300000       0.0000000       1.0000000
      0.00000      0.91400000       0.0000000       1.0000000
      0.00000      0.91500000       0.0000000       1.0000000
      0.00000      0.91600000       0.0000000       1.0000000
      0.00000      0.91700000       0.0000000       1.0000000
      0.00000      0.91800000       0.0000000       1.0000000
      0.00000      0.91900000       0.0000000       1.0000000
      0.00000      0.92000000       0.0000000       1.0000000
      0.00000      0.92100000       0.0000000       1.0000000
      0.00000      0.92200000       0.0000000       1.0000000
      0.00000      0.92300000       0.0000000       1.0000000
      0.00000      0.92400000       0.0000000       1.0000000
      0.00000      0.92500000       0.0000000       1.0000000
      0.00000      0.92600000       0.0000000       1.0000000
      0.00000      0.92700000       0.0000000       1.0000000
      0.00000      0.92800000       0.0000000       1.0000000
      0.00000      0.92900000       0.0000000       1.0000000
      0.00000      0.93000000       0.0000000       1.0000000
      0.00000      0.93100000       0.0000000       1.0000000
      0.00000      0.93200000       0.0000000       1.0000000
      0.00000      0.93300000       0.0000000       1.0000000
      0.00000      0.93400000       0.0000000       1.0000000
      0.00000      0.93500000       0.0000000       1.0000000
      0.00000      0.93600000       0.0000000       1.0000000
      0.00000      0.93700000       0.0000000       1.0000000
      0.00000      0.93800000       0.0000000       1.0000000
      0.00000      0.93900000       0.0000000       1.0000000
      0.00000      0.94000000       0.0000000       1.0000000
      0.00000      0.94100000       0.0000000       1.0000000
      0.00000      0.94200000       0.0000000       1.0000000
      0.00000      0.94300000       0.0000000       1.0000000
      0.00000      0.94400000       0.0000000       1.0000000
      0.00000      0.94500000       0.0000000       1.0000000
      0.00000      0.94600000       0.0000000       1.0000000
      0.00000      0.94700000       0.0000000       1.0000000
      0.00000      0.94800000       0.0000000       1.0000000
      0.00000      0.94900000       0.0000000       1.0000000
      0.00000      0.95000000       0.0000000       1.0000000
      0.00000      0.95100000       0.0000000       1.0000000
      0.00000      0.95200000       0.0000000       1.0000000
      0.00000      0.95300000       0.0000000       1.0000000
      0.00000      0.95400000       0.0000000       1.0000000
      0.00000      0.95500000       0.0000000       1.0000000
      0.00000      0.95600000       0.0000000       1.0000000
      0.00000      0.95700000       0.0000000       1.0000000
      0.00000      0.95800000       0.0000000       1.0000000
      0.00000      0.95900000       0.0000000       1.0000000
      0.00000      0.96000000       0.0000000       1.0000000
      0.00000      0.96100000       0.0000000       1.0000000
      0.00000      0.96200000       0.0000000       1.0000000
      0.00000      0.96300000       0.0000000       1.0000000
      0.00000      0.96400000       0.0000000       1.0000000
      0.00000      0.96500000       0.0000000       1.0000000
      0.00000      0.96600000       0.0000000       1.0000000
      0.00000      0.96700000       0.0000000       1.0000000
      0.00000      0.96800000       0.0000000       1.0000000
      0.00000      0.96900000       0.0000000       1.0000000
      0.00000      0.97000000       0.0000000       1.0000000
      0.00000      0.97100000       0.0000000       1.0000000
      0.00000      0.97200000       0.0000000       1.0000000
      0.00000      0.97300000       0.0000000       1.0000000
      0.00000      0.97400000       0.0000000       1.0000000
      0.00000      0.97500000       0.0000000       1.0000000
      0.00000      0.97600000       0.0000000       1.0000000
      0.00000      0.97700000       0.0000000       1.0000000
      0.00000      0.97800000       0.0000000       1.0000000
      0.00000      0.97900000       0.0000000       1.0000000
      0.00000      0.98000000       0.0000000       1.0000000
      0.00000      0.98100000       0.0000000       1.0000000
      0.00000      0.98200000       0.0000000       1.0000000
      0.00000      0.98300000       0.0000000       1.0000000
      0.00000      0.98400000       0.0000000       1.0000000
      0.00000      0.98500000       0.0000000       1.0000000
      0.00000      0.98600000       0.0000000       1.0000000
      0.00000      0.98700000       0.0000000       1.0000000
      0.00000      0.98800000       0.0000000       1.0000000
      0.00000      0.98900000       0.0000000       1.0000000
      0.00000      0.99000000       0.0000000       1.0000000
      0.00000      0.99100000       0.0000000       1.0000000
      0.00000      0.99200000       0.0000000       1.0000000
      0.00000      0.99300000       0.0000000       1.0000000
      0.00000      0.99400000       0.0000000       1.0000000
      0.00000      0.99500000       0.0000000       1.0000000
      0.00000      0.99600000       0.0000000       1.0000000
      0.00000      0.99700000       0.0000000       1.0000000
      0.00000      0.99800000       0.0000000       1.0000000
      0.00000      0.99900000       0.0000000       1.0000000
      0.00000       1.0000000       0.0000000       1.0000000
      0.00000       1.0010000       0.0000000       1.0000000
      0.00000       1.0020000       0.0000000       1.0000000
      0.00000       1.0030000       0.0000000       1.0000000
      0.00000       1.0040000       0.0000000       1.0000000
      0.00000       1.0050000       0.0000000       1.0000000
      0.00000       1.0060000       0.0000000       1.0000000
      0.00000       1.0070000       0.0000000       1.0000000
      0.00000       1.0080000       0.0000000       1.0000000
      0.00000       1.0090000       0.0000000       1.0000000
      0.00000       1.0100000       0.0000000       1.0000000
      0.00000       1.0110000       0.0000000       1.0000000
      0.00000       1.0120000       0.0000000       1.0000000
      0.00000       1.0130000       0.0000000       1.0000000
      0.00000       1.0140000       0.0000000       1.0000000
      0.00000       1.0150000       0.0000000       1.0000000
      0.00000       1.0160000       0.0000000       1.0000000
      0.00000       1.0170000       0.0000000       1.0000000
      0.00000       1.0180000       0.0000000       1.0000000
      0.00000       1.0190000       0.0000000       1.0000000
      0.00000       1.0200000       0.0000000       1.0000000
      0.00000       1.0210000       0.0000000       1.0000000
      0.00000       1.0220000       0.0000000       1.0000000
      0.00000       1.0230000       0.0000000       1.0000000
      0.00000       1.0240000       0.0000000       1.0000000
      0.00000       1.0250000       0.0000000       1.0000000
      0.00000       1.0260000       0.0000000       1.0000000
      0.00000       1.0270000       0.0000000       1.0000000
      0.00000       1.0280000       0.0000000       1.0000000
      0.00000       1.0290000       0.0000000       1.0000000
      0.00000       1.0300000       0.0000000       1.0000000
      0.00000       1.0310000       0.0000000       1.0000000
      0.00000       1.0320000       0.0000000       1.0000000
      0.00000       1.0330000       0.0000000       1.0000000
      0.00000       1.0340000       0.0000000       1.0000000
      0.00000       1.0350000       0.0000000       1.0000000
      0.00000       1.0360000       0.0000000       1.0000000
      0.00000       1.0370000       0.0000000       1.0000000
      0.00000       1.0380000       0.0000000       1.0000000
      0.00000       1.0390000       0.0000000       1.0000000
      0.00000       1.0400000       0.0000000       1.0000000
      0.00000       1.0410000       0.0000000       1.0000000
      0.00000       1.0420000       0.0000000       1.0000000
      0.00000       1.0430000       0.0000000       1.0000000
      0.00000       1.0440000       0.0000000       1.0000000
      0.00000       1.0450000       0.0000000       1.0000000
      0.00000       1.0460000       0.0000000       1.0000000
      0.00000       1.0470000       0.0000000       1.0000000
      0.00000       1.0480000       0.0000000       1.0000000
      0.00000       1.0490000       0.0000000       1.0000000
      0.00000       1.0500000       0.0000000       1.0000000
      0.00000       1.0510000       0.0000000       1.0000000
      0.00000       1.0520000       0.0000000       1.0000000
      0.00000       1.0530000       0.0000000       1.0000000
      0.00000       1.0540000       0.0000000       1.0000000
      0.00000       1.0550000       0.0000000       1.0000000
      0.00000       1.0560000       0.0000000       1.0000000
      0.00000       1.0570000       0.0000000       1.0000000
      0.00000       1.0580000       0.0000000       1.0000000
      0.00000       1.0590000       0.0000000       1.0000000
      0.00000       1.0600000       0.0000000       1.0000000
      0.00000       1.0610000       0.0000000       1.0000000
      0.00000       1.0620000       0.0000000       1.0000000
      0.00000       1.0630000       0.0000000       1.0000000
      0.00000       1.0640000       0.0000000       1.0000000
      0.00000       1.0650000       0.0000000       1.0000000
      0.00000       1.0660000       0.0000000       1.0000000
      0.00000       1.0670000       0.0000000       1.0000000
      0.00000       1.0680000       0.0000000       1.0000000
      0.00000       1.0690000       0.0000000       1.0000000
      0.00000       1.0700000       0.0000000       1.0000000
      0.00000       1.0710000       0.0000000       1.0000000
      0.00000       1.0720000       0.0000000       1.0000000
      0.00000       1.0730000       0.0000000       1.0000000
      0.00000       1.0740000       0.0000000       1.0000000
      0.00000       1.0750000       0.0000000       1.0000000
      0.00000       1.0760000       0.0000000       1.0000000
      0.00000       1.0770000       0.0000000       1.0000000
      0.00000       1.0780000       0.0000000       1.0000000
      0.00000       1.0790000       0.0000000       1.0000000
      0.00000       1.0800000       0.0000000       1.0000000
      0.00000       1.0810000       0.0000000       1.0000000
      0.00000       1.0820000       0.0000000       1.0000000
      0.00000       1.0830000       0.0000000       1.0000000
      0.00000       1.0840000       0.0000000       1.0000000
      0.00000       1.0850000       0.0000000       1.0000000
      0.00000       1.0860000       0.0000000       1.0000000
      0.00000       1.0870000       0.0000000       1.0000000
      0.00000       1.0880000       0.0000000       1.0000000
      0.00000       1.0890000       0.0000000       1.0000000
      0.00000       1.0900000       0.0000000       1.0000000
      0.00000       1.0910000       0.0000000       1.0000000
      0.00000       1.0920000       0.0000000       1.0000000
      0.00000       1.0930000       0.0000000       1.0000000
      0.00000       1.0940000       0.0000000       1.0000000
      0.00000       1.0950000       0.0000000       1.0000000
      0.00000       1.0960000       0.0000000       1.0000000
      0.00000       1.0970000       0.0000000       1.0000000
      0.00000       1.0980000       0.0000000       1.0000000
      0.00000       1.0990000       0.0000000       1.0000000
      0.00000       1.1000000       0.0000000       1.0000000
      0.00000       1.1010000       0.0000000       1.0000000
      0.00000       1.1020000       0.0000000       1.0000000
      0.00000       1.1030000       0.0000000       1.0000000
      0.00000       1.1040000       0.0000000       1.0000000
      0.00000       1.1050000       0.0000000       1.0000000
      0.00000       1.1060000       0.0000000       1.0000000
      0.00000       1.1070000       0.0000000       1.0000000
      0.00000       1.1080000       0.0000000       1.0000000
      0.00000       1.1090000       0.0000000       1.0000000
      0.00000       1.1100000       0.0000000       1.0000000
      0.00000       1.1110000       0.0000000       1.0000000
      0.00000       1.1120000       0.0000000       1.0000000
      0.00000       1.1130000       0.0000000       1.0000000
      0.00000       1.1140000       0.0000000       1.0000000
      0.00000       1.1150000       0.0000000       1.0000000
      0.00000       1.1160000       0.0000000       1.0000000
      0.00000       1.1170000       0.0000000       1.0000000
      0.00000       1.1180000       0.0000000       1.0000000
      0.00000       1.1190000       0.0000000       1.0000000
      0.00000       1.1200000       0.0000000       1.0000000
      0.00000       1.1210000       0.0000000       1.0000000
      0.00000       1.1220000       0.0000000       1.0000000
      0.00000       1.1230000       0.0000000       1.0000000
      0.00000       1.1240000       0.0000000       1.0000000
      0.00000       1.1250000       0.0000000       1.0000000
      0.00000       1.1260000       0.0000000       1.0000000
      0.00000       1.1270000       0.0000000       1.0000000
      0.00000       1.1280000       0.0000000       1.0000000
      0.00000       1.1290000       0.0000000       1.0000000
      0.00000       1.1300000       0.0000000       1.0000000
      0.00000       1.1310000       0.0000000       1.0000000
      0.00000       1.1320000       0.0000000       1.0000000
      0.00000       1.1330000       0.0000000       1.0000000
      0.00000       1.1340000       0.0000000       1.0000000
      0.00000       1.1350000       0.0000000       1.0000000
      0.00000       1.1360000       0.0000000       1.0000000
      0.00000       1.1370000       0.0000000       1.0000000
      0.00000       1.1380000       0.0000000       1.0000000
      0.00000       1.1390000       0.0000000       1.0000000
      0.00000       1.1400000       0.0000000       1.0000000
      0.00000       1.1410000       0.0000000       1.0000000
      0.00000       1.1420000       0.0000000       1.0000000
      0.00000       1.1430000       0.0000000       1.0000000
      0.00000       1.1440000       0.0000000       1.0000000
      0.00000       1.1450000       0.0000000       1.0000000
      0.00000       1.1460000       0.0000000       1.0000000
      0.00000       1.1470000       0.0000000       1.0000000
      0.00000       1.1480000       0.0000000       1.0000000
      0.00000       1.1490000       0.0000000       1.0000000
      0.00000       1.1500000       0.0000000       1.0000000
      0.00000       1.1510000       0.0000000       1.0000000
      0.00000       1.1520000       0.0000000       1.0000000
      0.00000       1.1530000       0.0000000       1.0000000
      0.00000       1.1540000       0.0000000       1.0000000
      0.00000       1.1550000       0.0000000       1.0000000
      0.00000       1.1560000       0.0000000       1.0000000
      0.00000       1.1570000       0.0000000       1.0000000
      0.00000       1.1580000       0.0000000       1.0000000
      0.00000       1.1590000       0.0000000       1.0000000
      0.00000       1.1600000       0.0000000       1.0000000
      0.00000       1.1610000       0.0000000       1.0000000
      0.00000       1.1620000       0.0000000       1.0000000
      0.00000       1.1630000       0.0000000       1.0000000
      0.00000       1.1640000       0.0000000       1.0000000
      0.00000       1.1650000       0.0000000       1.0000000
      0.00000       1.1660000       0.0000000       1.0000000
      0.00000       1.1670000       0.0000000       1.0000000
      0.00000       1.1680000       0.0000000       1.0000000
      0.00000       1.1690000       0.0000000       1.0000000
      0.00000       1.1700000       0.0000000       1.0000000
      0.00000       1.1710000       0.0000000       1.0000000
      0.00000       1.1720000       0.0000000       1.0000000
      0.00000       1.1730000       0.0000000       1.0000000
      0.00000       1.1740000       0.0000000       1.0000000
      0.00000       1.1750000       0.0000000       1.0000000
      0.00000       1.1760000       0.0000000       1.0000000
      0.00000       1.1770000       0.0000000       1.0000000
      0.00000       1.1780000       0.0000000       1.0000000
      0.00000       1.1790000       0.0000000       1.0000000
      0.00000       1.1800000       0.0000000       1.0000000
      0.00000       1.1810000       0.0000000       1.0000000
      0.00000       1.1820000       0.0000000       1.0000000
      0.00000       1.1830000       0.0000000       1.0000000
      0.00000       1.1840000       0.0000000       1.0000000
      0.00000       1.1850000       0.0000000       1.0000000
      0.00000       1.1860000       0.0000000       1.0000000
      0.00000       1.1870000       0.0000000       1.0000000
      0.00000       1.1880000       0.0000000       1.0000000
      0.00000       1.1890000       0.0000000       1.0000000
      0.00000       1.1900000       0.0000000       1.0000000
      0.00000       1.1910000       0.0000000       1.0000000
      0.00000       1.1920000       0.0000000       1.0000000
      0.00000       1.1930000       0.0000000       1.0000000
      0.00000       1.1940000       0.0000000       1.0000000
      0.00000       1.1950000       0.0000000       1.0000000
      0.00000       1.1960000       0.0000000       1.0000000
      0.00000       1.1970000       0.0000000       1.0000000
      0.00000       1.1980000       0.0000000       1.0000000
      0.00000       1.1990000       0.0000000       1.0000000
      0.00000       1.2000000       0.0000000       1.0000000
      0.00000       1.2010000       0.0000000       1.0000000
      0.00000       1.2020000       0.0000000       1.0000000
      0.00000       1.2030000       0.0000000       1.0000000
      0.00000       1.2040000       0.0000000       1.0000000
      0.00000       1.2050000       0.0000000       1.0000000
      0.00000       1.2060000       0.0000000       1.0000000
      0.00000       1.2070000       0.0000000       1.0000000
      0.00000       1.2080000       0.0000000       1.0000000
      0.00000       1.2090000       0.0000000       1.0000000
      0.00000       1.2100000       0.0000000       1.0000000
      0.00000       1.2110000       0.0000000       1.0000000
      0.00000       1.2120000       0.0000000       1.0000000
      0.00000       1.2130000       0.0000000       1.0000000
      0.00000       1.2140000       0.0000000       1.0000000
      0.00000       1.2150000       0.0000000       1.0000000
      0.00000       1.2160000       0.0000000       1.0000000
      0.00000       1.2170000       0.0000000       1.0000000
      0.00000       1.2180000       0.0000000       1.0000000
      0.00000       1.2190000       0.0000000       1.0000000
      0.00000       1.2200000       0.0000000       1.0000000
      0.00000       1.2210000       0.0000000       1.0000000
      0.00000       1.2220000       0.0000000       1.0000000
      0.00000       1.2230000       0.0000000       1.0000000
      0.00000       1.2240000       0.0000000       1.0000000
      0.00000       1.2250000       0.0000000       1.0000000
      0.00000       1.2260000       0.0000000       1.0000000
      0.00000       1.2270000       0.0000000       1.0000000
      0.00000       1.2280000       0.0000000       1.0000000
      0.00000       1.2290000       0.0000000       1.0000000
      0.00000       1.2300000       0.0000000       1.0000000
      0.00000       1.2310000       0.0000000       1.0000000
      0.00000       1.2320000       0.0000000       1.0000000
      0.00000       1.2330000       0.0000000       1.0000000
      0.00000       1.2340000       0.0000000       1.0000000
      0.00000       1.2350000       0.0000000       1.0000000
      0.00000       1.2360000       0.0000000       1.0000000
      0.00000       1.2370000       0.0000000       1.0000000
      0.00000       1.2380000       0.0000000       1.0000000
      0.00000       1.2390000       0.0000000       1.0000000
      0.00000       1.2400000       0.0000000       1.0000000
      0.00000       1.2410000       0.0000000       1.0000000
      0.00000       1.2420000       0.0000000       1.0000000
      0.00000       1.2430000       0.0000000       1.0000000
      0.00000       1.2440000       0.0000000       1.0000000
      0.00000       1.2450000       0.0000000       1.0000000
      0.00000       1.2460000       0.0000000       1.0000000
      0.00000       1.2470000       0.0000000       1.0000000
      0.00000       1.2480000       0.0000000       1.0000000
      0.00000       1.2490000       0.0000000       1.0000000
      0.00000       1.2500000       0.0000000       1.0000000
      0.00000       1.2510000       0.0000000       1.0000000
      0.00000       1.2520000       0.0000000       1.0000000
      0.00000       1.2530000       0.0000000       1.0000000
      0.00000       1.2540000       0.0000000       1.0000000
      0.00000       1.2550000       0.0000000       1.0000000
      0.00000       1.2560000       0.0000000       1.0000000
      0.00000       1.2570000       0.0000000       1.0000000
      0.00000       1.2580000       0.0000000       1.0000000
      0.00000       1.2590000       0.0000000       1.0000000
      0.00000       1.2600000       0.0000000       1.0000000
      0.00000       1.2610000       0.0000000       1.0000000
      0.00000       1.2620000       0.0000000       1.0000000
      0.00000       1.2630000       0.0000000       1.0000000
      0.00000       1.2640000       0.0000000       1.0000000
      0.00000       1.2650000       0.0000000       1.0000000
      0.00000       1.2660000       0.0000000       1.0000000
      0.00000       1.2670000       0.0000000       1.0000000
      0.00000       1.2680000       0.0000000       1.0000000
      0.00000       1.2690000       0.0000000       1.0000000
      0.00000       1.2700000       0.0000000       1.0000000
      0.00000       1.2710000       0.0000000       1.0000000
      0.00000       1.2720000       0.0000000       1.0000000
      0.00000       1.2730000       0.0000000       1.0000000
      0.00000       1.2740000       0.0000000       1.0000000
      0.00000       1.2750000       0.0000000       1.0000000
      0.00000       1.2760000       0.0000000       1.0000000
      0.00000       1.2770000       0.0000000       1.0000000
      0.00000       1.2780000       0.0000000       1.0000000
      0.00000       1.2790000       0.0000000       1.0000000
      0.00000       1.2800000       0.0000000       1.0000000
      0.00000       1.2810000       0.0000000       1.0000000
      0.00000       1.2820000       0.0000000       1.0000000
      0.00000       1.2830000       0.0000000       1.0000000
      0.00000       1.2840000       0.0000000       1.0000000
      0.00000       1.2850000       0.0000000       1.0000000
      0.00000       1.2860000       0.0000000       1.0000000
      0.00000       1.2870000       0.0000000       1.0000000
      0.00000       1.2880000       0.0000000       1.0000000
      0.00000       1.2890000       0.0000000       1.0000000
      0.00000       1.2900000       0.0000000       1.0000000
      0.00000       1.2910000       0.0000000       1.0000000
      0.00000       1.2920000       0.0000000       1.0000000
      0.00000       1.2930000       0.0000000       1.0000000
      0.00000       1.2940000       0.0000000       1.0000000
      0.00000       1.2950000       0.0000000       1.0000000
      0.00000       1.2960000       0.0000000       1.0000000
      0.00000       1.2970000       0.0000000       1.0000000
      0.00000       1.2980000       0.0000000       1.0000000
      0.00000       1.2990000       0.0000000       1.0000000
      0.00000       1.3000000       0.0000000       1.0000000
      0.00000       1.3010000       0.0000000       1.0000000
      0.00000       1.3020000       0.0000000       1.0000000
      0.00000       1.3030000       0.0000000       1.0000000
      0.00000       1.3040000       0.0000000       1.0000000
      0.00000       1.3050000       0.0000000       1.0000000
      0.00000       1.3060000       0.0000000       1.0000000
      0.00000       1.3070000       0.0000000       1.0000000
      0.00000       1.3080000       0.0000000       1.0000000
      0.00000       1.3090000       0.0000000       1.0000000
      0.00000       1.3100000       0.0000000       1.0000000
      0.00000       1.3110000       0.0000000       1.0000000
      0.00000       1.3120000       0.0000000       1.0000000
      0.00000       1.3130000       0.0000000       1.0000000
      0.00000       1.3140000       0.0000000       1.0000000
      0.00000       1.3150000       0.0000000       1.0000000
      0.00000       1.3160000       0.0000000       1.0000000
      0.00000       1.3170000       0.0000000       1.0000000
      0.00000       1.3180000       0.0000000       1.0000000
      0.00000       1.3190000       0.0000000       1.0000000
      0.00000       1.3200000       0.0000000       1.0000000
      0.00000       1.3210000       0.0000000       1.0000000
      0.00000       1.3220000       0.0000000       1.0000000
      0.00000       1.3230000       0.0000000       1.0000000
      0.00000       1.3240000       0.0000000       1.0000000
      0.00000       1.3250000       0.0000000       1.0000000
      0.00000       1.3260000       0.0000000       1.0000000
      0.00000       1.3270000       0.0000000       1.0000000
      0.00000       1.3280000       0.0000000       1.0000000
      0.00000       1.3290000       0.0000000       1.0000000
      0.00000       1.3300000       0.0000000       1.0000000
      0.00000       1.3310000       0.0000000       1.0000000
      0.00000       1.3320000       0.0000000       1.0000000
      0.00000       1.3330000       0.0000000       1.0000000
      0.00000       1.3340000       0.0000000       1.0000000
      0.00000       1.3350000       0.0000000       1.0000000
      0.00000       1.3360000       0.0000000       1.0000000
      0.00000       1.3370000       0.0000000       1.0000000
      0.00000       1.3380000       0.0000000       1.0000000
      0.00000       1.3390000       0.0000000       1.0000000
      0.00000       1.3400000       0.0000000       1.0000000
      0.00000       1.3410000       0.0000000       1.0000000
      0.00000       1.3420000       0.0000000       1.0000000
      0.00000       1.3430000       0.0000000       1.0000000
      0.00000       1.3440000       0.0000000       1.0000000
      0.00000       1.3450000       0.0000000       1.0000000
      0.00000       1.3460000       0.0000000       1.0000000
      0.00000       1.3470000       0.0000000       1.0000000
      0.00000       1.3480000       0.0000000       1.0000000
      0.00000       1.3490000       0.0000000       1.0000000
      0.00000       1.3500000       0.0000000       1.0000000
      0.00000       1.3510000       0.0000000       1.0000000
      0.00000       1.3520000       0.0000000       1.0000000
      0.00000       1.3530000       0.0000000       1.0000000
      0.00000       1.3540000       0.0000000       1.0000000
      0.00000       1.3550000       0.0000000       1.0000000
      0.00000       1.3560000       0.0000000       1.0000000
      0.00000       1.3570000       0.0000000       1.0000000
      0.00000       1.3580000       0.0000000       1.0000000
      0.00000       1.3590000       0.0000000       1.0000000
      0.00000       1.3600000       0.0000000       1.0000000
      0.00000       1.3610000       0.0000000       1.0000000
      0.00000       1.3620000       0.0000000       1.0000000
      0.00000       1.3630000       0.0000000       1.0000000
      0.00000       1.3640000       0.0000000       1.0000000
      0.00000       1.3650000       0.0000000       1.0000000
      0.00000       1.3660000       0.0000000       1.0000000
      0.00000       1.3670000       0.0000000       1.0000000
      0.00000       1.3680000       0.0000000       1.0000000
      0.00000       1.3690000       0.0000000       1.0000000
      0.00000       1.3700000       0.0000000       1.0000000
      0.00000       1.3710000       0.0000000       1.0000000
      0.00000       1.3720000       0.0000000       1.0000000
      0.00000       1.3730000       0.0000000       1.0000000
      0.00000       1.3740000       0.0000000       1.0000000
      0.00000       1.3750000       0.0000000       1.0000000
      0.00000       1.3760000       0.0000000       1.0000000
      0.00000       1.3770000       0.0000000       1.0000000
      0.00000       1.3780000       0.0000000       1.0000000
      0.00000       1.3790000       0.0000000       1.0000000
      0.00000       1.3800000       0.0000000       1.0000000
      0.00000       1.3810000       0.0000000       1.0000000
      0.00000       1.3820000       0.0000000       1.0000000
      0.00000       1.3830000       0.0000000       1.0000000
      0.00000       1.3840000       0.0000000       1.0000000
      0.00000       1.3850000       0.0000000       1.0000000
      0.00000       1.3860000       0.0000000       1.0000000
      0.00000       1.3870000       0.0000000       1.0000000
      0.00000       1.3880000       0.0000000       1.0000000
      0.00000       1.3890000       0.0000000       1.0000000
      0.00000       1.3900000       0.0000000       1.0000000
      0.00000       1.3910000       0.0000000       1.0000000
      0.00000       1.3920000       0.0000000       1.0000000
      0.00000       1.3930000       0.0000000       1.0000000
      0.00000       1.3940000       0.0000000       1.0000000
      0.00000       1.3950000       0.0000000       1.0000000
      0.00000       1.3960000       0.0000000       1.0000000
      0.00000       1.3970000       0.0000000       1.0000000
      0.00000       1.3980000       0.0000000       1.0000000
      0.00000       1.3990000       0.0000000       1.0000000
      0.00000       1.4000000       0.0000000       1.0000000
      0.00000       1.4010000       0.0000000       1.0000000
      0.00000       1.4020000       0.0000000       1.0000000
      0.00000       1.4030000       0.0000000       1.0000000
      0.00000       1.4040000       0.0000000       1.0000000
      0.00000       1.4050000       0.0000000       1.0000000
      0.00000       1.4060000       0.0000000       1.0000000
      0.00000       1.4070000       0.0000000       1.0000000
      0.00000       1.4080000       0.0000000       1.0000000
      0.00000       1.4090000       0.0000000       1.0000000
      0.00000       1.4100000       0.0000000       1.0000000
      0.00000       1.4110000       0.0000000       1.0000000
      0.00000       1.4120000       0.0000000       1.0000000
      0.00000       1.4130000       0.0000000       1.0000000
      0.00000       1.4140000       0.0000000       1.0000000
      0.00000       1.4150000       0.0000000       1.0000000
      0.00000       1.4160000       0.0000000       1.0000000
      0.00000       1.4170000       0.0000000       1.0000000
      0.00000       1.4180000       0.0000000       1.0000000
      0.00000       1.4190000       0.0000000       1.0000000
      0.00000       1.4200000       0.0000000       1.0000000
      0.00000       1.4210000       0.0000000       1.0000000
      0.00000       1.4220000       0.0000000       1.0000000
      0.00000       1.4230000       0.0000000       1.0000000
      0.00000       1.4240000       0.0000000       1.0000000
      0.00000       1.4250000       0.0000000       1.0000000
      0.00000       1.4260000       0.0000000       1.0000000
      0.00000       1.4270000       0.0000000       1.0000000
      0.00000       1.4280000       0.0000000       1.0000000
      0.00000       1.4290000       0.0000000       1.0000000
      0.00000       1.4300000       0.0000000       1.0000000
      0.00000       1.4310000       0.0000000       1.0000000
      0.00000       1.4320000       0.0000000       1.0000000
      0.00000       1.4330000       0.0000000       1.0000000
      0.00000       1.4340000       0.0000000       1.0000000
      0.00000       1.4350000       0.0000000       1.0000000
      0.00000       1.4360000       0.0000000       1.0000000
      0.00000       1.4370000       0.0000000       1.0000000
      0.00000       1.4380000       0.0000000       1.0000000
      0.00000       1.4390000       0.0000000       1.0000000
      0.00000       1.4400000       0.0000000       1.0000000
      0.00000       1.4410000       0.0000000       1.0000000
      0.00000       1.4420000       0.0000000       1.0000000
      0.00000       1.4430000       0.0000000       1.0000000
      0.00000       1.4440000       0.0000000       1.0000000
      0.00000       1.4450000       0.0000000       1.0000000
      0.00000       1.4460000       0.0000000       1.0000000
      0.00000       1.4470000       0.0000000       1.0000000
      0.00000       1.4480000       0.0000000       1.0000000
      0.00000       1.4490000       0.0000000       1.0000000
      0.00000       1.4500000       0.0000000       1.0000000
      0.00000       1.4510000       0.0000000       1.0000000
      0.00000       1.4520000       0.0000000       1.0000000
      0.00000       1.4530000       0.0000000       1.0000000
      0.00000       1.4540000       0.0000000       1.0000000
      0.00000       1.4550000       0.0000000       1.0000000
      0.00000       1.4560000       0.0000000       1.0000000
      0.00000       1.4570000       0.0000000       1.0000000
      0.00000       1.4580000       0.0000000       1.0000000
      0.00000       1.4590000       0.0000000       1.0000000
      0.00000       1.4600000       0.0000000       1.0000000
      0.00000       1.4610000       0.0000000       1.0000000
      0.00000       1.4620000       0.0000000       1.0000000
      0.00000       1.4630000       0.0000000       1.0000000
      0.00000       1.4640000       0.0000000       1.0000000
      0.00000       1.4650000       0.0000000       1.0000000
      0.00000       1.4660000       0.0000000       1.0000000
      0.00000       1.4670000       0.0000000       1.0000000
      0.00000       1.4680000       0.0000000       1.0000000
      0.00000       1.4690000       0.0000000       1.0000000
      0.00000       1.4700000       0.0000000       1.0000000
      0.00000       1.4710000       0.0000000       1.0000000
      0.00000       1.4720000       0.0000000       1.0000000
      0.00000       1.4730000       0.0000000       1.0000000
      0.00000       1.4740000       0.0000000       1.0000000
      0.00000       1.4750000       0.0000000       1.0000000
      0.00000       1.4760000       0.0000000       1.0000000
      0.00000       1.4770000       0.0000000       1.0000000
      0.00000       1.4780000       0.0000000       1.0000000
      0.00000       1.4790000       0.0000000       1.0000000
      0.00000       1.4800000       0.0000000       1.0000000
      0.00000       1.4810000       0.0000000       1.0000000
      0.00000       1.4820000       0.0000000       1.0000000
      0.00000       1.4830000       0.0000000       1.0000000
      0.00000       1.4840000       0.0000000       1.0000000
      0.00000       1.4850000       0.0000000       1.0000000
      0.00000       1.4860000       0.0000000       1.0000000
      0.00000       1.4870000       0.0000000       1.0000000
      0.00000       1.4880000       0.0000000       1.0000000
      0.00000       1.4890000       0.0000000       1.0000000
      0.00000       1.4900000       0.0000000       1.0000000
      0.00000       1.4910000       0.0000000       1.0000000
      0.00000       1.4920000       0.0000000       1.0000000
      0.00000       1.4930000       0.0000000       1.0000000
      0.00000       1.4940000       0.0000000       1.0000000
      0.00000       1.4950000       0.0000000       1.0000000
      0.00000       1.4960000       0.0000000       1.0000000
      0.00000       1.4970000       0.0000000       1.0000000
      0.00000       1.4980000       0.0000000       1.0000000
      0.00000       1.4990000       0.0000000       1.0000000
      0.00000       1.5000000       0.0000000       1.0000000
      0.00000       1.5010000       0.0000000       1.0000000
      0.00000       1.5020000       0.0000000       1.0000000
      0.00000       1.5030000       0.0000000       1.0000000
      0.00000       1.5040000       0.0000000       1.0000000
      0.00000       1.5050000       0.0000000       1.0000000
      0.00000       1.5060000       0.0000000       1.0000000
      0.00000       1.5070000       0.0000000       1.0000000
      0.00000       1.5080000       0.0000000       1.0000000
      0.00000       1.5090000       0.0000000       1.0000000
      0.00000       1.5100000       0.0000000       1.0000000
      0.00000       1.5110000       0.0000000       1.0000000
      0.00000       1.5120000       0.0000000       1.0000000
      0.00000       1.5130000       0.0000000       1.0000000
      0.00000       1.5140000       0.0000000       1.0000000
      0.00000       1.5150000       0.0000000       1.0000000
      0.00000       1.5160000       0.0000000       1.0000000
      0.00000       1.5170000       0.0000000       1.0000000
      0.00000       1.5180000       0.0000000       1.0000000
      0.00000       1.5190000       0.0000000       1.0000000
      0.00000       1.5200000       0.0000000       1.0000000
      0.00000       1.5210000       0.0000000       1.0000000
      0.00000       1.5220000       0.0000000       1.0000000
      0.00000       1.5230000       0.0000000       1.0000000
      0.00000       1.5240000       0.0000000       1.0000000
      0.00000       1.5250000       0.0000000       1.0000000
      0.00000       1.5260000       0.0000000       1.0000000
      0.00000       1.5270000       0.0000000       1.0000000
      0.00000       1.5280000       0.0000000       1.0000000
      0.00000       1.5290000       0.0000000       1.0000000
      0.00000       1.5300000       0.0000000       1.0000000
      0.00000       1.5310000       0.0000000       1.0000000
      0.00000       1.5320000       0.0000000       1.0000000
      0.00000       1.5330000       0.0000000       1.0000000
      0.00000       1.5340000       0.0000000       1.0000000
      0.00000       1.5350000       0.0000000       1.0000000
      0.00000       1.5360000       0.0000000       1.0000000
      0.00000       1.5370000       0.0000000       1.0000000
      0.00000       1.5380000       0.0000000       1.0000000
      0.00000       1.5390000       0.0000000       1.0000000
      0.00000       1.5400000       0.0000000       1.0000000
      0.00000       1.5410000       0.0000000       1.0000000
      0.00000       1.5420000       0.0000000       1.0000000
      0.00000       1.5430000       0.0000000       1.0000000
      0.00000       1.5440000       0.0000000       1.0000000
      0.00000       1.5450000       0.0000000       1.0000000
      0.00000       1.5460000       0.0000000       1.0000000
      0.00000       1.5470000       0.0000000       1.0000000
      0.00000       1.5480000       0.0000000       1.0000000
      0.00000       1.5490000       0.0000000       1.0000000
      0.00000       1.5500000       0.0000000       1.0000000
      0.00000       1.5510000       0.0000000       1.0000000
      0.00000       1.5520000       0.0000000       1.0000000
      0.00000       1.5530000       0.0000000       1.0000000
      0.00000       1.5540000       0.0000000       1.0000000
      0.00000       1.5550000       0.0000000       1.0000000
      0.00000       1.5560000       0.0000000       1.0000000
      0.00000       1.5570000       0.0000000       1.0000000
      0.00000       1.5580000       0.0000000       1.0000000
      0.00000       1.5590000       0.0000000       1.0000000
      0.00000       1.5600000       0.0000000       1.0000000
      0.00000       1.5610000       0.0000000       1.0000000
      0.00000       1.5620000       0.0000000       1.0000000
      0.00000       1.5630000       0.0000000       1.0000000
      0.00000       1.5640000       0.0000000       1.0000000
      0.00000       1.5650000       0.0000000       1.0000000
      0.00000       1.5660000       0.0000000       1.0000000
      0.00000       1.5670000       0.0000000       1.0000000
      0.00000       1.5680000       0.0000000       1.0000000
      0.00000       1.5690000       0.0000000       1.0000000
      0.00000       1.5700000       0.0000000       1.0000000
      0.00000       1.5710000       0.0000000       1.0000000
      0.00000       1.5720000       0.0000000       1.0000000
      0.00000       1.5730000       0.0000000       1.0000000
      0.00000       1.5740000       0.0000000       1.0000000
      0.00000       1.5750000       0.0000000       1.0000000
      0.00000       1.5760000       0.0000000       1.0000000
      0.00000       1.5770000       0.0000000       1.0000000
      0.00000       1.5780000       0.0000000       1.0000000
      0.00000       1.5790000       0.0000000       1.0000000
      0.00000       1.5800000       0.0000000       1.0000000
      0.00000       1.5810000       0.0000000       1.0000000
      0.00000       1.5820000       0.0000000       1.0000000
      0.00000       1.5830000       0.0000000       1.0000000
      0.00000       1.5840000       0.0000000       1.0000000
      0.00000       1.5850000       0.0000000       1.0000000
      0.00000       1.5860000       0.0000000       1.0000000
      0.00000       1.5870000       0.0000000       1.0000000
      0.00000       1.5880000       0.0000000       1.0000000
      0.00000       1.5890000       0.0000000       1.0000000
      0.00000       1.5900000       0.0000000       1.0000000
      0.00000       1.5910000       0.0000000       1.0000000
      0.00000       1.5920000       0.0000000       1.0000000
      0.00000       1.5930000       0.0000000       1.0000000
      0.00000       1.5940000       0.0000000       1.0000000
      0.00000       1.5950000       0.0000000       1.0000000
      0.00000       1.5960000       0.0000000       1.0000000
      0.00000       1.5970000       0.0000000       1.0000000
      0.00000       1.5980000       0.0000000       1.0000000
      0.00000       1.5990000       0.0000000       1.0000000
      0.00000       1.6000000       0.0000000       1.0000000
      0.00000       1.6010000       0.0000000       1.0000000
      0.00000       1.6020000       0.0000000       1.0000000
      0.00000       1.6030000       0.0000000       1.0000000
      0.00000       1.6040000       0.0000000       1.0000000
      0.00000       1.6050000       0.0000000       1.0000000
      0.00000       1.6060000       0.0000000       1.0000000
      0.00000       1.6070000       0.0000000       1.0000000
      0.00000       1.6080000       0.0000000       1.0000000
      0.00000       1.6090000       0.0000000       1.0000000
      0.00000       1.6100000       0.0000000       1.0000000
      0.00000       1.6110000       0.0000000       1.0000000
      0.00000       1.6120000       0.0000000       1.0000000
      0.00000       1.6130000       0.0000000       1.0000000
      0.00000       1.6140000       0.0000000       1.0000000
      0.00000       1.6150000       0.0000000       1.0000000
      0.00000       1.6160000       0.0000000       1.0000000
      0.00000       1.6170000       0.0000000       1.0000000
      0.00000       1.6180000       0.0000000       1.0000000
      0.00000       1.6190000       0.0000000       1.0000000
      0.00000       1.6200000       0.0000000       1.0000000
      0.00000       1.6210000       0.0000000       1.0000000
      0.00000       1.6220000       0.0000000       1.0000000
      0.00000       1.6230000       0.0000000       1.0000000
      0.00000       1.6240000       0.0000000       1.0000000
      0.00000       1.6250000       0.0000000       1.0000000
      0.00000       1.6260000       0.0000000       1.0000000
      0.00000       1.6270000       0.0000000       1.0000000
      0.00000       1.6280000       0.0000000       1.0000000
      0.00000       1.6290000       0.0000000       1.0000000
      0.00000       1.6300000       0.0000000       1.0000000
      0.00000       1.6310000       0.0000000       1.0000000
      0.00000       1.6320000       0.0000000       1.0000000
      0.00000       1.6330000       0.0000000       1.0000000
      0.00000       1.6340000       0.0000000       1.0000000
      0.00000       1.6350000       0.0000000       1.0000000
      0.00000       1.6360000       0.0000000       1.0000000
      0.00000       1.6370000       0.0000000       1.0000000
      0.00000       1.6380000       0.0000000       1.0000000
      0.00000       1.6390000       0.0000000       1.0000000
      0.00000       1.6400000       0.0000000       1.0000000
      0.00000       1.6410000       0.0000000       1.0000000
      0.00000       1.6420000       0.0000000       1.0000000
      0.00000       1.6430000       0.0000000       1.0000000
      0.00000       1.6440000       0.0000000       1.0000000
      0.00000       1.6450000       0.0000000       1.0000000
      0.00000       1.6460000       0.0000000       1.0000000
      0.00000       1.6470000       0.0000000       1.0000000
      0.00000       1.6480000       0.0000000       1.0000000
      0.00000       1.6490000       0.0000000       1.0000000
      0.00000       1.6500000       0.0000000       1.0000000
      0.00000       1.6510000       0.0000000       1.0000000
      0.00000       1.6520000       0.0000000       1.0000000
      0.00000       1.6530000       0.0000000       1.0000000
      0.00000       1.6540000       0.0000000       1.0000000
      0.00000       1.6550000       0.0000000       1.0000000
      0.00000       1.6560000       0.0000000       1.0000000
      0.00000       1.6570000       0.0000000       1.0000000
      0.00000       1.6580000       0.0000000       1.0000000
      0.00000       1.6590000       0.0000000       1.0000000
      0.00000       1.6600000       0.0000000       1.0000000
      0.00000       1.6610000       0.0000000       1.0000000
      0.00000       1.6620000       0.0000000       1.0000000
      0.00000       1.6630000       0.0000000       1.0000000
      0.00000       1.6640000       0.0000000       1.0000000
      0.00000       1.6650000       0.0000000       1.0000000
      0.00000       1.6660000       0.0000000       1.0000000
      0.00000       1.6670000       0.0000000       1.0000000
      0.00000       1.6680000       0.0000000       1.0000000
      0.00000       1.6690000       0.0000000       1.0000000
      0.00000       1.6700000       0.0000000       1.0000000
      0.00000       1.6710000       0.0000000       1.0000000
      0.00000       1.6720000       0.0000000       1.0000000
      0.00000       1.6730000       0.0000000       1.0000000
      0.00000       1.6740000       0.0000000       1.0000000
      0.00000       1.6750000       0.0000000       1.0000000
      0.00000       1.6760000       0.0000000       1.0000000
      0.00000       1.6770000       0.0000000       1.0000000
      0.00000       1.6780000       0.0000000       1.0000000
      0.00000       1.6790000       0.0000000       1.0000000
      0.00000       1.6800000       0.0000000       1.0000000
      0.00000       1.6810000       0.0000000       1.0000000
      0.00000       1.6820000       0.0000000       1.0000000
      0.00000       1.6830000       0.0000000       1.0000000
      0.00000       1.6840000       0.0000000       1.0000000
      0.00000       1.6850000       0.0000000       1.0000000
      0.00000       1.6860000       0.0000000       1.0000000
      0.00000       1.6870000       0.0000000       1.0000000
      0.00000       1.6880000       0.0000000       1.0000000
      0.00000       1.6890000       0.0000000       1.0000000
      0.00000       1.6900000       0.0000000       1.0000000
      0.00000       1.6910000       0.0000000       1.0000000
      0.00000       1.6920000       0.0000000       1.0000000
      0.00000       1.6930000       0.0000000       1.0000000
      0.00000       1.6940000       0.0000000       1.0000000
      0.00000       1.6950000       0.0000000       1.0000000
      0.00000       1.6960000       0.0000000       1.0000000
      0.00000       1.6970000       0.0000000       1.0000000
      0.00000       1.6980000       0.0000000       1.0000000
      0.00000       1.6990000       0.0000000       1.0000000
      0.00000       1.7000000       0.0000000       1.0000000
      0.00000       1.7010000       0.0000000       1.0000000
      0.00000       1.7020000       0.0000000       1.0000000
      0.00000       1.7030000       0.0000000       1.0000000
      0.00000       1.7040000       0.0000000       1.0000000
      0.00000       1.7050000       0.0000000       1.0000000
      0.00000       1.7060000       0.0000000       1.0000000
      0.00000       1.7070000       0.0000000       1.0000000
      0.00000       1.7080000       0.0000000       1.0000000
      0.00000       1.7090000       0.0000000       1.0000000
      0.00000       1.7100000       0.0000000       1.0000000
      0.00000       1.7110000       0.0000000       1.0000000
      0.00000       1.7120000       0.0000000       1.0000000
      0.00000       1.7130000       0.0000000       1.0000000
      0.00000       1.7140000       0.0000000       1.0000000
      0.00000       1.7150000       0.0000000       1.0000000
      0.00000       1.7160000       0.0000000       1.0000000
      0.00000       1.7170000       0.0000000       1.0000000
      0.00000       1.7180000       0.0000000       1.0000000
      0.00000       1.7190000       0.0000000       1.0000000
      0.00000       1.7200000       0.0000000       1.0000000
      0.00000       1.7210000       0.0000000       1.0000000
      0.00000       1.7220000       0.0000000       1.0000000
      0.00000       1.7230000       0.0000000       1.0000000
      0.00000       1.7240000       0.0000000       1.0000000
      0.00000       1.7250000       0.0000000       1.0000000
      0.00000       1.7260000       0.0000000       1.0000000
      0.00000       1.7270000       0.0000000       1.0000000
      0.00000       1.7280000       0.0000000       1.0000000
      0.00000       1.7290000       0.0000000       1.0000000
      0.00000       1.7300000       0.0000000       1.0000000
      0.00000       1.7310000       0.0000000       1.0000000
      0.00000       1.7320000       0.0000000       1.0000000
      0.00000       1.7330000       0.0000000       1.0000000
      0.00000       1.7340000       0.0000000       1.0000000
      0.00000       1.7350000       0.0000000       1.0000000
      0.00000       1.7360000       0.0000000       1.0000000
      0.00000       1.7370000       0.0000000       1.0000000
      0.00000       1.7380000       0.0000000       1.0000000
      0.00000       1.7390000       0.0000000       1.0000000
      0.00000       1.7400000       0.0000000       1.0000000
      0.00000       1.7410000       0.0000000       1.0000000
      0.00000       1.7420000       0.0000000       1.0000000
      0.00000       1.7430000       0.0000000       1.0000000
      0.00000       1.7440000       0.0000000       1.0000000
      0.00000       1.7450000       0.0000000       1.0000000
      0.00000       1.7460000       0.0000000       1.0000000
      0.00000       1.7470000       0.0000000       1.0000000
      0.00000       1.7480000       0.0000000       1.0000000
      0.00000       1.7490000       0.0000000       1.0000000
      0.00000       1.7500000       0.0000000       1.0000000
      0.00000       1.7510000       0.0000000       1.0000000
      0.00000       1.7520000       0.0000000       1.0000000
      0.00000       1.7530000       0.0000000       1.0000000
      0.00000       1.7540000       0.0000000       1.0000000
      0.00000       1.7550000       0.0000000       1.0000000
      0.00000       1.7560000       0.0000000       1.0000000
      0.00000       1.7570000       0.0000000       1.0000000
      0.00000       1.7580000       0.0000000       1.0000000
      0.00000       1.7590000       0.0000000       1.0000000
      0.00000       1.7600000       0.0000000       1.0000000
      0.00000       1.7610000       0.0000000       1.0000000
      0.00000       1.7620000       0.0000000       1.0000000
      0.00000       1.7630000       0.0000000       1.0000000
      0.00000       1.7640000       0.0000000       1.0000000
      0.00000       1.7650000       0.0000000       1.0000000
      0.00000       1.7660000       0.0000000       1.0000000
      0.00000       1.7670000       0.0000000       1.0000000
      0.00000       1.7680000       0.0000000       1.0000000
      0.00000       1.7690000       0.0000000       1.0000000
      0.00000       1.7700000       0.0000000       1.0000000
      0.00000       1.7710000       0.0000000       1.0000000
      0.00000       1.7720000       0.0000000       1.0000000
      0.00000       1.7730000       0.0000000       1.0000000
      0.00000       1.7740000       0.0000000       1.0000000
      0.00000       1.7750000       0.0000000       1.0000000
      0.00000       1.7760000       0.0000000       1.0000000
      0.00000       1.7770000       0.0000000       1.0000000
      0.00000       1.7780000       0.0000000       1.0000000
      0.00000       1.7790000       0.0000000       1.0000000
      0.00000       1.7800000       0.0000000       1.0000000
      0.00000       1.7810000       0.0000000       1.0000000
      0.00000       1.7820000       0.0000000       1.0000000
      0.00000       1.7830000       0.0000000       1.0000000
      0.00000       1.7840000       0.0000000       1.0000000
      0.00000       1.7850000       0.0000000       1.0000000
      0.00000       1.7860000       0.0000000       1.0000000
      0.00000       1.7870000       0.0000000       1.0000000
      0.00000       1.7880000       0.0000000       1.0000000
      0.00000       1.7890000       0.0000000       1.0000000
      0.00000       1.7900000       0.0000000       1.0000000
      0.00000       1.7910000       0.0000000       1.0000000
      0.00000       1.7920000       0.0000000       1.0000000
      0.00000       1.7930000       0.0000000       1.0000000
      0.00000       1.7940000       0.0000000       1.0000000
      0.00000       1.7950000       0.0000000       1.0000000
      0.00000       1.7960000       0.0000000       1.0000000
      0.00000       1.7970000       0.0000000       1.0000000
      0.00000       1.7980000       0.0000000       1.0000000
      0.00000       1.7990000       0.0000000       1.0000000
      0.00000       1.8000000       0.0000000       1.0000000
      0.00000       1.8010000       0.0000000       1.0000000
      0.00000       1.8020000       0.0000000       1.0000000
      0.00000       1.8030000       0.0000000       1.0000000
      0.00000       1.8040000       0.0000000       1.0000000
      0.00000       1.8050000       0.0000000       1.0000000
      0.00000       1.8060000       0.0000000       1.0000000
      0.00000       1.8070000       0.0000000       1.0000000
      0.00000       1.8080000       0.0000000       1.0000000
      0.00000       1.8090000       0.0000000       1.0000000
      0.00000       1.8100000       0.0000000       1.0000000
      0.00000       1.8110000       0.0000000       1.0000000
      0.00000       1.8120000       0.0000000       1.0000000
      0.00000       1.8130000       0.0000000       1.0000000
      0.00000       1.8140000       0.0000000       1.0000000
      0.00000       1.8150000       0.0000000       1.0000000
      0.00000       1.8160000       0.0000000       1.0000000
      0.00000       1.8170000       0.0000000       1.0000000
      0.00000       1.8180000       0.0000000       1.0000000
      0.00000       1.8190000       0.0000000       1.0000000
      0.00000       1.8200000       0.0000000       1.0000000
      0.00000       1.8210000       0.0000000       1.0000000
      0.00000       1.8220000       0.0000000       1.0000000
      0.00000       1.8230000       0.0000000       1.0000000
      0.00000       1.8240000       0.0000000       1.0000000
      0.00000       1.8250000       0.0000000       1.0000000
      0.00000       1.8260000       0.0000000       1.0000000
      0.00000       1.8270000       0.0000000       1.0000000
      0.00000       1.8280000       0.0000000       1.0000000
      0.00000       1.8290000       0.0000000       1.0000000
      0.00000       1.8300000       0.0000000       1.0000000
      0.00000       1.8310000       0.0000000       1.0000000
      0.00000       1.8320000       0.0000000       1.0000000
      0.00000       1.8330000       0.0000000       1.0000000
      0.00000       1.8340000       0.0000000       1.0000000
      0.00000       1.8350000       0.0000000       1.0000000
      0.00000       1.8360000       0.0000000       1.0000000
      0.00000       1.8370000       0.0000000       1.0000000
      0.00000       1.8380000       0.0000000       1.0000000
      0.00000       1.8390000       0.0000000       1.0000000
      0.00000       1.8400000       0.0000000       1.0000000
      0.00000       1.8410000       0.0000000       1.0000000
      0.00000       1.8420000       0.0000000       1.0000000
      0.00000       1.8430000       0.0000000       1.0000000
      0.00000       1.8440000       0.0000000       1.0000000
      0.00000       1.8450000       0.0000000       1.0000000
      0.00000       1.8460000       0.0000000       1.0000000
      0.00000       1.8470000       0.0000000       1.0000000
      0.00000       1.8480000       0.0000000       1.0000000
      0.00000       1.8490000       0.0000000       1.0000000
      0.00000       1.8500000       0.0000000       1.0000000
      0.00000       1.8510000       0.0000000       1.0000000
      0.00000       1.8520000       0.0000000       1.0000000
      0.00000       1.8530000       0.0000000       1.0000000
      0.00000       1.8540000       0.0000000       1.0000000
      0.00000       1.8550000       0.0000000       1.0000000
      0.00000       1.8560000   2.7182628e-06      0.99999728
      0.00000       1.8570000   2.7182624e-06      0.99999728
      0.00000       1.8580000   2.7182621e-06      0.99999728
      0.00000       1.8590000   2.7182617e-06      0.99999728
      0.00000       1.8600000   2.7182613e-06      0.99999728
      0.00000       1.8610000   2.7182608e-06      0.99999728
      0.00000       1.8620000   2.7182603e-06      0.99999728
      0.00000       1.8630000   2.7182598e-06      0.99999728
      0.00000       1.8640000   2.7182592e-06      0.99999728
      0.00000       1.8650000   2.7182585e-06      0.99999728
      0.00000       1.8660000   2.7182579e-06      0.99999728
      0.00000       1.8670000   2.7182571e-06      0.99999728
      0.00000       1.8680000   2.7182563e-06      0.99999728
      0.00000       1.8690000   5.4365109e-06      0.99999456
      0.00000       1.8700000   5.4365090e-06      0.99999456
      0.00000       1.8710000   5.4365070e-06      0.99999456
      0.00000       1.8720000   5.4365048e-06      0.99999456
      0.00000       1.8730000   5.4365024e-06      0.99999456
      0.00000       1.8740000   5.4364998e-06      0.99999456
      0.00000       1.8750000   5.4364970e-06      0.99999456
      0.00000       1.8760000   8.1547410e-06      0.99999185
      0.00000       1.8770000   8.1547361e-06      0.99999185
      0.00000       1.8780000   8.1547307e-06      0.99999185
      0.00000       1.8790000   8.1547250e-06      0.99999185
      0.00000       1.8800000   1.0872958e-05      0.99998913
      0.00000       1.8810000   1.0872949e-05      0.99998913
      0.00000       1.8820000   1.0872940e-05      0.99998913
      0.00000       1.8830000   1.3591161e-05      0.99998641
      0.00000       1.8840000   1.3591147e-05      0.99998641
      0.00000       1.8850000   1.3591131e-05      0.99998641
      0.00000       1.8860000   1.6309338e-05      0.99998369
      0.00000       1.8870000   1.6309316e-05      0.99998369
      0.00000       1.8880000   1.9027508e-05      0.99998097
      0.00000       1.8890000   2.1745689e-05      0.99997825
      0.00000       1.8900000   2.1745653e-05      0.99997825
      0.00000       1.8910000   2.4463814e-05      0.99997554
      0.00000       1.8920000   2.7181962e-05      0.99997282
      0.00000       1.8930000   2.7181904e-05      0.99997282
      0.00000       1.8940000   2.9900025e-05      0.99997010
      0.00000       1.8950000   3.2618128e-05      0.99996738
      0.00000       1.8960000   3.5336210e-05      0.99996466
      0.00000       1.8970000   3.8054268e-05      0.99996195
      0.00000       1.8980000   4.0772301e-05      0.99995923
      0.00000       1.8990000   4.6208449e-05      0.99995379
      0.00000       1.9000000   4.8926412e-05      0.99995107
      0.00000       1.9010000   5.1644339e-05      0.99994836
      0.00000       1.9020000   5.7080338e-05      0.99994292
      0.00000       1.9030000   6.2516267e-05      0.99993748
      0.00000       1.9040000   6.7952119e-05      0.99993205
      0.00000       1.9050000   7.3387887e-05      0.99992661
      0.00000       1.9060000   7.8823559e-05      0.99992118
      0.00000       1.9070000   8.4259126e-05      0.99991574
      0.00000       1.9080000   9.2412594e-05      0.99990759
      0.00000       1.9090000   9.7847896e-05      0.99990215
      0.00000       1.9100000   0.00010600103      0.99989400
      0.00000       1.9110000   0.00011687190      0.99988313
      0.00000       1.9120000   0.00012502457      0.99987498
      0.00000       1.9130000   0.00013589488      0.99986411
      0.00000       1.9140000   0.00014676485      0.99985324
      0.00000       1.9150000   0.00015763443      0.99984237
      0.00000       1.9160000   0.00017122139      0.99982878
      0.00000       1.9170000   0.00018480781      0.99981519
      0.00000       1.9180000   0.00020111134      0.99979889
      0.00000       1.9190000   0.00021741412      0.99978259
      0.00000       1.9200000   0.00023371605      0.99976628
      0.00000       1.9210000   0.00025273463      0.99974727
      0.00000       1.9220000   0.00027446959      0.99972553
      0.00000       1.9230000   0.00029620315      0.99970380
      0.00000       1.9240000   0.00032065258      0.99967935
      0.00000       1.9250000   0.00034781748      0.99965218
      0.00000       1.9260000   0.00037498019      0.99962502
      0.00000       1.9270000   0.00040485762      0.99959514
      0.00000       1.9280000   0.00043744926      0.99956255
      0.00000       1.9290000   0.00047275450      0.99952725
      0.00000       1.9300000   0.00051077267      0.99948923
      0.00000       1.9310000   0.00055421978      0.99944578
      0.00000       1.9320000   0.00059766131      0.99940234
      0.00000       1.9330000   0.00064652968      0.99935347
      0.00000       1.9340000   0.00069810703      0.99930189
      0.00000       1.9350000   0.00075510831      0.99924489
      0.00000       1.9360000   0.00081481557      0.99918518
      0.00000       1.9370000   0.00087994307      0.99912006
      0.00000       1.9380000   0.00095048843      0.99904951
      0.00000       1.9390000    0.0010264490      0.99897355
      0.00000       1.9400000    0.0011105369      0.99888946
      0.00000       1.9410000    0.0012000330      0.99879997
      0.00000       1.9420000    0.0012949335      0.99870507
      0.00000       1.9430000    0.0014006629      0.99859934
      0.00000       1.9440000    0.0015117862      0.99848821
      0.00000       1.9450000    0.0016337253      0.99836627
      0.00000       1.9460000    0.0017637583      0.99823624
      0.00000       1.9470000    0.0019045900      0.99809541
      0.00000       1.9480000    0.0020562097      0.99794379
      0.00000       1.9490000    0.0022213175      0.99777868
      0.00000       1.9500000    0.0023971869      0.99760281
      0.00000       1.9510000    0.0025892249      0.99741078
      0.00000       1.9520000    0.0027947004      0.99720530
      0.00000       1.9530000    0.0030163022      0.99698370
      0.00000       1.9540000    0.0032567137      0.99674329
      0.00000       1.9550000    0.0035159038      0.99648410
      0.00000       1.9560000    0.0037965452      0.99620345
      0.00000       1.9570000    0.0040958888      0.99590411
      0.00000       1.9580000    0.0044220089      0.99557799
      0.00000       1.9590000    0.0047721415      0.99522786
      0.00000       1.9600000    0.0051489282      0.99485107
      0.00000       1.9610000    0.0055577015      0.99444230
      0.00000       1.9620000    0.0059956693      0.99400433
      0.00000       1.9630000    0.0064681355      0.99353186
      0.00000       1.9640000    0.0069776819      0.99302232
      0.00000       1.9650000    0.0075295676      0.99247043
      0.00000       1.9660000    0.0081209336      0.99187907
      0.00000       1.9670000    0.0087596856      0.99124031
      0.00000       1.9680000    0.0094456077      0.99055439
      0.00000       1.9690000     0.010186529      0.98981347
      0.00000       1.9700000     0.010982160      0.98901784
      0.00000       1.9710000     0.011842917      0.98815708
      0.00000       1.9720000     0.012765721      0.98723428
      0.00000       1.9730000     0.013760862      0.98623914
      0.00000       1.9740000     0.014830495      0.98516951
      0.00000       1.9750000     0.015984726      0.98401527
      0.00000       1.9760000     0.017222850      0.98277715
      0.00000       1.9770000     0.018554752      0.98144525
      0.00000       1.9780000     0.019987496      0.98001250
      0.00000       1.9790000     0.021527990      0.97847201
      0.00000       1.9800000     0.023185614      0.97681439
      0.00000       1.9810000     0.024964231      0.97503577
      0.00000       1.9820000     0.026872783      0.97312722
      0.00000       1.9830000     0.028925219      0.97107478
      0.00000       1.9840000     0.031124593      0.96887541
      0.00000       1.9850000     0.033486794      0.96651321
      0.00000       1.9860000     0.036021998      0.96397800
      0.00000       1.9870000     0.038737298      0.96126270
      0.00000       1.9880000     0.041647103      0.95835290
      0.00000       1.9890000     0.044765172      0.95523483
      0.00000       1.9900000     0.048101945      0.95189805
      0.00000       1.9910000     0.051672247      0.94832775
      0.00000       1.9920000     0.055489957      0.94451004
      0.00000       1.9930000     0.059570471      0.94042953
      0.00000       1.9940000     0.063927978      0.93607202
      0.00000       1.9950000     0.068577869      0.93142213
      0.00000       1.9960000     0.073539051      0.92646095
      0.00000       1.9970000     0.078823636      0.92117636
      0.00000       1.9980000     0.084451850      0.91554815
      0.00000       1.9990000     0.090439175      0.90956083
      0.00000       2.0000000     0.096803588      0.90319641
      0.00000       2.0010000      0.10356029      0.89643971
      0.00000       2.0020000      0.11072633      0.88927367
      0.00000       2.0030000      0.11832010      0.88167990
      0.00000       2.0040000      0.12635616      0.87364384
      0.00000       2.0050000      0.13484964      0.86515036
      0.00000       2.0060000      0.14381802      0.85618198
      0.00000       2.0070000      0.15326897      0.84673103
      0.00000       2.0080000      0.16321849      0.83678151
      0.00000       2.0090000      0.17367854      0.82632146
      0.00000       2.0100000      0.18465216      0.81534784
      0.00000       2.0110000      0.19615081      0.80384919
      0.00000       2.0120000      0.20817577      0.79182423
      0.00000       2.0130000      0.22072865      0.77927135
      0.00000       2.0140000      0.23381049      0.76618951
      0.00000       2.0150000      0.24741268      0.75258732
      0.00000       2.0160000      0.26152893      0.73847107
      0.00000       2.0170000      0.27614816      0.72385184
      0.00000       2.0180000      0.29125396      0.70874604
      0.00000       2.0190000      0.30682790      0.69317210
      0.00000       2.0200000      0.32284873      0.67715127
      0.00000       2.0210000      0.33928626      0.66071374
      0.00000       2.0220000      0.35611370      0.64388630
      0.00000       2.0230000      0.37329604      0.62670396
      0.00000       2.0240000      0.39079510      0.60920490
      0.00000       2.0250000      0.40856910      0.59143090
      0.00000       2.0260000      0.42657857      0.57342143
      0.00000       2.0270000      0.44477462      0.55522538
      0.00000       2.0280000      0.46311278      0.53688722
      0.00000       2.0290000      0.48154042      0.51845958
      0.00000       2.0300000      0.50000968      0.49999032
      0.00000       2.0310000      0.51846967      0.48153033
      0.00000       2.0320000      0.53687027      0.46312973
      0.00000       2.0330000      0.55516289      0.44483711
      0.00000       2.0340000      0.57329863      0.42670137
      0.00000       2.0350000      0.59122919      0.40877081
      0.00000       2.0360000      0.60891295      0.39108705
      0.00000       2.0370000      0.62630625      0.37369375
      0.00000       2.0380000      0.64337041      0.35662959
      0.00000       2.0390000      0.66007050      0.33992950
      0.00000       2.0400000      0.67637431      0.32362569
      0.00000       2.0410000      0.69225318      0.30774682
      0.00000       2.0420000      0.70768174      0.29231826
      0.00000       2.0430000      0.72263988      0.27736012
      0.00000       2.0440000      0.73711039      0.26288961
      0.00000       2.0450000      0.75107855      0.24892145
      0.00000       2.0460000      0.76453551      0.23546449
      0.00000       2.0470000      0.77747446      0.22252554
      0.00000       2.0480000      0.78989231      0.21010769
      0.00000       2.0490000      0.80178746      0.19821254
      0.00000       2.0500000      0.81316372      0.18683628
      0.00000       2.0510000      0.82402467      0.17597533
      0.00000       2.0520000      0.83437855      0.16562145
      0.00000       2.0530000      0.84423349      0.15576651
      0.00000       2.0540000      0.85360036      0.14639964
      0.00000       2.0550000      0.86249161      0.13750839
      0.00000       2.0560000      0.87092098      0.12907902
      0.00000       2.0570000      0.87890217      0.12109783
      0.00000       2.0580000      0.88645056      0.11354944
      0.00000       2.0590000      0.89358250      0.10641750
      0.00000       2.0600000      0.90031356     0.099686441
      0.00000       2.0610000      0.90666032     0.093339684
      0.00000       2.0620000      0.91263949     0.087360509
      0.00000       2.0630000      0.91826767     0.081732331
      0.00000       2.0640000      0.92356121     0.076438786
      0.00000       2.0650000      0.92853628     0.071463718
      0.00000       2.0660000      0.93320890     0.066791102
      0.00000       2.0670000      0.93759454     0.062405459
      0.00000       2.0680000      0.94170840     0.058291598
      0.00000       2.0690000      0.94556500     0.054434999
      0.00000       2.0700000      0.94917866     0.050821343
      0.00000       2.0710000      0.95256292     0.047437081
      0.00000       2.0720000      0.95573093     0.044269069
      0.00000       2.0730000      0.95869524     0.041304763
      0.00000       2.0740000      0.96146787     0.038532133
      0.00000       2.0750000      0.96406020     0.035939803
      0.00000       2.0760000      0.96648322     0.033516778
      0.00000       2.0770000      0.96874712     0.031252883
      0.00000       2.0780000      0.97086190     0.029138096
      0.00000       2.0790000      0.97283674     0.027163264
      0.00000       2.0800000      0.97468039     0.025319615
      0.00000       2.0810000      0.97640127     0.023598726
      0.00000       2.0820000      0.97800715     0.021992852
      0.00000       2.0830000      0.97950546     0.020494544
      0.00000       2.0840000      0.98090313     0.019096872
      0.00000       2.0850000      0.98220663     0.017793366
      0.00000       2.0860000      0.98342225     0.016577752
      0.00000       2.0870000      0.98455565     0.015444350
      0.00000       2.0880000      0.98561230     0.014387701
      0.00000       2.0890000      0.98659727     0.013402730
      0.00000       2.0900000      0.98751534     0.012484655
      0.00000       2.0910000      0.98837093     0.011629070
      0.00000       2.0920000      0.98916825     0.010831752
      0.00000       2.0930000      0.98991121     0.010088789
      0.00000       2.0940000      0.99060346    0.0093965419
      0.00000       2.0950000      0.99124841    0.0087515864
      0.00000       2.0960000      0.99184927    0.0081507276
      0.00000       2.0970000      0.99240901    0.0075909908
      0.00000       2.0980000      0.99293044    0.0070695616
      0.00000       2.0990000      0.99341616    0.0065838442
      0.00000       2.1000000      0.99386857    0.0061314317
      0.00000       2.1010000      0.99428997    0.0057100312
      0.00000       2.1020000      0.99468247    0.0053175264
      0.00000       2.1030000      0.99504805    0.0049519478
      0.00000       2.1040000      0.99538853    0.0046114716
      0.00000       2.1050000      0.99570565    0.0042943466
      0.00000       2.1060000      0.99600100    0.0039990042
      0.00000       2.1070000      0.99627606    0.0037239385
      0.00000       2.1080000      0.99653224    0.0034677626
      0.00000       2.1090000      0.99677083    0.0032291738
      0.00000       2.1100000      0.99699303    0.0030069713
      0.00000       2.1110000      0.99719998    0.0028000173
      0.00000       2.1120000      0.99739272    0.0026072818
      0.00000       2.1130000      0.99757223    0.0024277683
      0.00000       2.1140000      0.99773941    0.0022605890
      0.00000       2.1150000      0.99789512    0.0021048752
      0.00000       2.1160000      0.99804015    0.0019598541
      0.00000       2.1170000      0.99817522    0.0018247806
      0.00000       2.1180000      0.99830103    0.0016989722
      0.00000       2.1190000      0.99841820    0.0015817969
      0.00000       2.1200000      0.99852735    0.0014726547
      0.00000       2.1210000      0.99862900    0.0013709956
      0.00000       2.1220000      0.99872370    0.0012763026
      0.00000       2.1230000      0.99881190    0.0011881006
      0.00000       2.1240000      0.99889406    0.0011059399
      0.00000       2.1250000      0.99897059    0.0010294056
      0.00000       2.1260000      0.99904189   0.00095811116
      0.00000       2.1270000      0.99910830   0.00089169796
      0.00000       2.1280000      0.99917017   0.00082982714
      0.00000       2.1290000      0.99922781   0.00077218785
      0.00000       2.1300000      0.99928151   0.00071849196
      0.00000       2.1310000      0.99933153   0.00066846551
      0.00000       2.1320000      0.99937814   0.00062185967
      0.00000       2.1330000      0.99942156   0.00057843690
      0.00000       2.1340000      0.99946202   0.00053797775
      0.00000       2.1350000      0.99949972   0.00050028354
      0.00000       2.1360000      0.99953484   0.00046516031
      0.00000       2.1370000      0.99956756   0.00043243573
      0.00000       2.1380000      0.99959806   0.00040194281
      0.00000       2.1390000      0.99962647   0.00037352866
      0.00000       2.1400000      0.99965295   0.00034705173
      0.00000       2.1410000      0.99967762   0.00032237977
      0.00000       2.1420000      0.99970061   0.00029938925
      0.00000       2.1430000      0.99972204   0.00027796491
      0.00000       2.1440000      0.99974200   0.00025800021
      0.00000       2.1450000      0.99976060   0.00023939508
      0.00000       2.1460000      0.99977794   0.00022205747
      0.00000       2.1470000      0.99979410   0.00020589994
      0.00000       2.1480000      0.99980916   0.00019084378
      0.00000       2.1490000      0.99982319   0.00017681208
      0.00000       2.1500000      0.99983626   0.00016373619
      0.00000       2.1510000      0.99984845   0.00015155093
      0.00000       2.1520000      0.99985980   0.00014019657
      0.00000       2.1530000      0.99987038   0.00012961555
      0.00000       2.1540000      0.99988024   0.00011975666
      0.00000       2.1550000      0.99988943   0.00011057075
      0.00000       2.1560000      0.99989799   0.00010201181
      0.00000       2.1570000      0.99990596   9.4038279e-05
      0.00000       2.1580000      0.99991339   8.6610864e-05
      0.00000       2.1590000      0.99992031   7.9692234e-05
      0.00000       2.1600000      0.99992675   7.3248903e-05
      0.00000       2.1610000      0.99993275   6.7249056e-05
      0.00000       2.1620000      0.99993834   6.1663063e-05
      0.00000       2.1630000      0.99994354   5.6463325e-05
      0.00000       2.1640000      0.99994838   5.1624730e-05
      0.00000       2.1650000      0.99995288   4.7123069e-05
      0.00000       2.1660000      0.99995706   4.2936615e-05
      0.00000       2.1670000      0.99996096   3.9044621e-05
      0.00000       2.1680000      0.99996457   3.5428349e-05
      0.00000       2.1690000      0.99996793   3.2069772e-05
      0.00000       2.1700000      0.99997105   2.8952705e-05
      0.00000       2.1710000      0.99997394   2.6061877e-05
      0.00000       2.1720000      0.99997662   2.3382962e-05
      0.00000       2.1730000      0.99997910   2.0903201e-05
      0.00000       2.1740000      0.99998139   1.8610289e-05
      0.00000       2.1750000      0.99998351   1.6493214e-05
      0.00000       2.1760000      0.99998546   1.4541535e-05
      0.00000       2.1770000      0.99998725   1.2745768e-05
      0.00000       2.1780000      0.99998890   1.1097263e-05
      0.00000       2.1790000      0.99999041   9.5879275e-06
      0.00000       2.1800000      0.99999179   8.2103678e-06
      0.00000       2.1810000      0.99999304   6.9580118e-06
      0.00000       2.1820000      0.99999418   5.8246874e-06
      0.00000       2.1830000      0.99999520   4.8048955e-06
      0.00000       2.1840000      0.99999611   3.8935838e-06
      0.00000       2.1850000      0.99999691   3.0864564e-06
      0.00000       2.1860000      0.99999762   2.3794462e-06
      0.00000       2.1870000      0.99999823   1.7690934e-06
      0.00000       2.1880000      0.99999875   1.2524567e-06
      0.00000       2.1890000      0.99999917   8.2693417e-07
      0.00000       2.1900000      0.99999951   4.9043876e-07
      0.00000       2.1910000      0.99999976   2.4123902e-07
      0.00000       2.1920000      0.99999992   7.8044070e-08
      0.00000       2.1930000       1.0000000       0.0000000
      0.00000       2.1940000      0.99999999   6.6015187e-09
      0.00000       2.1950000      0.99999990   9.7743456e-08
      0.00000       2.1960000      0.99999973   2.7378663e-07
      0.00000       2.1970000      0.99999946   5.3541112e-07
      0.00000       2.1980000      0.99999912   8.8372736e-07
      0.00000       2.1990000      0.99999868   1.3202412e-06
      0.00000       2.2000000      0.99999815   1.8468384e-06
      0.00000       2.2010000      0.99999753   2.4658579e-06
      0.00000       2.2020000      0.99999682   3.1800596e-06
      0.00000       2.2030000      0.99999601   3.9926164e-06
      0.00000       2.2040000      0.99999509   4.9071619e-06
      0.00000       2.2050000      0.99999407   5.9278101e-06
      0.00000       2.2060000      0.99999294   7.0591140e-06
      0.00000       2.2070000      0.99999169   8.3061657e-06
      0.00000       2.2080000      0.99999033   9.6745671e-06
      0.00000       2.2090000      0.99998883   1.1170471e-05
      0.00000       2.2100000      0.99998720   1.2800598e-05
      0.00000       2.2110000      0.99998543   1.4572285e-05
      0.00000       2.2120000      0.99998351   1.6493477e-05
      0.00000       2.2130000      0.99998143   1.8572812e-05
      0.00000       2.2140000      0.99997918   2.0819633e-05
      0.00000       2.2150000      0.99997676   2.3244016e-05
      0.00000       2.2160000      0.99997414   2.5856846e-05
      0.00000       2.2170000      0.99997133   2.8669828e-05
      0.00000       2.2180000      0.99996830   3.1695575e-05
      0.00000       2.2190000      0.99996505   3.4947631e-05
      0.00000       2.2200000      0.99996156   3.8440551e-05
      0.00000       2.2210000      0.99995781   4.2189946e-05
      0.00000       2.2220000      0.99995379   4.6212574e-05
      0.00000       2.2230000      0.99994947   5.0526386e-05
      0.00000       2.2240000      0.99994485   5.5150629e-05
      0.00000       2.2250000      0.99993989   6.0105915e-05
      0.00000       2.2260000      0.99993459   6.5414305e-05
      0.00000       2.2270000      0.99992890   7.1099422e-05
      0.00000       2.2280000      0.99992281   7.7186538e-05
      0.00000       2.2290000      0.99991630   8.3702693e-05
      0.00000       2.2300000      0.99990932   9.0676799e-05
      0.00000       2.2310000      0.99990186   9.8139782e-05
      0.00000       2.2320000      0.99989388   0.00010612470
      0.00000       2.2330000      0.99988533   0.00011466689
      0.00000       2.2340000      0.99987620   0.00012380413
      0.00000       2.2350000      0.99986642   0.00013357678
      0.00000       2.2360000      0.99985597   0.00014402797
      0.00000       2.2370000      0.99984480   0.00015520378
      0.00000       2.2380000      0.99983285   0.00016715345
      0.00000       2.2390000      0.99982007   0.00017992957
      0.00000       2.2400000      0.99980641   0.00019358831
      0.00000       2.2410000      0.99979181   0.00020818967
      0.00000       2.2420000      0.99977620   0.00022379773
      0.00000       2.2430000      0.99975952   0.00024048091
      0.00000       2.2440000      0.99974169   0.00025831228
      0.00000       2.2450000      0.99972263   0.00027736986
      0.00000       2.2460000      0.99970226   0.00029773695
      0.00000       2.2470000      0.99968050   0.00031950249
      0.00000       2.2480000      0.99965724   0.00034276142
      0.00000       2.2490000      0.99963238   0.00036761511
      0.00000       2.2500000      0.99960583   0.00039417174
      0.00000       2.2510000      0.99957745   0.00042254681
      0.00000       2.2520000      0.99954714   0.00045286357
      0.00000       2.2530000      0.99951475   0.00048525360
      0.00000       2.2540000      0.99948014   0.00051985729
      0.00000       2.2550000      0.99944318   0.00055682448
      0.00000       2.2560000      0.99940368   0.00059631507
      0.00000       2.2570000      0.99936150   0.00063849968
      0.00000       2.2580000      0.99931644   0.00068356036
      0.00000       2.2590000      0.99926831   0.00073169135
      0.00000       2.2600000      0.99921690   0.00078309989
      0.00000       2.2610000      0.99916199   0.00083800704
      0.00000       2.2620000      0.99910335   0.00089664866
      0.00000       2.2630000      0.99904072   0.00095927632
      0.00000       2.2640000      0.99897384    0.0010261584
      0.00000       2.2650000      0.99890242    0.0010975810
      0.00000       2.2660000      0.99882615    0.0011738494
      0.00000       2.2670000      0.99874471    0.0012552891
      0.00000       2.2680000      0.99865775    0.0013422472
      0.00000       2.2690000      0.99856491    0.0014350938
      0.00000       2.2700000      0.99846578    0.0015342235
      0.00000       2.2710000      0.99835994    0.0016400570
      0.00000       2.2720000      0.99824696    0.0017530427
      0.00000       2.2730000      0.99812634    0.0018736586
      0.00000       2.2740000      0.99799759    0.0020024143
      0.00000       2.2750000      0.99786015    0.0021398527
      0.00000       2.2760000      0.99771345    0.0022865524
      0.00000       2.2770000      0.99755687    0.0024431300
      0.00000       2.2780000      0.99738976    0.0026102422
      0.00000       2.2790000      0.99721141    0.0027885887
      0.00000       2.2800000      0.99702109    0.0029789150
      0.00000       2.2810000      0.99681799    0.0031820147
      0.00000       2.2820000      0.99660127    0.0033987332
      0.00000       2.2830000      0.99637003    0.0036299703
      0.00000       2.2840000      0.99612332    0.0038766844
      0.00000       2.2850000      0.99586010    0.0041398951
      0.00000       2.2860000      0.99557931    0.0044206879
      0.00000       2.2870000      0.99527978    0.0047202176
      0.00000       2.2880000      0.99496029    0.0050397131
      0.00000       2.2890000      0.99461952    0.0053804811
      0.00000       2.2900000      0.99425609    0.0057439117
      0.00000       2.2910000      0.99386852    0.0061314825
      0.00000       2.2920000      0.99345524    0.0065447644
      0.00000       2.2930000      0.99301457    0.0069854268
      0.00000       2.2940000      0.99254476    0.0074552436
      0.00000       2.2950000      0.99204390    0.0079560986
      0.00000       2.2960000      0.99151001    0.0084899927
      0.00000       2.2970000      0.99094095    0.0090590497
      0.00000       2.2980000      0.99033448    0.0096655235
      0.00000       2.2990000      0.98968819     0.010311805
      0.00000       2.3000000      0.98899957     0.011000430
      0.00000       2.3010000      0.98826591     0.011734087
      0.00000       2.3020000      0.98748438     0.012515625
      0.00000       2.3030000      0.98665194     0.013348059
      0.00000       2.3040000      0.98576541     0.014234585
      0.00000       2.3050000      0.98482142     0.015178583
      0.00000       2.3060000      0.98381637     0.016183627
      0.00000       2.3070000      0.98274650     0.017253495
      0.00000       2.3080000      0.98160782     0.018392181
      0.00000       2.3090000      0.98039610     0.019603897
      0.00000       2.3100000      0.97910691     0.020893090
      0.00000       2.3110000      0.97773555     0.022264448
      0.00000       2.3120000      0.97627709     0.023722908
      0.00000       2.3130000      0.97472633     0.025273668
      0.00000       2.3140000      0.97307781     0.026922193
      0.00000       2.3150000      0.97132577     0.028674225
      0.00000       2.3160000      0.96946421     0.030535793
      0.00000       2.3170000      0.96748679     0.032513214
      0.00000       2.3180000      0.96538689     0.034613106
      0.00000       2.3190000      0.96315761     0.036842391
      0.00000       2.3200000      0.96079170     0.039208297
      0.00000       2.3210000      0.95828163     0.041718365
      0.00000       2.3220000      0.95561955     0.044380447
      0.00000       2.3230000      0.95279729     0.047202706
      0.00000       2.3240000      0.94980639     0.050193613
      0.00000       2.3250000      0.94663806     0.053361944
      0.00000       2.3260000      0.94328323     0.056716768
      0.00000       2.3270000      0.93973256     0.060267438
      0.00000       2.3280000      0.93597643     0.064023573
      0.00000       2.3290000      0.93200496     0.067995045
      0.00000       2.3300000      0.92780805     0.072191949
      0.00000       2.3310000      0.92337542     0.076624579
      0.00000       2.3320000      0.91869660     0.081303396
      0.00000       2.3330000      0.91376102     0.086238984
      0.00000       2.3340000      0.90855799     0.091442013
      0.00000       2.3350000      0.90307682     0.096923180
      0.00000       2.3360000      0.89730684      0.10269316
      0.00000       2.3370000      0.89123746      0.10876254
      0.00000       2.3380000      0.88485826      0.11514174
      0.00000       2.3390000      0.87815906      0.12184094
      0.00000       2.3400000      0.87112998      0.12887002
      0.00000       2.3410000      0.86376160      0.13623840
      0.00000       2.3420000      0.85604496      0.14395504
      0.00000       2.3430000      0.84797176      0.15202824
      0.00000       2.3440000      0.83953441      0.16046559
      0.00000       2.3450000      0.83072618      0.16927382
      0.00000       2.3460000      0.82154127      0.17845873
      0.00000       2.3470000      0.81197501      0.18802499
      0.00000       2.3480000      0.80202390      0.19797610
      0.00000       2.3490000      0.79168578      0.20831422
      0.00000       2.3500000      0.78095996      0.21904004
      0.00000       2.3510000      0.76984730      0.23015270
      0.00000       2.3520000      0.75835032      0.24164968
      0.00000       2.3530000      0.74647334      0.25352666
      0.00000       2.3540000      0.73422252      0.26577748
      0.00000       2.3550000      0.72160599      0.27839401
      0.00000       2.3560000      0.70863385      0.29136615
      0.00000       2.3570000      0.69531823      0.30468177
      0.00000       2.3580000      0.68167335      0.31832665
      0.00000       2.3590000      0.66771544      0.33228456
      0.00000       2.3600000      0.65346278      0.34653722
      0.00000       2.3610000      0.63893562      0.36106438
      0.00000       2.3620000      0.62415607      0.37584393
      0.00000       2.3630000      0.60914807      0.39085193
      0.00000       2.3640000      0.59393717      0.40606283
      0.00000       2.3650000      0.57855044      0.42144956
      0.00000       2.3660000      0.56301627      0.43698373
      0.00000       2.3670000      0.54736416      0.45263584
      0.00000       2.3680000      0.53162450      0.46837550
      0.00000       2.3690000      0.51582836      0.48417164
      0.00000       2.3700000      0.50000723      0.49999277
      0.00000       2.3710000      0.48419278      0.51580722
      0.00000       2.3720000      0.46841658      0.53158342
      0.00000       2.3730000      0.45270988      0.54729012
      0.00000       2.3740000      0.43710338      0.56289662
      0.00000       2.3750000      0.42162691      0.57837309
      0.00000       2.3760000      0.40630931      0.59369069
      0.00000       2.3770000      0.39117817      0.60882183
      0.00000       2.3780000      0.37625965      0.62374035
      0.00000       2.3790000      0.36157832      0.63842168
      0.00000       2.3800000      0.34715703      0.65284297
      0.00000       2.3810000      0.33301679      0.66698321
      0.00000       2.3820000      0.31917667      0.68082333
      0.00000       2.3830000      0.30565379      0.69434621
      0.00000       2.3840000      0.29246320      0.70753680
      0.00000       2.3850000      0.27961794      0.72038206
      0.00000       2.3860000      0.26712903      0.73287097
      0.00000       2.3870000      0.25500549      0.74499451
      0.00000       2.3880000      0.24325439      0.75674561
      0.00000       2.3890000      0.23188094      0.76811906
      0.00000       2.3900000      0.22088858      0.77911142
      0.00000       2.3910000      0.21027903      0.78972097
      0.00000       2.3920000      0.20005242      0.79994758
      0.00000       2.3930000      0.19020742      0.80979258
      0.00000       2.3940000      0.18074133      0.81925867
      0.00000       2.3950000      0.17165021      0.82834979
      0.00000       2.3960000      0.16292900      0.83707100
      0.00000       2.3970000      0.15457162      0.84542838
      0.00000       2.3980000      0.14657114      0.85342886
      0.00000       2.3990000      0.13891984      0.86108016
      0.00000       2.4000000      0.13160933      0.86839067
      0.00000       2.4010000      0.12463070      0.87536930
      0.00000       2.4020000      0.11797455      0.88202545
      0.00000       2.4030000      0.11163113      0.88836887
      0.00000       2.4040000      0.10559041      0.89440959
      0.00000       2.4050000     0.099842175      0.90015782
      0.00000       2.4060000     0.094376066      0.90562393
      0.00000       2.4070000     0.089181670      0.91081833
      0.00000       2.4080000     0.084248572      0.91575143
      0.00000       2.4090000     0.079566407      0.92043359
      0.00000       2.4100000     0.075124907      0.92487509
      0.00000       2.4110000     0.070913937      0.92908606
      0.00000       2.4120000     0.066923537      0.93307646
      0.00000       2.4130000     0.063143946      0.93685605
      0.00000       2.4140000     0.059565630      0.94043437
      0.00000       2.4150000     0.056179299      0.94382070
      0.00000       2.4160000     0.052975928      0.94702407
      0.00000       2.4170000     0.049946769      0.95005323
      0.00000       2.4180000     0.047083358      0.95291664
      0.00000       2.4190000     0.044377525      0.95562248
      0.00000       2.4200000     0.041821396      0.95817860
      0.00000       2.4210000     0.039407397      0.96059260
      0.00000       2.4220000     0.037128255      0.96287175
      0.00000       2.4230000     0.034976991      0.96502301
      0.00000       2.4240000     0.032946923      0.96705308
      0.00000       2.4250000     0.031031660      0.96896834
      0.00000       2.4260000     0.029225093      0.97077491
      0.00000       2.4270000     0.027521395      0.97247861
      0.00000       2.4280000     0.025915006      0.97408499
      0.00000       2.4290000     0.024400633      0.97559937
      0.00000       2.4300000     0.022973238      0.97702676
      0.00000       2.4310000     0.021628030      0.97837197
      0.00000       2.4320000     0.020360456      0.97963954
      0.00000       2.4330000     0.019166193      0.98083381
      0.00000       2.4340000     0.018041139      0.98195886
      0.00000       2.4350000     0.016981406      0.98301859
      0.00000       2.4360000     0.015983306      0.98401669
      0.00000       2.4370000     0.015043347      0.98495665
      0.00000       2.4380000     0.014158223      0.98584178
      0.00000       2.4390000     0.013324806      0.98667519
      0.00000       2.4400000     0.012540135      0.98745987
      0.00000       2.4410000     0.011801413      0.98819859
      0.00000       2.4420000     0.011105996      0.98889400
      0.00000       2.4430000     0.010451383      0.98954862
      0.00000       2.4440000    0.0098352166      0.99016478
      0.00000       2.4450000    0.0092552667      0.99074473
      0.00000       2.4460000    0.0087094303      0.99129057
      0.00000       2.4470000    0.0081957226      0.99180428
      0.00000       2.4480000    0.0077122708      0.99228773
      0.00000       2.4490000    0.0072573087      0.99274269
      0.00000       2.4500000    0.0068291706      0.99317083
      0.00000       2.4510000    0.0064262862      0.99357371
      0.00000       2.4520000    0.0060471752      0.99395282
      0.00000       2.4530000    0.0056904425      0.99430956
      0.00000       2.4540000    0.0053547734      0.99464523
      0.00000       2.4550000    0.0050389293      0.99496107
      0.00000       2.4560000    0.0047417436      0.99525826
      0.00000       2.4570000    0.0044621171      0.99553788
      0.00000       2.4580000    0.0041990149      0.99580099
      0.00000       2.4590000    0.0039514622      0.99604854
      0.00000       2.4600000    0.0037185414      0.99628146
      0.00000       2.4610000    0.0034993884      0.99650061
      0.00000       2.4620000    0.0032931899      0.99670681
      0.00000       2.4630000    0.0030991801      0.99690082
      0.00000       2.4640000    0.0029166383      0.99708336
      0.00000       2.4650000    0.0027448863      0.99725511
      0.00000       2.4660000    0.0025832857      0.99741671
      0.00000       2.4670000    0.0024312356      0.99756876
      0.00000       2.4680000    0.0022881708      0.99771183
      0.00000       2.4690000    0.0021535594      0.99784644
      0.00000       2.4700000    0.0020269007      0.99797310
      0.00000       2.4710000    0.0019077238      0.99809228
      0.00000       2.4720000    0.0017955857      0.99820441
      0.00000       2.4730000    0.0016900695      0.99830993
      0.00000       2.4740000    0.0015907829      0.99840922
      0.00000       2.4750000    0.0014973570      0.99850264
      0.00000       2.4760000    0.0014094446      0.99859056
      0.00000       2.4770000    0.0013267193      0.99867328
      0.00000       2.4780000    0.0012488739      0.99875113
      0.00000       2.4790000    0.0011756194      0.99882438
      0.00000       2.4800000    0.0011066839      0.99889332
      0.00000       2.4810000    0.0010418118      0.99895819
      0.00000       2.4820000   0.00098076259      0.99901924
      0.00000       2.4830000   0.00092330994      0.99907669
      0.00000       2.4840000   0.00086924103      0.99913076
      0.00000       2.4850000   0.00081835568      0.99918164
      0.00000       2.4860000   0.00077046556      0.99922953
      0.00000       2.4870000   0.00072539353      0.99927461
      0.00000       2.4880000   0.00068297294      0.99931703
      0.00000       2.4890000   0.00064304707      0.99935695
      0.00000       2.4900000   0.00060546845      0.99939453
      0.00000       2.4910000   0.00057009840      0.99942990
      0.00000       2.4920000   0.00053680644      0.99946319
      0.00000       2.4930000   0.00050546985      0.99949453
      0.00000       2.4940000   0.00047597318      0.99952403
      0.00000       2.4950000   0.00044820781      0.99955179
      0.00000       2.4960000   0.00042207159      0.99957793
      0.00000       2.4970000   0.00039746840      0.99960253
      0.00000       2.4980000   0.00037430783      0.99962569
      0.00000       2.4990000   0.00035250483      0.99964750
      0.00000       2.5000000   0.00033197938      0.99966802
      0.00000       2.5010000   0.00031265620      0.99968734
      0.00000       2.5020000   0.00029446447      0.99970554
      0.00000       2.5030000   0.00027733757      0.99972266
      0.00000       2.5040000   0.00026121281      0.99973879
      0.00000       2.5050000   0.00024603122      0.99975397
      0.00000       2.5060000   0.00023173731      0.99976826
      0.00000       2.5070000   0.00021827888      0.99978172
      0.00000       2.5080000   0.00020560680      0.99979439
      0.00000       2.5090000   0.00019367488      0.99980633
      0.00000       2.5100000   0.00018243962      0.99981756
      0.00000       2.5110000   0.00017186010      0.99982814
      0.00000       2.5120000   0.00016189783      0.99983810
      0.00000       2.5130000   0.00015251659      0.99984748
      0.00000       2.5140000   0.00014368228      0.99985632
      0.00000       2.5150000   0.00013536283      0.99986464
      0.00000       2.5160000   0.00012752805      0.99987247
      0.00000       2.5170000   0.00012014954      0.99987985
      0.00000       2.5180000   0.00011320056      0.99988680
      0.00000       2.5190000   0.00010665597      0.99989334
      0.00000       2.5200000   0.00010049208      0.99989951
      0.00000       2.5210000   9.4686625e-05      0.99990531
      0.00000       2.5220000   8.9218625e-05      0.99991078
      0.00000       2.5230000   8.4068349e-05      0.99991593
      0.00000       2.5240000   7.9217224e-05      0.99992078
      0.00000       2.5250000   7.4647767e-05      0.99992535
      0.00000       2.5260000   7.0343525e-05      0.99992966
      0.00000       2.5270000   6.6289010e-05      0.99993371
      0.00000       2.5280000   6.2469645e-05      0.99993753
      0.00000       2.5290000   5.8871709e-05      0.99994113
      0.00000       2.5300000   5.5482285e-05      0.99994452
      0.00000       2.5310000   5.2289216e-05      0.99994771
      0.00000       2.5320000   4.9281056e-05      0.99995072
      0.00000       2.5330000   4.6447032e-05      0.99995355
      0.00000       2.5340000   4.3777002e-05      0.99995622
      0.00000       2.5350000   4.1261417e-05      0.99995874
      0.00000       2.5360000   3.8891289e-05      0.99996111
      0.00000       2.5370000   3.6658155e-05      0.99996334
      0.00000       2.5380000   3.4554049e-05      0.99996545
      0.00000       2.5390000   3.2571468e-05      0.99996743
      0.00000       2.5400000   3.0703351e-05      0.99996930
      0.00000       2.5410000   2.8943049e-05      0.99997106
      0.00000       2.5420000   2.7284301e-05      0.99997272
      0.00000       2.5430000   2.5721211e-05      0.99997428
      0.00000       2.5440000   2.4248229e-05      0.99997575
      0.00000       2.5450000   2.2860129e-05      0.99997714
      0.00000       2.5460000   2.1551989e-05      0.99997845
      0.00000       2.5470000   2.0319174e-05      0.99997968
      0.00000       2.5480000   1.9157319e-05      0.99998084
      0.00000       2.5490000   1.8062316e-05      0.99998194
      0.00000       2.5500000   1.7030294e-05      0.99998297
      0.00000       2.5510000   1.6057608e-05      0.99998394
      0.00000       2.5520000   1.5140825e-05      0.99998486
      0.00000       2.5530000   1.4276712e-05      0.99998572
      0.00000       2.5540000   1.3462224e-05      0.99998654
      0.00000       2.5550000   1.2694495e-05      0.99998731
      0.00000       2.5560000   1.1970822e-05      0.99998803
      0.00000       2.5570000   1.1288663e-05      0.99998871
      0.00000       2.5580000   1.0645620e-05      0.99998935
      0.00000       2.5590000   1.0039437e-05      0.99998996
      0.00000       2.5600000   9.4679880e-06      0.99999053
      0.00000       2.5610000   8.9292701e-06      0.99999107
      0.00000       2.5620000   8.4213970e-06      0.99999158
      0.00000       2.5630000   7.9425916e-06      0.99999206
      0.00000       2.5640000   7.4911799e-06      0.99999251
      0.00000       2.5650000   7.0655850e-06      0.99999293
      0.00000       2.5660000   6.6643210e-06      0.99999334
      0.00000       2.5670000   6.2859885e-06      0.99999371
      0.00000       2.5680000   5.9292686e-06      0.99999407
      0.00000       2.5690000   5.5929191e-06      0.99999441
      0.00000       2.5700000   5.2757696e-06      0.99999472
      0.00000       2.5710000   4.9767171e-06      0.99999502
      0.00000       2.5720000   4.6947226e-06      0.99999531
      0.00000       2.5730000   4.4288070e-06      0.99999557
      0.00000       2.5740000   4.1780479e-06      0.99999582
      0.00000       2.5750000   3.9415759e-06      0.99999606
      0.00000       2.5760000   3.7185720e-06      0.99999628
      0.00000       2.5770000   3.5082643e-06      0.99999649
      0.00000       2.5780000   3.3099255e-06      0.99999669
      0.00000       2.5790000   3.1228702e-06      0.99999688
      0.00000       2.5800000   2.9464524e-06      0.99999705
      0.00000       2.5810000   2.7800635e-06      0.99999722
      0.00000       2.5820000   2.6231298e-06      0.99999738
      0.00000       2.5830000   2.4751106e-06      0.99999752
      0.00000       2.5840000   2.3354964e-06      0.99999766
      0.00000       2.5850000   2.2038069e-06      0.99999780
      0.00000       2.5860000   2.0795895e-06      0.99999792
      0.00000       2.5870000   1.9624177e-06      0.99999804
      0.00000       2.5880000   1.8518892e-06      0.99999815
      0.00000       2.5890000   1.7476251e-06      0.99999825
      0.00000       2.5900000   1.6492682e-06      0.99999835
      0.00000       2.5910000   1.5564816e-06      0.99999844
      0.00000       2.5920000   1.4689479e-06      0.99999853
      0.00000       2.5930000   1.3863679e-06      0.99999861
      0.00000       2.5940000   1.3084595e-06      0.99999869
      0.00000       2.5950000   1.2349567e-06      0.99999877
      0.00000       2.5960000   1.1656090e-06      0.99999883
      0.00000       2.5970000   1.1001799e-06      0.99999890
      0.00000       2.5980000   1.0384466e-06      0.99999896
      0.00000       2.5990000   9.8019901e-07      0.99999902
      0.00000       2.6000000   9.2523917e-07      0.99999907
      0.00000       2.6010000   8.7338032e-07      0.99999913
      0.00000       2.6020000   8.2444638e-07      0.99999918
      0.00000       2.6030000   7.7827137e-07      0.99999922
      0.00000       2.6040000   7.3469876e-07      0.99999927
      0.00000       2.6050000   6.9358096e-07      0.99999931
      0.00000       2.6060000   6.5477881e-07      0.99999935
      0.00000       2.6070000   6.1816109e-07      0.99999938
      0.00000       2.6080000   5.8360405e-07      0.99999942
      0.00000       2.6090000   5.5099100e-07      0.99999945
      0.00000       2.6100000   5.2021190e-07      0.99999948
      0.00000       2.6110000   4.9116298e-07      0.99999951
      0.00000       2.6120000   4.6374636e-07      0.99999954
      0.00000       2.6130000   4.3786977e-07      0.99999956
      0.00000       2.6140000   4.1344614e-07      0.99999959
      0.00000       2.6150000   3.9039339e-07      0.99999961
      0.00000       2.6160000   3.6863410e-07      0.99999963
      0.00000       2.6170000   3.4809522e-07      0.99999965
      0.00000       2.6180000   3.2870789e-07      0.99999967
      0.00000       2.6190000   3.1040715e-07      0.99999969
      0.00000       2.6200000   2.9313170e-07      0.99999971
      0.00000       2.6210000   2.7682375e-07      0.99999972
      0.00000       2.6220000   2.6142878e-07      0.99999974
      0.00000       2.6230000   2.4689535e-07      0.99999975
      0.00000       2.6240000   2.3317496e-07      0.99999977
      0.00000       2.6250000   2.2022182e-07      0.99999978
      0.00000       2.6260000   2.0799278e-07      0.99999979
      0.00000       2.6270000   1.9644709e-07      0.99999980
      0.00000       2.6280000   1.8554634e-07      0.99999981
      0.00000       2.6290000   1.7525427e-07      0.99999982
      0.00000       2.6300000   1.6553669e-07      0.99999983
      0.00000       2.6310000   1.5636132e-07      0.99999984
      0.00000       2.6320000   1.4769772e-07      0.99999985
      0.00000       2.6330000   1.3951718e-07      0.99999986
      0.00000       2.6340000   1.3179258e-07      0.99999987
      0.00000       2.6350000   1.2449836e-07      0.99999988
      0.00000       2.6360000   1.1761038e-07      0.99999988
      0.00000       2.6370000   1.1110589e-07      0.99999989
      0.00000       2.6380000   1.0496340e-07      0.99999990
      0.00000       2.6390000   9.9162629e-08      0.99999990
      0.00000       2.6400000   9.3684456e-08      0.99999991
      0.00000       2.6410000   8.8510825e-08      0.99999991
      0.00000       2.6420000   8.3624702e-08      0.99999992
      0.00000       2.6430000   7.9010008e-08      0.99999992
      0.00000       2.6440000   7.4651572e-08      0.99999993
      0.00000       2.6450000   7.0535073e-08      0.99999993
      0.00000       2.6460000   6.6647000e-08      0.99999993
      0.00000       2.6470000   6.2974596e-08      0.99999994
      0.00000       2.6480000   5.9505823e-08      0.99999994
      0.00000       2.6490000   5.6229321e-08      0.99999994
      0.00000       2.6500000   5.3134365e-08      0.99999995
      0.00000       2.6510000   5.0210833e-08      0.99999995
      0.00000       2.6520000   4.7449171e-08      0.99999995
      0.00000       2.6530000   4.4840360e-08      0.99999996
      0.00000       2.6540000   4.2375888e-08      0.99999996
      0.00000       2.6550000   4.0047718e-08      0.99999996
      0.00000       2.6560000   3.7848266e-08      0.99999996
      0.00000       2.6570000   3.5770370e-08      0.99999996
      0.00000       2.6580000   3.3807270e-08      0.99999997
      0.00000       2.6590000   3.1952585e-08      0.99999997
      0.00000       2.6600000   3.0200289e-08      0.99999997
      0.00000       2.6610000   2.8544695e-08      0.99999997
      0.00000       2.6620000   2.6980434e-08      0.99999997
      0.00000       2.6630000   2.5502434e-08      0.99999997
      0.00000       2.6640000   2.4105910e-08      0.99999998
      0.00000       2.6650000   2.2786341e-08      0.99999998
      0.00000       2.6660000   2.1539461e-08      0.99999998
      0.00000       2.6670000   2.0361241e-08      0.99999998
      0.00000       2.6680000   1.9247876e-08      0.99999998
      0.00000       2.6690000   1.8195774e-08      0.99999998
      0.00000       2.6700000   1.7201543e-08      0.99999998
      0.00000       2.6710000   1.6261979e-08      0.99999998
      0.00000       2.6720000   1.5374059e-08      0.99999998
      0.00000       2.6730000   1.4534925e-08      0.99999999
      0.00000       2.6740000   1.3741880e-08      0.99999999
      0.00000       2.6750000   1.2992378e-08      0.99999999
      0.00000       2.6760000   1.2284012e-08      0.99999999
      0.00000       2.6770000   1.1614511e-08      0.99999999
      0.00000       2.6780000   1.0981729e-08      0.99999999
      0.00000       2.6790000   1.0383639e-08      0.99999999
      0.00000       2.6800000   9.8183272e-09      0.99999999
      0.00000       2.6810000   9.2839867e-09      0.99999999
      0.00000       2.6820000   8.7789096e-09      0.99999999
      0.00000       2.6830000   8.3014834e-09      0.99999999
      0.00000       2.6840000   7.8501848e-09      0.99999999
      0.00000       2.6850000   7.4235750e-09      0.99999999
      0.00000       2.6860000   7.0202949e-09      0.99999999
      0.00000       2.6870000   6.6390607e-09      0.99999999
      0.00000       2.6880000   6.2786598e-09      0.99999999
      0.00000       2.6890000   5.9379464e-09      0.99999999
      0.00000       2.6900000   5.6158385e-09      0.99999999
      0.00000       2.6910000   5.3113136e-09      0.99999999
      0.00000       2.6920000   5.0234059e-09      0.99999999
      0.00000       2.6930000   4.7512031e-09       1.0000000
      0.00000       2.6940000   4.4938430e-09       1.0000000
      0.00000       2.6950000   4.2505113e-09       1.0000000
      0.00000       2.6960000   4.0204385e-09       1.0000000
      0.00000       2.6970000   3.8028977e-09       1.0000000
      0.00000       2.6980000   3.5972018e-09       1.0000000
      0.00000       2.6990000   3.4027021e-09       1.0000000
      0.00000       2.7000000   3.2187851e-09       1.0000000
      0.00000       2.7010000   3.0448716e-09       1.0000000
      0.00000       2.7020000   2.8804139e-09       1.0000000
      0.00000       2.7030000   2.7248949e-09       1.0000000
      0.00000       2.7040000   2.5778255e-09       1.0000000
      0.00000       2.7050000   2.4387439e-09       1.0000000
      0.00000       2.7060000   2.3072134e-09       1.0000000
      0.00000       2.7070000   2.1828216e-09       1.0000000
      0.00000       2.7080000   2.0651786e-09       1.0000000
      0.00000       2.7090000   1.9539158e-09       1.0000000
      0.00000       2.7100000   1.8486853e-09       1.0000000
      0.00000       2.7110000   1.7491577e-09       1.0000000
      0.00000       2.7120000   1.6550222e-09       1.0000000
      0.00000       2.7130000   1.5659848e-09       1.0000000
      0.00000       2.7140000   1.4817677e-09       1.0000000
      0.00000       2.7150000   1.4021082e-09       1.0000000
      0.00000       2.7160000   1.3267582e-09       1.0000000
      0.00000       2.7170000   1.2554830e-09       1.0000000
      0.00000       2.7180000   1.1880610e-09       1.0000000
      0.00000       2.7190000   1.1242826e-09       1.0000000
      0.00000       2.7200000   1.0639495e-09       1.0000000
      0.00000       2.7210000   1.0068745e-09       1.0000000
      0.00000       2.7220000   9.5288059e-10       1.0000000
      0.00000       2.7230000   9.0180037e-10       1.0000000
      0.00000       2.7240000   8.5347563e-10       1.0000000
      0.00000       2.7250000   8.0775679e-10       1.0000000
      0.00000       2.7260000   7.6450246e-10       1.0000000
      0.00000       2.7270000   7.2357894e-10       1.0000000
      0.00000       2.7280000   6.8485986e-10       1.0000000
      0.00000       2.7290000   6.4822572e-10       1.0000000
      0.00000       2.7300000   6.1356355e-10       1.0000000
      0.00000       2.7310000   5.8076654e-10       1.0000000
      0.00000       2.7320000   5.4973370e-10       1.0000000
      0.00000       2.7330000   5.2036953e-10       1.0000000
      0.00000       2.7340000   4.9258374e-10       1.0000000
      0.00000       2.7350000   4.6629097e-10       1.0000000
      0.00000       2.7360000   4.4141049e-10       1.0000000
      0.00000       2.7370000   4.1786596e-10       1.0000000
      0.00000       2.7380000   3.9558520e-10       1.0000000
      0.00000       2.7390000   3.7449996e-10       1.0000000
      0.00000       2.7400000   3.5454567e-10       1.0000000
      0.00000       2.7410000   3.3566130e-10       1.0000000
      0.00000       2.7420000   3.1778913e-10       1.0000000
      0.00000       2.7430000   3.0087456e-10       1.0000000
      0.00000       2.7440000   2.8486596e-10       1.0000000
      0.00000       2.7450000   2.6971450e-10       1.0000000
      0.00000       2.7460000   2.5537400e-10       1.0000000
      0.00000       2.7470000   2.4180078e-10       1.0000000
      0.00000       2.7480000   2.2895353e-10       1.0000000
      0.00000       2.7490000   2.1679319e-10       1.0000000
      0.00000       2.7500000   2.0528279e-10       1.0000000
      0.00000       2.7510000   1.9438737e-10       1.0000000
      0.00000       2.7520000   1.8407388e-10       1.0000000
      0.00000       2.7530000   1.7431104e-10       1.0000000
      0.00000       2.7540000   1.6506927e-10       1.0000000
      0.00000       2.7550000   1.5632057e-10       1.0000000
      0.00000       2.7560000   1.4803848e-10       1.0000000
      0.00000       2.7570000   1.4019796e-10       1.0000000
      0.00000       2.7580000   1.3277531e-10       1.0000000
      0.00000       2.7590000   1.2574813e-10       1.0000000
      0.00000       2.7600000   1.1909521e-10       1.0000000
      0.00000       2.7610000   1.1279650e-10       1.0000000
      0.00000       2.7620000   1.0683301e-10       1.0000000
      0.00000       2.7630000   1.0118680e-10       1.0000000
      0.00000       2.7640000   9.5840883e-11       1.0000000
      0.00000       2.7650000   9.0779182e-11       1.0000000
      0.00000       2.7660000   8.5986494e-11       1.0000000
      0.00000       2.7670000   8.1448434e-11       1.0000000
      0.00000       2.7680000   7.7151388e-11       1.0000000
      0.00000       2.7690000   7.3082475e-11       1.0000000
      0.00000       2.7700000   6.9229509e-11       1.0000000
      0.00000       2.7710000   6.5580956e-11       1.0000000
      0.00000       2.7720000   6.2125904e-11       1.0000000
      0.00000       2.7730000   5.8854025e-11       1.0000000
      0.00000       2.7740000   5.5755549e-11       1.0000000
      0.00000       2.7750000   5.2821228e-11       1.0000000
      0.00000       2.7760000   5.0042309e-11       1.0000000
      0.00000       2.7770000   4.7410512e-11       1.0000000
      0.00000       2.7780000   4.4917999e-11       1.0000000
      0.00000       2.7790000   4.2557352e-11       1.0000000
      0.00000       2.7800000   4.0321550e-11       1.0000000
      0.00000       2.7810000   3.8203951e-11       1.0000000
      0.00000       2.7820000   3.6198266e-11       1.0000000
      0.00000       2.7830000   3.4298542e-11       1.0000000
      0.00000       2.7840000   3.2499147e-11       1.0000000
      0.00000       2.7850000   3.0794750e-11       1.0000000
      0.00000       2.7860000   2.9180303e-11       1.0000000
      0.00000       2.7870000   2.7651029e-11       1.0000000
      0.00000       2.7880000   2.6202407e-11       1.0000000
      0.00000       2.7890000   2.4830157e-11       1.0000000
      0.00000       2.7900000   2.3530227e-11       1.0000000
      0.00000       2.7910000   2.2298782e-11       1.0000000
      0.00000       2.7920000   2.1132190e-11       1.0000000
      0.00000       2.7930000   2.0027016e-11       1.0000000
      0.00000       2.7940000   1.8980006e-11       1.0000000
      0.00000       2.7950000   1.7988079e-11       1.0000000
      0.00000       2.7960000   1.7048318e-11       1.0000000
      0.00000       2.7970000   1.6157965e-11       1.0000000
      0.00000       2.7980000   1.5314404e-11       1.0000000
      0.00000       2.7990000   1.4515160e-11       1.0000000
      0.00000       2.8000000   1.3757892e-11       1.0000000
      0.00000       2.8010000   1.3040381e-11       1.0000000
      0.00000       2.8020000   1.2360526e-11       1.0000000
      0.00000       2.8030000   1.1716339e-11       1.0000000
      0.00000       2.8040000   1.1105937e-11       1.0000000
      0.00000       2.8050000   1.0527537e-11       1.0000000
      0.00000       2.8060000   9.9794500e-12       1.0000000
      0.00000       2.8070000   9.4600779e-12       1.0000000
      0.00000       2.8080000   8.9679069e-12       1.0000000
      0.00000       2.8090000   8.5015033e-12       1.0000000
      0.00000       2.8100000   8.0595097e-12       1.0000000
      0.00000       2.8110000   7.6406405e-12       1.0000000
      0.00000       2.8120000   7.2436783e-12       1.0000000
      0.00000       2.8130000   6.8674702e-12       1.0000000
      0.00000       2.8140000   6.5109243e-12       1.0000000
      0.00000       2.8150000   6.1730065e-12       1.0000000
      0.00000       2.8160000   5.8527374e-12       1.0000000
      0.00000       2.8170000   5.5491896e-12       1.0000000
      0.00000       2.8180000   5.2614845e-12       1.0000000
      0.00000       2.8190000   4.9887901e-12       1.0000000
      0.00000       2.8200000   4.7303183e-12       1.0000000
      0.00000       2.8210000   4.4853226e-12       1.0000000
      0.00000       2.8220000   4.2530961e-12       1.0000000
      0.00000       2.8230000   4.0329690e-12       1.0000000
      0.00000       2.8240000   3.8243070e-12       1.0000000
      0.00000       2.8250000   3.6265092e-12       1.0000000
      0.00000       2.8260000   3.4390064e-12       1.0000000
      0.00000       2.8270000   3.2612593e-12       1.0000000
      0.00000       2.8280000   3.0927573e-12       1.0000000
      0.00000       2.8290000   2.9330164e-12       1.0000000
      0.00000       2.8300000   2.7815782e-12       1.0000000
      0.00000       2.8310000   2.6380086e-12       1.0000000
      0.00000       2.8320000   2.5018960e-12       1.0000000
      0.00000       2.8330000   2.3728508e-12       1.0000000
      0.00000       2.8340000   2.2505037e-12       1.0000000
      0.00000       2.8350000   2.1345047e-12       1.0000000
      0.00000       2.8360000   2.0245226e-12       1.0000000
      0.00000       2.8370000   1.9202432e-12       1.0000000
      0.00000       2.8380000   1.8213690e-12       1.0000000
      0.00000       2.8390000   1.7276180e-12       1.0000000
      0.00000       2.8400000   1.6387232e-12       1.0000000
      0.00000       2.8410000   1.5544314e-12       1.0000000
      0.00000       2.8420000   1.4745027e-12       1.0000000
      0.00000       2.8430000   1.3987099e-12       1.0000000
      0.00000       2.8440000   1.3268377e-12       1.0000000
      0.00000       2.8450000   1.2586819e-12       1.0000000
      0.00000       2.8460000   1.1940493e-12       1.0000000
      0.00000       2.8470000   1.1327564e-12       1.0000000
      0.00000       2.8480000   1.0746298e-12       1.0000000
      0.00000       2.8490000   1.0195047e-12       1.0000000
      0.00000       2.8500000   9.6722521e-13       1.0000000
      0.00000       2.8510000   9.1764354e-13       1.0000000
      0.00000       2.8520000   8.7061958e-13       1.0000000
      0.00000       2.8530000   8.2602057e-13       1.0000000
      0.00000       2.8540000   7.8372065e-13       1.0000000
      0.00000       2.8550000   7.4360058e-13       1.0000000
      0.00000       2.8560000   7.0554732e-13       1.0000000
      0.00000       2.8570000   6.6945371e-13       1.0000000
      0.00000       2.8580000   6.3521821e-13       1.0000000
      0.00000       2.8590000   6.0274457e-13       1.0000000
      0.00000       2.8600000   5.7194154e-13       1.0000000
      0.00000       2.8610000   5.4272264e-13       1.0000000
      0.00000       2.8620000   5.1500589e-13       1.0000000
      0.00000       2.8630000   4.8871358e-13       1.0000000
      0.00000       2.8640000   4.6377204e-13       1.0000000
      0.00000       2.8650000   4.4011145e-13       1.0000000
      0.00000       2.8660000   4.1766559e-13       1.0000000
      0.00000       2.8670000   3.9637173e-13       1.0000000
      0.00000       2.8680000   3.7617035e-13       1.0000000
      0.00000       2.8690000   3.5700506e-13       1.0000000
      0.00000       2.8700000   3.3882239e-13       1.0000000
      0.00000       2.8710000   3.2157164e-13       1.0000000
      0.00000       2.8720000   3.0520474e-13       1.0000000
      0.00000       2.8730000   2.8967613e-13       1.0000000
      0.00000       2.8740000   2.7494260e-13       1.0000000
      0.00000       2.8750000   2.6096319e-13       1.0000000
      0.00000       2.8760000   2.4769906e-13       1.0000000
      0.00000       2.8770000   2.3511337e-13       1.0000000
      0.00000       2.8780000   2.2317121e-13       1.0000000
      0.00000       2.8790000   2.1183947e-13       1.0000000
      0.00000       2.8800000   2.0108675e-13       1.0000000
      0.00000       2.8810000   1.9088327e-13       1.0000000
      0.00000       2.8820000   1.8120081e-13       1.0000000
      0.00000       2.8830000   1.7201260e-13       1.0000000
      0.00000       2.8840000   1.6329324e-13       1.0000000
      0.00000       2.8850000   1.5501866e-13       1.0000000
      0.00000       2.8860000   1.4716604e-13       1.0000000
      0.00000       2.8870000   1.3971371e-13       1.0000000
      0.00000       2.8880000   1.3264115e-13       1.0000000
      0.00000       2.8890000   1.2592888e-13       1.0000000
      0.00000       2.8900000   1.1955843e-13       1.0000000
      0.00000       2.8910000   1.1351228e-13       1.0000000
      0.00000       2.8920000   1.0777383e-13       1.0000000
      0.00000       2.8930000   1.0232731e-13       1.0000000
      0.00000       2.8940000   9.7157782e-14       1.0000000
      0.00000       2.8950000   9.2251067e-14       1.0000000
      0.00000       2.8960000   8.7593722e-14       1.0000000
      0.00000       2.8970000   8.3172993e-14       1.0000000
      0.00000       2.8980000   7.8976783e-14       1.0000000
      0.00000       2.8990000   7.4993618e-14       1.0000000
      0.00000       2.9000000   7.1212614e-14       1.0000000
      0.00000       2.9010000   6.7623445e-14       1.0000000
      0.00000       2.9020000   6.4216317e-14       1.0000000
      0.00000       2.9030000   6.0981940e-14       1.0000000
      0.00000       2.9040000   5.7911499e-14       1.0000000
      0.00000       2.9050000   5.4996633e-14       1.0000000
      0.00000       2.9060000   5.2229409e-14       1.0000000
      0.00000       2.9070000   4.9602303e-14       1.0000000
      0.00000       2.9080000   4.7108175e-14       1.0000000
      0.00000       2.9090000   4.4740252e-14       1.0000000
      0.00000       2.9100000   4.2492107e-14       1.0000000
      0.00000       2.9110000   4.0357643e-14       1.0000000
      0.00000       2.9120000   3.8331076e-14       1.0000000
      0.00000       2.9130000   3.6406918e-14       1.0000000
      0.00000       2.9140000   3.4579961e-14       1.0000000
      0.00000       2.9150000   3.2845263e-14       1.0000000
      0.00000       2.9160000   3.1198137e-14       1.0000000
      0.00000       2.9170000   2.9634134e-14       1.0000000
      0.00000       2.9180000   2.8149033e-14       1.0000000
      0.00000       2.9190000   2.6738828e-14       1.0000000
      0.00000       2.9200000   2.5399718e-14       1.0000000
      0.00000       2.9210000   2.4128097e-14       1.0000000
      0.00000       2.9220000   2.2920541e-14       1.0000000
      0.00000       2.9230000   2.1773804e-14       1.0000000
      0.00000       2.9240000   2.0684802e-14       1.0000000
      0.00000       2.9250000   1.9650610e-14       1.0000000
      0.00000       2.9260000   1.8668453e-14       1.0000000
      0.00000       2.9270000   1.7735696e-14       1.0000000
      0.00000       2.9280000   1.6849839e-14       1.0000000
      0.00000       2.9290000   1.6008508e-14       1.0000000
      0.00000       2.9300000   1.5209452e-14       1.0000000
      0.00000       2.9310000   1.4450532e-14       1.0000000
      0.00000       2.9320000   1.3729721e-14       1.0000000
      0.00000       2.9330000   1.3045092e-14       1.0000000
      0.00000       2.9340000   1.2394819e-14       1.0000000
      0.00000       2.9350000   1.1777165e-14       1.0000000
      0.00000       2.9360000   1.1190485e-14       1.0000000
      0.00000       2.9370000   1.0633216e-14       1.0000000
      0.00000       2.9380000   1.0103873e-14       1.0000000
      0.00000       2.9390000   9.6010493e-15       1.0000000
      0.00000       2.9400000   9.1234070e-15       1.0000000
      0.00000       2.9410000   8.6696773e-15       1.0000000
      0.00000       2.9420000   8.2386556e-15       1.0000000
      0.00000       2.9430000   7.8291983e-15       1.0000000
      0.00000       2.9440000   7.4402197e-15       1.0000000
      0.00000       2.9450000   7.0706891e-15       1.0000000
      0.00000       2.9460000   6.7196280e-15       1.0000000
      0.00000       2.9470000   6.3861076e-15       1.0000000
      0.00000       2.9480000   6.0692459e-15       1.0000000
      0.00000       2.9490000   5.7682055e-15       1.0000000
      0.00000       2.9500000   5.4821916e-15       1.0000000
      0.00000       2.9510000   5.2104494e-15       1.0000000
      0.00000       2.9520000   4.9522623e-15       1.0000000
      0.00000       2.9530000   4.7069498e-15       1.0000000
      0.00000       2.9540000   4.4738659e-15       1.0000000
      0.00000       2.9550000   4.2523972e-15       1.0000000
      0.00000       2.9560000   4.0419613e-15       1.0000000
      0.00000       2.9570000   3.8420050e-15       1.0000000
      0.00000       2.9580000   3.6520033e-15       1.0000000
      0.00000       2.9590000   3.4714574e-15       1.0000000
      0.00000       2.9600000   3.2998937e-15       1.0000000
      0.00000       2.9610000   3.1368626e-15       1.0000000
      0.00000       2.9620000   2.9819371e-15       1.0000000
      0.00000       2.9630000   2.8347116e-15       1.0000000
      0.00000       2.9640000   2.6948011e-15       1.0000000
      0.00000       2.9650000   2.5618397e-15       1.0000000
      0.00000       2.9660000   2.4354802e-15       1.0000000
      0.00000       2.9670000   2.3153927e-15       1.0000000
      0.00000       2.9680000   2.2012639e-15       1.0000000
      0.00000       2.9690000   2.0927964e-15       1.0000000
      0.00000       2.9700000   1.9897074e-15       1.0000000
      0.00000       2.9710000   1.8917286e-15       1.0000000
      0.00000       2.9720000   1.7986052e-15       1.0000000
      0.00000       2.9730000   1.7100950e-15       1.0000000
      0.00000       2.9740000   1.6259680e-15       1.0000000
      0.00000       2.9750000   1.5460057e-15       1.0000000
      0.00000       2.9760000   1.4700008e-15       1.0000000
      0.00000       2.9770000   1.3977562e-15       1.0000000
      0.00000       2.9780000   1.3290845e-15       1.0000000
      0.00000       2.9790000   1.2638081e-15       1.0000000
      0.00000       2.9800000   1.2017579e-15       1.0000000
      0.00000       2.9810000   1.1427736e-15       1.0000000
      0.00000       2.9820000   1.0867027e-15       1.0000000
      0.00000       2.9830000   1.0334004e-15       1.0000000
      0.00000       2.9840000   9.8272904e-16       1.0000000
      0.00000       2.9850000   9.3455807e-16       1.0000000
      0.00000       2.9860000   8.8876328e-16       1.0000000
      0.00000       2.9870000   8.4522672e-16       1.0000000
      0.00000       2.9880000   8.0383634e-16       1.0000000
      0.00000       2.9890000   7.6448568e-16       1.0000000
      0.00000       2.9900000   7.2707358e-16       1.0000000
      0.00000       2.9910000   6.9150393e-16       1.0000000
      0.00000       2.9920000   6.5768544e-16       1.0000000
      0.00000       2.9930000   6.2553135e-16       1.0000000
      0.00000       2.9940000   5.9495923e-16       1.0000000
      0.00000       2.9950000   5.6589076e-16       1.0000000
      0.00000       2.9960000   5.3825151e-16       1.0000000
      0.00000       2.9970000   5.1197077e-16       1.0000000
      0.00000       2.9980000   4.8698135e-16       1.0000000
      0.00000       2.9990000   4.6321941e-16       1.0000000
      0.00000       3.0000000   4.4062426e-16       1.0000000
      0.00000       3.0010000   4.1913825e-16       1.0000000
      0.00000       3.0020000   3.9870660e-16       1.0000000
      0.00000       3.0030000   3.7927724e-16       1.0000000
      0.00000       3.0040000   3.6080069e-16       1.0000000
      0.00000       3.0050000   3.4322994e-16       1.0000000
      0.00000       3.0060000   3.2652029e-16       1.0000000
      0.00000       3.0070000   3.1062928e-16       1.0000000
      0.00000       3.0080000   2.9551656e-16       1.0000000
      0.00000       3.0090000   2.8114376e-16       1.0000000
      0.00000       3.0100000   2.6747443e-16       1.0000000
      0.00000       3.0110000   2.5447392e-16       1.0000000
      0.00000       3.0120000   2.4210930e-16       1.0000000
      0.00000       3.0130000   2.3034928e-16       1.0000000
      0.00000       3.0140000   2.1916410e-16       1.0000000
      0.00000       3.0150000   2.0852548e-16       1.0000000
      0.00000       3.0160000   1.9840656e-16       1.0000000
      0.00000       3.0170000   1.8878178e-16       1.0000000
      0.00000       3.0180000   1.7962687e-16       1.0000000
      0.00000       3.0190000   1.7091873e-16       1.0000000
      0.00000       3.0200000   1.6263543e-16       1.0000000
      0.00000       3.0210000   1.5475611e-16       1.0000000
      0.00000       3.0220000   1.4726095e-16       1.0000000
      0.00000       3.0230000   1.4013110e-16       1.0000000
      0.00000       3.0240000   1.3334864e-16       1.0000000
      0.00000       3.0250000   1.2689653e-16       1.0000000
      0.00000       3.0260000   1.2075860e-16       1.0000000
      0.00000       3.0270000   1.1491943e-16       1.0000000
      0.00000       3.0280000   1.0936440e-16       1.0000000
      0.00000       3.0290000   1.0407960e-16       1.0000000
      0.00000       3.0300000   9.9051791e-17       1.0000000
      0.00000       3.0310000   9.4268404e-17       1.0000000
      0.00000       3.0320000   8.9717480e-17       1.0000000
      0.00000       3.0330000   8.5387650e-17       1.0000000
      0.00000       3.0340000   8.1268107e-17       1.0000000
      0.00000       3.0350000   7.7348572e-17       1.0000000
      0.00000       3.0360000   7.3619273e-17       1.0000000
      0.00000       3.0370000   7.0070920e-17       1.0000000
      0.00000       3.0380000   6.6694678e-17       1.0000000
      0.00000       3.0390000   6.3482146e-17       1.0000000
      0.00000       3.0400000   6.0425335e-17       1.0000000
      0.00000       3.0410000   5.7516651e-17       1.0000000
      0.00000       3.0420000   5.4748869e-17       1.0000000
      0.00000       3.0430000   5.2115122e-17       1.0000000
      0.00000       3.0440000   4.9608877e-17       1.0000000
      0.00000       3.0450000   4.7223923e-17       1.0000000
      0.00000       3.0460000   4.4954354e-17       1.0000000
      0.00000       3.0470000   4.2794551e-17       1.0000000
      0.00000       3.0480000   4.0739173e-17       1.0000000
      0.00000       3.0490000   3.8783139e-17       1.0000000
      0.00000       3.0500000   3.6921617e-17       1.0000000
      0.00000       3.0510000   3.5150011e-17       1.0000000
      0.00000       3.0520000   3.3463951e-17       1.0000000
      0.00000       3.0530000   3.1859281e-17       1.0000000
      0.00000       3.0540000   3.0332046e-17       1.0000000
      0.00000       3.0550000   2.8878486e-17       1.0000000
      0.00000       3.0560000   2.7495025e-17       1.0000000
      0.00000       3.0570000   2.6178261e-17       1.0000000
      0.00000       3.0580000   2.4924959e-17       1.0000000
      0.00000       3.0590000   2.3732039e-17       1.0000000
      0.00000       3.0600000   2.2596576e-17       1.0000000
      0.00000       3.0610000   2.1515784e-17       1.0000000
      0.00000       3.0620000   2.0487014e-17       1.0000000
      0.00000       3.0630000   1.9507746e-17       1.0000000
      0.00000       3.0640000   1.8575584e-17       1.0000000
      0.00000       3.0650000   1.7688246e-17       1.0000000
      0.00000       3.0660000   1.6843566e-17       1.0000000
      0.00000       3.0670000   1.6039477e-17       1.0000000
      0.00000       3.0680000   1.5274019e-17       1.0000000
      0.00000       3.0690000   1.4545322e-17       1.0000000
      0.00000       3.0700000   1.3851611e-17       1.0000000
      0.00000       3.0710000   1.3191195e-17       1.0000000
      0.00000       3.0720000   1.2562466e-17       1.0000000
      0.00000       3.0730000   1.1963894e-17       1.0000000
      0.00000       3.0740000   1.1394024e-17       1.0000000
      0.00000       3.0750000   1.0851470e-17       1.0000000
      0.00000       3.0760000   1.0334916e-17       1.0000000
      0.00000       3.0770000   9.8431062e-18       1.0000000
      0.00000       3.0780000   9.3748491e-18       1.0000000
      0.00000       3.0790000   8.9290093e-18       1.0000000
      0.00000       3.0800000   8.5045068e-18       1.0000000
      0.00000       3.0810000   8.1003141e-18       1.0000000
      0.00000       3.0820000   7.7154534e-18       1.0000000
      0.00000       3.0830000   7.3489941e-18       1.0000000
      0.00000       3.0840000   7.0000510e-18       1.0000000
      0.00000       3.0850000   6.6677814e-18       1.0000000
      0.00000       3.0860000   6.3513837e-18       1.0000000
      0.00000       3.0870000   6.0500949e-18       1.0000000
      0.00000       3.0880000   5.7631890e-18       1.0000000
      0.00000       3.0890000   5.4899750e-18       1.0000000
      0.00000       3.0900000   5.2297954e-18       1.0000000
      0.00000       3.0910000   4.9820244e-18       1.0000000
      0.00000       3.0920000   4.7460665e-18       1.0000000
      0.00000       3.0930000   4.5213550e-18       1.0000000
      0.00000       3.0940000   4.3073504e-18       1.0000000
      0.00000       3.0950000   4.1035394e-18       1.0000000
      0.00000       3.0960000   3.9094333e-18       1.0000000
      0.00000       3.0970000   3.7245671e-18       1.0000000
      0.00000       3.0980000   3.5484983e-18       1.0000000
      0.00000       3.0990000   3.3808054e-18       1.0000000
      0.00000       3.1000000   3.2210876e-18       1.0000000
      0.00000       3.1010000   3.0689632e-18       1.0000000
      0.00000       3.1020000   2.9240688e-18       1.0000000
      0.00000       3.1030000   2.7860588e-18       1.0000000
      0.00000       3.1040000   2.6546039e-18       1.0000000
      0.00000       3.1050000   2.5293908e-18       1.0000000
      0.00000       3.1060000   2.4101213e-18       1.0000000
      0.00000       3.1070000   2.2965115e-18       1.0000000
      0.00000       3.1080000   2.1882911e-18       1.0000000
      0.00000       3.1090000   2.0852028e-18       1.0000000
      0.00000       3.1100000   1.9870018e-18       1.0000000
      0.00000       3.1110000   1.8934548e-18       1.0000000
      0.00000       3.1120000   1.8043399e-18       1.0000000
      0.00000       3.1130000   1.7194459e-18       1.0000000
      0.00000       3.1140000   1.6385714e-18       1.0000000
      0.00000       3.1150000   1.5615251e-18       1.0000000
      0.00000       3.1160000   1.4881245e-18       1.0000000
      0.00000       3.1170000   1.4181960e-18       1.0000000
      0.00000       3.1180000   1.3515745e-18       1.0000000
      0.00000       3.1190000   1.2881024e-18       1.0000000
      0.00000       3.1200000   1.2276300e-18       1.0000000
      0.00000       3.1210000   1.1700147e-18       1.0000000
      0.00000       3.1220000   1.1151205e-18       1.0000000
      0.00000       3.1230000   1.0628182e-18       1.0000000
      0.00000       3.1240000   1.0129846e-18       1.0000000
      0.00000       3.1250000   9.6550240e-19       1.0000000
      0.00000       3.1260000   9.2026002e-19       1.0000000
      0.00000       3.1270000   8.7715112e-19       1.0000000
      0.00000       3.1280000   8.3607445e-19       1.0000000
      0.00000       3.1290000   7.9693360e-19       1.0000000
      0.00000       3.1300000   7.5963677e-19       1.0000000
      0.00000       3.1310000   7.2409653e-19       1.0000000
      0.00000       3.1320000   6.9022963e-19       1.0000000
      0.00000       3.1330000   6.5795680e-19       1.0000000
      0.00000       3.1340000   6.2720251e-19       1.0000000
      0.00000       3.1350000   5.9789488e-19       1.0000000
      0.00000       3.1360000   5.6996542e-19       1.0000000
      0.00000       3.1370000   5.4334892e-19       1.0000000
      0.00000       3.1380000   5.1798326e-19       1.0000000
      0.00000       3.1390000   4.9380929e-19       1.0000000
      0.00000       3.1400000   4.7077067e-19       1.0000000
      0.00000       3.1410000   4.4881375e-19       1.0000000
      0.00000       3.1420000   4.2788741e-19       1.0000000
      0.00000       3.1430000   4.0794297e-19       1.0000000
      0.00000       3.1440000   3.8893408e-19       1.0000000
      0.00000       3.1450000   3.7081658e-19       1.0000000
      0.00000       3.1460000   3.5354839e-19       1.0000000
      0.00000       3.1470000   3.3708946e-19       1.0000000
      0.00000       3.1480000   3.2140162e-19       1.0000000
      0.00000       3.1490000   3.0644851e-19       1.0000000
      0.00000       3.1500000   2.9219551e-19       1.0000000
      0.00000       3.1510000   2.7860964e-19       1.0000000
      0.00000       3.1520000   2.6565946e-19       1.0000000
      0.00000       3.1530000   2.5331505e-19       1.0000000
      0.00000       3.1540000   2.4154790e-19       1.0000000
      0.00000       3.1550000   2.3033083e-19       1.0000000
      0.00000       3.1560000   2.1963797e-19       1.0000000
      0.00000       3.1570000   2.0944468e-19       1.0000000
      0.00000       3.1580000   1.9972745e-19       1.0000000
      0.00000       3.1590000   1.9046392e-19       1.0000000
      0.00000       3.1600000   1.8163277e-19       1.0000000
      0.00000       3.1610000   1.7321370e-19       1.0000000
      0.00000       3.1620000   1.6518734e-19       1.0000000
      0.00000       3.1630000   1.5753528e-19       1.0000000
      0.00000       3.1640000   1.5023993e-19       1.0000000
      0.00000       3.1650000   1.4328458e-19       1.0000000
      0.00000       3.1660000   1.3665327e-19       1.0000000
      0.00000       3.1670000   1.3033081e-19       1.0000000
      0.00000       3.1680000   1.2430273e-19       1.0000000
      0.00000       3.1690000   1.1855523e-19       1.0000000
      0.00000       3.1700000   1.1307518e-19       1.0000000
      0.00000       3.1710000   1.0785004e-19       1.0000000
      0.00000       3.1720000   1.0286789e-19       1.0000000
      0.00000       3.1730000   9.8117346e-20       1.0000000
      0.00000       3.1740000   9.3587586e-20       1.0000000
      0.00000       3.1750000   8.9268280e-20       1.0000000
      0.00000       3.1760000   8.5149587e-20       1.0000000
      0.00000       3.1770000   8.1222132e-20       1.0000000
      0.00000       3.1780000   7.7476979e-20       1.0000000
      0.00000       3.1790000   7.3905613e-20       1.0000000
      0.00000       3.1800000   7.0499918e-20       1.0000000
      0.00000       3.1810000   6.7252161e-20       1.0000000
      0.00000       3.1820000   6.4154971e-20       1.0000000
      0.00000       3.1830000   6.1201324e-20       1.0000000
      0.00000       3.1840000   5.8384525e-20       1.0000000
      0.00000       3.1850000   5.5698193e-20       1.0000000
      0.00000       3.1860000   5.3136249e-20       1.0000000
      0.00000       3.1870000   5.0692894e-20       1.0000000
      0.00000       3.1880000   4.8362607e-20       1.0000000
      0.00000       3.1890000   4.6140120e-20       1.0000000
      0.00000       3.1900000   4.4020417e-20       1.0000000
      0.00000       3.1910000   4.1998713e-20       1.0000000
      0.00000       3.1920000   4.0070449e-20       1.0000000
      0.00000       3.1930000   3.8231279e-20       1.0000000
      0.00000       3.1940000   3.6477061e-20       1.0000000
      0.00000       3.1950000   3.4803846e-20       1.0000000
      0.00000       3.1960000   3.3207869e-20       1.0000000
      0.00000       3.1970000   3.1685544e-20       1.0000000
      0.00000       3.1980000   3.0233449e-20       1.0000000
      0.00000       3.1990000   2.8848325e-20       1.0000000
      0.00000       3.2000000   2.7527062e-20       1.0000000
      0.00000       3.2010000   2.6266698e-20       1.0000000
      0.00000       3.2020000   2.5064409e-20       1.0000000
      0.00000       3.2030000   2.3917502e-20       1.0000000
      0.00000       3.2040000   2.2823408e-20       1.0000000
      0.00000       3.2050000   2.1779682e-20       1.0000000
      0.00000       3.2060000   2.0783989e-20       1.0000000
      0.00000       3.2070000   1.9834106e-20       1.0000000
      0.00000       3.2080000   1.8927910e-20       1.0000000
      0.00000       3.2090000   1.8063381e-20       1.0000000
      0.00000       3.2100000   1.7238590e-20       1.0000000
      0.00000       3.2110000   1.6451700e-20       1.0000000
      0.00000       3.2120000   1.5700957e-20       1.0000000
      0.00000       3.2130000   1.4984690e-20       1.0000000
      0.00000       3.2140000   1.4301308e-20       1.0000000
      0.00000       3.2150000   1.3649289e-20       1.0000000
      0.00000       3.2160000   1.3027186e-20       1.0000000
      0.00000       3.2170000   1.2433617e-20       1.0000000
      0.00000       3.2180000   1.1867265e-20       1.0000000
      0.00000       3.2190000   1.1326875e-20       1.0000000
      0.00000       3.2200000   1.0811249e-20       1.0000000
      0.00000       3.2210000   1.0319244e-20       1.0000000
      0.00000       3.2220000   9.8497724e-21       1.0000000
      0.00000       3.2230000   9.4017951e-21       1.0000000
      0.00000       3.2240000   8.9743218e-21       1.0000000
      0.00000       3.2250000   8.5664082e-21       1.0000000
      0.00000       3.2260000   8.1771535e-21       1.0000000
      0.00000       3.2270000   7.8056990e-21       1.0000000
      0.00000       3.2280000   7.4512254e-21       1.0000000
      0.00000       3.2290000   7.1129517e-21       1.0000000
      0.00000       3.2300000   6.7901327e-21       1.0000000
      0.00000       3.2310000   6.4820579e-21       1.0000000
      0.00000       3.2320000   6.1880497e-21       1.0000000
      0.00000       3.2330000   5.9074617e-21       1.0000000
      0.00000       3.2340000   5.6396776e-21       1.0000000
      0.00000       3.2350000   5.3841092e-21       1.0000000
      0.00000       3.2360000   5.1401959e-21       1.0000000
      0.00000       3.2370000   4.9074027e-21       1.0000000
      0.00000       3.2380000   4.6852196e-21       1.0000000
      0.00000       3.2390000   4.4731597e-21       1.0000000
      0.00000       3.2400000   4.2707591e-21       1.0000000
      0.00000       3.2410000   4.0775750e-21       1.0000000
      0.00000       3.2420000   3.8931849e-21       1.0000000
      0.00000       3.2430000   3.7171861e-21       1.0000000
      0.00000       3.2440000   3.5491943e-21       1.0000000
      0.00000       3.2450000   3.3888429e-21       1.0000000
      0.00000       3.2460000   3.2357822e-21       1.0000000
      0.00000       3.2470000   3.0896787e-21       1.0000000
      0.00000       3.2480000   2.9502140e-21       1.0000000
      0.00000       3.2490000   2.8170847e-21       1.0000000
      0.00000       3.2500000   2.6900011e-21       1.0000000
      0.00000       3.2510000   2.5686870e-21       1.0000000
      0.00000       3.2520000   2.4528787e-21       1.0000000
      0.00000       3.2530000   2.3423248e-21       1.0000000
      0.00000       3.2540000   2.2367854e-21       1.0000000
      0.00000       3.2550000   2.1360316e-21       1.0000000
      0.00000       3.2560000   2.0398450e-21       1.0000000
      0.00000       3.2570000   1.9480174e-21       1.0000000
      0.00000       3.2580000   1.8603498e-21       1.0000000
      0.00000       3.2590000   1.7766527e-21       1.0000000
      0.00000       3.2600000   1.6967451e-21       1.0000000
      0.00000       3.2610000   1.6204543e-21       1.0000000
      0.00000       3.2620000   1.5476156e-21       1.0000000
      0.00000       3.2630000   1.4780718e-21       1.0000000
      0.00000       3.2640000   1.4116730e-21       1.0000000
      0.00000       3.2650000   1.3482759e-21       1.0000000
      0.00000       3.2660000   1.2877440e-21       1.0000000
      0.00000       3.2670000   1.2299471e-21       1.0000000
      0.00000       3.2680000   1.1747608e-21       1.0000000
      0.00000       3.2690000   1.1220663e-21       1.0000000
      0.00000       3.2700000   1.0717505e-21       1.0000000
      0.00000       3.2710000   1.0237054e-21       1.0000000
      0.00000       3.2720000   9.7782775e-22       1.0000000
      0.00000       3.2730000   9.3401922e-22       1.0000000
      0.00000       3.2740000   8.9218589e-22       1.0000000
      0.00000       3.2750000   8.5223813e-22       1.0000000
      0.00000       3.2760000   8.1409042e-22       1.0000000
      0.00000       3.2770000   7.7766115e-22       1.0000000
      0.00000       3.2780000   7.4287240e-22       1.0000000
      0.00000       3.2790000   7.0964984e-22       1.0000000
      0.00000       3.2800000   6.7792251e-22       1.0000000
      0.00000       3.2810000   6.4762268e-22       1.0000000
      0.00000       3.2820000   6.1868573e-22       1.0000000
      0.00000       3.2830000   5.9104997e-22       1.0000000
      0.00000       3.2840000   5.6465651e-22       1.0000000
      0.00000       3.2850000   5.3944916e-22       1.0000000
      0.00000       3.2860000   5.1537428e-22       1.0000000
      0.00000       3.2870000   4.9238067e-22       1.0000000
      0.00000       3.2880000   4.7041946e-22       1.0000000
      0.00000       3.2890000   4.4944400e-22       1.0000000
      0.00000       3.2900000   4.2940977e-22       1.0000000
      0.00000       3.2910000   4.1027425e-22       1.0000000
      0.00000       3.2920000   3.9199690e-22       1.0000000
      0.00000       3.2930000   3.7453896e-22       1.0000000
      0.00000       3.2940000   3.5786348e-22       1.0000000
      0.00000       3.2950000   3.4193517e-22       1.0000000
      0.00000       3.2960000   3.2672033e-22       1.0000000
      0.00000       3.2970000   3.1218680e-22       1.0000000
      0.00000       3.2980000   2.9830389e-22       1.0000000
      0.00000       3.2990000   2.8504228e-22       1.0000000
      0.00000       3.3000000   2.7237399e-22       1.0000000
      0.00000       3.3010000   2.6027231e-22       1.0000000
      0.00000       3.3020000   2.4871173e-22       1.0000000
      0.00000       3.3030000   2.3766791e-22       1.0000000
      0.00000       3.3040000   2.2711761e-22       1.0000000
      0.00000       3.3050000   2.1703863e-22       1.0000000
      0.00000       3.3060000   2.0740978e-22       1.0000000
      0.00000       3.3070000   1.9821083e-22       1.0000000
      0.00000       3.3080000   1.8942246e-22       1.0000000
      0.00000       3.3090000   1.8102624e-22       1.0000000
      0.00000       3.3100000   1.7300456e-22       1.0000000
      0.00000       3.3110000   1.6534060e-22       1.0000000
      0.00000       3.3120000   1.5801830e-22       1.0000000
      0.00000       3.3130000   1.5102235e-22       1.0000000
      0.00000       3.3140000   1.4433810e-22       1.0000000
      0.00000       3.3150000   1.3795159e-22       1.0000000
      0.00000       3.3160000   1.3184945e-22       1.0000000
      0.00000       3.3170000   1.2601896e-22       1.0000000
      0.00000       3.3180000   1.2044793e-22       1.0000000
      0.00000       3.3190000   1.1512476e-22       1.0000000
      0.00000       3.3200000   1.1003835e-22       1.0000000
      0.00000       3.3210000   1.0517809e-22       1.0000000
      0.00000       3.3220000   1.0053387e-22       1.0000000
      0.00000       3.3230000   9.6096024e-23       1.0000000
      0.00000       3.3240000   9.1855326e-23       1.0000000
      0.00000       3.3250000   8.7802961e-23       1.0000000
      0.00000       3.3260000   8.3930513e-23       1.0000000
      0.00000       3.3270000   8.0229942e-23       1.0000000
      0.00000       3.3280000   7.6693572e-23       1.0000000
      0.00000       3.3290000   7.3314071e-23       1.0000000
      0.00000       3.3300000   7.0084436e-23       1.0000000
      0.00000       3.3310000   6.6997980e-23       1.0000000
      0.00000       3.3320000   6.4048314e-23       1.0000000
      0.00000       3.3330000   6.1229338e-23       1.0000000
      0.00000       3.3340000   5.8535224e-23       1.0000000
      0.00000       3.3350000   5.5960408e-23       1.0000000
      0.00000       3.3360000   5.3499573e-23       1.0000000
      0.00000       3.3370000   5.1147641e-23       1.0000000
      0.00000       3.3380000   4.8899763e-23       1.0000000
      0.00000       3.3390000   4.6751306e-23       1.0000000
      0.00000       3.3400000   4.4697845e-23       1.0000000
      0.00000       3.3410000   4.2735153e-23       1.0000000
      0.00000       3.3420000   4.0859192e-23       1.0000000
      0.00000       3.3430000   3.9066106e-23       1.0000000
      0.00000       3.3440000   3.7352209e-23       1.0000000
      0.00000       3.3450000   3.5713984e-23       1.0000000
      0.00000       3.3460000   3.4148066e-23       1.0000000
      0.00000       3.3470000   3.2651246e-23       1.0000000
      0.00000       3.3480000   3.1220454e-23       1.0000000
      0.00000       3.3490000   2.9852759e-23       1.0000000
      0.00000       3.3500000   2.8545362e-23       1.0000000
      0.00000       3.3510000   2.7295587e-23       1.0000000
      0.00000       3.3520000   2.6100878e-23       1.0000000
      0.00000       3.3530000   2.4958794e-23       1.0000000
      0.00000       3.3540000   2.3867002e-23       1.0000000
      0.00000       3.3550000   2.2823273e-23       1.0000000
      0.00000       3.3560000   2.1825479e-23       1.0000000
      0.00000       3.3570000   2.0871585e-23       1.0000000
      0.00000       3.3580000   1.9959646e-23       1.0000000
      0.00000       3.3590000   1.9087807e-23       1.0000000
      0.00000       3.3600000   1.8254292e-23       1.0000000
      0.00000       3.3610000   1.7457407e-23       1.0000000
      0.00000       3.3620000   1.6695531e-23       1.0000000
      0.00000       3.3630000   1.5967117e-23       1.0000000
      0.00000       3.3640000   1.5270686e-23       1.0000000
      0.00000       3.3650000   1.4604824e-23       1.0000000
      0.00000       3.3660000   1.3968181e-23       1.0000000
      0.00000       3.3670000   1.3359468e-23       1.0000000
      0.00000       3.3680000   1.2777450e-23       1.0000000
      0.00000       3.3690000   1.2220950e-23       1.0000000
      0.00000       3.3700000   1.1688842e-23       1.0000000
      0.00000       3.3710000   1.1180050e-23       1.0000000
      0.00000       3.3720000   1.0693545e-23       1.0000000
      0.00000       3.3730000   1.0228346e-23       1.0000000
      0.00000       3.3740000   9.7835140e-24       1.0000000
      0.00000       3.3750000   9.3581507e-24       1.0000000
      0.00000       3.3760000   8.9513990e-24       1.0000000
      0.00000       3.3770000   8.5624395e-24       1.0000000
      0.00000       3.3780000   8.1904889e-24       1.0000000
      0.00000       3.3790000   7.8347987e-24       1.0000000
      0.00000       3.3800000   7.4946537e-24       1.0000000
      0.00000       3.3810000   7.1693700e-24       1.0000000
      0.00000       3.3820000   6.8582943e-24       1.0000000
      0.00000       3.3830000   6.5608022e-24       1.0000000
      0.00000       3.3840000   6.2762965e-24       1.0000000
      0.00000       3.3850000   6.0042070e-24       1.0000000
      0.00000       3.3860000   5.7439883e-24       1.0000000
      0.00000       3.3870000   5.4951191e-24       1.0000000
      0.00000       3.3880000   5.2571015e-24       1.0000000
      0.00000       3.3890000   5.0294591e-24       1.0000000
      0.00000       3.3900000   4.8117370e-24       1.0000000
      0.00000       3.3910000   4.6035000e-24       1.0000000
      0.00000       3.3920000   4.4043322e-24       1.0000000
      0.00000       3.3930000   4.2138363e-24       1.0000000
      0.00000       3.3940000   4.0316323e-24       1.0000000
      0.00000       3.3950000   3.8573568e-24       1.0000000
      0.00000       3.3960000   3.6906629e-24       1.0000000
      0.00000       3.3970000   3.5312184e-24       1.0000000
      0.00000       3.3980000   3.3787062e-24       1.0000000
      0.00000       3.3990000   3.2328230e-24       1.0000000
      0.00000       3.4000000   3.0932787e-24       1.0000000
      0.00000       3.4010000   2.9597963e-24       1.0000000
      0.00000       3.4020000   2.8321107e-24       1.0000000
      0.00000       3.4030000   2.7099685e-24       1.0000000
      0.00000       3.4040000   2.5931277e-24       1.0000000
      0.00000       3.4050000   2.4813565e-24       1.0000000
      0.00000       3.4060000   2.3744338e-24       1.0000000
      0.00000       3.4070000   2.2721478e-24       1.0000000
      0.00000       3.4080000   2.1742961e-24       1.0000000
      0.00000       3.4090000   2.0806854e-24       1.0000000
      0.00000       3.4100000   1.9911307e-24       1.0000000
      0.00000       3.4110000   1.9054550e-24       1.0000000
      0.00000       3.4120000   1.8234894e-24       1.0000000
      0.00000       3.4130000   1.7450721e-24       1.0000000
      0.00000       3.4140000   1.6700485e-24       1.0000000
      0.00000       3.4150000   1.5982710e-24       1.0000000
      0.00000       3.4160000   1.5295980e-24       1.0000000
      0.00000       3.4170000   1.4638945e-24       1.0000000
      0.00000       3.4180000   1.4010313e-24       1.0000000
      0.00000       3.4190000   1.3408849e-24       1.0000000
      0.00000       3.4200000   1.2833370e-24       1.0000000
      0.00000       3.4210000   1.2282746e-24       1.0000000
      0.00000       3.4220000   1.1755899e-24       1.0000000
      0.00000       3.4230000   1.1251793e-24       1.0000000
      0.00000       3.4240000   1.0769442e-24       1.0000000
      0.00000       3.4250000   1.0307901e-24       1.0000000
      0.00000       3.4260000   9.8662659e-25       1.0000000
      0.00000       3.4270000   9.4436731e-25       1.0000000
      0.00000       3.4280000   9.0392963e-25       1.0000000
      0.00000       3.4290000   8.6523453e-25       1.0000000
      0.00000       3.4300000   8.2820644e-25       1.0000000
      0.00000       3.4310000   7.9277309e-25       1.0000000
      0.00000       3.4320000   7.5886537e-25       1.0000000
      0.00000       3.4330000   7.2641716e-25       1.0000000
      0.00000       3.4340000   6.9536525e-25       1.0000000
      0.00000       3.4350000   6.6564918e-25       1.0000000
      0.00000       3.4360000   6.3721110e-25       1.0000000
      0.00000       3.4370000   6.0999572e-25       1.0000000
      0.00000       3.4380000   5.8395013e-25       1.0000000
      0.00000       3.4390000   5.5902372e-25       1.0000000
      0.00000       3.4400000   5.3516811e-25       1.0000000
      0.00000       3.4410000   5.1233699e-25       1.0000000
      0.00000       3.4420000   4.9048611e-25       1.0000000
      0.00000       3.4430000   4.6957309e-25       1.0000000
      0.00000       3.4440000   4.4955744e-25       1.0000000
      0.00000       3.4450000   4.3040041e-25       1.0000000
      0.00000       3.4460000   4.1206492e-25       1.0000000
      0.00000       3.4470000   3.9451553e-25       1.0000000
      0.00000       3.4480000   3.7771831e-25       1.0000000
      0.00000       3.4490000   3.6164083e-25       1.0000000
      0.00000       3.4500000   3.4625205e-25       1.0000000
      0.00000       3.4510000   3.3152228e-25       1.0000000
      0.00000       3.4520000   3.1742312e-25       1.0000000
      0.00000       3.4530000   3.0392740e-25       1.0000000
      0.00000       3.4540000   2.9100914e-25       1.0000000
      0.00000       3.4550000   2.7864346e-25       1.0000000
      0.00000       3.4560000   2.6680658e-25       1.0000000
      0.00000       3.4570000   2.5547575e-25       1.0000000
      0.00000       3.4580000   2.4462919e-25       1.0000000
      0.00000       3.4590000   2.3424607e-25       1.0000000
      0.00000       3.4600000   2.2430646e-25       1.0000000
      0.00000       3.4610000   2.1479131e-25       1.0000000
      0.00000       3.4620000   2.0568238e-25       1.0000000
      0.00000       3.4630000   1.9696220e-25       1.0000000
      0.00000       3.4640000   1.8861408e-25       1.0000000
      0.00000       3.4650000   1.8062205e-25       1.0000000
      0.00000       3.4660000   1.7297082e-25       1.0000000
      0.00000       3.4670000   1.6564577e-25       1.0000000
      0.00000       3.4680000   1.5863291e-25       1.0000000
      0.00000       3.4690000   1.5191884e-25       1.0000000
      0.00000       3.4700000   1.4549075e-25       1.0000000
      0.00000       3.4710000   1.3933639e-25       1.0000000
      0.00000       3.4720000   1.3344403e-25       1.0000000
      0.00000       3.4730000   1.2780243e-25       1.0000000
      0.00000       3.4740000   1.2240087e-25       1.0000000
      0.00000       3.4750000   1.1722906e-25       1.0000000
      0.00000       3.4760000   1.1227717e-25       1.0000000
      0.00000       3.4770000   1.0753578e-25       1.0000000
      0.00000       3.4780000   1.0299591e-25       1.0000000
      0.00000       3.4790000   9.8648911e-26       1.0000000
      0.00000       3.4800000   9.4486556e-26       1.0000000
      0.00000       3.4810000   9.0500946e-26       1.0000000
      0.00000       3.4820000   8.6684529e-26       1.0000000
      0.00000       3.4830000   8.3030077e-26       1.0000000
      0.00000       3.4840000   7.9530673e-26       1.0000000
      0.00000       3.4850000   7.6179698e-26       1.0000000
      0.00000       3.4860000   7.2970814e-26       1.0000000
      0.00000       3.4870000   6.9897960e-26       1.0000000
      0.00000       3.4880000   6.6955332e-26       1.0000000
      0.00000       3.4890000   6.4137377e-26       1.0000000
      0.00000       3.4900000   6.1438778e-26       1.0000000
      0.00000       3.4910000   5.8854448e-26       1.0000000
      0.00000       3.4920000   5.6379517e-26       1.0000000
      0.00000       3.4930000   5.4009327e-26       1.0000000
      0.00000       3.4940000   5.1739415e-26       1.0000000
      0.00000       3.4950000   4.9565512e-26       1.0000000
      0.00000       3.4960000   4.7483532e-26       1.0000000
      0.00000       3.4970000   4.5489563e-26       1.0000000
      0.00000       3.4980000   4.3579861e-26       1.0000000
      0.00000       3.4990000   4.1750842e-26       1.0000000
      0.00000       3.5000000   3.9999076e-26       1.0000000
      0.00000       3.5010000   3.8321279e-26       1.0000000
      0.00000       3.5020000   3.6714308e-26       1.0000000
      0.00000       3.5030000   3.5175154e-26       1.0000000
      0.00000       3.5040000   3.3700938e-26       1.0000000
      0.00000       3.5050000   3.2288901e-26       1.0000000
      0.00000       3.5060000   3.0936405e-26       1.0000000
      0.00000       3.5070000   2.9640923e-26       1.0000000
      0.00000       3.5080000   2.8400037e-26       1.0000000
      0.00000       3.5090000   2.7211431e-26       1.0000000
      0.00000       3.5100000   2.6072888e-26       1.0000000
      0.00000       3.5110000   2.4982287e-26       1.0000000
      0.00000       3.5120000   2.3937596e-26       1.0000000
      0.00000       3.5130000   2.2936869e-26       1.0000000
      0.00000       3.5140000   2.1978246e-26       1.0000000
      0.00000       3.5150000   2.1059944e-26       1.0000000
      0.00000       3.5160000   2.0180255e-26       1.0000000
      0.00000       3.5170000   1.9337546e-26       1.0000000
      0.00000       3.5180000   1.8530253e-26       1.0000000
      0.00000       3.5190000   1.7756877e-26       1.0000000
      0.00000       3.5200000   1.7015985e-26       1.0000000
      0.00000       3.5210000   1.6306203e-26       1.0000000
      0.00000       3.5220000   1.5626217e-26       1.0000000
      0.00000       3.5230000   1.4974769e-26       1.0000000
      0.00000       3.5240000   1.4350653e-26       1.0000000
      0.00000       3.5250000   1.3752714e-26       1.0000000
      0.00000       3.5260000   1.3179848e-26       1.0000000
      0.00000       3.5270000   1.2630998e-26       1.0000000
      0.00000       3.5280000   1.2105149e-26       1.0000000
      0.00000       3.5290000   1.1601332e-26       1.0000000
      0.00000       3.5300000   1.1118618e-26       1.0000000
      0.00000       3.5310000   1.0656117e-26       1.0000000
      0.00000       3.5320000   1.0212977e-26       1.0000000
      0.00000       3.5330000   9.7883839e-27       1.0000000
      0.00000       3.5340000   9.3815551e-27       1.0000000
      0.00000       3.5350000   8.9917431e-27       1.0000000
      0.00000       3.5360000   8.6182316e-27       1.0000000
      0.00000       3.5370000   8.2603346e-27       1.0000000
      0.00000       3.5380000   7.9173952e-27       1.0000000
      0.00000       3.5390000   7.5887844e-27       1.0000000
      0.00000       3.5400000   7.2738997e-27       1.0000000
      0.00000       3.5410000   6.9721640e-27       1.0000000
      0.00000       3.5420000   6.6830249e-27       1.0000000
      0.00000       3.5430000   6.4059532e-27       1.0000000
      0.00000       3.5440000   6.1404419e-27       1.0000000
      0.00000       3.5450000   5.8860057e-27       1.0000000
      0.00000       3.5460000   5.6421798e-27       1.0000000
      0.00000       3.5470000   5.4085187e-27       1.0000000
      0.00000       3.5480000   5.1845962e-27       1.0000000
      0.00000       3.5490000   4.9700036e-27       1.0000000
      0.00000       3.5500000   4.7643499e-27       1.0000000
      0.00000       3.5510000   4.5672603e-27       1.0000000
      0.00000       3.5520000   4.3783759e-27       1.0000000
      0.00000       3.5530000   4.1973529e-27       1.0000000
      0.00000       3.5540000   4.0238621e-27       1.0000000
      0.00000       3.5550000   3.8575881e-27       1.0000000
      0.00000       3.5560000   3.6982287e-27       1.0000000
      0.00000       3.5570000   3.5454946e-27       1.0000000
      0.00000       3.5580000   3.3991087e-27       1.0000000
      0.00000       3.5590000   3.2588053e-27       1.0000000
      0.00000       3.5600000   3.1243301e-27       1.0000000
      0.00000       3.5610000   2.9954395e-27       1.0000000
      0.00000       3.5620000   2.8719002e-27       1.0000000
      0.00000       3.5630000   2.7534884e-27       1.0000000
      0.00000       3.5640000   2.6399901e-27       1.0000000
      0.00000       3.5650000   2.5312001e-27       1.0000000
      0.00000       3.5660000   2.4269218e-27       1.0000000
      0.00000       3.5670000   2.3269669e-27       1.0000000
      0.00000       3.5680000   2.2311551e-27       1.0000000
      0.00000       3.5690000   2.1393134e-27       1.0000000
      0.00000       3.5700000   2.0512764e-27       1.0000000
      0.00000       3.5710000   1.9668855e-27       1.0000000
      0.00000       3.5720000   1.8859887e-27       1.0000000
      0.00000       3.5730000   1.8084403e-27       1.0000000
      0.00000       3.5740000   1.7341010e-27       1.0000000
      0.00000       3.5750000   1.6628370e-27       1.0000000
      0.00000       3.5760000   1.5945204e-27       1.0000000
      0.00000       3.5770000   1.5290285e-27       1.0000000
      0.00000       3.5780000   1.4662438e-27       1.0000000
      0.00000       3.5790000   1.4060535e-27       1.0000000
      0.00000       3.5800000   1.3483499e-27       1.0000000
      0.00000       3.5810000   1.2930296e-27       1.0000000
      0.00000       3.5820000   1.2399934e-27       1.0000000
      0.00000       3.5830000   1.1891466e-27       1.0000000
      0.00000       3.5840000   1.1403980e-27       1.0000000
      0.00000       3.5850000   1.0936607e-27       1.0000000
      0.00000       3.5860000   1.0488511e-27       1.0000000
      0.00000       3.5870000   1.0058891e-27       1.0000000
      0.00000       3.5880000   9.6469817e-28       1.0000000
      0.00000       3.5890000   9.2520476e-28       1.0000000
      0.00000       3.5900000   8.8733850e-28       1.0000000
      0.00000       3.5910000   8.5103190e-28       1.0000000
      0.00000       3.5920000   8.1622033e-28       1.0000000
      0.00000       3.5930000   7.8284184e-28       1.0000000
      0.00000       3.5940000   7.5083705e-28       1.0000000
      0.00000       3.5950000   7.2014907e-28       1.0000000
      0.00000       3.5960000   6.9072337e-28       1.0000000
      0.00000       3.5970000   6.6250771e-28       1.0000000
      0.00000       3.5980000   6.3545201e-28       1.0000000
      0.00000       3.5990000   6.0950828e-28       1.0000000
      0.00000       3.6000000   5.8463053e-28       1.0000000
      0.00000       3.6010000   5.6077469e-28       1.0000000
      0.00000       3.6020000   5.3789850e-28       1.0000000
      0.00000       3.6030000   5.1596149e-28       1.0000000
      0.00000       3.6040000   4.9492485e-28       1.0000000
      0.00000       3.6050000   4.7475140e-28       1.0000000
      0.00000       3.6060000   4.5540548e-28       1.0000000
      0.00000       3.6070000   4.3685294e-28       1.0000000
      0.00000       3.6080000   4.1906103e-28       1.0000000
      0.00000       3.6090000   4.0199838e-28       1.0000000
      0.00000       3.6100000   3.8563489e-28       1.0000000
      0.00000       3.6110000   3.6994175e-28       1.0000000
      0.00000       3.6120000   3.5489131e-28       1.0000000
      0.00000       3.6130000   3.4045708e-28       1.0000000
      0.00000       3.6140000   3.2661368e-28       1.0000000
      0.00000       3.6150000   3.1333677e-28       1.0000000
      0.00000       3.6160000   3.0060302e-28       1.0000000
      0.00000       3.6170000   2.8839007e-28       1.0000000
      0.00000       3.6180000   2.7667647e-28       1.0000000
      0.00000       3.6190000   2.6544170e-28       1.0000000
      0.00000       3.6200000   2.5466604e-28       1.0000000
      0.00000       3.6210000   2.4433061e-28       1.0000000
      0.00000       3.6220000   2.3441733e-28       1.0000000
      0.00000       3.6230000   2.2490883e-28       1.0000000
      0.00000       3.6240000   2.1578848e-28       1.0000000
      0.00000       3.6250000   2.0704034e-28       1.0000000
      0.00000       3.6260000   1.9864912e-28       1.0000000
      0.00000       3.6270000   1.9060017e-28       1.0000000
      0.00000       3.6280000   1.8287943e-28       1.0000000
      0.00000       3.6290000   1.7547344e-28       1.0000000
      0.00000       3.6300000   1.6836928e-28       1.0000000
      0.00000       3.6310000   1.6155458e-28       1.0000000
      0.00000       3.6320000   1.5501747e-28       1.0000000
      0.00000       3.6330000   1.4874656e-28       1.0000000
      0.00000       3.6340000   1.4273095e-28       1.0000000
      0.00000       3.6350000   1.3696018e-28       1.0000000
      0.00000       3.6360000   1.3142423e-28       1.0000000
      0.00000       3.6370000   1.2611346e-28       1.0000000
      0.00000       3.6380000   1.2101868e-28       1.0000000
      0.00000       3.6390000   1.1613103e-28       1.0000000
      0.00000       3.6400000   1.1144204e-28       1.0000000
      0.00000       3.6410000   1.0694359e-28       1.0000000
      0.00000       3.6420000   1.0262789e-28       1.0000000
      0.00000       3.6430000   9.8487457e-29       1.0000000
      0.00000       3.6440000   9.4515136e-29       1.0000000
      0.00000       3.6450000   9.0704057e-29       1.0000000
      0.00000       3.6460000   8.7047632e-29       1.0000000
      0.00000       3.6470000   8.3539546e-29       1.0000000
      0.00000       3.6480000   8.0173743e-29       1.0000000
      0.00000       3.6490000   7.6944415e-29       1.0000000
      0.00000       3.6500000   7.3845994e-29       1.0000000
      0.00000       3.6510000   7.0873139e-29       1.0000000
      0.00000       3.6520000   6.8020729e-29       1.0000000
      0.00000       3.6530000   6.5283853e-29       1.0000000
      0.00000       3.6540000   6.2657802e-29       1.0000000
      0.00000       3.6550000   6.0138060e-29       1.0000000
      0.00000       3.6560000   5.7720296e-29       1.0000000
      0.00000       3.6570000   5.5400356e-29       1.0000000
      0.00000       3.6580000   5.3174258e-29       1.0000000
      0.00000       3.6590000   5.1038181e-29       1.0000000
      0.00000       3.6600000   4.8988461e-29       1.0000000
      0.00000       3.6610000   4.7021586e-29       1.0000000
      0.00000       3.6620000   4.5134186e-29       1.0000000
      0.00000       3.6630000   4.3323029e-29       1.0000000
      0.00000       3.6640000   4.1585015e-29       1.0000000
      0.00000       3.6650000   3.9917172e-29       1.0000000
      0.00000       3.6660000   3.8316649e-29       1.0000000
      0.00000       3.6670000   3.6780711e-29       1.0000000
      0.00000       3.6680000   3.5306735e-29       1.0000000
      0.00000       3.6690000   3.3892207e-29       1.0000000
      0.00000       3.6700000   3.2534712e-29       1.0000000
      0.00000       3.6710000   3.1231938e-29       1.0000000
      0.00000       3.6720000   2.9981664e-29       1.0000000
      0.00000       3.6730000   2.8781761e-29       1.0000000
      0.00000       3.6740000   2.7630186e-29       1.0000000
      0.00000       3.6750000   2.6524982e-29       1.0000000
      0.00000       3.6760000   2.5464268e-29       1.0000000
      0.00000       3.6770000   2.4446243e-29       1.0000000
      0.00000       3.6780000   2.3469178e-29       1.0000000
      0.00000       3.6790000   2.2531413e-29       1.0000000
      0.00000       3.6800000   2.1631359e-29       1.0000000
      0.00000       3.6810000   2.0767489e-29       1.0000000
      0.00000       3.6820000   1.9938339e-29       1.0000000
      0.00000       3.6830000   1.9142506e-29       1.0000000
      0.00000       3.6840000   1.8378640e-29       1.0000000
      0.00000       3.6850000   1.7645452e-29       1.0000000
      0.00000       3.6860000   1.6941700e-29       1.0000000
      0.00000       3.6870000   1.6266195e-29       1.0000000
      0.00000       3.6880000   1.5617796e-29       1.0000000
      0.00000       3.6890000   1.4995409e-29       1.0000000
      0.00000       3.6900000   1.4397984e-29       1.0000000
      0.00000       3.6910000   1.3824513e-29       1.0000000
      0.00000       3.6920000   1.3274029e-29       1.0000000
      0.00000       3.6930000   1.2745605e-29       1.0000000
      0.00000       3.6940000   1.2238352e-29       1.0000000
      0.00000       3.6950000   1.1751416e-29       1.0000000
      0.00000       3.6960000   1.1283978e-29       1.0000000
      0.00000       3.6970000   1.0835252e-29       1.0000000
      0.00000       3.6980000   1.0404485e-29       1.0000000
      0.00000       3.6990000   9.9909529e-30       1.0000000
      0.00000       3.7000000   9.5939621e-30       1.0000000
      0.00000       3.7010000   9.2128467e-30       1.0000000
      0.00000       3.7020000   8.8469678e-30       1.0000000
      0.00000       3.7030000   8.4957124e-30       1.0000000
      0.00000       3.7040000   8.1584923e-30       1.0000000
      0.00000       3.7050000   7.8347431e-30       1.0000000
      0.00000       3.7060000   7.5239233e-30       1.0000000
      0.00000       3.7070000   7.2255133e-30       1.0000000
      0.00000       3.7080000   6.9390144e-30       1.0000000
      0.00000       3.7090000   6.6639482e-30       1.0000000
      0.00000       3.7100000   6.3998555e-30       1.0000000
      0.00000       3.7110000   6.1462958e-30       1.0000000
      0.00000       3.7120000   5.9028463e-30       1.0000000
      0.00000       3.7130000   5.6691014e-30       1.0000000
      0.00000       3.7140000   5.4446717e-30       1.0000000
      0.00000       3.7150000   5.2291837e-30       1.0000000
      0.00000       3.7160000   5.0222787e-30       1.0000000
      0.00000       3.7170000   4.8236129e-30       1.0000000
      0.00000       3.7180000   4.6328559e-30       1.0000000
      0.00000       3.7190000   4.4496910e-30       1.0000000
      0.00000       3.7200000   4.2738141e-30       1.0000000
      0.00000       3.7210000   4.1049333e-30       1.0000000
      0.00000       3.7220000   3.9427686e-30       1.0000000
      0.00000       3.7230000   3.7870512e-30       1.0000000
      0.00000       3.7240000   3.6375231e-30       1.0000000
      0.00000       3.7250000   3.4939368e-30       1.0000000
      0.00000       3.7260000   3.3560547e-30       1.0000000
      0.00000       3.7270000   3.2236486e-30       1.0000000
      0.00000       3.7280000   3.0964998e-30       1.0000000
      0.00000       3.7290000   2.9743982e-30       1.0000000
      0.00000       3.7300000   2.8571421e-30       1.0000000
      0.00000       3.7310000   2.7445380e-30       1.0000000
      0.00000       3.7320000   2.6364003e-30       1.0000000
      0.00000       3.7330000   2.5325505e-30       1.0000000
      0.00000       3.7340000   2.4328177e-30       1.0000000
      0.00000       3.7350000   2.3370375e-30       1.0000000
      0.00000       3.7360000   2.2450524e-30       1.0000000
      0.00000       3.7370000   2.1567109e-30       1.0000000
      0.00000       3.7380000   2.0718679e-30       1.0000000
      0.00000       3.7390000   1.9903838e-30       1.0000000
      0.00000       3.7400000   1.9121250e-30       1.0000000
      0.00000       3.7410000   1.8369629e-30       1.0000000
      0.00000       3.7420000   1.7647742e-30       1.0000000
      0.00000       3.7430000   1.6954405e-30       1.0000000
      0.00000       3.7440000   1.6288482e-30       1.0000000
      0.00000       3.7450000   1.5648882e-30       1.0000000
      0.00000       3.7460000   1.5034558e-30       1.0000000
      0.00000       3.7470000   1.4444504e-30       1.0000000
      0.00000       3.7480000   1.3877757e-30       1.0000000
      0.00000       3.7490000   1.3333389e-30       1.0000000
      0.00000       3.7500000   1.2810511e-30       1.0000000
      0.00000       3.7510000   1.2308269e-30       1.0000000
      0.00000       3.7520000   1.1825844e-30       1.0000000
      0.00000       3.7530000   1.1362449e-30       1.0000000
      0.00000       3.7540000   1.0917328e-30       1.0000000
      0.00000       3.7550000   1.0489757e-30       1.0000000
      0.00000       3.7560000   1.0079038e-30       1.0000000
      0.00000       3.7570000   9.6845033e-31       1.0000000
      0.00000       3.7580000   9.3055114e-31       1.0000000
      0.00000       3.7590000   8.9414459e-31       1.0000000
      0.00000       3.7600000   8.5917152e-31       1.0000000
      0.00000       3.7610000   8.2557512e-31       1.0000000
      0.00000       3.7620000   7.9330086e-31       1.0000000
      0.00000       3.7630000   7.6229639e-31       1.0000000
      0.00000       3.7640000   7.3251141e-31       1.0000000
      0.00000       3.7650000   7.0389767e-31       1.0000000
      0.00000       3.7660000   6.7640881e-31       1.0000000
      0.00000       3.7670000   6.5000033e-31       1.0000000
      0.00000       3.7680000   6.2462950e-31       1.0000000
      0.00000       3.7690000   6.0025528e-31       1.0000000
      0.00000       3.7700000   5.7683829e-31       1.0000000
      0.00000       3.7710000   5.5434068e-31       1.0000000
      0.00000       3.7720000   5.3272613e-31       1.0000000
      0.00000       3.7730000   5.1195976e-31       1.0000000
      0.00000       3.7740000   4.9200808e-31       1.0000000
      0.00000       3.7750000   4.7283892e-31       1.0000000
      0.00000       3.7760000   4.5442139e-31       1.0000000
      0.00000       3.7770000   4.3672584e-31       1.0000000
      0.00000       3.7780000   4.1972378e-31       1.0000000
      0.00000       3.7790000   4.0338786e-31       1.0000000
      0.00000       3.7800000   3.8769182e-31       1.0000000
      0.00000       3.7810000   3.7261043e-31       1.0000000
      0.00000       3.7820000   3.5811947e-31       1.0000000
      0.00000       3.7830000   3.4419568e-31       1.0000000
      0.00000       3.7840000   3.3081672e-31       1.0000000
      0.00000       3.7850000   3.1796113e-31       1.0000000
      0.00000       3.7860000   3.0560831e-31       1.0000000
      0.00000       3.7870000   2.9373848e-31       1.0000000
      0.00000       3.7880000   2.8233262e-31       1.0000000
      0.00000       3.7890000   2.7137249e-31       1.0000000
      0.00000       3.7900000   2.6084055e-31       1.0000000
      0.00000       3.7910000   2.5071998e-31       1.0000000
      0.00000       3.7920000   2.4099460e-31       1.0000000
      0.00000       3.7930000   2.3164888e-31       1.0000000
      0.00000       3.7940000   2.2266791e-31       1.0000000
      0.00000       3.7950000   2.1403735e-31       1.0000000
      0.00000       3.7960000   2.0574346e-31       1.0000000
      0.00000       3.7970000   1.9777302e-31       1.0000000
      0.00000       3.7980000   1.9011332e-31       1.0000000
      0.00000       3.7990000   1.8275218e-31       1.0000000
      0.00000       3.8000000   1.7567789e-31       1.0000000
      0.00000       3.8010000   1.6887920e-31       1.0000000
      0.00000       3.8020000   1.6234530e-31       1.0000000
      0.00000       3.8030000   1.5606582e-31       1.0000000
      0.00000       3.8040000   1.5003078e-31       1.0000000
      0.00000       3.8050000   1.4423061e-31       1.0000000
      0.00000       3.8060000   1.3865611e-31       1.0000000
      0.00000       3.8070000   1.3329845e-31       1.0000000
      0.00000       3.8080000   1.2814913e-31       1.0000000
      0.00000       3.8090000   1.2320000e-31       1.0000000
      0.00000       3.8100000   1.1844323e-31       1.0000000
      0.00000       3.8110000   1.1387130e-31       1.0000000
      0.00000       3.8120000   1.0947698e-31       1.0000000
      0.00000       3.8130000   1.0525332e-31       1.0000000
      0.00000       3.8140000   1.0119366e-31       1.0000000
      0.00000       3.8150000   9.7291582e-32       1.0000000
      0.00000       3.8160000   9.3540935e-32       1.0000000
      0.00000       3.8170000   8.9935803e-32       1.0000000
      0.00000       3.8180000   8.6470506e-32       1.0000000
      0.00000       3.8190000   8.3139585e-32       1.0000000
      0.00000       3.8200000   7.9937797e-32       1.0000000
      0.00000       3.8210000   7.6860102e-32       1.0000000
      0.00000       3.8220000   7.3901661e-32       1.0000000
      0.00000       3.8230000   7.1057824e-32       1.0000000
      0.00000       3.8240000   6.8324123e-32       1.0000000
      0.00000       3.8250000   6.5696266e-32       1.0000000
      0.00000       3.8260000   6.3170128e-32       1.0000000
      0.00000       3.8270000   6.0741747e-32       1.0000000
      0.00000       3.8280000   5.8407315e-32       1.0000000
      0.00000       3.8290000   5.6163176e-32       1.0000000
      0.00000       3.8300000   5.4005814e-32       1.0000000
      0.00000       3.8310000   5.1931852e-32       1.0000000
      0.00000       3.8320000   4.9938046e-32       1.0000000
      0.00000       3.8330000   4.8021279e-32       1.0000000
      0.00000       3.8340000   4.6178554e-32       1.0000000
      0.00000       3.8350000   4.4406993e-32       1.0000000
      0.00000       3.8360000   4.2703831e-32       1.0000000
      0.00000       3.8370000   4.1066409e-32       1.0000000
      0.00000       3.8380000   3.9492175e-32       1.0000000
      0.00000       3.8390000   3.7978674e-32       1.0000000
      0.00000       3.8400000   3.6523548e-32       1.0000000
      0.00000       3.8410000   3.5124531e-32       1.0000000
      0.00000       3.8420000   3.3779447e-32       1.0000000
      0.00000       3.8430000   3.2486202e-32       1.0000000
      0.00000       3.8440000   3.1242786e-32       1.0000000
      0.00000       3.8450000   3.0047268e-32       1.0000000
      0.00000       3.8460000   2.8897790e-32       1.0000000
      0.00000       3.8470000   2.7792567e-32       1.0000000
      0.00000       3.8480000   2.6729886e-32       1.0000000
      0.00000       3.8490000   2.5708098e-32       1.0000000
      0.00000       3.8500000   2.4725620e-32       1.0000000
      0.00000       3.8510000   2.3780929e-32       1.0000000
      0.00000       3.8520000   2.2872563e-32       1.0000000
      0.00000       3.8530000   2.1999117e-32       1.0000000
      0.00000       3.8540000   2.1159240e-32       1.0000000
      0.00000       3.8550000   2.0351632e-32       1.0000000
      0.00000       3.8560000   1.9575048e-32       1.0000000
      0.00000       3.8570000   1.8828286e-32       1.0000000
      0.00000       3.8580000   1.8110194e-32       1.0000000
      0.00000       3.8590000   1.7419666e-32       1.0000000
      0.00000       3.8600000   1.6755636e-32       1.0000000
      0.00000       3.8610000   1.6117080e-32       1.0000000
      0.00000       3.8620000   1.5503016e-32       1.0000000
      0.00000       3.8630000   1.4912498e-32       1.0000000
      0.00000       3.8640000   1.4344617e-32       1.0000000
      0.00000       3.8650000   1.3798500e-32       1.0000000
      0.00000       3.8660000   1.3273307e-32       1.0000000
      0.00000       3.8670000   1.2768233e-32       1.0000000
      0.00000       3.8680000   1.2282501e-32       1.0000000
      0.00000       3.8690000   1.1815365e-32       1.0000000
      0.00000       3.8700000   1.1366110e-32       1.0000000
      0.00000       3.8710000   1.0934046e-32       1.0000000
      0.00000       3.8720000   1.0518512e-32       1.0000000
      0.00000       3.8730000   1.0118871e-32       1.0000000
      0.00000       3.8740000   9.7345113e-33       1.0000000
      0.00000       3.8750000   9.3648448e-33       1.0000000
      0.00000       3.8760000   9.0093063e-33       1.0000000
      0.00000       3.8770000   8.6673525e-33       1.0000000
      0.00000       3.8780000   8.3384609e-33       1.0000000
      0.00000       3.8790000   8.0221295e-33       1.0000000
      0.00000       3.8800000   7.7178755e-33       1.0000000
      0.00000       3.8810000   7.4252349e-33       1.0000000
      0.00000       3.8820000   7.1437616e-33       1.0000000
      0.00000       3.8830000   6.8730266e-33       1.0000000
      0.00000       3.8840000   6.6126178e-33       1.0000000
      0.00000       3.8850000   6.3621388e-33       1.0000000
      0.00000       3.8860000   6.1212085e-33       1.0000000
      0.00000       3.8870000   5.8894605e-33       1.0000000
      0.00000       3.8880000   5.6665428e-33       1.0000000
      0.00000       3.8890000   5.4521166e-33       1.0000000
      0.00000       3.8900000   5.2458566e-33       1.0000000
      0.00000       3.8910000   5.0474496e-33       1.0000000
      0.00000       3.8920000   4.8565948e-33       1.0000000
      0.00000       3.8930000   4.6730029e-33       1.0000000
      0.00000       3.8940000   4.4963958e-33       1.0000000
      0.00000       3.8950000   4.3265060e-33       1.0000000
      0.00000       3.8960000   4.1630764e-33       1.0000000
      0.00000       3.8970000   4.0058598e-33       1.0000000
      0.00000       3.8980000   3.8546184e-33       1.0000000
      0.00000       3.8990000   3.7091238e-33       1.0000000
      0.00000       3.9000000   3.5691562e-33       1.0000000
      0.00000       3.9010000   3.4345043e-33       1.0000000
      0.00000       3.9020000   3.3049649e-33       1.0000000
      0.00000       3.9030000   3.1803427e-33       1.0000000
      0.00000       3.9040000   3.0604498e-33       1.0000000
      0.00000       3.9050000   2.9451056e-33       1.0000000
      0.00000       3.9060000   2.8341365e-33       1.0000000
      0.00000       3.9070000   2.7273754e-33       1.0000000
      0.00000       3.9080000   2.6246618e-33       1.0000000
      0.00000       3.9090000   2.5258412e-33       1.0000000
      0.00000       3.9100000   2.4307651e-33       1.0000000
      0.00000       3.9110000   2.3392908e-33       1.0000000
      0.00000       3.9120000   2.2512809e-33       1.0000000
      0.00000       3.9130000   2.1666034e-33       1.0000000
      0.00000       3.9140000   2.0851313e-33       1.0000000
      0.00000       3.9150000   2.0067425e-33       1.0000000
      0.00000       3.9160000   1.9313196e-33       1.0000000
      0.00000       3.9170000   1.8587496e-33       1.0000000
      0.00000       3.9180000   1.7889239e-33       1.0000000
      0.00000       3.9190000   1.7217381e-33       1.0000000
      0.00000       3.9200000   1.6570918e-33       1.0000000
      0.00000       3.9210000   1.5948883e-33       1.0000000
      0.00000       3.9220000   1.5350347e-33       1.0000000
      0.00000       3.9230000   1.4774418e-33       1.0000000
      0.00000       3.9240000   1.4220236e-33       1.0000000
      0.00000       3.9250000   1.3686974e-33       1.0000000
      0.00000       3.9260000   1.3173838e-33       1.0000000
      0.00000       3.9270000   1.2680063e-33       1.0000000
      0.00000       3.9280000   1.2204915e-33       1.0000000
      0.00000       3.9290000   1.1747685e-33       1.0000000
      0.00000       3.9300000   1.1307694e-33       1.0000000
      0.00000       3.9310000   1.0884288e-33       1.0000000
      0.00000       3.9320000   1.0476838e-33       1.0000000
      0.00000       3.9330000   1.0084739e-33       1.0000000
      0.00000       3.9340000   9.7074077e-34       1.0000000
      0.00000       3.9350000   9.3442856e-34       1.0000000
      0.00000       3.9360000   8.9948339e-34       1.0000000
      0.00000       3.9370000   8.6585345e-34       1.0000000
      0.00000       3.9380000   8.3348894e-34       1.0000000
      0.00000       3.9390000   8.0234193e-34       1.0000000
      0.00000       3.9400000   7.7236633e-34       1.0000000
      0.00000       3.9410000   7.4351782e-34       1.0000000
      0.00000       3.9420000   7.1575373e-34       1.0000000
      0.00000       3.9430000   6.8903304e-34       1.0000000
      0.00000       3.9440000   6.6331630e-34       1.0000000
      0.00000       3.9450000   6.3856554e-34       1.0000000
      0.00000       3.9460000   6.1474425e-34       1.0000000
      0.00000       3.9470000   5.9181729e-34       1.0000000
      0.00000       3.9480000   5.6975089e-34       1.0000000
      0.00000       3.9490000   5.4851253e-34       1.0000000
      0.00000       3.9500000   5.2807094e-34       1.0000000
      0.00000       3.9510000   5.0839604e-34       1.0000000
      0.00000       3.9520000   4.8945889e-34       1.0000000
      0.00000       3.9530000   4.7123166e-34       1.0000000
      0.00000       3.9540000   4.5368755e-34       1.0000000
      0.00000       3.9550000   4.3680081e-34       1.0000000
      0.00000       3.9560000   4.2054664e-34       1.0000000
      0.00000       3.9570000   4.0490121e-34       1.0000000
      0.00000       3.9580000   3.8984155e-34       1.0000000
      0.00000       3.9590000   3.7534562e-34       1.0000000
      0.00000       3.9600000   3.6139215e-34       1.0000000
      0.00000       3.9610000   3.4796074e-34       1.0000000
      0.00000       3.9620000   3.3503172e-34       1.0000000
      0.00000       3.9630000   3.2258618e-34       1.0000000
      0.00000       3.9640000   3.1060593e-34       1.0000000
      0.00000       3.9650000   2.9907345e-34       1.0000000
      0.00000       3.9660000   2.8797191e-34       1.0000000
      0.00000       3.9670000   2.7728510e-34       1.0000000
      0.00000       3.9680000   2.6699743e-34       1.0000000
      0.00000       3.9690000   2.5709390e-34       1.0000000
      0.00000       3.9700000   2.4756007e-34       1.0000000
      0.00000       3.9710000   2.3838205e-34       1.0000000
      0.00000       3.9720000   2.2954648e-34       1.0000000
      0.00000       3.9730000   2.2104050e-34       1.0000000
      0.00000       3.9740000   2.1285173e-34       1.0000000
      0.00000       3.9750000   2.0496828e-34       1.0000000
      0.00000       3.9760000   1.9737868e-34       1.0000000
      0.00000       3.9770000   1.9007192e-34       1.0000000
      0.00000       3.9780000   1.8303738e-34       1.0000000
      0.00000       3.9790000   1.7626486e-34       1.0000000
      0.00000       3.9800000   1.6974453e-34       1.0000000
      0.00000       3.9810000   1.6346695e-34       1.0000000
      0.00000       3.9820000   1.5742303e-34       1.0000000
      0.00000       3.9830000   1.5160400e-34       1.0000000
      0.00000       3.9840000   1.4600144e-34       1.0000000
      0.00000       3.9850000   1.4060726e-34       1.0000000
      0.00000       3.9860000   1.3541365e-34       1.0000000
      0.00000       3.9870000   1.3041311e-34       1.0000000
      0.00000       3.9880000   1.2559842e-34       1.0000000
      0.00000       3.9890000   1.2096261e-34       1.0000000
      0.00000       3.9900000   1.1649902e-34       1.0000000
      0.00000       3.9910000   1.1220118e-34       1.0000000
      0.00000       3.9920000   1.0806292e-34       1.0000000
      0.00000       3.9930000   1.0407827e-34       1.0000000
      0.00000       3.9940000   1.0024149e-34       1.0000000
      0.00000       3.9950000   9.6547062e-35       1.0000000
      0.00000       3.9960000   9.2989664e-35       1.0000000
      0.00000       3.9970000   8.9564183e-35       1.0000000
      0.00000       3.9980000   8.6265698e-35       1.0000000
      0.00000       3.9990000   8.3089470e-35       1.0000000
      0.00000       4.0000000   8.0030939e-35       1.0000000
      0.00000       4.0010000   7.7085715e-35       1.0000000
      0.00000       4.0020000   7.4249574e-35       1.0000000
      0.00000       4.0030000   7.1518450e-35       1.0000000
      0.00000       4.0040000   6.8888430e-35       1.0000000
      0.00000       4.0050000   6.6355748e-35       1.0000000
      0.00000       4.0060000   6.3916777e-35       1.0000000
      0.00000       4.0070000   6.1568028e-35       1.0000000
      0.00000       4.0080000   5.9306143e-35       1.0000000
      0.00000       4.0090000   5.7127888e-35       1.0000000
      0.00000       4.0100000   5.5030153e-35       1.0000000
      0.00000       4.0110000   5.3009940e-35       1.0000000
      0.00000       4.0120000   5.1064368e-35       1.0000000
      0.00000       4.0130000   4.9190660e-35       1.0000000
      0.00000       4.0140000   4.7386146e-35       1.0000000
      0.00000       4.0150000   4.5648254e-35       1.0000000
      0.00000       4.0160000   4.3974508e-35       1.0000000
      0.00000       4.0170000   4.2362526e-35       1.0000000
      0.00000       4.0180000   4.0810014e-35       1.0000000
      0.00000       4.0190000   3.9314765e-35       1.0000000
      0.00000       4.0200000   3.7874652e-35       1.0000000
      0.00000       4.0210000   3.6487629e-35       1.0000000
      0.00000       4.0220000   3.5151727e-35       1.0000000
      0.00000       4.0230000   3.3865050e-35       1.0000000
      0.00000       4.0240000   3.2625772e-35       1.0000000
      0.00000       4.0250000   3.1432137e-35       1.0000000
      0.00000       4.0260000   3.0282451e-35       1.0000000
      0.00000       4.0270000   2.9175088e-35       1.0000000
      0.00000       4.0280000   2.8108478e-35       1.0000000
      0.00000       4.0290000   2.7081112e-35       1.0000000
      0.00000       4.0300000   2.6091539e-35       1.0000000
      0.00000       4.0310000   2.5138357e-35       1.0000000
      0.00000       4.0320000   2.4220221e-35       1.0000000
      0.00000       4.0330000   2.3335833e-35       1.0000000
      0.00000       4.0340000   2.2483946e-35       1.0000000
      0.00000       4.0350000   2.1663357e-35       1.0000000
      0.00000       4.0360000   2.0872909e-35       1.0000000
      0.00000       4.0370000   2.0111488e-35       1.0000000
      0.00000       4.0380000   1.9378021e-35       1.0000000
      0.00000       4.0390000   1.8671475e-35       1.0000000
      0.00000       4.0400000   1.7990857e-35       1.0000000
      0.00000       4.0410000   1.7335207e-35       1.0000000
      0.00000       4.0420000   1.6703606e-35       1.0000000
      0.00000       4.0430000   1.6095164e-35       1.0000000
      0.00000       4.0440000   1.5509028e-35       1.0000000
      0.00000       4.0450000   1.4944374e-35       1.0000000
      0.00000       4.0460000   1.4400410e-35       1.0000000
      0.00000       4.0470000   1.3876373e-35       1.0000000
      0.00000       4.0480000   1.3371528e-35       1.0000000
      0.00000       4.0490000   1.2885168e-35       1.0000000
      0.00000       4.0500000   1.2416612e-35       1.0000000
      0.00000       4.0510000   1.1965205e-35       1.0000000
      0.00000       4.0520000   1.1530313e-35       1.0000000
      0.00000       4.0530000   1.1111330e-35       1.0000000
      0.00000       4.0540000   1.0707669e-35       1.0000000
      0.00000       4.0550000   1.0318768e-35       1.0000000
      0.00000       4.0560000   9.9440812e-36       1.0000000
      0.00000       4.0570000   9.5830875e-36       1.0000000
      0.00000       4.0580000   9.2352829e-36       1.0000000
      0.00000       4.0590000   8.9001825e-36       1.0000000
      0.00000       4.0600000   8.5773192e-36       1.0000000
      0.00000       4.0610000   8.2662433e-36       1.0000000
      0.00000       4.0620000   7.9665218e-36       1.0000000
      0.00000       4.0630000   7.6777375e-36       1.0000000
      0.00000       4.0640000   7.3994888e-36       1.0000000
      0.00000       4.0650000   7.1313889e-36       1.0000000
      0.00000       4.0660000   6.8730652e-36       1.0000000
      0.00000       4.0670000   6.6241590e-36       1.0000000
      0.00000       4.0680000   6.3843248e-36       1.0000000
      0.00000       4.0690000   6.1532298e-36       1.0000000
      0.00000       4.0700000   5.9305535e-36       1.0000000
      0.00000       4.0710000   5.7159873e-36       1.0000000
      0.00000       4.0720000   5.5092339e-36       1.0000000
      0.00000       4.0730000   5.3100070e-36       1.0000000
      0.00000       4.0740000   5.1180310e-36       1.0000000
      0.00000       4.0750000   4.9330401e-36       1.0000000
      0.00000       4.0760000   4.7547787e-36       1.0000000
      0.00000       4.0770000   4.5830004e-36       1.0000000
      0.00000       4.0780000   4.4174678e-36       1.0000000
      0.00000       4.0790000   4.2579525e-36       1.0000000
      0.00000       4.0800000   4.1042343e-36       1.0000000
      0.00000       4.0810000   3.9561012e-36       1.0000000
      0.00000       4.0820000   3.8133490e-36       1.0000000
      0.00000       4.0830000   3.6757809e-36       1.0000000
      0.00000       4.0840000   3.5432076e-36       1.0000000
      0.00000       4.0850000   3.4154464e-36       1.0000000
      0.00000       4.0860000   3.2923217e-36       1.0000000
      0.00000       4.0870000   3.1736641e-36       1.0000000
      0.00000       4.0880000   3.0593104e-36       1.0000000
      0.00000       4.0890000   2.9491036e-36       1.0000000
      0.00000       4.0900000   2.8428923e-36       1.0000000
      0.00000       4.0910000   2.7405308e-36       1.0000000
      0.00000       4.0920000   2.6418786e-36       1.0000000
      0.00000       4.0930000   2.5468004e-36       1.0000000
      0.00000       4.0940000   2.4551660e-36       1.0000000
      0.00000       4.0950000   2.3668498e-36       1.0000000
      0.00000       4.0960000   2.2817309e-36       1.0000000
      0.00000       4.0970000   2.1996927e-36       1.0000000
      0.00000       4.0980000   2.1206232e-36       1.0000000
      0.00000       4.0990000   2.0444141e-36       1.0000000
      0.00000       4.1000000   1.9709613e-36       1.0000000
      0.00000       4.1010000   1.9001646e-36       1.0000000
      0.00000       4.1020000   1.8319272e-36       1.0000000
      0.00000       4.1030000   1.7661560e-36       1.0000000
      0.00000       4.1040000   1.7027614e-36       1.0000000
      0.00000       4.1050000   1.6416569e-36       1.0000000
      0.00000       4.1060000   1.5827592e-36       1.0000000
      0.00000       4.1070000   1.5259882e-36       1.0000000
      0.00000       4.1080000   1.4712666e-36       1.0000000
      0.00000       4.1090000   1.4185199e-36       1.0000000
      0.00000       4.1100000   1.3676763e-36       1.0000000
      0.00000       4.1110000   1.3186669e-36       1.0000000
      0.00000       4.1120000   1.2714249e-36       1.0000000
      0.00000       4.1130000   1.2258863e-36       1.0000000
      0.00000       4.1140000   1.1819892e-36       1.0000000
      0.00000       4.1150000   1.1396741e-36       1.0000000
      0.00000       4.1160000   1.0988836e-36       1.0000000
      0.00000       4.1170000   1.0595625e-36       1.0000000
      0.00000       4.1180000   1.0216574e-36       1.0000000
      0.00000       4.1190000   9.8511701e-37       1.0000000
      0.00000       4.1200000   9.4989194e-37       1.0000000
      0.00000       4.1210000   9.1593453e-37       1.0000000
      0.00000       4.1220000   8.8319885e-37       1.0000000
      0.00000       4.1230000   8.5164066e-37       1.0000000
      0.00000       4.1240000   8.2121735e-37       1.0000000
      0.00000       4.1250000   7.9188784e-37       1.0000000
      0.00000       4.1260000   7.6361256e-37       1.0000000
      0.00000       4.1270000   7.3635337e-37       1.0000000
      0.00000       4.1280000   7.1007352e-37       1.0000000
      0.00000       4.1290000   6.8473760e-37       1.0000000
      0.00000       4.1300000   6.6031150e-37       1.0000000
      0.00000       4.1310000   6.3676233e-37       1.0000000
      0.00000       4.1320000   6.1405841e-37       1.0000000
      0.00000       4.1330000   5.9216920e-37       1.0000000
      0.00000       4.1340000   5.7106529e-37       1.0000000
      0.00000       4.1350000   5.5071832e-37       1.0000000
      0.00000       4.1360000   5.3110097e-37       1.0000000
      0.00000       4.1370000   5.1218691e-37       1.0000000
      0.00000       4.1380000   4.9395076e-37       1.0000000
      0.00000       4.1390000   4.7636808e-37       1.0000000
      0.00000       4.1400000   4.5941529e-37       1.0000000
      0.00000       4.1410000   4.4306968e-37       1.0000000
      0.00000       4.1420000   4.2730938e-37       1.0000000
      0.00000       4.1430000   4.1211328e-37       1.0000000
      0.00000       4.1440000   3.9746107e-37       1.0000000
      0.00000       4.1450000   3.8333315e-37       1.0000000
      0.00000       4.1460000   3.6971064e-37       1.0000000
      0.00000       4.1470000   3.5657534e-37       1.0000000
      0.00000       4.1480000   3.4390972e-37       1.0000000
      0.00000       4.1490000   3.3169688e-37       1.0000000
      0.00000       4.1500000   3.1992052e-37       1.0000000
      0.00000       4.1510000   3.0856496e-37       1.0000000
      0.00000       4.1520000   2.9761505e-37       1.0000000
      0.00000       4.1530000   2.8705621e-37       1.0000000
      0.00000       4.1540000   2.7687439e-37       1.0000000
      0.00000       4.1550000   2.6705603e-37       1.0000000
      0.00000       4.1560000   2.5758809e-37       1.0000000
      0.00000       4.1570000   2.4845797e-37       1.0000000
      0.00000       4.1580000   2.3965355e-37       1.0000000
      0.00000       4.1590000   2.3116312e-37       1.0000000
      0.00000       4.1600000   2.2297543e-37       1.0000000
      0.00000       4.1610000   2.1507961e-37       1.0000000
      0.00000       4.1620000   2.0746519e-37       1.0000000
      0.00000       4.1630000   2.0012207e-37       1.0000000
      0.00000       4.1640000   1.9304052e-37       1.0000000
      0.00000       4.1650000   1.8621118e-37       1.0000000
      0.00000       4.1660000   1.7962499e-37       1.0000000
      0.00000       4.1670000   1.7327326e-37       1.0000000
      0.00000       4.1680000   1.6714757e-37       1.0000000
      0.00000       4.1690000   1.6123983e-37       1.0000000
      0.00000       4.1700000   1.5554225e-37       1.0000000
      0.00000       4.1710000   1.5004728e-37       1.0000000
      0.00000       4.1720000   1.4474769e-37       1.0000000
      0.00000       4.1730000   1.3963648e-37       1.0000000
      0.00000       4.1740000   1.3470692e-37       1.0000000
      0.00000       4.1750000   1.2995250e-37       1.0000000
      0.00000       4.1760000   1.2536696e-37       1.0000000
      0.00000       4.1770000   1.2094428e-37       1.0000000
      0.00000       4.1780000   1.1667861e-37       1.0000000
      0.00000       4.1790000   1.1256437e-37       1.0000000
      0.00000       4.1800000   1.0859613e-37       1.0000000
      0.00000       4.1810000   1.0476868e-37       1.0000000
      0.00000       4.1820000   1.0107700e-37       1.0000000
      0.00000       4.1830000   9.7516234e-38       1.0000000
      0.00000       4.1840000   9.4081716e-38       1.0000000
      0.00000       4.1850000   9.0768939e-38       1.0000000
      0.00000       4.1860000   8.7573561e-38       1.0000000
      0.00000       4.1870000   8.4491394e-38       1.0000000
      0.00000       4.1880000   8.1518402e-38       1.0000000
      0.00000       4.1890000   7.8650693e-38       1.0000000
      0.00000       4.1900000   7.5884515e-38       1.0000000
      0.00000       4.1910000   7.3216251e-38       1.0000000
      0.00000       4.1920000   7.0642411e-38       1.0000000
      0.00000       4.1930000   6.8159634e-38       1.0000000
      0.00000       4.1940000   6.5764677e-38       1.0000000
      0.00000       4.1950000   6.3454414e-38       1.0000000
      0.00000       4.1960000   6.1225830e-38       1.0000000
      0.00000       4.1970000   5.9076020e-38       1.0000000
      0.00000       4.1980000   5.7002181e-38       1.0000000
      0.00000       4.1990000   5.5001611e-38       1.0000000
      0.00000       4.2000000   5.3071706e-38       1.0000000
      0.00000       4.2010000   5.1209953e-38       1.0000000
      0.00000       4.2020000   4.9413930e-38       1.0000000
      0.00000       4.2030000   4.7681302e-38       1.0000000
      0.00000       4.2040000   4.6009817e-38       1.0000000
      0.00000       4.2050000   4.4397303e-38       1.0000000
      0.00000       4.2060000   4.2841667e-38       1.0000000
      0.00000       4.2070000   4.1340889e-38       1.0000000
      0.00000       4.2080000   3.9893022e-38       1.0000000
      0.00000       4.2090000   3.8496190e-38       1.0000000
      0.00000       4.2100000   3.7148581e-38       1.0000000
      0.00000       4.2110000   3.5848451e-38       1.0000000
      0.00000       4.2120000   3.4594116e-38       1.0000000
      0.00000       4.2130000   3.3383951e-38       1.0000000
      0.00000       4.2140000   3.2216393e-38       1.0000000
      0.00000       4.2150000   3.1089932e-38       1.0000000
      0.00000       4.2160000   3.0003110e-38       1.0000000
      0.00000       4.2170000   2.8954526e-38       1.0000000
      0.00000       4.2180000   2.7942824e-38       1.0000000
      0.00000       4.2190000   2.6966700e-38       1.0000000
      0.00000       4.2200000   2.6024894e-38       1.0000000
      0.00000       4.2210000   2.5116192e-38       1.0000000
      0.00000       4.2220000   2.4239422e-38       1.0000000
      0.00000       4.2230000   2.3393457e-38       1.0000000
      0.00000       4.2240000   2.2577205e-38       1.0000000
      0.00000       4.2250000   2.1789618e-38       1.0000000
      0.00000       4.2260000   2.1029682e-38       1.0000000
      0.00000       4.2270000   2.0296420e-38       1.0000000
      0.00000       4.2280000   1.9588889e-38       1.0000000
      0.00000       4.2290000   1.8906182e-38       1.0000000
      0.00000       4.2300000   1.8247421e-38       1.0000000
      0.00000       4.2310000   1.7611762e-38       1.0000000
      0.00000       4.2320000   1.6998389e-38       1.0000000
      0.00000       4.2330000   1.6406515e-38       1.0000000
      0.00000       4.2340000   1.5835382e-38       1.0000000
      0.00000       4.2350000   1.5284260e-38       1.0000000
      0.00000       4.2360000   1.4752441e-38       1.0000000
      0.00000       4.2370000   1.4239247e-38       1.0000000
      0.00000       4.2380000   1.3744019e-38       1.0000000
      0.00000       4.2390000   1.3266126e-38       1.0000000
      0.00000       4.2400000   1.2804957e-38       1.0000000
      0.00000       4.2410000   1.2359922e-38       1.0000000
      0.00000       4.2420000   1.1930454e-38       1.0000000
      0.00000       4.2430000   1.1516005e-38       1.0000000
      0.00000       4.2440000   1.1116046e-38       1.0000000
      0.00000       4.2450000   1.0730067e-38       1.0000000
      0.00000       4.2460000   1.0357576e-38       1.0000000
      0.00000       4.2470000   9.9980996e-39       1.0000000
      0.00000       4.2480000   9.6511796e-39       1.0000000
      0.00000       4.2490000   9.3163747e-39       1.0000000
      0.00000       4.2500000   8.9932590e-39       1.0000000
      0.00000       4.2510000   8.6814219e-39       1.0000000
      0.00000       4.2520000   8.3804672e-39       1.0000000
      0.00000       4.2530000   8.0900127e-39       1.0000000
      0.00000       4.2540000   7.8096896e-39       1.0000000
      0.00000       4.2550000   7.5391424e-39       1.0000000
      0.00000       4.2560000   7.2780279e-39       1.0000000
      0.00000       4.2570000   7.0260152e-39       1.0000000
      0.00000       4.2580000   6.7827849e-39       1.0000000
      0.00000       4.2590000   6.5480291e-39       1.0000000
      0.00000       4.2600000   6.3214505e-39       1.0000000
      0.00000       4.2610000   6.1027626e-39       1.0000000
      0.00000       4.2620000   5.8916888e-39       1.0000000
      0.00000       4.2630000   5.6879623e-39       1.0000000
      0.00000       4.2640000   5.4913257e-39       1.0000000
      0.00000       4.2650000   5.3015307e-39       1.0000000
      0.00000       4.2660000   5.1183378e-39       1.0000000
      0.00000       4.2670000   4.9415157e-39       1.0000000
      0.00000       4.2680000   4.7708416e-39       1.0000000
      0.00000       4.2690000   4.6061003e-39       1.0000000
      0.00000       4.2700000   4.4470842e-39       1.0000000
      0.00000       4.2710000   4.2935932e-39       1.0000000
      0.00000       4.2720000   4.1454340e-39       1.0000000
      0.00000       4.2730000   4.0024202e-39       1.0000000
      0.00000       4.2740000   3.8643721e-39       1.0000000
      0.00000       4.2750000   3.7311160e-39       1.0000000
      0.00000       4.2760000   3.6024846e-39       1.0000000
      0.00000       4.2770000   3.4783163e-39       1.0000000
      0.00000       4.2780000   3.3584553e-39       1.0000000
      0.00000       4.2790000   3.2427513e-39       1.0000000
      0.00000       4.2800000   3.1310590e-39       1.0000000
      0.00000       4.2810000   3.0232387e-39       1.0000000
      0.00000       4.2820000   2.9191551e-39       1.0000000
      0.00000       4.2830000   2.8186779e-39       1.0000000
      0.00000       4.2840000   2.7216814e-39       1.0000000
      0.00000       4.2850000   2.6280442e-39       1.0000000
      0.00000       4.2860000   2.5376493e-39       1.0000000
      0.00000       4.2870000   2.4503836e-39       1.0000000
      0.00000       4.2880000   2.3661382e-39       1.0000000
      0.00000       4.2890000   2.2848078e-39       1.0000000
      0.00000       4.2900000   2.2062909e-39       1.0000000
      0.00000       4.2910000   2.1304897e-39       1.0000000
      0.00000       4.2920000   2.0573094e-39       1.0000000
      0.00000       4.2930000   1.9866590e-39       1.0000000
      0.00000       4.2940000   1.9184505e-39       1.0000000
      0.00000       4.2950000   1.8525988e-39       1.0000000
      0.00000       4.2960000   1.7890221e-39       1.0000000
      0.00000       4.2970000   1.7276412e-39       1.0000000
      0.00000       4.2980000   1.6683799e-39       1.0000000
      0.00000       4.2990000   1.6111643e-39       1.0000000
      0.00000       4.3000000   1.5559236e-39       1.0000000
      0.00000       4.3010000   1.5025891e-39       1.0000000
      0.00000       4.3020000   1.4510945e-39       1.0000000
      0.00000       4.3030000   1.4013761e-39       1.0000000
      0.00000       4.3040000   1.3533721e-39       1.0000000
      0.00000       4.3050000   1.3070230e-39       1.0000000
      0.00000       4.3060000   1.2622715e-39       1.0000000
      0.00000       4.3070000   1.2190621e-39       1.0000000
      0.00000       4.3080000   1.1773414e-39       1.0000000
      0.00000       4.3090000   1.1370577e-39       1.0000000
      0.00000       4.3100000   1.0981612e-39       1.0000000
      0.00000       4.3110000   1.0606038e-39       1.0000000
      0.00000       4.3120000   1.0243392e-39       1.0000000
      0.00000       4.3130000   9.8932250e-40       1.0000000
      0.00000       4.3140000   9.5551057e-40       1.0000000
      0.00000       4.3150000   9.2286166e-40       1.0000000
      0.00000       4.3160000   8.9133551e-40       1.0000000
      0.00000       4.3170000   8.6089327e-40       1.0000000
      0.00000       4.3180000   8.3149743e-40       1.0000000
      0.00000       4.3190000   8.0311179e-40       1.0000000
      0.00000       4.3200000   7.7570142e-40       1.0000000
      0.00000       4.3210000   7.4923259e-40       1.0000000
      0.00000       4.3220000   7.2367276e-40       1.0000000
      0.00000       4.3230000   6.9899051e-40       1.0000000
      0.00000       4.3240000   6.7515551e-40       1.0000000
      0.00000       4.3250000   6.5213850e-40       1.0000000
      0.00000       4.3260000   6.2991122e-40       1.0000000
      0.00000       4.3270000   6.0844641e-40       1.0000000
      0.00000       4.3280000   5.8771773e-40       1.0000000
      0.00000       4.3290000   5.6769980e-40       1.0000000
      0.00000       4.3300000   5.4836807e-40       1.0000000
      0.00000       4.3310000   5.2969887e-40       1.0000000
      0.00000       4.3320000   5.1166937e-40       1.0000000
      0.00000       4.3330000   4.9425748e-40       1.0000000
      0.00000       4.3340000   4.7744194e-40       1.0000000
      0.00000       4.3350000   4.6120217e-40       1.0000000
      0.00000       4.3360000   4.4551833e-40       1.0000000
      0.00000       4.3370000   4.3037129e-40       1.0000000
      0.00000       4.3380000   4.1574253e-40       1.0000000
      0.00000       4.3390000   4.0161423e-40       1.0000000
      0.00000       4.3400000   3.8796914e-40       1.0000000
      0.00000       4.3410000   3.7479064e-40       1.0000000
      0.00000       4.3420000   3.6206266e-40       1.0000000
      0.00000       4.3430000   3.4976972e-40       1.0000000
      0.00000       4.3440000   3.3789683e-40       1.0000000
      0.00000       4.3450000   3.2642957e-40       1.0000000
      0.00000       4.3460000   3.1535398e-40       1.0000000
      0.00000       4.3470000   3.0465659e-40       1.0000000
      0.00000       4.3480000   2.9432442e-40       1.0000000
      0.00000       4.3490000   2.8434491e-40       1.0000000
      0.00000       4.3500000   2.7470595e-40       1.0000000
      0.00000       4.3510000   2.6539584e-40       1.0000000
      0.00000       4.3520000   2.5640330e-40       1.0000000
      0.00000       4.3530000   2.4771741e-40       1.0000000
      0.00000       4.3540000   2.3932767e-40       1.0000000
      0.00000       4.3550000   2.3122389e-40       1.0000000
      0.00000       4.3560000   2.2339629e-40       1.0000000
      0.00000       4.3570000   2.1583537e-40       1.0000000
      0.00000       4.3580000   2.0853201e-40       1.0000000
      0.00000       4.3590000   2.0147736e-40       1.0000000
      0.00000       4.3600000   1.9466291e-40       1.0000000
      0.00000       4.3610000   1.8808043e-40       1.0000000
      0.00000       4.3620000   1.8172196e-40       1.0000000
      0.00000       4.3630000   1.7557985e-40       1.0000000
      0.00000       4.3640000   1.6964666e-40       1.0000000
      0.00000       4.3650000   1.6391527e-40       1.0000000
      0.00000       4.3660000   1.5837875e-40       1.0000000
      0.00000       4.3670000   1.5303044e-40       1.0000000
      0.00000       4.3680000   1.4786390e-40       1.0000000
      0.00000       4.3690000   1.4287291e-40       1.0000000
      0.00000       4.3700000   1.3805148e-40       1.0000000
      0.00000       4.3710000   1.3339380e-40       1.0000000
      0.00000       4.3720000   1.2889427e-40       1.0000000
      0.00000       4.3730000   1.2454750e-40       1.0000000
      0.00000       4.3740000   1.2034826e-40       1.0000000
      0.00000       4.3750000   1.1629151e-40       1.0000000
      0.00000       4.3760000   1.1237239e-40       1.0000000
      0.00000       4.3770000   1.0858620e-40       1.0000000
      0.00000       4.3780000   1.0492839e-40       1.0000000
      0.00000       4.3790000   1.0139460e-40       1.0000000
      0.00000       4.3800000   9.7980586e-41       1.0000000
      0.00000       4.3810000   9.4682264e-41       1.0000000
      0.00000       4.3820000   9.1495688e-41       1.0000000
      0.00000       4.3830000   8.8417048e-41       1.0000000
      0.00000       4.3840000   8.5442665e-41       1.0000000
      0.00000       4.3850000   8.2568987e-41       1.0000000
      0.00000       4.3860000   7.9792580e-41       1.0000000
      0.00000       4.3870000   7.7110132e-41       1.0000000
      0.00000       4.3880000   7.4518443e-41       1.0000000
      0.00000       4.3890000   7.2014423e-41       1.0000000
      0.00000       4.3900000   6.9595086e-41       1.0000000
      0.00000       4.3910000   6.7257550e-41       1.0000000
      0.00000       4.3920000   6.4999033e-41       1.0000000
      0.00000       4.3930000   6.2816845e-41       1.0000000
      0.00000       4.3940000   6.0708391e-41       1.0000000
      0.00000       4.3950000   5.8671163e-41       1.0000000
      0.00000       4.3960000   5.6702740e-41       1.0000000
      0.00000       4.3970000   5.4800783e-41       1.0000000
      0.00000       4.3980000   5.2963034e-41       1.0000000
      0.00000       4.3990000   5.1187311e-41       1.0000000
      0.00000       4.4000000   4.9471507e-41       1.0000000
      0.00000       4.4010000   4.7813587e-41       1.0000000
      0.00000       4.4020000   4.6211586e-41       1.0000000
      0.00000       4.4030000   4.4663607e-41       1.0000000
      0.00000       4.4040000   4.3167815e-41       1.0000000
      0.00000       4.4050000   4.1722440e-41       1.0000000
      0.00000       4.4060000   4.0325772e-41       1.0000000
      0.00000       4.4070000   3.8976159e-41       1.0000000
      0.00000       4.4080000   3.7672005e-41       1.0000000
      0.00000       4.4090000   3.6411770e-41       1.0000000
      0.00000       4.4100000   3.5193964e-41       1.0000000
      0.00000       4.4110000   3.4017151e-41       1.0000000
      0.00000       4.4120000   3.2879942e-41       1.0000000
      0.00000       4.4130000   3.1780995e-41       1.0000000
      0.00000       4.4140000   3.0719015e-41       1.0000000
      0.00000       4.4150000   2.9692750e-41       1.0000000
      0.00000       4.4160000   2.8700992e-41       1.0000000
      0.00000       4.4170000   2.7742572e-41       1.0000000
      0.00000       4.4180000   2.6816363e-41       1.0000000
      0.00000       4.4190000   2.5921276e-41       1.0000000
      0.00000       4.4200000   2.5056258e-41       1.0000000
      0.00000       4.4210000   2.4220292e-41       1.0000000
      0.00000       4.4220000   2.3412397e-41       1.0000000
      0.00000       4.4230000   2.2631623e-41       1.0000000
      0.00000       4.4240000   2.1877055e-41       1.0000000
      0.00000       4.4250000   2.1147808e-41       1.0000000
      0.00000       4.4260000   2.0443026e-41       1.0000000
      0.00000       4.4270000   1.9761882e-41       1.0000000
      0.00000       4.4280000   1.9103581e-41       1.0000000
      0.00000       4.4290000   1.8467349e-41       1.0000000
      0.00000       4.4300000   1.7852444e-41       1.0000000
      0.00000       4.4310000   1.7258145e-41       1.0000000
      0.00000       4.4320000   1.6683757e-41       1.0000000
      0.00000       4.4330000   1.6128609e-41       1.0000000
      0.00000       4.4340000   1.5592053e-41       1.0000000
      0.00000       4.4350000   1.5073461e-41       1.0000000
      0.00000       4.4360000   1.4572229e-41       1.0000000
      0.00000       4.4370000   1.4087772e-41       1.0000000
      0.00000       4.4380000   1.3619524e-41       1.0000000
      0.00000       4.4390000   1.3166940e-41       1.0000000
      0.00000       4.4400000   1.2729493e-41       1.0000000
      0.00000       4.4410000   1.2306672e-41       1.0000000
      0.00000       4.4420000   1.1897987e-41       1.0000000
      0.00000       4.4430000   1.1502960e-41       1.0000000
      0.00000       4.4440000   1.1121134e-41       1.0000000
      0.00000       4.4450000   1.0752063e-41       1.0000000
      0.00000       4.4460000   1.0395320e-41       1.0000000
      0.00000       4.4470000   1.0050489e-41       1.0000000
      0.00000       4.4480000   9.7171705e-42       1.0000000
      0.00000       4.4490000   9.3949776e-42       1.0000000
      0.00000       4.4500000   9.0835364e-42       1.0000000
      0.00000       4.4510000   8.7824860e-42       1.0000000
      0.00000       4.4520000   8.4914774e-42       1.0000000
      0.00000       4.4530000   8.2101736e-42       1.0000000
      0.00000       4.4540000   7.9382488e-42       1.0000000
      0.00000       4.4550000   7.6753883e-42       1.0000000
      0.00000       4.4560000   7.4212880e-42       1.0000000
      0.00000       4.4570000   7.1756541e-42       1.0000000
      0.00000       4.4580000   6.9382028e-42       1.0000000
      0.00000       4.4590000   6.7086596e-42       1.0000000
      0.00000       4.4600000   6.4867596e-42       1.0000000
      0.00000       4.4610000   6.2722466e-42       1.0000000
      0.00000       4.4620000   6.0648731e-42       1.0000000
      0.00000       4.4630000   5.8644000e-42       1.0000000
      0.00000       4.4640000   5.6705962e-42       1.0000000
      0.00000       4.4650000   5.4832384e-42       1.0000000
      0.00000       4.4660000   5.3021108e-42       1.0000000
      0.00000       4.4670000   5.1270050e-42       1.0000000
      0.00000       4.4680000   4.9577194e-42       1.0000000
      0.00000       4.4690000   4.7940594e-42       1.0000000
      0.00000       4.4700000   4.6358368e-42       1.0000000
      0.00000       4.4710000   4.4828698e-42       1.0000000
      0.00000       4.4720000   4.3349828e-42       1.0000000
      0.00000       4.4730000   4.1920059e-42       1.0000000
      0.00000       4.4740000   4.0537751e-42       1.0000000
      0.00000       4.4750000   3.9201317e-42       1.0000000
      0.00000       4.4760000   3.7909227e-42       1.0000000
      0.00000       4.4770000   3.6659999e-42       1.0000000
      0.00000       4.4780000   3.5452203e-42       1.0000000
      0.00000       4.4790000   3.4284454e-42       1.0000000
      0.00000       4.4800000   3.3155418e-42       1.0000000
      0.00000       4.4810000   3.2063802e-42       1.0000000
      0.00000       4.4820000   3.1008359e-42       1.0000000
      0.00000       4.4830000   2.9987881e-42       1.0000000
      0.00000       4.4840000   2.9001204e-42       1.0000000
      0.00000       4.4850000   2.8047199e-42       1.0000000
      0.00000       4.4860000   2.7124780e-42       1.0000000
      0.00000       4.4870000   2.6232893e-42       1.0000000
      0.00000       4.4880000   2.5370520e-42       1.0000000
      0.00000       4.4890000   2.4536680e-42       1.0000000
      0.00000       4.4900000   2.3730422e-42       1.0000000
      0.00000       4.4910000   2.2950828e-42       1.0000000
      0.00000       4.4920000   2.2197010e-42       1.0000000
      0.00000       4.4930000   2.1468110e-42       1.0000000
      0.00000       4.4940000   2.0763301e-42       1.0000000
      0.00000       4.4950000   2.0081780e-42       1.0000000
      0.00000       4.4960000   1.9422773e-42       1.0000000
      0.00000       4.4970000   1.8785531e-42       1.0000000
      0.00000       4.4980000   1.8169331e-42       1.0000000
      0.00000       4.4990000   1.7573474e-42       1.0000000
      0.00000       4.5000000   1.6997284e-42       1.0000000
      0.00000       4.5010000   1.6440108e-42       1.0000000
      0.00000       4.5020000   1.5901314e-42       1.0000000
      0.00000       4.5030000   1.5380291e-42       1.0000000
      0.00000       4.5040000   1.4876451e-42       1.0000000
      0.00000       4.5050000   1.4389222e-42       1.0000000
      0.00000       4.5060000   1.3918053e-42       1.0000000
      0.00000       4.5070000   1.3462413e-42       1.0000000
      0.00000       4.5080000   1.3021784e-42       1.0000000
      0.00000       4.5090000   1.2595671e-42       1.0000000
      0.00000       4.5100000   1.2183591e-42       1.0000000
      0.00000       4.5110000   1.1785080e-42       1.0000000
      0.00000       4.5120000   1.1399688e-42       1.0000000
      0.00000       4.5130000   1.1026980e-42       1.0000000
      0.00000       4.5140000   1.0666536e-42       1.0000000
      0.00000       4.5150000   1.0317950e-42       1.0000000
      0.00000       4.5160000   9.9808292e-43       1.0000000
      0.00000       4.5170000   9.6547943e-43       1.0000000
      0.00000       4.5180000   9.3394784e-43       1.0000000
      0.00000       4.5190000   9.0345268e-43       1.0000000
      0.00000       4.5200000   8.7395966e-43       1.0000000
      0.00000       4.5210000   8.4543564e-43       1.0000000
      0.00000       4.5220000   8.1784859e-43       1.0000000
      0.00000       4.5230000   7.9116752e-43       1.0000000
      0.00000       4.5240000   7.6536249e-43       1.0000000
      0.00000       4.5250000   7.4040455e-43       1.0000000
      0.00000       4.5260000   7.1626572e-43       1.0000000
      0.00000       4.5270000   6.9291894e-43       1.0000000
      0.00000       4.5280000   6.7033807e-43       1.0000000
      0.00000       4.5290000   6.4849780e-43       1.0000000
      0.00000       4.5300000   6.2737370e-43       1.0000000
      0.00000       4.5310000   6.0694213e-43       1.0000000
      0.00000       4.5320000   5.8718024e-43       1.0000000
      0.00000       4.5330000   5.6806594e-43       1.0000000
      0.00000       4.5340000   5.4957788e-43       1.0000000
      0.00000       4.5350000   5.3169540e-43       1.0000000
      0.00000       4.5360000   5.1439854e-43       1.0000000
      0.00000       4.5370000   4.9766800e-43       1.0000000
      0.00000       4.5380000   4.8148513e-43       1.0000000
      0.00000       4.5390000   4.6583187e-43       1.0000000
      0.00000       4.5400000   4.5069079e-43       1.0000000
      0.00000       4.5410000   4.3604501e-43       1.0000000
      0.00000       4.5420000   4.2187824e-43       1.0000000
      0.00000       4.5430000   4.0817470e-43       1.0000000
      0.00000       4.5440000   3.9491916e-43       1.0000000
      0.00000       4.5450000   3.8209687e-43       1.0000000
      0.00000       4.5460000   3.6969357e-43       1.0000000
      0.00000       4.5470000   3.5769550e-43       1.0000000
      0.00000       4.5480000   3.4608933e-43       1.0000000
      0.00000       4.5490000   3.3486217e-43       1.0000000
      0.00000       4.5500000   3.2400157e-43       1.0000000
      0.00000       4.5510000   3.1349548e-43       1.0000000
      0.00000       4.5520000   3.0333226e-43       1.0000000
      0.00000       4.5530000   2.9350065e-43       1.0000000
      0.00000       4.5540000   2.8398975e-43       1.0000000
      0.00000       4.5550000   2.7478904e-43       1.0000000
      0.00000       4.5560000   2.6588834e-43       1.0000000
      0.00000       4.5570000   2.5727781e-43       1.0000000
      0.00000       4.5580000   2.4894791e-43       1.0000000
      0.00000       4.5590000   2.4088945e-43       1.0000000
      0.00000       4.5600000   2.3309353e-43       1.0000000
      0.00000       4.5610000   2.2555153e-43       1.0000000
      0.00000       4.5620000   2.1825513e-43       1.0000000
      0.00000       4.5630000   2.1119629e-43       1.0000000
      0.00000       4.5640000   2.0436722e-43       1.0000000
      0.00000       4.5650000   1.9776040e-43       1.0000000
      0.00000       4.5660000   1.9136854e-43       1.0000000
      0.00000       4.5670000   1.8518460e-43       1.0000000
      0.00000       4.5680000   1.7920178e-43       1.0000000
      0.00000       4.5690000   1.7341350e-43       1.0000000
      0.00000       4.5700000   1.6781339e-43       1.0000000
      0.00000       4.5710000   1.6239529e-43       1.0000000
      0.00000       4.5720000   1.5715324e-43       1.0000000
      0.00000       4.5730000   1.5208151e-43       1.0000000
      0.00000       4.5740000   1.4717450e-43       1.0000000
      0.00000       4.5750000   1.4242684e-43       1.0000000
      0.00000       4.5760000   1.3783333e-43       1.0000000
      0.00000       4.5770000   1.3338892e-43       1.0000000
      0.00000       4.5780000   1.2908874e-43       1.0000000
      0.00000       4.5790000   1.2492808e-43       1.0000000
      0.00000       4.5800000   1.2090240e-43       1.0000000
      0.00000       4.5810000   1.1700727e-43       1.0000000
      0.00000       4.5820000   1.1323844e-43       1.0000000
      0.00000       4.5830000   1.0959179e-43       1.0000000
      0.00000       4.5840000   1.0606333e-43       1.0000000
      0.00000       4.5850000   1.0264921e-43       1.0000000
      0.00000       4.5860000   9.9345695e-44       1.0000000
      0.00000       4.5870000   9.6149181e-44       1.0000000
      0.00000       4.5880000   9.3056181e-44       1.0000000
      0.00000       4.5890000   9.0063321e-44       1.0000000
      0.00000       4.5900000   8.7167337e-44       1.0000000
      0.00000       4.5910000   8.4365075e-44       1.0000000
      0.00000       4.5920000   8.1653480e-44       1.0000000
      0.00000       4.5930000   7.9029602e-44       1.0000000
      0.00000       4.5940000   7.6490585e-44       1.0000000
      0.00000       4.5950000   7.4033665e-44       1.0000000
      0.00000       4.5960000   7.1656173e-44       1.0000000
      0.00000       4.5970000   6.9355522e-44       1.0000000
      0.00000       4.5980000   6.7129215e-44       1.0000000
      0.00000       4.5990000   6.4974833e-44       1.0000000
      0.00000       4.6000000   6.2890038e-44       1.0000000
      0.00000       4.6010000   6.0872567e-44       1.0000000
      0.00000       4.6020000   5.8920234e-44       1.0000000
      0.00000       4.6030000   5.7030920e-44       1.0000000
      0.00000       4.6040000   5.5202579e-44       1.0000000
      0.00000       4.6050000   5.3433230e-44       1.0000000
      0.00000       4.6060000   5.1720959e-44       1.0000000
      0.00000       4.6070000   5.0063911e-44       1.0000000
      0.00000       4.6080000   4.8460294e-44       1.0000000
      0.00000       4.6090000   4.6908375e-44       1.0000000
      0.00000       4.6100000   4.5406476e-44       1.0000000
      0.00000       4.6110000   4.3952975e-44       1.0000000
      0.00000       4.6120000   4.2546302e-44       1.0000000
      0.00000       4.6130000   4.1184938e-44       1.0000000
      0.00000       4.6140000   3.9867415e-44       1.0000000
      0.00000       4.6150000   3.8592313e-44       1.0000000
      0.00000       4.6160000   3.7358255e-44       1.0000000
      0.00000       4.6170000   3.6163914e-44       1.0000000
      0.00000       4.6180000   3.5008002e-44       1.0000000
      0.00000       4.6190000   3.3889275e-44       1.0000000
      0.00000       4.6200000   3.2806528e-44       1.0000000
      0.00000       4.6210000   3.1758599e-44       1.0000000
      0.00000       4.6220000   3.0744359e-44       1.0000000
      0.00000       4.6230000   2.9762718e-44       1.0000000
      0.00000       4.6240000   2.8812623e-44       1.0000000
      0.00000       4.6250000   2.7893053e-44       1.0000000
      0.00000       4.6260000   2.7003020e-44       1.0000000
      0.00000       4.6270000   2.6141571e-44       1.0000000
      0.00000       4.6280000   2.5307781e-44       1.0000000
      0.00000       4.6290000   2.4500756e-44       1.0000000
      0.00000       4.6300000   2.3719633e-44       1.0000000
      0.00000       4.6310000   2.2963573e-44       1.0000000
      0.00000       4.6320000   2.2231768e-44       1.0000000
      0.00000       4.6330000   2.1523435e-44       1.0000000
      0.00000       4.6340000   2.0837816e-44       1.0000000
      0.00000       4.6350000   2.0174177e-44       1.0000000
      0.00000       4.6360000   1.9531811e-44       1.0000000
      0.00000       4.6370000   1.8910030e-44       1.0000000
      0.00000       4.6380000   1.8308171e-44       1.0000000
      0.00000       4.6390000   1.7725591e-44       1.0000000
      0.00000       4.6400000   1.7161669e-44       1.0000000
      0.00000       4.6410000   1.6615803e-44       1.0000000
      0.00000       4.6420000   1.6087412e-44       1.0000000
      0.00000       4.6430000   1.5575933e-44       1.0000000
      0.00000       4.6440000   1.5080820e-44       1.0000000
      0.00000       4.6450000   1.4601547e-44       1.0000000
      0.00000       4.6460000   1.4137603e-44       1.0000000
      0.00000       4.6470000   1.3688496e-44       1.0000000
      0.00000       4.6480000   1.3253748e-44       1.0000000
      0.00000       4.6490000   1.2832896e-44       1.0000000
      0.00000       4.6500000   1.2425494e-44       1.0000000
      0.00000       4.6510000   1.2031110e-44       1.0000000
      0.00000       4.6520000   1.1649323e-44       1.0000000
      0.00000       4.6530000   1.1279731e-44       1.0000000
      0.00000       4.6540000   1.0921940e-44       1.0000000
      0.00000       4.6550000   1.0575571e-44       1.0000000
      0.00000       4.6560000   1.0240257e-44       1.0000000
      0.00000       4.6570000   9.9156439e-45       1.0000000
      0.00000       4.6580000   9.6013871e-45       1.0000000
      0.00000       4.6590000   9.2971544e-45       1.0000000
      0.00000       4.6600000   9.0026239e-45       1.0000000
      0.00000       4.6610000   8.7174842e-45       1.0000000
      0.00000       4.6620000   8.4414341e-45       1.0000000
      0.00000       4.6630000   8.1741818e-45       1.0000000
      0.00000       4.6640000   7.9154452e-45       1.0000000
      0.00000       4.6650000   7.6649513e-45       1.0000000
      0.00000       4.6660000   7.4224356e-45       1.0000000
      0.00000       4.6670000   7.1876426e-45       1.0000000
      0.00000       4.6680000   6.9603248e-45       1.0000000
      0.00000       4.6690000   6.7402425e-45       1.0000000
      0.00000       4.6700000   6.5271640e-45       1.0000000
      0.00000       4.6710000   6.3208650e-45       1.0000000
      0.00000       4.6720000   6.1211285e-45       1.0000000
      0.00000       4.6730000   5.9277442e-45       1.0000000
      0.00000       4.6740000   5.7405090e-45       1.0000000
      0.00000       4.6750000   5.5592260e-45       1.0000000
      0.00000       4.6760000   5.3837048e-45       1.0000000
      0.00000       4.6770000   5.2137610e-45       1.0000000
      0.00000       4.6780000   5.0492165e-45       1.0000000
      0.00000       4.6790000   4.8898983e-45       1.0000000
      0.00000       4.6800000   4.7356397e-45       1.0000000
      0.00000       4.6810000   4.5862787e-45       1.0000000
      0.00000       4.6820000   4.4416589e-45       1.0000000
      0.00000       4.6830000   4.3016289e-45       1.0000000
      0.00000       4.6840000   4.1660421e-45       1.0000000
      0.00000       4.6850000   4.0347565e-45       1.0000000
      0.00000       4.6860000   3.9076348e-45       1.0000000
      0.00000       4.6870000   3.7845442e-45       1.0000000
      0.00000       4.6880000   3.6653560e-45       1.0000000
      0.00000       4.6890000   3.5499456e-45       1.0000000
      0.00000       4.6900000   3.4381926e-45       1.0000000
      0.00000       4.6910000   3.3299803e-45       1.0000000
      0.00000       4.6920000   3.2251959e-45       1.0000000
      0.00000       4.6930000   3.1237299e-45       1.0000000
      0.00000       4.6940000   3.0254768e-45       1.0000000
      0.00000       4.6950000   2.9303340e-45       1.0000000
      0.00000       4.6960000   2.8382025e-45       1.0000000
      0.00000       4.6970000   2.7489863e-45       1.0000000
      0.00000       4.6980000   2.6625927e-45       1.0000000
      0.00000       4.6990000   2.5789318e-45       1.0000000
      0.00000       4.7000000   2.4979165e-45       1.0000000
      0.00000       4.7010000   2.4194627e-45       1.0000000
      0.00000       4.7020000   2.3434888e-45       1.0000000
      0.00000       4.7030000   2.2699161e-45       1.0000000
      0.00000       4.7040000   2.1986680e-45       1.0000000
      0.00000       4.7050000   2.1296706e-45       1.0000000
      0.00000       4.7060000   2.0628525e-45       1.0000000
      0.00000       4.7070000   1.9981444e-45       1.0000000
      0.00000       4.7080000   1.9354791e-45       1.0000000
      0.00000       4.7090000   1.8747918e-45       1.0000000
      0.00000       4.7100000   1.8160196e-45       1.0000000
      0.00000       4.7110000   1.7591018e-45       1.0000000
      0.00000       4.7120000   1.7039794e-45       1.0000000
      0.00000       4.7130000   1.6505955e-45       1.0000000
      0.00000       4.7140000   1.5988948e-45       1.0000000
      0.00000       4.7150000   1.5488239e-45       1.0000000
      0.00000       4.7160000   1.5003312e-45       1.0000000
      0.00000       4.7170000   1.4533666e-45       1.0000000
      0.00000       4.7180000   1.4078816e-45       1.0000000
      0.00000       4.7190000   1.3638293e-45       1.0000000
      0.00000       4.7200000   1.3211643e-45       1.0000000
      0.00000       4.7210000   1.2798426e-45       1.0000000
      0.00000       4.7220000   1.2398216e-45       1.0000000
      0.00000       4.7230000   1.2010602e-45       1.0000000
      0.00000       4.7240000   1.1635184e-45       1.0000000
      0.00000       4.7250000   1.1271577e-45       1.0000000
      0.00000       4.7260000   1.0919406e-45       1.0000000
      0.00000       4.7270000   1.0578309e-45       1.0000000
      0.00000       4.7280000   1.0247937e-45       1.0000000
      0.00000       4.7290000   9.9279483e-46       1.0000000
      0.00000       4.7300000   9.6180161e-46       1.0000000
      0.00000       4.7310000   9.3178218e-46       1.0000000
      0.00000       4.7320000   9.0270577e-46       1.0000000
      0.00000       4.7330000   8.7454254e-46       1.0000000
      0.00000       4.7340000   8.4726364e-46       1.0000000
      0.00000       4.7350000   8.2084113e-46       1.0000000
      0.00000       4.7360000   7.9524794e-46       1.0000000
      0.00000       4.7370000   7.7045788e-46       1.0000000
      0.00000       4.7380000   7.4644558e-46       1.0000000
      0.00000       4.7390000   7.2318649e-46       1.0000000
      0.00000       4.7400000   7.0065683e-46       1.0000000
      0.00000       4.7410000   6.7883357e-46       1.0000000
      0.00000       4.7420000   6.5769443e-46       1.0000000
      0.00000       4.7430000   6.3721782e-46       1.0000000
      0.00000       4.7440000   6.1738284e-46       1.0000000
      0.00000       4.7450000   5.9816927e-46       1.0000000
      0.00000       4.7460000   5.7955750e-46       1.0000000
      0.00000       4.7470000   5.6152856e-46       1.0000000
      0.00000       4.7480000   5.4406410e-46       1.0000000
      0.00000       4.7490000   5.2714631e-46       1.0000000
      0.00000       4.7500000   5.1075799e-46       1.0000000
      0.00000       4.7510000   4.9488244e-46       1.0000000
      0.00000       4.7520000   4.7950354e-46       1.0000000
      0.00000       4.7530000   4.6460563e-46       1.0000000
      0.00000       4.7540000   4.5017358e-46       1.0000000
      0.00000       4.7550000   4.3619273e-46       1.0000000
      0.00000       4.7560000   4.2264888e-46       1.0000000
      0.00000       4.7570000   4.0952828e-46       1.0000000
      0.00000       4.7580000   3.9681763e-46       1.0000000
      0.00000       4.7590000   3.8450402e-46       1.0000000
      0.00000       4.7600000   3.7257499e-46       1.0000000
      0.00000       4.7610000   3.6101844e-46       1.0000000
      0.00000       4.7620000   3.4982267e-46       1.0000000
      0.00000       4.7630000   3.3897634e-46       1.0000000
      0.00000       4.7640000   3.2846847e-46       1.0000000
      0.00000       4.7650000   3.1828844e-46       1.0000000
      0.00000       4.7660000   3.0842595e-46       1.0000000
      0.00000       4.7670000   2.9887103e-46       1.0000000
      0.00000       4.7680000   2.8961403e-46       1.0000000
      0.00000       4.7690000   2.8064560e-46       1.0000000
      0.00000       4.7700000   2.7195669e-46       1.0000000
      0.00000       4.7710000   2.6353853e-46       1.0000000
      0.00000       4.7720000   2.5538263e-46       1.0000000
      0.00000       4.7730000   2.4748077e-46       1.0000000
      0.00000       4.7740000   2.3982498e-46       1.0000000
      0.00000       4.7750000   2.3240754e-46       1.0000000
      0.00000       4.7760000   2.2522100e-46       1.0000000
      0.00000       4.7770000   2.1825812e-46       1.0000000
      0.00000       4.7780000   2.1151190e-46       1.0000000
      0.00000       4.7790000   2.0497554e-46       1.0000000
      0.00000       4.7800000   1.9864248e-46       1.0000000
      0.00000       4.7810000   1.9250635e-46       1.0000000
      0.00000       4.7820000   1.8656099e-46       1.0000000
      0.00000       4.7830000   1.8080044e-46       1.0000000
      0.00000       4.7840000   1.7521891e-46       1.0000000
      0.00000       4.7850000   1.6981079e-46       1.0000000
      0.00000       4.7860000   1.6457068e-46       1.0000000
      0.00000       4.7870000   1.5949332e-46       1.0000000
      0.00000       4.7880000   1.5457361e-46       1.0000000
      0.00000       4.7890000   1.4980664e-46       1.0000000
      0.00000       4.7900000   1.4518762e-46       1.0000000
      0.00000       4.7910000   1.4071195e-46       1.0000000
      0.00000       4.7920000   1.3637514e-46       1.0000000
      0.00000       4.7930000   1.3217285e-46       1.0000000
      0.00000       4.7940000   1.2810089e-46       1.0000000
      0.00000       4.7950000   1.2415519e-46       1.0000000
      0.00000       4.7960000   1.2033181e-46       1.0000000
      0.00000       4.7970000   1.1662693e-46       1.0000000
      0.00000       4.7980000   1.1303685e-46       1.0000000
      0.00000       4.7990000   1.0955801e-46       1.0000000
      0.00000       4.8000000   1.0618691e-46       1.0000000
      0.00000       4.8010000   1.0292022e-46       1.0000000
      0.00000       4.8020000   9.9754673e-47       1.0000000
      0.00000       4.8030000   9.6687118e-47       1.0000000
      0.00000       4.8040000   9.3714502e-47       1.0000000
      0.00000       4.8050000   9.0833868e-47       1.0000000
      0.00000       4.8060000   8.8042353e-47       1.0000000
      0.00000       4.8070000   8.5337181e-47       1.0000000
      0.00000       4.8080000   8.2715664e-47       1.0000000
      0.00000       4.8090000   8.0175199e-47       1.0000000
      0.00000       4.8100000   7.7713265e-47       1.0000000
      0.00000       4.8110000   7.5327417e-47       1.0000000
      0.00000       4.8120000   7.3015289e-47       1.0000000
      0.00000       4.8130000   7.0774589e-47       1.0000000
      0.00000       4.8140000   6.8603097e-47       1.0000000
      0.00000       4.8150000   6.6498659e-47       1.0000000
      0.00000       4.8160000   6.4459194e-47       1.0000000
      0.00000       4.8170000   6.2482682e-47       1.0000000
      0.00000       4.8180000   6.0567167e-47       1.0000000
      0.00000       4.8190000   5.8710755e-47       1.0000000
      0.00000       4.8200000   5.6911610e-47       1.0000000
      0.00000       4.8210000   5.5167955e-47       1.0000000
      0.00000       4.8220000   5.3478067e-47       1.0000000
      0.00000       4.8230000   5.1840278e-47       1.0000000
      0.00000       4.8240000   5.0252971e-47       1.0000000
      0.00000       4.8250000   4.8714579e-47       1.0000000
      0.00000       4.8260000   4.7223587e-47       1.0000000
      0.00000       4.8270000   4.5778524e-47       1.0000000
      0.00000       4.8280000   4.4377966e-47       1.0000000
      0.00000       4.8290000   4.3020534e-47       1.0000000
      0.00000       4.8300000   4.1704892e-47       1.0000000
      0.00000       4.8310000   4.0429744e-47       1.0000000
      0.00000       4.8320000   3.9193836e-47       1.0000000
      0.00000       4.8330000   3.7995953e-47       1.0000000
      0.00000       4.8340000   3.6834917e-47       1.0000000
      0.00000       4.8350000   3.5709589e-47       1.0000000
      0.00000       4.8360000   3.4618861e-47       1.0000000
      0.00000       4.8370000   3.3561665e-47       1.0000000
      0.00000       4.8380000   3.2536962e-47       1.0000000
      0.00000       4.8390000   3.1543748e-47       1.0000000
      0.00000       4.8400000   3.0581048e-47       1.0000000
      0.00000       4.8410000   2.9647919e-47       1.0000000
      0.00000       4.8420000   2.8743447e-47       1.0000000
      0.00000       4.8430000   2.7866746e-47       1.0000000
      0.00000       4.8440000   2.7016957e-47       1.0000000
      0.00000       4.8450000   2.6193251e-47       1.0000000
      0.00000       4.8460000   2.5394820e-47       1.0000000
      0.00000       4.8470000   2.4620885e-47       1.0000000
      0.00000       4.8480000   2.3870688e-47       1.0000000
      0.00000       4.8490000   2.3143498e-47       1.0000000
      0.00000       4.8500000   2.2438603e-47       1.0000000
      0.00000       4.8510000   2.1755317e-47       1.0000000
      0.00000       4.8520000   2.1092972e-47       1.0000000
      0.00000       4.8530000   2.0450923e-47       1.0000000
      0.00000       4.8540000   1.9828543e-47       1.0000000
      0.00000       4.8550000   1.9225227e-47       1.0000000
      0.00000       4.8560000   1.8640386e-47       1.0000000
      0.00000       4.8570000   1.8073451e-47       1.0000000
      0.00000       4.8580000   1.7523871e-47       1.0000000
      0.00000       4.8590000   1.6991110e-47       1.0000000
      0.00000       4.8600000   1.6474651e-47       1.0000000
      0.00000       4.8610000   1.5973991e-47       1.0000000
      0.00000       4.8620000   1.5488645e-47       1.0000000
      0.00000       4.8630000   1.5018141e-47       1.0000000
      0.00000       4.8640000   1.4562022e-47       1.0000000
      0.00000       4.8650000   1.4119845e-47       1.0000000
      0.00000       4.8660000   1.3691181e-47       1.0000000
      0.00000       4.8670000   1.3275616e-47       1.0000000
      0.00000       4.8680000   1.2872745e-47       1.0000000
      0.00000       4.8690000   1.2482180e-47       1.0000000
      0.00000       4.8700000   1.2103540e-47       1.0000000
      0.00000       4.8710000   1.1736461e-47       1.0000000
      0.00000       4.8720000   1.1380587e-47       1.0000000
      0.00000       4.8730000   1.1035573e-47       1.0000000
      0.00000       4.8740000   1.0701087e-47       1.0000000
      0.00000       4.8750000   1.0376804e-47       1.0000000
      0.00000       4.8760000   1.0062411e-47       1.0000000
      0.00000       4.8770000   9.7576058e-48       1.0000000
      0.00000       4.8780000   9.4620930e-48       1.0000000
      0.00000       4.8790000   9.1755877e-48       1.0000000
      0.00000       4.8800000   8.8978137e-48       1.0000000
      0.00000       4.8810000   8.6285031e-48       1.0000000
      0.00000       4.8820000   8.3673965e-48       1.0000000
      0.00000       4.8830000   8.1142422e-48       1.0000000
      0.00000       4.8840000   7.8687966e-48       1.0000000
      0.00000       4.8850000   7.6308234e-48       1.0000000
      0.00000       4.8860000   7.4000936e-48       1.0000000
      0.00000       4.8870000   7.1763854e-48       1.0000000
      0.00000       4.8880000   6.9594837e-48       1.0000000
      0.00000       4.8890000   6.7491801e-48       1.0000000
      0.00000       4.8900000   6.5452726e-48       1.0000000
      0.00000       4.8910000   6.3475654e-48       1.0000000
      0.00000       4.8920000   6.1558688e-48       1.0000000
      0.00000       4.8930000   5.9699988e-48       1.0000000
      0.00000       4.8940000   5.7897773e-48       1.0000000
      0.00000       4.8950000   5.6150314e-48       1.0000000
      0.00000       4.8960000   5.4455937e-48       1.0000000
      0.00000       4.8970000   5.2813021e-48       1.0000000
      0.00000       4.8980000   5.1219990e-48       1.0000000
      0.00000       4.8990000   4.9675322e-48       1.0000000
      0.00000       4.9000000   4.8177538e-48       1.0000000
      0.00000       4.9010000   4.6725207e-48       1.0000000
      0.00000       4.9020000   4.5316940e-48       1.0000000
      0.00000       4.9030000   4.3951391e-48       1.0000000
      0.00000       4.9040000   4.2627257e-48       1.0000000
      0.00000       4.9050000   4.1343273e-48       1.0000000
      0.00000       4.9060000   4.0098214e-48       1.0000000
      0.00000       4.9070000   3.8890893e-48       1.0000000
      0.00000       4.9080000   3.7720158e-48       1.0000000
      0.00000       4.9090000   3.6584893e-48       1.0000000
      0.00000       4.9100000   3.5484018e-48       1.0000000
      0.00000       4.9110000   3.4416483e-48       1.0000000
      0.00000       4.9120000   3.3381273e-48       1.0000000
      0.00000       4.9130000   3.2377401e-48       1.0000000
      0.00000       4.9140000   3.1403915e-48       1.0000000
      0.00000       4.9150000   3.0459887e-48       1.0000000
      0.00000       4.9160000   2.9544421e-48       1.0000000
      0.00000       4.9170000   2.8656646e-48       1.0000000
      0.00000       4.9180000   2.7795721e-48       1.0000000
      0.00000       4.9190000   2.6960828e-48       1.0000000
      0.00000       4.9200000   2.6151174e-48       1.0000000
      0.00000       4.9210000   2.5365992e-48       1.0000000
      0.00000       4.9220000   2.4604537e-48       1.0000000
      0.00000       4.9230000   2.3866088e-48       1.0000000
      0.00000       4.9240000   2.3149945e-48       1.0000000
      0.00000       4.9250000   2.2455430e-48       1.0000000
      0.00000       4.9260000   2.1781886e-48       1.0000000
      0.00000       4.9270000   2.1128675e-48       1.0000000
      0.00000       4.9280000   2.0495180e-48       1.0000000
      0.00000       4.9290000   1.9880801e-48       1.0000000
      0.00000       4.9300000   1.9284959e-48       1.0000000
      0.00000       4.9310000   1.8707090e-48       1.0000000
      0.00000       4.9320000   1.8146648e-48       1.0000000
      0.00000       4.9330000   1.7603105e-48       1.0000000
      0.00000       4.9340000   1.7075949e-48       1.0000000
      0.00000       4.9350000   1.6564680e-48       1.0000000
      0.00000       4.9360000   1.6068819e-48       1.0000000
      0.00000       4.9370000   1.5587897e-48       1.0000000
      0.00000       4.9380000   1.5121462e-48       1.0000000
      0.00000       4.9390000   1.4669074e-48       1.0000000
      0.00000       4.9400000   1.4230307e-48       1.0000000
      0.00000       4.9410000   1.3804749e-48       1.0000000
      0.00000       4.9420000   1.3392000e-48       1.0000000
      0.00000       4.9430000   1.2991672e-48       1.0000000
      0.00000       4.9440000   1.2603388e-48       1.0000000
      0.00000       4.9450000   1.2226783e-48       1.0000000
      0.00000       4.9460000   1.1861505e-48       1.0000000
      0.00000       4.9470000   1.1507210e-48       1.0000000
      0.00000       4.9480000   1.1163567e-48       1.0000000
      0.00000       4.9490000   1.0830251e-48       1.0000000
      0.00000       4.9500000   1.0506953e-48       1.0000000
      0.00000       4.9510000   1.0193367e-48       1.0000000
      0.00000       4.9520000   9.8892011e-49       1.0000000
      0.00000       4.9530000   9.5941701e-49       1.0000000
      0.00000       4.9540000   9.3079978e-49       1.0000000
      0.00000       4.9550000   9.0304166e-49       1.0000000
      0.00000       4.9560000   8.7611669e-49       1.0000000
      0.00000       4.9570000   8.4999970e-49       1.0000000
      0.00000       4.9580000   8.2466629e-49       1.0000000
      0.00000       4.9590000   8.0009281e-49       1.0000000
      0.00000       4.9600000   7.7625630e-49       1.0000000
      0.00000       4.9610000   7.5313452e-49       1.0000000
      0.00000       4.9620000   7.3070591e-49       1.0000000
      0.00000       4.9630000   7.0894955e-49       1.0000000
      0.00000       4.9640000   6.8784516e-49       1.0000000
      0.00000       4.9650000   6.6737308e-49       1.0000000
      0.00000       4.9660000   6.4751424e-49       1.0000000
      0.00000       4.9670000   6.2825016e-49       1.0000000
      0.00000       4.9680000   6.0956291e-49       1.0000000
      0.00000       4.9690000   5.9143510e-49       1.0000000
      0.00000       4.9700000   5.7384989e-49       1.0000000
      0.00000       4.9710000   5.5679091e-49       1.0000000
      0.00000       4.9720000   5.4024234e-49       1.0000000
      0.00000       4.9730000   5.2418878e-49       1.0000000
      0.00000       4.9740000   5.0861536e-49       1.0000000
      0.00000       4.9750000   4.9350760e-49       1.0000000
      0.00000       4.9760000   4.7885151e-49       1.0000000
      0.00000       4.9770000   4.6463348e-49       1.0000000
      0.00000       4.9780000   4.5084034e-49       1.0000000
      0.00000       4.9790000   4.3745931e-49       1.0000000
      0.00000       4.9800000   4.2447801e-49       1.0000000
      0.00000       4.9810000   4.1188441e-49       1.0000000
      0.00000       4.9820000   3.9966685e-49       1.0000000
      0.00000       4.9830000   3.8781405e-49       1.0000000
      0.00000       4.9840000   3.7631503e-49       1.0000000
      0.00000       4.9850000   3.6515917e-49       1.0000000
      0.00000       4.9860000   3.5433617e-49       1.0000000
      0.00000       4.9870000   3.4383602e-49       1.0000000
      0.00000       4.9880000   3.3364905e-49       1.0000000
      0.00000       4.9890000   3.2376584e-49       1.0000000
      0.00000       4.9900000   3.1417727e-49       1.0000000
      0.00000       4.9910000   3.0487452e-49       1.0000000
      0.00000       4.9920000   2.9584900e-49       1.0000000
      0.00000       4.9930000   2.8709240e-49       1.0000000
      0.00000       4.9940000   2.7859666e-49       1.0000000
      0.00000       4.9950000   2.7035395e-49       1.0000000
      0.00000       4.9960000   2.6235670e-49       1.0000000
      0.00000       4.9970000   2.5459753e-49       1.0000000
      0.00000       4.9980000   2.4706933e-49       1.0000000
      0.00000       4.9990000   2.3976517e-49       1.0000000
      0.00000       5.0000000   2.3267834e-49       1.0000000
      0.00000       5.0010000   2.2580233e-49       1.0000000
      0.00000       5.0020000   2.1913084e-49       1.0000000
      0.00000       5.0030000   2.1265773e-49       1.0000000
      0.00000       5.0040000   2.0637708e-49       1.0000000
      0.00000       5.0050000   2.0028311e-49       1.0000000
      0.00000       5.0060000   1.9437026e-49       1.0000000
      0.00000       5.0070000   1.8863310e-49       1.0000000
      0.00000       5.0080000   1.8306637e-49       1.0000000
      0.00000       5.0090000   1.7766499e-49       1.0000000
      0.00000       5.0100000   1.7242401e-49       1.0000000
      0.00000       5.0110000   1.6733863e-49       1.0000000
      0.00000       5.0120000   1.6240420e-49       1.0000000
      0.00000       5.0130000   1.5761622e-49       1.0000000
      0.00000       5.0140000   1.5297032e-49       1.0000000
      0.00000       5.0150000   1.4846224e-49       1.0000000
      0.00000       5.0160000   1.4408787e-49       1.0000000
      0.00000       5.0170000   1.3984323e-49       1.0000000
      0.00000       5.0180000   1.3572444e-49       1.0000000
      0.00000       5.0190000   1.3172774e-49       1.0000000
      0.00000       5.0200000   1.2784950e-49       1.0000000
      0.00000       5.0210000   1.2408618e-49       1.0000000
      0.00000       5.0220000   1.2043434e-49       1.0000000
      0.00000       5.0230000   1.1689068e-49       1.0000000
      0.00000       5.0240000   1.1345196e-49       1.0000000
      0.00000       5.0250000   1.1011505e-49       1.0000000
      0.00000       5.0260000   1.0687693e-49       1.0000000
      0.00000       5.0270000   1.0373465e-49       1.0000000
      0.00000       5.0280000   1.0068534e-49       1.0000000
      0.00000       5.0290000   9.7726257e-50       1.0000000
      0.00000       5.0300000   9.4854699e-50       1.0000000
      0.00000       5.0310000   9.2068064e-50       1.0000000
      0.00000       5.0320000   8.9363824e-50       1.0000000
      0.00000       5.0330000   8.6739527e-50       1.0000000
      0.00000       5.0340000   8.4192795e-50       1.0000000
      0.00000       5.0350000   8.1721321e-50       1.0000000
      0.00000       5.0360000   7.9322865e-50       1.0000000
      0.00000       5.0370000   7.6995258e-50       1.0000000
      0.00000       5.0380000   7.4736393e-50       1.0000000
      0.00000       5.0390000   7.2544227e-50       1.0000000
      0.00000       5.0400000   7.0416777e-50       1.0000000
      0.00000       5.0410000   6.8352121e-50       1.0000000
      0.00000       5.0420000   6.6348393e-50       1.0000000
      0.00000       5.0430000   6.4403784e-50       1.0000000
      0.00000       5.0440000   6.2516539e-50       1.0000000
      0.00000       5.0450000   6.0684954e-50       1.0000000
      0.00000       5.0460000   5.8907377e-50       1.0000000
      0.00000       5.0470000   5.7182205e-50       1.0000000
      0.00000       5.0480000   5.5507884e-50       1.0000000
      0.00000       5.0490000   5.3882905e-50       1.0000000
      0.00000       5.0500000   5.2305805e-50       1.0000000
      0.00000       5.0510000   5.0775164e-50       1.0000000
      0.00000       5.0520000   4.9289604e-50       1.0000000
      0.00000       5.0530000   4.7847789e-50       1.0000000
      0.00000       5.0540000   4.6448423e-50       1.0000000
      0.00000       5.0550000   4.5090248e-50       1.0000000
      0.00000       5.0560000   4.3772043e-50       1.0000000
      0.00000       5.0570000   4.2492625e-50       1.0000000
      0.00000       5.0580000   4.1250846e-50       1.0000000
      0.00000       5.0590000   4.0045590e-50       1.0000000
      0.00000       5.0600000   3.8875777e-50       1.0000000
      0.00000       5.0610000   3.7740358e-50       1.0000000
      0.00000       5.0620000   3.6638314e-50       1.0000000
      0.00000       5.0630000   3.5568660e-50       1.0000000
      0.00000       5.0640000   3.4530436e-50       1.0000000
      0.00000       5.0650000   3.3522713e-50       1.0000000
      0.00000       5.0660000   3.2544589e-50       1.0000000
      0.00000       5.0670000   3.1595190e-50       1.0000000
      0.00000       5.0680000   3.0673666e-50       1.0000000
      0.00000       5.0690000   2.9779193e-50       1.0000000
      0.00000       5.0700000   2.8910973e-50       1.0000000
      0.00000       5.0710000   2.8068230e-50       1.0000000
      0.00000       5.0720000   2.7250212e-50       1.0000000
      0.00000       5.0730000   2.6456188e-50       1.0000000
      0.00000       5.0740000   2.5685450e-50       1.0000000
      0.00000       5.0750000   2.4937311e-50       1.0000000
      0.00000       5.0760000   2.4211104e-50       1.0000000
      0.00000       5.0770000   2.3506182e-50       1.0000000
      0.00000       5.0780000   2.2821917e-50       1.0000000
      0.00000       5.0790000   2.2157700e-50       1.0000000
      0.00000       5.0800000   2.1512940e-50       1.0000000
      0.00000       5.0810000   2.0887063e-50       1.0000000
      0.00000       5.0820000   2.0279512e-50       1.0000000
      0.00000       5.0830000   1.9689748e-50       1.0000000
      0.00000       5.0840000   1.9117246e-50       1.0000000
      0.00000       5.0850000   1.8561498e-50       1.0000000
      0.00000       5.0860000   1.8022010e-50       1.0000000
      0.00000       5.0870000   1.7498304e-50       1.0000000
      0.00000       5.0880000   1.6989915e-50       1.0000000
      0.00000       5.0890000   1.6496392e-50       1.0000000
      0.00000       5.0900000   1.6017298e-50       1.0000000
      0.00000       5.0910000   1.5552208e-50       1.0000000
      0.00000       5.0920000   1.5100710e-50       1.0000000
      0.00000       5.0930000   1.4662404e-50       1.0000000
      0.00000       5.0940000   1.4236903e-50       1.0000000
      0.00000       5.0950000   1.3823829e-50       1.0000000
      0.00000       5.0960000   1.3422818e-50       1.0000000
      0.00000       5.0970000   1.3033515e-50       1.0000000
      0.00000       5.0980000   1.2655577e-50       1.0000000
      0.00000       5.0990000   1.2288668e-50       1.0000000
      0.00000       5.1000000   1.1932466e-50       1.0000000
      0.00000       5.1010000   1.1586655e-50       1.0000000
      0.00000       5.1020000   1.1250931e-50       1.0000000
      0.00000       5.1030000   1.0924998e-50       1.0000000
      0.00000       5.1040000   1.0608568e-50       1.0000000
      0.00000       5.1050000   1.0301362e-50       1.0000000
      0.00000       5.1060000   1.0003110e-50       1.0000000
      0.00000       5.1070000   9.7135489e-51       1.0000000
      0.00000       5.1080000   9.4324241e-51       1.0000000
      0.00000       5.1090000   9.1594882e-51       1.0000000
      0.00000       5.1100000   8.8945010e-51       1.0000000
      0.00000       5.1110000   8.6372296e-51       1.0000000
      0.00000       5.1120000   8.3874479e-51       1.0000000
      0.00000       5.1130000   8.1449365e-51       1.0000000
      0.00000       5.1140000   7.9094823e-51       1.0000000
      0.00000       5.1150000   7.6808786e-51       1.0000000
      0.00000       5.1160000   7.4589250e-51       1.0000000
      0.00000       5.1170000   7.2434266e-51       1.0000000
      0.00000       5.1180000   7.0341946e-51       1.0000000
      0.00000       5.1190000   6.8310455e-51       1.0000000
      0.00000       5.1200000   6.6338014e-51       1.0000000
      0.00000       5.1210000   6.4422895e-51       1.0000000
      0.00000       5.1220000   6.2563421e-51       1.0000000
      0.00000       5.1230000   6.0757966e-51       1.0000000
      0.00000       5.1240000   5.9004950e-51       1.0000000
      0.00000       5.1250000   5.7302840e-51       1.0000000
      0.00000       5.1260000   5.5650149e-51       1.0000000
      0.00000       5.1270000   5.4045432e-51       1.0000000
      0.00000       5.1280000   5.2487288e-51       1.0000000
      0.00000       5.1290000   5.0974356e-51       1.0000000
      0.00000       5.1300000   4.9505317e-51       1.0000000
      0.00000       5.1310000   4.8078888e-51       1.0000000
      0.00000       5.1320000   4.6693825e-51       1.0000000
      0.00000       5.1330000   4.5348922e-51       1.0000000
      0.00000       5.1340000   4.4043007e-51       1.0000000
      0.00000       5.1350000   4.2774941e-51       1.0000000
      0.00000       5.1360000   4.1543621e-51       1.0000000
      0.00000       5.1370000   4.0347976e-51       1.0000000
      0.00000       5.1380000   3.9186964e-51       1.0000000
      0.00000       5.1390000   3.8059577e-51       1.0000000
      0.00000       5.1400000   3.6964834e-51       1.0000000
      0.00000       5.1410000   3.5901784e-51       1.0000000
      0.00000       5.1420000   3.4869503e-51       1.0000000
      0.00000       5.1430000   3.3867096e-51       1.0000000
      0.00000       5.1440000   3.2893692e-51       1.0000000
      0.00000       5.1450000   3.1948446e-51       1.0000000
      0.00000       5.1460000   3.1030540e-51       1.0000000
      0.00000       5.1470000   3.0139176e-51       1.0000000
      0.00000       5.1480000   2.9273583e-51       1.0000000
      0.00000       5.1490000   2.8433010e-51       1.0000000
      0.00000       5.1500000   2.7616730e-51       1.0000000
      0.00000       5.1510000   2.6824036e-51       1.0000000
      0.00000       5.1520000   2.6054243e-51       1.0000000
      0.00000       5.1530000   2.5306684e-51       1.0000000
      0.00000       5.1540000   2.4580713e-51       1.0000000
      0.00000       5.1550000   2.3875703e-51       1.0000000
      0.00000       5.1560000   2.3191044e-51       1.0000000
      0.00000       5.1570000   2.2526146e-51       1.0000000
      0.00000       5.1580000   2.1880434e-51       1.0000000
      0.00000       5.1590000   2.1253352e-51       1.0000000
      0.00000       5.1600000   2.0644357e-51       1.0000000
      0.00000       5.1610000   2.0052926e-51       1.0000000
      0.00000       5.1620000   1.9478548e-51       1.0000000
      0.00000       5.1630000   1.8920728e-51       1.0000000
      0.00000       5.1640000   1.8378987e-51       1.0000000
      0.00000       5.1650000   1.7852857e-51       1.0000000
      0.00000       5.1660000   1.7341886e-51       1.0000000
      0.00000       5.1670000   1.6845635e-51       1.0000000
      0.00000       5.1680000   1.6363676e-51       1.0000000
      0.00000       5.1690000   1.5895595e-51       1.0000000
      0.00000       5.1700000   1.5440990e-51       1.0000000
      0.00000       5.1710000   1.4999471e-51       1.0000000
      0.00000       5.1720000   1.4570658e-51       1.0000000
      0.00000       5.1730000   1.4154184e-51       1.0000000
      0.00000       5.1740000   1.3749691e-51       1.0000000
      0.00000       5.1750000   1.3356833e-51       1.0000000
      0.00000       5.1760000   1.2975272e-51       1.0000000
      0.00000       5.1770000   1.2604681e-51       1.0000000
      0.00000       5.1780000   1.2244744e-51       1.0000000
      0.00000       5.1790000   1.1895151e-51       1.0000000
      0.00000       5.1800000   1.1555604e-51       1.0000000
      0.00000       5.1810000   1.1225812e-51       1.0000000
      0.00000       5.1820000   1.0905493e-51       1.0000000
      0.00000       5.1830000   1.0594374e-51       1.0000000
      0.00000       5.1840000   1.0292187e-51       1.0000000
      0.00000       5.1850000   9.9986761e-52       1.0000000
      0.00000       5.1860000   9.7135895e-52       1.0000000
      0.00000       5.1870000   9.4366840e-52       1.0000000
      0.00000       5.1880000   9.1677233e-52       1.0000000
      0.00000       5.1890000   8.9064781e-52       1.0000000
      0.00000       5.1900000   8.6527256e-52       1.0000000
      0.00000       5.1910000   8.4062495e-52       1.0000000
      0.00000       5.1920000   8.1668399e-52       1.0000000
      0.00000       5.1930000   7.9342927e-52       1.0000000
      0.00000       5.1940000   7.7084102e-52       1.0000000
      0.00000       5.1950000   7.4889999e-52       1.0000000
      0.00000       5.1960000   7.2758753e-52       1.0000000
      0.00000       5.1970000   7.0688552e-52       1.0000000
      0.00000       5.1980000   6.8677636e-52       1.0000000
      0.00000       5.1990000   6.6724295e-52       1.0000000
      0.00000       5.2000000   6.4826872e-52       1.0000000
      0.00000       5.2010000   6.2983754e-52       1.0000000
      0.00000       5.2020000   6.1193378e-52       1.0000000
      0.00000       5.2030000   5.9454225e-52       1.0000000
      0.00000       5.2040000   5.7764820e-52       1.0000000
      0.00000       5.2050000   5.6123731e-52       1.0000000
      0.00000       5.2060000   5.4529566e-52       1.0000000
      0.00000       5.2070000   5.2980976e-52       1.0000000
      0.00000       5.2080000   5.1476650e-52       1.0000000
      0.00000       5.2090000   5.0015313e-52       1.0000000
      0.00000       5.2100000   4.8595730e-52       1.0000000
      0.00000       5.2110000   4.7216700e-52       1.0000000
      0.00000       5.2120000   4.5877057e-52       1.0000000
      0.00000       5.2130000   4.4575669e-52       1.0000000
      0.00000       5.2140000   4.3311436e-52       1.0000000
      0.00000       5.2150000   4.2083291e-52       1.0000000
      0.00000       5.2160000   4.0890197e-52       1.0000000
      0.00000       5.2170000   3.9731147e-52       1.0000000
      0.00000       5.2180000   3.8605163e-52       1.0000000
      0.00000       5.2190000   3.7511297e-52       1.0000000
      0.00000       5.2200000   3.6448626e-52       1.0000000
      0.00000       5.2210000   3.5416254e-52       1.0000000
      0.00000       5.2220000   3.4413313e-52       1.0000000
      0.00000       5.2230000   3.3438958e-52       1.0000000
      0.00000       5.2240000   3.2492368e-52       1.0000000
      0.00000       5.2250000   3.1572749e-52       1.0000000
      0.00000       5.2260000   3.0679325e-52       1.0000000
      0.00000       5.2270000   2.9811347e-52       1.0000000
      0.00000       5.2280000   2.8968084e-52       1.0000000
      0.00000       5.2290000   2.8148829e-52       1.0000000
      0.00000       5.2300000   2.7352894e-52       1.0000000
      0.00000       5.2310000   2.6579610e-52       1.0000000
      0.00000       5.2320000   2.5828329e-52       1.0000000
      0.00000       5.2330000   2.5098421e-52       1.0000000
      0.00000       5.2340000   2.4389274e-52       1.0000000
      0.00000       5.2350000   2.3700293e-52       1.0000000
      0.00000       5.2360000   2.3030901e-52       1.0000000
      0.00000       5.2370000   2.2380538e-52       1.0000000
      0.00000       5.2380000   2.1748660e-52       1.0000000
      0.00000       5.2390000   2.1134737e-52       1.0000000
      0.00000       5.2400000   2.0538256e-52       1.0000000
      0.00000       5.2410000   1.9958719e-52       1.0000000
      0.00000       5.2420000   1.9395640e-52       1.0000000
      0.00000       5.2430000   1.8848550e-52       1.0000000
      0.00000       5.2440000   1.8316992e-52       1.0000000
      0.00000       5.2450000   1.7800522e-52       1.0000000
      0.00000       5.2460000   1.7298708e-52       1.0000000
      0.00000       5.2470000   1.6811133e-52       1.0000000
      0.00000       5.2480000   1.6337389e-52       1.0000000
      0.00000       5.2490000   1.5877082e-52       1.0000000
      0.00000       5.2500000   1.5429828e-52       1.0000000
      0.00000       5.2510000   1.4995255e-52       1.0000000
      0.00000       5.2520000   1.4573001e-52       1.0000000
      0.00000       5.2530000   1.4162714e-52       1.0000000
      0.00000       5.2540000   1.3764053e-52       1.0000000
      0.00000       5.2550000   1.3376687e-52       1.0000000
      0.00000       5.2560000   1.3000293e-52       1.0000000
      0.00000       5.2570000   1.2634558e-52       1.0000000
      0.00000       5.2580000   1.2279179e-52       1.0000000
      0.00000       5.2590000   1.1933861e-52       1.0000000
      0.00000       5.2600000   1.1598317e-52       1.0000000
      0.00000       5.2610000   1.1272269e-52       1.0000000
      0.00000       5.2620000   1.0955446e-52       1.0000000
      0.00000       5.2630000   1.0647585e-52       1.0000000
      0.00000       5.2640000   1.0348431e-52       1.0000000
      0.00000       5.2650000   1.0057737e-52       1.0000000
      0.00000       5.2660000   9.7752617e-53       1.0000000
      0.00000       5.2670000   9.5007711e-53       1.0000000
      0.00000       5.2680000   9.2340382e-53       1.0000000
      0.00000       5.2690000   8.9748422e-53       1.0000000
      0.00000       5.2700000   8.7229690e-53       1.0000000
      0.00000       5.2710000   8.4782102e-53       1.0000000
      0.00000       5.2720000   8.2403635e-53       1.0000000
      0.00000       5.2730000   8.0092327e-53       1.0000000
      0.00000       5.2740000   7.7846267e-53       1.0000000
      0.00000       5.2750000   7.5663602e-53       1.0000000
      0.00000       5.2760000   7.3542532e-53       1.0000000
      0.00000       5.2770000   7.1481307e-53       1.0000000
      0.00000       5.2780000   6.9478227e-53       1.0000000
      0.00000       5.2790000   6.7531642e-53       1.0000000
      0.00000       5.2800000   6.5639948e-53       1.0000000
      0.00000       5.2810000   6.3801588e-53       1.0000000
      0.00000       5.2820000   6.2015047e-53       1.0000000
      0.00000       5.2830000   6.0278857e-53       1.0000000
      0.00000       5.2840000   5.8591588e-53       1.0000000
      0.00000       5.2850000   5.6951854e-53       1.0000000
      0.00000       5.2860000   5.5358306e-53       1.0000000
      0.00000       5.2870000   5.3809635e-53       1.0000000
      0.00000       5.2880000   5.2304570e-53       1.0000000
      0.00000       5.2890000   5.0841875e-53       1.0000000
      0.00000       5.2900000   4.9420349e-53       1.0000000
      0.00000       5.2910000   4.8038825e-53       1.0000000
      0.00000       5.2920000   4.6696172e-53       1.0000000
      0.00000       5.2930000   4.5391288e-53       1.0000000
      0.00000       5.2940000   4.4123105e-53       1.0000000
      0.00000       5.2950000   4.2890582e-53       1.0000000
      0.00000       5.2960000   4.1692712e-53       1.0000000
      0.00000       5.2970000   4.0528513e-53       1.0000000
      0.00000       5.2980000   3.9397033e-53       1.0000000
      0.00000       5.2990000   3.8297346e-53       1.0000000
      0.00000       5.3000000   3.7228554e-53       1.0000000
      0.00000       5.3010000   3.6189783e-53       1.0000000
      0.00000       5.3020000   3.5180183e-53       1.0000000
      0.00000       5.3030000   3.4198932e-53       1.0000000
      0.00000       5.3040000   3.3245227e-53       1.0000000
      0.00000       5.3050000   3.2318290e-53       1.0000000
      0.00000       5.3060000   3.1417365e-53       1.0000000
      0.00000       5.3070000   3.0541718e-53       1.0000000
      0.00000       5.3080000   2.9690635e-53       1.0000000
      0.00000       5.3090000   2.8863421e-53       1.0000000
      0.00000       5.3100000   2.8059404e-53       1.0000000
      0.00000       5.3110000   2.7277929e-53       1.0000000
      0.00000       5.3120000   2.6518360e-53       1.0000000
      0.00000       5.3130000   2.5780078e-53       1.0000000
      0.00000       5.3140000   2.5062483e-53       1.0000000
      0.00000       5.3150000   2.4364992e-53       1.0000000
      0.00000       5.3160000   2.3687039e-53       1.0000000
      0.00000       5.3170000   2.3028071e-53       1.0000000
      0.00000       5.3180000   2.2387555e-53       1.0000000
      0.00000       5.3190000   2.1764969e-53       1.0000000
      0.00000       5.3200000   2.1159810e-53       1.0000000
      0.00000       5.3210000   2.0571586e-53       1.0000000
      0.00000       5.3220000   1.9999820e-53       1.0000000
      0.00000       5.3230000   1.9444048e-53       1.0000000
      0.00000       5.3240000   1.8903821e-53       1.0000000
      0.00000       5.3250000   1.8378700e-53       1.0000000
      0.00000       5.3260000   1.7868261e-53       1.0000000
      0.00000       5.3270000   1.7372091e-53       1.0000000
      0.00000       5.3280000   1.6889787e-53       1.0000000
      0.00000       5.3290000   1.6420961e-53       1.0000000
      0.00000       5.3300000   1.5965233e-53       1.0000000
      0.00000       5.3310000   1.5522234e-53       1.0000000
      0.00000       5.3320000   1.5091607e-53       1.0000000
      0.00000       5.3330000   1.4673005e-53       1.0000000
      0.00000       5.3340000   1.4266088e-53       1.0000000
      0.00000       5.3350000   1.3870530e-53       1.0000000
      0.00000       5.3360000   1.3486010e-53       1.0000000
      0.00000       5.3370000   1.3112219e-53       1.0000000
      0.00000       5.3380000   1.2748855e-53       1.0000000
      0.00000       5.3390000   1.2395626e-53       1.0000000
      0.00000       5.3400000   1.2052248e-53       1.0000000
      0.00000       5.3410000   1.1718443e-53       1.0000000
      0.00000       5.3420000   1.1393943e-53       1.0000000
      0.00000       5.3430000   1.1078488e-53       1.0000000
      0.00000       5.3440000   1.0771823e-53       1.0000000
      0.00000       5.3450000   1.0473701e-53       1.0000000
      0.00000       5.3460000   1.0183884e-53       1.0000000
      0.00000       5.3470000   9.9021385e-54       1.0000000
      0.00000       5.3480000   9.6282381e-54       1.0000000
      0.00000       5.3490000   9.3619631e-54       1.0000000
      0.00000       5.3500000   9.1030998e-54       1.0000000
      0.00000       5.3510000   8.8514407e-54       1.0000000
      0.00000       5.3520000   8.6067838e-54       1.0000000
      0.00000       5.3530000   8.3689332e-54       1.0000000
      0.00000       5.3540000   8.1376982e-54       1.0000000
      0.00000       5.3550000   7.9128938e-54       1.0000000
      0.00000       5.3560000   7.6943397e-54       1.0000000
      0.00000       5.3570000   7.4818613e-54       1.0000000
      0.00000       5.3580000   7.2752885e-54       1.0000000
      0.00000       5.3590000   7.0744561e-54       1.0000000
      0.00000       5.3600000   6.8792035e-54       1.0000000
      0.00000       5.3610000   6.6893747e-54       1.0000000
      0.00000       5.3620000   6.5048182e-54       1.0000000
      0.00000       5.3630000   6.3253865e-54       1.0000000
      0.00000       5.3640000   6.1509363e-54       1.0000000
      0.00000       5.3650000   5.9813286e-54       1.0000000
      0.00000       5.3660000   5.8164280e-54       1.0000000
      0.00000       5.3670000   5.6561031e-54       1.0000000
      0.00000       5.3680000   5.5002260e-54       1.0000000
      0.00000       5.3690000   5.3486726e-54       1.0000000
      0.00000       5.3700000   5.2013222e-54       1.0000000
      0.00000       5.3710000   5.0580574e-54       1.0000000
      0.00000       5.3720000   4.9187643e-54       1.0000000
      0.00000       5.3730000   4.7833320e-54       1.0000000
      0.00000       5.3740000   4.6516528e-54       1.0000000
      0.00000       5.3750000   4.5236221e-54       1.0000000
      0.00000       5.3760000   4.3991382e-54       1.0000000
      0.00000       5.3770000   4.2781020e-54       1.0000000
      0.00000       5.3780000   4.1604176e-54       1.0000000
      0.00000       5.3790000   4.0459915e-54       1.0000000
      0.00000       5.3800000   3.9347329e-54       1.0000000
      0.00000       5.3810000   3.8265536e-54       1.0000000
      0.00000       5.3820000   3.7213678e-54       1.0000000
      0.00000       5.3830000   3.6190921e-54       1.0000000
      0.00000       5.3840000   3.5196455e-54       1.0000000
      0.00000       5.3850000   3.4229493e-54       1.0000000
      0.00000       5.3860000   3.3289268e-54       1.0000000
      0.00000       5.3870000   3.2375037e-54       1.0000000
      0.00000       5.3880000   3.1486077e-54       1.0000000
      0.00000       5.3890000   3.0621684e-54       1.0000000
      0.00000       5.3900000   2.9781175e-54       1.0000000
      0.00000       5.3910000   2.8963886e-54       1.0000000
      0.00000       5.3920000   2.8169172e-54       1.0000000
      0.00000       5.3930000   2.7396404e-54       1.0000000
      0.00000       5.3940000   2.6644973e-54       1.0000000
      0.00000       5.3950000   2.5914287e-54       1.0000000
      0.00000       5.3960000   2.5203767e-54       1.0000000
      0.00000       5.3970000   2.4512855e-54       1.0000000
      0.00000       5.3980000   2.3841006e-54       1.0000000
      0.00000       5.3990000   2.3187690e-54       1.0000000
      0.00000       5.4000000   2.2552393e-54       1.0000000
      0.00000       5.4010000   2.1934615e-54       1.0000000
      0.00000       5.4020000   2.1333869e-54       1.0000000
      0.00000       5.4030000   2.0749684e-54       1.0000000
      0.00000       5.4040000   2.0181598e-54       1.0000000
      0.00000       5.4050000   1.9629167e-54       1.0000000
      0.00000       5.4060000   1.9091955e-54       1.0000000
      0.00000       5.4070000   1.8569541e-54       1.0000000
      0.00000       5.4080000   1.8061515e-54       1.0000000
      0.00000       5.4090000   1.7567477e-54       1.0000000
      0.00000       5.4100000   1.7087040e-54       1.0000000
      0.00000       5.4110000   1.6619828e-54       1.0000000
      0.00000       5.4120000   1.6165473e-54       1.0000000
      0.00000       5.4130000   1.5723620e-54       1.0000000
      0.00000       5.4140000   1.5293923e-54       1.0000000
      0.00000       5.4150000   1.4876044e-54       1.0000000
      0.00000       5.4160000   1.4469658e-54       1.0000000
      0.00000       5.4170000   1.4074445e-54       1.0000000
      0.00000       5.4180000   1.3690096e-54       1.0000000
      0.00000       5.4190000   1.3316312e-54       1.0000000
      0.00000       5.4200000   1.2952799e-54       1.0000000
      0.00000       5.4210000   1.2599274e-54       1.0000000
      0.00000       5.4220000   1.2255460e-54       1.0000000
      0.00000       5.4230000   1.1921089e-54       1.0000000
      0.00000       5.4240000   1.1595901e-54       1.0000000
      0.00000       5.4250000   1.1279640e-54       1.0000000
      0.00000       5.4260000   1.0972061e-54       1.0000000
      0.00000       5.4270000   1.0672923e-54       1.0000000
      0.00000       5.4280000   1.0381994e-54       1.0000000
      0.00000       5.4290000   1.0099046e-54       1.0000000
      0.00000       5.4300000   9.8238601e-55       1.0000000
      0.00000       5.4310000   9.5562211e-55       1.0000000
      0.00000       5.4320000   9.2959209e-55       1.0000000
      0.00000       5.4330000   9.0427569e-55       1.0000000
      0.00000       5.4340000   8.7965322e-55       1.0000000
      0.00000       5.4350000   8.5570554e-55       1.0000000
      0.00000       5.4360000   8.3241405e-55       1.0000000
      0.00000       5.4370000   8.0976063e-55       1.0000000
      0.00000       5.4380000   7.8772771e-55       1.0000000
      0.00000       5.4390000   7.6629817e-55       1.0000000
      0.00000       5.4400000   7.4545538e-55       1.0000000
      0.00000       5.4410000   7.2518318e-55       1.0000000
      0.00000       5.4420000   7.0546585e-55       1.0000000
      0.00000       5.4430000   6.8628809e-55       1.0000000
      0.00000       5.4440000   6.6763505e-55       1.0000000
      0.00000       5.4450000   6.4949228e-55       1.0000000
      0.00000       5.4460000   6.3184574e-55       1.0000000
      0.00000       5.4470000   6.1468175e-55       1.0000000
      0.00000       5.4480000   5.9798704e-55       1.0000000
      0.00000       5.4490000   5.8174870e-55       1.0000000
      0.00000       5.4500000   5.6595418e-55       1.0000000
      0.00000       5.4510000   5.5059125e-55       1.0000000
      0.00000       5.4520000   5.3564806e-55       1.0000000
      0.00000       5.4530000   5.2111306e-55       1.0000000
      0.00000       5.4540000   5.0697503e-55       1.0000000
      0.00000       5.4550000   4.9322306e-55       1.0000000
      0.00000       5.4560000   4.7984653e-55       1.0000000
      0.00000       5.4570000   4.6683514e-55       1.0000000
      0.00000       5.4580000   4.5417885e-55       1.0000000
      0.00000       5.4590000   4.4186791e-55       1.0000000
      0.00000       5.4600000   4.2989283e-55       1.0000000
      0.00000       5.4610000   4.1824439e-55       1.0000000
      0.00000       5.4620000   4.0691363e-55       1.0000000
      0.00000       5.4630000   3.9589182e-55       1.0000000
      0.00000       5.4640000   3.8517049e-55       1.0000000
      0.00000       5.4650000   3.7474139e-55       1.0000000
      0.00000       5.4660000   3.6459651e-55       1.0000000
      0.00000       5.4670000   3.5472805e-55       1.0000000
      0.00000       5.4680000   3.4512842e-55       1.0000000
      0.00000       5.4690000   3.3579027e-55       1.0000000
      0.00000       5.4700000   3.2670641e-55       1.0000000
      0.00000       5.4710000   3.1786989e-55       1.0000000
      0.00000       5.4720000   3.0927392e-55       1.0000000
      0.00000       5.4730000   3.0091192e-55       1.0000000
      0.00000       5.4740000   2.9277747e-55       1.0000000
      0.00000       5.4750000   2.8486434e-55       1.0000000
      0.00000       5.4760000   2.7716647e-55       1.0000000
      0.00000       5.4770000   2.6967797e-55       1.0000000
      0.00000       5.4780000   2.6239311e-55       1.0000000
      0.00000       5.4790000   2.5530631e-55       1.0000000
      0.00000       5.4800000   2.4841215e-55       1.0000000
      0.00000       5.4810000   2.4170537e-55       1.0000000
      0.00000       5.4820000   2.3518084e-55       1.0000000
      0.00000       5.4830000   2.2883357e-55       1.0000000
      0.00000       5.4840000   2.2265871e-55       1.0000000
      0.00000       5.4850000   2.1665156e-55       1.0000000
      0.00000       5.4860000   2.1080753e-55       1.0000000
      0.00000       5.4870000   2.0512216e-55       1.0000000
      0.00000       5.4880000   1.9959112e-55       1.0000000
      0.00000       5.4890000   1.9421018e-55       1.0000000
      0.00000       5.4900000   1.8897526e-55       1.0000000
      0.00000       5.4910000   1.8388235e-55       1.0000000
      0.00000       5.4920000   1.7892760e-55       1.0000000
      0.00000       5.4930000   1.7410721e-55       1.0000000
      0.00000       5.4940000   1.6941753e-55       1.0000000
      0.00000       5.4950000   1.6485499e-55       1.0000000
      0.00000       5.4960000   1.6041612e-55       1.0000000
      0.00000       5.4970000   1.5609754e-55       1.0000000
      0.00000       5.4980000   1.5189598e-55       1.0000000
      0.00000       5.4990000   1.4780824e-55       1.0000000
      0.00000       5.5000000   1.4383123e-55       1.0000000
      0.00000       5.5010000   1.3996191e-55       1.0000000
      0.00000       5.5020000   1.3619736e-55       1.0000000
      0.00000       5.5030000   1.3253473e-55       1.0000000
      0.00000       5.5040000   1.2897123e-55       1.0000000
      0.00000       5.5050000   1.2550416e-55       1.0000000
      0.00000       5.5060000   1.2213090e-55       1.0000000
      0.00000       5.5070000   1.1884889e-55       1.0000000
      0.00000       5.5080000   1.1565565e-55       1.0000000
      0.00000       5.5090000   1.1254877e-55       1.0000000
      0.00000       5.5100000   1.0952589e-55       1.0000000
      0.00000       5.5110000   1.0658472e-55       1.0000000
      0.00000       5.5120000   1.0372305e-55       1.0000000
      0.00000       5.5130000   1.0093871e-55       1.0000000
      0.00000       5.5140000   9.8229593e-56       1.0000000
      0.00000       5.5150000   9.5593661e-56       1.0000000
      0.00000       5.5160000   9.3028921e-56       1.0000000
      0.00000       5.5170000   9.0533439e-56       1.0000000
      0.00000       5.5180000   8.8105331e-56       1.0000000
      0.00000       5.5190000   8.5742768e-56       1.0000000
      0.00000       5.5200000   8.3443968e-56       1.0000000
      0.00000       5.5210000   8.1207200e-56       1.0000000
      0.00000       5.5220000   7.9030779e-56       1.0000000
      0.00000       5.5230000   7.6913066e-56       1.0000000
      0.00000       5.5240000   7.4852468e-56       1.0000000
      0.00000       5.5250000   7.2847434e-56       1.0000000
      0.00000       5.5260000   7.0896455e-56       1.0000000
      0.00000       5.5270000   6.8998067e-56       1.0000000
      0.00000       5.5280000   6.7150841e-56       1.0000000
      0.00000       5.5290000   6.5353390e-56       1.0000000
      0.00000       5.5300000   6.3604364e-56       1.0000000
      0.00000       5.5310000   6.1902450e-56       1.0000000
      0.00000       5.5320000   6.0246371e-56       1.0000000
      0.00000       5.5330000   5.8634885e-56       1.0000000
      0.00000       5.5340000   5.7066783e-56       1.0000000
      0.00000       5.5350000   5.5540889e-56       1.0000000
      0.00000       5.5360000   5.4056061e-56       1.0000000
      0.00000       5.5370000   5.2611185e-56       1.0000000
      0.00000       5.5380000   5.1205180e-56       1.0000000
      0.00000       5.5390000   4.9836994e-56       1.0000000
      0.00000       5.5400000   4.8505602e-56       1.0000000
      0.00000       5.5410000   4.7210009e-56       1.0000000
      0.00000       5.5420000   4.5949246e-56       1.0000000
      0.00000       5.5430000   4.4722371e-56       1.0000000
      0.00000       5.5440000   4.3528467e-56       1.0000000
      0.00000       5.5450000   4.2366641e-56       1.0000000
      0.00000       5.5460000   4.1236028e-56       1.0000000
      0.00000       5.5470000   4.0135782e-56       1.0000000
      0.00000       5.5480000   3.9065083e-56       1.0000000
      0.00000       5.5490000   3.8023132e-56       1.0000000
      0.00000       5.5500000   3.7009153e-56       1.0000000
      0.00000       5.5510000   3.6022389e-56       1.0000000
      0.00000       5.5520000   3.5062106e-56       1.0000000
      0.00000       5.5530000   3.4127587e-56       1.0000000
      0.00000       5.5540000   3.3218139e-56       1.0000000
      0.00000       5.5550000   3.2333083e-56       1.0000000
      0.00000       5.5560000   3.1471761e-56       1.0000000
      0.00000       5.5570000   3.0633533e-56       1.0000000
      0.00000       5.5580000   2.9817776e-56       1.0000000
      0.00000       5.5590000   2.9023882e-56       1.0000000
      0.00000       5.5600000   2.8251263e-56       1.0000000
      0.00000       5.5610000   2.7499345e-56       1.0000000
      0.00000       5.5620000   2.6767569e-56       1.0000000
      0.00000       5.5630000   2.6055392e-56       1.0000000
      0.00000       5.5640000   2.5362287e-56       1.0000000
      0.00000       5.5650000   2.4687739e-56       1.0000000
      0.00000       5.5660000   2.4031247e-56       1.0000000
      0.00000       5.5670000   2.3392326e-56       1.0000000
      0.00000       5.5680000   2.2770503e-56       1.0000000
      0.00000       5.5690000   2.2165316e-56       1.0000000
      0.00000       5.5700000   2.1576318e-56       1.0000000
      0.00000       5.5710000   2.1003073e-56       1.0000000
      0.00000       5.5720000   2.0445157e-56       1.0000000
      0.00000       5.5730000   1.9902157e-56       1.0000000
      0.00000       5.5740000   1.9373672e-56       1.0000000
      0.00000       5.5750000   1.8859312e-56       1.0000000
      0.00000       5.5760000   1.8358697e-56       1.0000000
      0.00000       5.5770000   1.7871456e-56       1.0000000
      0.00000       5.5780000   1.7397231e-56       1.0000000
      0.00000       5.5790000   1.6935671e-56       1.0000000
      0.00000       5.5800000   1.6486436e-56       1.0000000
      0.00000       5.5810000   1.6049194e-56       1.0000000
      0.00000       5.5820000   1.5623624e-56       1.0000000
      0.00000       5.5830000   1.5209412e-56       1.0000000
      0.00000       5.5840000   1.4806253e-56       1.0000000
      0.00000       5.5850000   1.4413850e-56       1.0000000
      0.00000       5.5860000   1.4031914e-56       1.0000000
      0.00000       5.5870000   1.3660164e-56       1.0000000
      0.00000       5.5880000   1.3298327e-56       1.0000000
      0.00000       5.5890000   1.2946136e-56       1.0000000
      0.00000       5.5900000   1.2603333e-56       1.0000000
      0.00000       5.5910000   1.2269667e-56       1.0000000
      0.00000       5.5920000   1.1944891e-56       1.0000000
      0.00000       5.5930000   1.1628768e-56       1.0000000
      0.00000       5.5940000   1.1321066e-56       1.0000000
      0.00000       5.5950000   1.1021558e-56       1.0000000
      0.00000       5.5960000   1.0730025e-56       1.0000000
      0.00000       5.5970000   1.0446254e-56       1.0000000
      0.00000       5.5980000   1.0170036e-56       1.0000000
      0.00000       5.5990000   9.9011693e-57       1.0000000
      0.00000       5.6000000   9.6394567e-57       1.0000000
      0.00000       5.6010000   9.3847068e-57       1.0000000
      0.00000       5.6020000   9.1367331e-57       1.0000000
      0.00000       5.6030000   8.8953541e-57       1.0000000
      0.00000       5.6040000   8.6603933e-57       1.0000000
      0.00000       5.6050000   8.4316791e-57       1.0000000
      0.00000       5.6060000   8.2090442e-57       1.0000000
      0.00000       5.6070000   7.9923261e-57       1.0000000
      0.00000       5.6080000   7.7813664e-57       1.0000000
      0.00000       5.6090000   7.5760112e-57       1.0000000
      0.00000       5.6100000   7.3761106e-57       1.0000000
      0.00000       5.6110000   7.1815188e-57       1.0000000
      0.00000       5.6120000   6.9920940e-57       1.0000000
      0.00000       5.6130000   6.8076979e-57       1.0000000
      0.00000       5.6140000   6.6281963e-57       1.0000000
      0.00000       5.6150000   6.4534585e-57       1.0000000
      0.00000       5.6160000   6.2833571e-57       1.0000000
      0.00000       5.6170000   6.1177683e-57       1.0000000
      0.00000       5.6180000   5.9565718e-57       1.0000000
      0.00000       5.6190000   5.7996501e-57       1.0000000
      0.00000       5.6200000   5.6468893e-57       1.0000000
      0.00000       5.6210000   5.4981783e-57       1.0000000
      0.00000       5.6220000   5.3534089e-57       1.0000000
      0.00000       5.6230000   5.2124762e-57       1.0000000
      0.00000       5.6240000   5.0752777e-57       1.0000000
      0.00000       5.6250000   4.9417138e-57       1.0000000
      0.00000       5.6260000   4.8116877e-57       1.0000000
      0.00000       5.6270000   4.6851051e-57       1.0000000
      0.00000       5.6280000   4.5618741e-57       1.0000000
      0.00000       5.6290000   4.4419055e-57       1.0000000
      0.00000       5.6300000   4.3251122e-57       1.0000000
      0.00000       5.6310000   4.2114098e-57       1.0000000
      0.00000       5.6320000   4.1007160e-57       1.0000000
      0.00000       5.6330000   3.9929505e-57       1.0000000
      0.00000       5.6340000   3.8880354e-57       1.0000000
      0.00000       5.6350000   3.7858949e-57       1.0000000
      0.00000       5.6360000   3.6864551e-57       1.0000000
      0.00000       5.6370000   3.5896441e-57       1.0000000
      0.00000       5.6380000   3.4953919e-57       1.0000000
      0.00000       5.6390000   3.4036306e-57       1.0000000
      0.00000       5.6400000   3.3142939e-57       1.0000000
      0.00000       5.6410000   3.2273172e-57       1.0000000
      0.00000       5.6420000   3.1426378e-57       1.0000000
      0.00000       5.6430000   3.0601948e-57       1.0000000
      0.00000       5.6440000   2.9799285e-57       1.0000000
      0.00000       5.6450000   2.9017813e-57       1.0000000
      0.00000       5.6460000   2.8256967e-57       1.0000000
      0.00000       5.6470000   2.7516199e-57       1.0000000
      0.00000       5.6480000   2.6794978e-57       1.0000000
      0.00000       5.6490000   2.6092783e-57       1.0000000
      0.00000       5.6500000   2.5409109e-57       1.0000000
      0.00000       5.6510000   2.4743465e-57       1.0000000
      0.00000       5.6520000   2.4095372e-57       1.0000000
      0.00000       5.6530000   2.3464364e-57       1.0000000
      0.00000       5.6540000   2.2849989e-57       1.0000000
      0.00000       5.6550000   2.2251804e-57       1.0000000
      0.00000       5.6560000   2.1669380e-57       1.0000000
      0.00000       5.6570000   2.1102300e-57       1.0000000
      0.00000       5.6580000   2.0550157e-57       1.0000000
      0.00000       5.6590000   2.0012554e-57       1.0000000
      0.00000       5.6600000   1.9489107e-57       1.0000000
      0.00000       5.6610000   1.8979439e-57       1.0000000
      0.00000       5.6620000   1.8483187e-57       1.0000000
      0.00000       5.6630000   1.7999994e-57       1.0000000
      0.00000       5.6640000   1.7529515e-57       1.0000000
      0.00000       5.6650000   1.7071413e-57       1.0000000
      0.00000       5.6660000   1.6625361e-57       1.0000000
      0.00000       5.6670000   1.6191039e-57       1.0000000
      0.00000       5.6680000   1.5768137e-57       1.0000000
      0.00000       5.6690000   1.5356352e-57       1.0000000
      0.00000       5.6700000   1.4955391e-57       1.0000000
      0.00000       5.6710000   1.4564967e-57       1.0000000
      0.00000       5.6720000   1.4184802e-57       1.0000000
      0.00000       5.6730000   1.3814624e-57       1.0000000
      0.00000       5.6740000   1.3454169e-57       1.0000000
      0.00000       5.6750000   1.3103181e-57       1.0000000
      0.00000       5.6760000   1.2761408e-57       1.0000000
      0.00000       5.6770000   1.2428608e-57       1.0000000
      0.00000       5.6780000   1.2104543e-57       1.0000000
      0.00000       5.6790000   1.1788982e-57       1.0000000
      0.00000       5.6800000   1.1481702e-57       1.0000000
      0.00000       5.6810000   1.1182482e-57       1.0000000
      0.00000       5.6820000   1.0891111e-57       1.0000000
      0.00000       5.6830000   1.0607382e-57       1.0000000
      0.00000       5.6840000   1.0331092e-57       1.0000000
      0.00000       5.6850000   1.0062045e-57       1.0000000
      0.00000       5.6860000   9.8000503e-58       1.0000000
      0.00000       5.6870000   9.5449217e-58       1.0000000
      0.00000       5.6880000   9.2964781e-58       1.0000000
      0.00000       5.6890000   9.0545432e-58       1.0000000
      0.00000       5.6900000   8.8189453e-58       1.0000000
      0.00000       5.6910000   8.5895175e-58       1.0000000
      0.00000       5.6920000   8.3660970e-58       1.0000000
      0.00000       5.6930000   8.1485257e-58       1.0000000
      0.00000       5.6940000   7.9366493e-58       1.0000000
      0.00000       5.6950000   7.7303178e-58       1.0000000
      0.00000       5.6960000   7.5293852e-58       1.0000000
      0.00000       5.6970000   7.3337093e-58       1.0000000
      0.00000       5.6980000   7.1431517e-58       1.0000000
      0.00000       5.6990000   6.9575777e-58       1.0000000
      0.00000       5.7000000   6.7768560e-58       1.0000000
      0.00000       5.7010000   6.6008590e-58       1.0000000
      0.00000       5.7020000   6.4294624e-58       1.0000000
      0.00000       5.7030000   6.2625452e-58       1.0000000
      0.00000       5.7040000   6.0999894e-58       1.0000000
      0.00000       5.7050000   5.9416805e-58       1.0000000
      0.00000       5.7060000   5.7875068e-58       1.0000000
      0.00000       5.7070000   5.6373594e-58       1.0000000
      0.00000       5.7080000   5.4911328e-58       1.0000000
      0.00000       5.7090000   5.3487236e-58       1.0000000
      0.00000       5.7100000   5.2100318e-58       1.0000000
      0.00000       5.7110000   5.0749595e-58       1.0000000
      0.00000       5.7120000   4.9434119e-58       1.0000000
      0.00000       5.7130000   4.8152961e-58       1.0000000
      0.00000       5.7140000   4.6905223e-58       1.0000000
      0.00000       5.7150000   4.5690025e-58       1.0000000
      0.00000       5.7160000   4.4506515e-58       1.0000000
      0.00000       5.7170000   4.3353861e-58       1.0000000
      0.00000       5.7180000   4.2231252e-58       1.0000000
      0.00000       5.7190000   4.1137901e-58       1.0000000
      0.00000       5.7200000   4.0073040e-58       1.0000000
      0.00000       5.7210000   3.9035922e-58       1.0000000
      0.00000       5.7220000   3.8025820e-58       1.0000000
      0.00000       5.7230000   3.7042025e-58       1.0000000
      0.00000       5.7240000   3.6083848e-58       1.0000000
      0.00000       5.7250000   3.5150617e-58       1.0000000
      0.00000       5.7260000   3.4241679e-58       1.0000000
      0.00000       5.7270000   3.3356398e-58       1.0000000
      0.00000       5.7280000   3.2494153e-58       1.0000000
      0.00000       5.7290000   3.1654341e-58       1.0000000
      0.00000       5.7300000   3.0836375e-58       1.0000000
      0.00000       5.7310000   3.0039683e-58       1.0000000
      0.00000       5.7320000   2.9263708e-58       1.0000000
      0.00000       5.7330000   2.8507908e-58       1.0000000
      0.00000       5.7340000   2.7771755e-58       1.0000000
      0.00000       5.7350000   2.7054734e-58       1.0000000
      0.00000       5.7360000   2.6356347e-58       1.0000000
      0.00000       5.7370000   2.5676104e-58       1.0000000
      0.00000       5.7380000   2.5013532e-58       1.0000000
      0.00000       5.7390000   2.4368169e-58       1.0000000
      0.00000       5.7400000   2.3739565e-58       1.0000000
      0.00000       5.7410000   2.3127281e-58       1.0000000
      0.00000       5.7420000   2.2530892e-58       1.0000000
      0.00000       5.7430000   2.1949982e-58       1.0000000
      0.00000       5.7440000   2.1384147e-58       1.0000000
      0.00000       5.7450000   2.0832992e-58       1.0000000
      0.00000       5.7460000   2.0296136e-58       1.0000000
      0.00000       5.7470000   1.9773204e-58       1.0000000
      0.00000       5.7480000   1.9263832e-58       1.0000000
      0.00000       5.7490000   1.8767668e-58       1.0000000
      0.00000       5.7500000   1.8284366e-58       1.0000000
      0.00000       5.7510000   1.7813591e-58       1.0000000
      0.00000       5.7520000   1.7355015e-58       1.0000000
      0.00000       5.7530000   1.6908322e-58       1.0000000
      0.00000       5.7540000   1.6473200e-58       1.0000000
      0.00000       5.7550000   1.6049349e-58       1.0000000
      0.00000       5.7560000   1.5636474e-58       1.0000000
      0.00000       5.7570000   1.5234289e-58       1.0000000
      0.00000       5.7580000   1.4842516e-58       1.0000000
      0.00000       5.7590000   1.4460884e-58       1.0000000
      0.00000       5.7600000   1.4089127e-58       1.0000000
      0.00000       5.7610000   1.3726990e-58       1.0000000
      0.00000       5.7620000   1.3374222e-58       1.0000000
      0.00000       5.7630000   1.3030578e-58       1.0000000
      0.00000       5.7640000   1.2695821e-58       1.0000000
      0.00000       5.7650000   1.2369720e-58       1.0000000
      0.00000       5.7660000   1.2052049e-58       1.0000000
      0.00000       5.7670000   1.1742590e-58       1.0000000
      0.00000       5.7680000   1.1441128e-58       1.0000000
      0.00000       5.7690000   1.1147456e-58       1.0000000
      0.00000       5.7700000   1.0861371e-58       1.0000000
      0.00000       5.7710000   1.0582675e-58       1.0000000
      0.00000       5.7720000   1.0311177e-58       1.0000000
      0.00000       5.7730000   1.0046690e-58       1.0000000
      0.00000       5.7740000   9.7890304e-59       1.0000000
      0.00000       5.7750000   9.5380221e-59       1.0000000
      0.00000       5.7760000   9.2934919e-59       1.0000000
      0.00000       5.7770000   9.0552715e-59       1.0000000
      0.00000       5.7780000   8.8231971e-59       1.0000000
      0.00000       5.7790000   8.5971091e-59       1.0000000
      0.00000       5.7800000   8.3768521e-59       1.0000000
      0.00000       5.7810000   8.1622746e-59       1.0000000
      0.00000       5.7820000   7.9532294e-59       1.0000000
      0.00000       5.7830000   7.7495728e-59       1.0000000
      0.00000       5.7840000   7.5511651e-59       1.0000000
      0.00000       5.7850000   7.3578701e-59       1.0000000
      0.00000       5.7860000   7.1695552e-59       1.0000000
      0.00000       5.7870000   6.9860913e-59       1.0000000
      0.00000       5.7880000   6.8073525e-59       1.0000000
      0.00000       5.7890000   6.6332165e-59       1.0000000
      0.00000       5.7900000   6.4635640e-59       1.0000000
      0.00000       5.7910000   6.2982786e-59       1.0000000
      0.00000       5.7920000   6.1372474e-59       1.0000000
      0.00000       5.7930000   5.9803601e-59       1.0000000
      0.00000       5.7940000   5.8275094e-59       1.0000000
      0.00000       5.7950000   5.6785907e-59       1.0000000
      0.00000       5.7960000   5.5335022e-59       1.0000000
      0.00000       5.7970000   5.3921449e-59       1.0000000
      0.00000       5.7980000   5.2544221e-59       1.0000000
      0.00000       5.7990000   5.1202398e-59       1.0000000
      0.00000       5.8000000   4.9895063e-59       1.0000000
      0.00000       5.8010000   4.8621325e-59       1.0000000
      0.00000       5.8020000   4.7380315e-59       1.0000000
      0.00000       5.8030000   4.6171185e-59       1.0000000
      0.00000       5.8040000   4.4993113e-59       1.0000000
      0.00000       5.8050000   4.3845295e-59       1.0000000
      0.00000       5.8060000   4.2726949e-59       1.0000000
      0.00000       5.8070000   4.1637314e-59       1.0000000
      0.00000       5.8080000   4.0575647e-59       1.0000000
      0.00000       5.8090000   3.9541227e-59       1.0000000
      0.00000       5.8100000   3.8533349e-59       1.0000000
      0.00000       5.8110000   3.7551327e-59       1.0000000
      0.00000       5.8120000   3.6594496e-59       1.0000000
      0.00000       5.8130000   3.5662203e-59       1.0000000
      0.00000       5.8140000   3.4753816e-59       1.0000000
      0.00000       5.8150000   3.3868717e-59       1.0000000
      0.00000       5.8160000   3.3006307e-59       1.0000000
      0.00000       5.8170000   3.2165999e-59       1.0000000
      0.00000       5.8180000   3.1347223e-59       1.0000000
      0.00000       5.8190000   3.0549424e-59       1.0000000
      0.00000       5.8200000   2.9772062e-59       1.0000000
      0.00000       5.8210000   2.9014609e-59       1.0000000
      0.00000       5.8220000   2.8276552e-59       1.0000000
      0.00000       5.8230000   2.7557391e-59       1.0000000
      0.00000       5.8240000   2.6856639e-59       1.0000000
      0.00000       5.8250000   2.6173823e-59       1.0000000
      0.00000       5.8260000   2.5508479e-59       1.0000000
      0.00000       5.8270000   2.4860159e-59       1.0000000
      0.00000       5.8280000   2.4228423e-59       1.0000000
      0.00000       5.8290000   2.3612845e-59       1.0000000
      0.00000       5.8300000   2.3013008e-59       1.0000000
      0.00000       5.8310000   2.2428509e-59       1.0000000
      0.00000       5.8320000   2.1858951e-59       1.0000000
      0.00000       5.8330000   2.1303951e-59       1.0000000
      0.00000       5.8340000   2.0763133e-59       1.0000000
      0.00000       5.8350000   2.0236134e-59       1.0000000
      0.00000       5.8360000   1.9722598e-59       1.0000000
      0.00000       5.8370000   1.9222179e-59       1.0000000
      0.00000       5.8380000   1.8734539e-59       1.0000000
      0.00000       5.8390000   1.8259350e-59       1.0000000
      0.00000       5.8400000   1.7796293e-59       1.0000000
      0.00000       5.8410000   1.7345055e-59       1.0000000
      0.00000       5.8420000   1.6905332e-59       1.0000000
      0.00000       5.8430000   1.6476830e-59       1.0000000
      0.00000       5.8440000   1.6059260e-59       1.0000000
      0.00000       5.8450000   1.5652340e-59       1.0000000
      0.00000       5.8460000   1.5255799e-59       1.0000000
      0.00000       5.8470000   1.4869369e-59       1.0000000
      0.00000       5.8480000   1.4492791e-59       1.0000000
      0.00000       5.8490000   1.4125811e-59       1.0000000
      0.00000       5.8500000   1.3768185e-59       1.0000000
      0.00000       5.8510000   1.3419672e-59       1.0000000
      0.00000       5.8520000   1.3080038e-59       1.0000000
      0.00000       5.8530000   1.2749055e-59       1.0000000
      0.00000       5.8540000   1.2426502e-59       1.0000000
      0.00000       5.8550000   1.2112163e-59       1.0000000
      0.00000       5.8560000   1.1805827e-59       1.0000000
      0.00000       5.8570000   1.1507289e-59       1.0000000
      0.00000       5.8580000   1.1216349e-59       1.0000000
      0.00000       5.8590000   1.0932813e-59       1.0000000
      0.00000       5.8600000   1.0656491e-59       1.0000000
      0.00000       5.8610000   1.0387198e-59       1.0000000
      0.00000       5.8620000   1.0124754e-59       1.0000000
      0.00000       5.8630000   9.8689848e-60       1.0000000
      0.00000       5.8640000   9.6197185e-60       1.0000000
      0.00000       5.8650000   9.3767890e-60       1.0000000
      0.00000       5.8660000   9.1400340e-60       1.0000000
      0.00000       5.8670000   8.9092958e-60       1.0000000
      0.00000       5.8680000   8.6844203e-60       1.0000000
      0.00000       5.8690000   8.4652577e-60       1.0000000
      0.00000       5.8700000   8.2516618e-60       1.0000000
      0.00000       5.8710000   8.0434905e-60       1.0000000
      0.00000       5.8720000   7.8406050e-60       1.0000000
      0.00000       5.8730000   7.6428702e-60       1.0000000
      0.00000       5.8740000   7.4501545e-60       1.0000000
      0.00000       5.8750000   7.2623298e-60       1.0000000
      0.00000       5.8760000   7.0792711e-60       1.0000000
      0.00000       5.8770000   6.9008566e-60       1.0000000
      0.00000       5.8780000   6.7269678e-60       1.0000000
      0.00000       5.8790000   6.5574892e-60       1.0000000
      0.00000       5.8800000   6.3923081e-60       1.0000000
      0.00000       5.8810000   6.2313149e-60       1.0000000
      0.00000       5.8820000   6.0744028e-60       1.0000000
      0.00000       5.8830000   5.9214675e-60       1.0000000
      0.00000       5.8840000   5.7724078e-60       1.0000000
      0.00000       5.8850000   5.6271246e-60       1.0000000
      0.00000       5.8860000   5.4855218e-60       1.0000000
      0.00000       5.8870000   5.3475055e-60       1.0000000
      0.00000       5.8880000   5.2129842e-60       1.0000000
      0.00000       5.8890000   5.0818690e-60       1.0000000
      0.00000       5.8900000   4.9540729e-60       1.0000000
      0.00000       5.8910000   4.8295114e-60       1.0000000
      0.00000       5.8920000   4.7081022e-60       1.0000000
      0.00000       5.8930000   4.5897650e-60       1.0000000
      0.00000       5.8940000   4.4744214e-60       1.0000000
      0.00000       5.8950000   4.3619953e-60       1.0000000
      0.00000       5.8960000   4.2524125e-60       1.0000000
      0.00000       5.8970000   4.1456005e-60       1.0000000
      0.00000       5.8980000   4.0414888e-60       1.0000000
      0.00000       5.8990000   3.9400087e-60       1.0000000
      0.00000       5.9000000   3.8410934e-60       1.0000000
      0.00000       5.9010000   3.7446774e-60       1.0000000
      0.00000       5.9020000   3.6506974e-60       1.0000000
      0.00000       5.9030000   3.5590913e-60       1.0000000
      0.00000       5.9040000   3.4697988e-60       1.0000000
      0.00000       5.9050000   3.3827610e-60       1.0000000
      0.00000       5.9060000   3.2979207e-60       1.0000000
      0.00000       5.9070000   3.2152221e-60       1.0000000
      0.00000       5.9080000   3.1346107e-60       1.0000000
      0.00000       5.9090000   3.0560335e-60       1.0000000
      0.00000       5.9100000   2.9794389e-60       1.0000000
      0.00000       5.9110000   2.9047764e-60       1.0000000
      0.00000       5.9120000   2.8319971e-60       1.0000000
      0.00000       5.9130000   2.7610531e-60       1.0000000
      0.00000       5.9140000   2.6918979e-60       1.0000000
      0.00000       5.9150000   2.6244860e-60       1.0000000
      0.00000       5.9160000   2.5587733e-60       1.0000000
      0.00000       5.9170000   2.4947166e-60       1.0000000
      0.00000       5.9180000   2.4322739e-60       1.0000000
      0.00000       5.9190000   2.3714044e-60       1.0000000
      0.00000       5.9200000   2.3120680e-60       1.0000000
      0.00000       5.9210000   2.2542260e-60       1.0000000
      0.00000       5.9220000   2.1978404e-60       1.0000000
      0.00000       5.9230000   2.1428744e-60       1.0000000
      0.00000       5.9240000   2.0892920e-60       1.0000000
      0.00000       5.9250000   2.0370581e-60       1.0000000
      0.00000       5.9260000   1.9861385e-60       1.0000000
      0.00000       5.9270000   1.9365001e-60       1.0000000
      0.00000       5.9280000   1.8881103e-60       1.0000000
      0.00000       5.9290000   1.8409376e-60       1.0000000
      0.00000       5.9300000   1.7949510e-60       1.0000000
      0.00000       5.9310000   1.7501207e-60       1.0000000
      0.00000       5.9320000   1.7064173e-60       1.0000000
      0.00000       5.9330000   1.6638124e-60       1.0000000
      0.00000       5.9340000   1.6222781e-60       1.0000000
      0.00000       5.9350000   1.5817874e-60       1.0000000
      0.00000       5.9360000   1.5423139e-60       1.0000000
      0.00000       5.9370000   1.5038318e-60       1.0000000
      0.00000       5.9380000   1.4663162e-60       1.0000000
      0.00000       5.9390000   1.4297425e-60       1.0000000
      0.00000       5.9400000   1.3940870e-60       1.0000000
      0.00000       5.9410000   1.3593264e-60       1.0000000
      0.00000       5.9420000   1.3254382e-60       1.0000000
      0.00000       5.9430000   1.2924004e-60       1.0000000
      0.00000       5.9440000   1.2601914e-60       1.0000000
      0.00000       5.9450000   1.2287903e-60       1.0000000
      0.00000       5.9460000   1.1981767e-60       1.0000000
      0.00000       5.9470000   1.1683308e-60       1.0000000
      0.00000       5.9480000   1.1392332e-60       1.0000000
      0.00000       5.9490000   1.1108650e-60       1.0000000
      0.00000       5.9500000   1.0832077e-60       1.0000000
      0.00000       5.9510000   1.0562435e-60       1.0000000
      0.00000       5.9520000   1.0299549e-60       1.0000000
      0.00000       5.9530000   1.0043249e-60       1.0000000
      0.00000       5.9540000   9.7933677e-61       1.0000000
      0.00000       5.9550000   9.5497442e-61       1.0000000
      0.00000       5.9560000   9.3122204e-61       1.0000000
      0.00000       5.9570000   9.0806428e-61       1.0000000
      0.00000       5.9580000   8.8548616e-61       1.0000000
      0.00000       5.9590000   8.6347307e-61       1.0000000
      0.00000       5.9600000   8.4201077e-61       1.0000000
      0.00000       5.9610000   8.2108541e-61       1.0000000
      0.00000       5.9620000   8.0068346e-61       1.0000000
      0.00000       5.9630000   7.8079174e-61       1.0000000
      0.00000       5.9640000   7.6139741e-61       1.0000000
      0.00000       5.9650000   7.4248795e-61       1.0000000
      0.00000       5.9660000   7.2405116e-61       1.0000000
      0.00000       5.9670000   7.0607516e-61       1.0000000
      0.00000       5.9680000   6.8854835e-61       1.0000000
      0.00000       5.9690000   6.7145943e-61       1.0000000
      0.00000       5.9700000   6.5479739e-61       1.0000000
      0.00000       5.9710000   6.3855150e-61       1.0000000
      0.00000       5.9720000   6.2271131e-61       1.0000000
      0.00000       5.9730000   6.0726660e-61       1.0000000
      0.00000       5.9740000   5.9220745e-61       1.0000000
      0.00000       5.9750000   5.7752417e-61       1.0000000
      0.00000       5.9760000   5.6320732e-61       1.0000000
      0.00000       5.9770000   5.4924768e-61       1.0000000
      0.00000       5.9780000   5.3563630e-61       1.0000000
      0.00000       5.9790000   5.2236443e-61       1.0000000
      0.00000       5.9800000   5.0942354e-61       1.0000000
      0.00000       5.9810000   4.9680533e-61       1.0000000
      0.00000       5.9820000   4.8450170e-61       1.0000000
      0.00000       5.9830000   4.7250475e-61       1.0000000
      0.00000       5.9840000   4.6080680e-61       1.0000000
      0.00000       5.9850000   4.4940034e-61       1.0000000
      0.00000       5.9860000   4.3827806e-61       1.0000000
      0.00000       5.9870000   4.2743284e-61       1.0000000
      0.00000       5.9880000   4.1685773e-61       1.0000000
      0.00000       5.9890000   4.0654596e-61       1.0000000
      0.00000       5.9900000   3.9649092e-61       1.0000000
      0.00000       5.9910000   3.8668620e-61       1.0000000
      0.00000       5.9920000   3.7712551e-61       1.0000000
      0.00000       5.9930000   3.6780274e-61       1.0000000
      0.00000       5.9940000   3.5871193e-61       1.0000000
      0.00000       5.9950000   3.4984727e-61       1.0000000
      0.00000       5.9960000   3.4120311e-61       1.0000000
      0.00000       5.9970000   3.3277392e-61       1.0000000
      0.00000       5.9980000   3.2455432e-61       1.0000000
      0.00000       5.9990000   3.1653907e-61       1.0000000
