      0.00000       0.0000000       0.0000000       1.0000000
      0.00000    0.0010000000       0.0000000       1.0000000
      0.00000    0.0020000000       0.0000000       1.0000000
      0.00000    0.0030000000       0.0000000       1.0000000
      0.00000    0.0040000000       0.0000000       1.0000000
      0.00000    0.0050000000       0.0000000       1.0000000
      0.00000    0.0060000000       0.0000000       1.0000000
      0.00000    0.0070000000       0.0000000       1.0000000
      0.00000    0.0080000000       0.0000000       1.0000000
      0.00000    0.0090000000       0.0000000       1.0000000
      0.00000     0.010000000       0.0000000       1.0000000
      0.00000     0.011000000       0.0000000       1.0000000
      0.00000     0.012000000       0.0000000       1.0000000
      0.00000     0.013000000       0.0000000       1.0000000
      0.00000     0.014000000       0.0000000       1.0000000
      0.00000     0.015000000       0.0000000       1.0000000
      0.00000     0.016000000       0.0000000       1.0000000
      0.00000     0.017000000       0.0000000       1.0000000
      0.00000     0.018000000       0.0000000       1.0000000
      0.00000     0.019000000       0.0000000       1.0000000
      0.00000     0.020000000       0.0000000       1.0000000
      0.00000     0.021000000       0.0000000       1.0000000
      0.00000     0.022000000       0.0000000       1.0000000
      0.00000     0.023000000       0.0000000       1.0000000
      0.00000     0.024000000       0.0000000       1.0000000
      0.00000     0.025000000       0.0000000       1.0000000
      0.00000     0.026000000       0.0000000       1.0000000
      0.00000     0.027000000       0.0000000       1.0000000
      0.00000     0.028000000       0.0000000       1.0000000
      0.00000     0.029000000       0.0000000       1.0000000
      0.00000     0.030000000       0.0000000       1.0000000
      0.00000     0.031000000       0.0000000       1.0000000
      0.00000     0.032000000       0.0000000       1.0000000
      0.00000     0.033000000       0.0000000       1.0000000
      0.00000     0.034000000       0.0000000       1.0000000
      0.00000     0.035000000       0.0000000       1.0000000
      0.00000     0.036000000       0.0000000       1.0000000
      0.00000     0.037000000       0.0000000       1.0000000
      0.00000     0.038000000       0.0000000       1.0000000
      0.00000     0.039000000       0.0000000       1.0000000
      0.00000     0.040000000       0.0000000       1.0000000
      0.00000     0.041000000       0.0000000       1.0000000
      0.00000     0.042000000       0.0000000       1.0000000
      0.00000     0.043000000       0.0000000       1.0000000
      0.00000     0.044000000       0.0000000       1.0000000
      0.00000     0.045000000       0.0000000       1.0000000
      0.00000     0.046000000       0.0000000       1.0000000
      0.00000     0.047000000       0.0000000       1.0000000
      0.00000     0.048000000       0.0000000       1.0000000
      0.00000     0.049000000       0.0000000       1.0000000
      0.00000     0.050000000       0.0000000       1.0000000
      0.00000     0.051000000       0.0000000       1.0000000
      0.00000     0.052000000       0.0000000       1.0000000
      0.00000     0.053000000       0.0000000       1.0000000
      0.00000     0.054000000       0.0000000       1.0000000
      0.00000     0.055000000       0.0000000       1.0000000
      0.00000     0.056000000       0.0000000       1.0000000
      0.00000     0.057000000       0.0000000       1.0000000
      0.00000     0.058000000       0.0000000       1.0000000
      0.00000     0.059000000       0.0000000       1.0000000
      0.00000     0.060000000       0.0000000       1.0000000
      0.00000     0.061000000       0.0000000       1.0000000
      0.00000     0.062000000       0.0000000       1.0000000
      0.00000     0.063000000       0.0000000       1.0000000
      0.00000     0.064000000       0.0000000       1.0000000
      0.00000     0.065000000       0.0000000       1.0000000
      0.00000     0.066000000       0.0000000       1.0000000
      0.00000     0.067000000       0.0000000       1.0000000
      0.00000     0.068000000       0.0000000       1.0000000
      0.00000     0.069000000       0.0000000       1.0000000
      0.00000     0.070000000       0.0000000       1.0000000
      0.00000     0.071000000       0.0000000       1.0000000
      0.00000     0.072000000       0.0000000       1.0000000
      0.00000     0.073000000       0.0000000       1.0000000
      0.00000     0.074000000       0.0000000       1.0000000
      0.00000     0.075000000       0.0000000       1.0000000
      0.00000     0.076000000       0.0000000       1.0000000
      0.00000     0.077000000       0.0000000       1.0000000
      0.00000     0.078000000       0.0000000       1.0000000
      0.00000     0.079000000       0.0000000       1.0000000
      0.00000     0.080000000       0.0000000       1.0000000
      0.00000     0.081000000       0.0000000       1.0000000
      0.00000     0.082000000       0.0000000       1.0000000
      0.00000     0.083000000       0.0000000       1.0000000
      0.00000     0.084000000       0.0000000       1.0000000
      0.00000     0.085000000       0.0000000       1.0000000
      0.00000     0.086000000       0.0000000       1.0000000
      0.00000     0.087000000       0.0000000       1.0000000
      0.00000     0.088000000       0.0000000       1.0000000
      0.00000     0.089000000       0.0000000       1.0000000
      0.00000     0.090000000       0.0000000       1.0000000
      0.00000     0.091000000       0.0000000       1.0000000
      0.00000     0.092000000       0.0000000       1.0000000
      0.00000     0.093000000       0.0000000       1.0000000
      0.00000     0.094000000       0.0000000       1.0000000
      0.00000     0.095000000       0.0000000       1.0000000
      0.00000     0.096000000       0.0000000       1.0000000
      0.00000     0.097000000       0.0000000       1.0000000
      0.00000     0.098000000       0.0000000       1.0000000
      0.00000     0.099000000       0.0000000       1.0000000
      0.00000      0.10000000       0.0000000       1.0000000
      0.00000      0.10100000       0.0000000       1.0000000
      0.00000      0.10200000       0.0000000       1.0000000
      0.00000      0.10300000       0.0000000       1.0000000
      0.00000      0.10400000       0.0000000       1.0000000
      0.00000      0.10500000       0.0000000       1.0000000
      0.00000      0.10600000       0.0000000       1.0000000
      0.00000      0.10700000       0.0000000       1.0000000
      0.00000      0.10800000       0.0000000       1.0000000
      0.00000      0.10900000       0.0000000       1.0000000
      0.00000      0.11000000       0.0000000       1.0000000
      0.00000      0.11100000       0.0000000       1.0000000
      0.00000      0.11200000       0.0000000       1.0000000
      0.00000      0.11300000       0.0000000       1.0000000
      0.00000      0.11400000       0.0000000       1.0000000
      0.00000      0.11500000       0.0000000       1.0000000
      0.00000      0.11600000       0.0000000       1.0000000
      0.00000      0.11700000       0.0000000       1.0000000
      0.00000      0.11800000       0.0000000       1.0000000
      0.00000      0.11900000       0.0000000       1.0000000
      0.00000      0.12000000       0.0000000       1.0000000
      0.00000      0.12100000       0.0000000       1.0000000
      0.00000      0.12200000       0.0000000       1.0000000
      0.00000      0.12300000       0.0000000       1.0000000
      0.00000      0.12400000       0.0000000       1.0000000
      0.00000      0.12500000       0.0000000       1.0000000
      0.00000      0.12600000       0.0000000       1.0000000
      0.00000      0.12700000       0.0000000       1.0000000
      0.00000      0.12800000       0.0000000       1.0000000
      0.00000      0.12900000       0.0000000       1.0000000
      0.00000      0.13000000       0.0000000       1.0000000
      0.00000      0.13100000       0.0000000       1.0000000
      0.00000      0.13200000       0.0000000       1.0000000
      0.00000      0.13300000       0.0000000       1.0000000
      0.00000      0.13400000       0.0000000       1.0000000
      0.00000      0.13500000       0.0000000       1.0000000
      0.00000      0.13600000       0.0000000       1.0000000
      0.00000      0.13700000       0.0000000       1.0000000
      0.00000      0.13800000       0.0000000       1.0000000
      0.00000      0.13900000       0.0000000       1.0000000
      0.00000      0.14000000       0.0000000       1.0000000
      0.00000      0.14100000       0.0000000       1.0000000
      0.00000      0.14200000       0.0000000       1.0000000
      0.00000      0.14300000       0.0000000       1.0000000
      0.00000      0.14400000       0.0000000       1.0000000
      0.00000      0.14500000       0.0000000       1.0000000
      0.00000      0.14600000       0.0000000       1.0000000
      0.00000      0.14700000       0.0000000       1.0000000
      0.00000      0.14800000       0.0000000       1.0000000
      0.00000      0.14900000       0.0000000       1.0000000
      0.00000      0.15000000       0.0000000       1.0000000
      0.00000      0.15100000       0.0000000       1.0000000
      0.00000      0.15200000       0.0000000       1.0000000
      0.00000      0.15300000       0.0000000       1.0000000
      0.00000      0.15400000       0.0000000       1.0000000
      0.00000      0.15500000       0.0000000       1.0000000
      0.00000      0.15600000       0.0000000       1.0000000
      0.00000      0.15700000       0.0000000       1.0000000
      0.00000      0.15800000       0.0000000       1.0000000
      0.00000      0.15900000       0.0000000       1.0000000
      0.00000      0.16000000       0.0000000       1.0000000
      0.00000      0.16100000       0.0000000       1.0000000
      0.00000      0.16200000       0.0000000       1.0000000
      0.00000      0.16300000       0.0000000       1.0000000
      0.00000      0.16400000       0.0000000       1.0000000
      0.00000      0.16500000       0.0000000       1.0000000
      0.00000      0.16600000       0.0000000       1.0000000
      0.00000      0.16700000       0.0000000       1.0000000
      0.00000      0.16800000       0.0000000       1.0000000
      0.00000      0.16900000       0.0000000       1.0000000
      0.00000      0.17000000       0.0000000       1.0000000
      0.00000      0.17100000       0.0000000       1.0000000
      0.00000      0.17200000       0.0000000       1.0000000
      0.00000      0.17300000       0.0000000       1.0000000
      0.00000      0.17400000       0.0000000       1.0000000
      0.00000      0.17500000       0.0000000       1.0000000
      0.00000      0.17600000       0.0000000       1.0000000
      0.00000      0.17700000       0.0000000       1.0000000
      0.00000      0.17800000       0.0000000       1.0000000
      0.00000      0.17900000       0.0000000       1.0000000
      0.00000      0.18000000       0.0000000       1.0000000
      0.00000      0.18100000       0.0000000       1.0000000
      0.00000      0.18200000       0.0000000       1.0000000
      0.00000      0.18300000       0.0000000       1.0000000
      0.00000      0.18400000       0.0000000       1.0000000
      0.00000      0.18500000       0.0000000       1.0000000
      0.00000      0.18600000       0.0000000       1.0000000
      0.00000      0.18700000       0.0000000       1.0000000
      0.00000      0.18800000       0.0000000       1.0000000
      0.00000      0.18900000       0.0000000       1.0000000
      0.00000      0.19000000       0.0000000       1.0000000
      0.00000      0.19100000       0.0000000       1.0000000
      0.00000      0.19200000       0.0000000       1.0000000
      0.00000      0.19300000       0.0000000       1.0000000
      0.00000      0.19400000       0.0000000       1.0000000
      0.00000      0.19500000       0.0000000       1.0000000
      0.00000      0.19600000       0.0000000       1.0000000
      0.00000      0.19700000       0.0000000       1.0000000
      0.00000      0.19800000       0.0000000       1.0000000
      0.00000      0.19900000       0.0000000       1.0000000
      0.00000      0.20000000       0.0000000       1.0000000
      0.00000      0.20100000       0.0000000       1.0000000
      0.00000      0.20200000       0.0000000       1.0000000
      0.00000      0.20300000       0.0000000       1.0000000
      0.00000      0.20400000       0.0000000       1.0000000
      0.00000      0.20500000       0.0000000       1.0000000
      0.00000      0.20600000       0.0000000       1.0000000
      0.00000      0.20700000       0.0000000       1.0000000
      0.00000      0.20800000       0.0000000       1.0000000
      0.00000      0.20900000       0.0000000       1.0000000
      0.00000      0.21000000       0.0000000       1.0000000
      0.00000      0.21100000       0.0000000       1.0000000
      0.00000      0.21200000       0.0000000       1.0000000
      0.00000      0.21300000       0.0000000       1.0000000
      0.00000      0.21400000       0.0000000       1.0000000
      0.00000      0.21500000       0.0000000       1.0000000
      0.00000      0.21600000       0.0000000       1.0000000
      0.00000      0.21700000       0.0000000       1.0000000
      0.00000      0.21800000       0.0000000       1.0000000
      0.00000      0.21900000       0.0000000       1.0000000
      0.00000      0.22000000       0.0000000       1.0000000
      0.00000      0.22100000       0.0000000       1.0000000
      0.00000      0.22200000       0.0000000       1.0000000
      0.00000      0.22300000       0.0000000       1.0000000
      0.00000      0.22400000       0.0000000       1.0000000
      0.00000      0.22500000       0.0000000       1.0000000
      0.00000      0.22600000       0.0000000       1.0000000
      0.00000      0.22700000       0.0000000       1.0000000
      0.00000      0.22800000       0.0000000       1.0000000
      0.00000      0.22900000       0.0000000       1.0000000
      0.00000      0.23000000       0.0000000       1.0000000
      0.00000      0.23100000       0.0000000       1.0000000
      0.00000      0.23200000       0.0000000       1.0000000
      0.00000      0.23300000       0.0000000       1.0000000
      0.00000      0.23400000       0.0000000       1.0000000
      0.00000      0.23500000       0.0000000       1.0000000
      0.00000      0.23600000       0.0000000       1.0000000
      0.00000      0.23700000       0.0000000       1.0000000
      0.00000      0.23800000       0.0000000       1.0000000
      0.00000      0.23900000       0.0000000       1.0000000
      0.00000      0.24000000       0.0000000       1.0000000
      0.00000      0.24100000       0.0000000       1.0000000
      0.00000      0.24200000       0.0000000       1.0000000
      0.00000      0.24300000       0.0000000       1.0000000
      0.00000      0.24400000       0.0000000       1.0000000
      0.00000      0.24500000       0.0000000       1.0000000
      0.00000      0.24600000       0.0000000       1.0000000
      0.00000      0.24700000       0.0000000       1.0000000
      0.00000      0.24800000       0.0000000       1.0000000
      0.00000      0.24900000       0.0000000       1.0000000
      0.00000      0.25000000       0.0000000       1.0000000
      0.00000      0.25100000       0.0000000       1.0000000
      0.00000      0.25200000       0.0000000       1.0000000
      0.00000      0.25300000       0.0000000       1.0000000
      0.00000      0.25400000       0.0000000       1.0000000
      0.00000      0.25500000       0.0000000       1.0000000
      0.00000      0.25600000       0.0000000       1.0000000
      0.00000      0.25700000       0.0000000       1.0000000
      0.00000      0.25800000       0.0000000       1.0000000
      0.00000      0.25900000       0.0000000       1.0000000
      0.00000      0.26000000       0.0000000       1.0000000
      0.00000      0.26100000       0.0000000       1.0000000
      0.00000      0.26200000       0.0000000       1.0000000
      0.00000      0.26300000       0.0000000       1.0000000
      0.00000      0.26400000       0.0000000       1.0000000
      0.00000      0.26500000       0.0000000       1.0000000
      0.00000      0.26600000       0.0000000       1.0000000
      0.00000      0.26700000       0.0000000       1.0000000
      0.00000      0.26800000       0.0000000       1.0000000
      0.00000      0.26900000       0.0000000       1.0000000
      0.00000      0.27000000       0.0000000       1.0000000
      0.00000      0.27100000       0.0000000       1.0000000
      0.00000      0.27200000       0.0000000       1.0000000
      0.00000      0.27300000       0.0000000       1.0000000
      0.00000      0.27400000       0.0000000       1.0000000
      0.00000      0.27500000       0.0000000       1.0000000
      0.00000      0.27600000       0.0000000       1.0000000
      0.00000      0.27700000       0.0000000       1.0000000
      0.00000      0.27800000       0.0000000       1.0000000
      0.00000      0.27900000       0.0000000       1.0000000
      0.00000      0.28000000       0.0000000       1.0000000
      0.00000      0.28100000       0.0000000       1.0000000
      0.00000      0.28200000       0.0000000       1.0000000
      0.00000      0.28300000       0.0000000       1.0000000
      0.00000      0.28400000       0.0000000       1.0000000
      0.00000      0.28500000       0.0000000       1.0000000
      0.00000      0.28600000       0.0000000       1.0000000
      0.00000      0.28700000       0.0000000       1.0000000
      0.00000      0.28800000       0.0000000       1.0000000
      0.00000      0.28900000       0.0000000       1.0000000
      0.00000      0.29000000       0.0000000       1.0000000
      0.00000      0.29100000       0.0000000       1.0000000
      0.00000      0.29200000       0.0000000       1.0000000
      0.00000      0.29300000       0.0000000       1.0000000
      0.00000      0.29400000       0.0000000       1.0000000
      0.00000      0.29500000       0.0000000       1.0000000
      0.00000      0.29600000       0.0000000       1.0000000
      0.00000      0.29700000       0.0000000       1.0000000
      0.00000      0.29800000       0.0000000       1.0000000
      0.00000      0.29900000       0.0000000       1.0000000
      0.00000      0.30000000       0.0000000       1.0000000
      0.00000      0.30100000       0.0000000       1.0000000
      0.00000      0.30200000       0.0000000       1.0000000
      0.00000      0.30300000       0.0000000       1.0000000
      0.00000      0.30400000       0.0000000       1.0000000
      0.00000      0.30500000       0.0000000       1.0000000
      0.00000      0.30600000       0.0000000       1.0000000
      0.00000      0.30700000       0.0000000       1.0000000
      0.00000      0.30800000       0.0000000       1.0000000
      0.00000      0.30900000       0.0000000       1.0000000
      0.00000      0.31000000       0.0000000       1.0000000
      0.00000      0.31100000       0.0000000       1.0000000
      0.00000      0.31200000       0.0000000       1.0000000
      0.00000      0.31300000       0.0000000       1.0000000
      0.00000      0.31400000       0.0000000       1.0000000
      0.00000      0.31500000       0.0000000       1.0000000
      0.00000      0.31600000       0.0000000       1.0000000
      0.00000      0.31700000       0.0000000       1.0000000
      0.00000      0.31800000       0.0000000       1.0000000
      0.00000      0.31900000       0.0000000       1.0000000
      0.00000      0.32000000       0.0000000       1.0000000
      0.00000      0.32100000       0.0000000       1.0000000
      0.00000      0.32200000       0.0000000       1.0000000
      0.00000      0.32300000       0.0000000       1.0000000
      0.00000      0.32400000       0.0000000       1.0000000
      0.00000      0.32500000       0.0000000       1.0000000
      0.00000      0.32600000       0.0000000       1.0000000
      0.00000      0.32700000       0.0000000       1.0000000
      0.00000      0.32800000       0.0000000       1.0000000
      0.00000      0.32900000       0.0000000       1.0000000
      0.00000      0.33000000       0.0000000       1.0000000
      0.00000      0.33100000       0.0000000       1.0000000
      0.00000      0.33200000       0.0000000       1.0000000
      0.00000      0.33300000       0.0000000       1.0000000
      0.00000      0.33400000       0.0000000       1.0000000
      0.00000      0.33500000       0.0000000       1.0000000
      0.00000      0.33600000       0.0000000       1.0000000
      0.00000      0.33700000       0.0000000       1.0000000
      0.00000      0.33800000       0.0000000       1.0000000
      0.00000      0.33900000       0.0000000       1.0000000
      0.00000      0.34000000       0.0000000       1.0000000
      0.00000      0.34100000       0.0000000       1.0000000
      0.00000      0.34200000       0.0000000       1.0000000
      0.00000      0.34300000       0.0000000       1.0000000
      0.00000      0.34400000       0.0000000       1.0000000
      0.00000      0.34500000       0.0000000       1.0000000
      0.00000      0.34600000       0.0000000       1.0000000
      0.00000      0.34700000       0.0000000       1.0000000
      0.00000      0.34800000       0.0000000       1.0000000
      0.00000      0.34900000       0.0000000       1.0000000
      0.00000      0.35000000       0.0000000       1.0000000
      0.00000      0.35100000       0.0000000       1.0000000
      0.00000      0.35200000       0.0000000       1.0000000
      0.00000      0.35300000       0.0000000       1.0000000
      0.00000      0.35400000       0.0000000       1.0000000
      0.00000      0.35500000       0.0000000       1.0000000
      0.00000      0.35600000       0.0000000       1.0000000
      0.00000      0.35700000       0.0000000       1.0000000
      0.00000      0.35800000       0.0000000       1.0000000
      0.00000      0.35900000       0.0000000       1.0000000
      0.00000      0.36000000       0.0000000       1.0000000
      0.00000      0.36100000       0.0000000       1.0000000
      0.00000      0.36200000       0.0000000       1.0000000
      0.00000      0.36300000       0.0000000       1.0000000
      0.00000      0.36400000       0.0000000       1.0000000
      0.00000      0.36500000       0.0000000       1.0000000
      0.00000      0.36600000       0.0000000       1.0000000
      0.00000      0.36700000       0.0000000       1.0000000
      0.00000      0.36800000       0.0000000       1.0000000
      0.00000      0.36900000       0.0000000       1.0000000
      0.00000      0.37000000       0.0000000       1.0000000
      0.00000      0.37100000       0.0000000       1.0000000
      0.00000      0.37200000       0.0000000       1.0000000
      0.00000      0.37300000       0.0000000       1.0000000
      0.00000      0.37400000       0.0000000       1.0000000
      0.00000      0.37500000       0.0000000       1.0000000
      0.00000      0.37600000       0.0000000       1.0000000
      0.00000      0.37700000       0.0000000       1.0000000
      0.00000      0.37800000       0.0000000       1.0000000
      0.00000      0.37900000       0.0000000       1.0000000
      0.00000      0.38000000       0.0000000       1.0000000
      0.00000      0.38100000       0.0000000       1.0000000
      0.00000      0.38200000       0.0000000       1.0000000
      0.00000      0.38300000       0.0000000       1.0000000
      0.00000      0.38400000       0.0000000       1.0000000
      0.00000      0.38500000       0.0000000       1.0000000
      0.00000      0.38600000       0.0000000       1.0000000
      0.00000      0.38700000       0.0000000       1.0000000
      0.00000      0.38800000       0.0000000       1.0000000
      0.00000      0.38900000       0.0000000       1.0000000
      0.00000      0.39000000       0.0000000       1.0000000
      0.00000      0.39100000       0.0000000       1.0000000
      0.00000      0.39200000       0.0000000       1.0000000
      0.00000      0.39300000       0.0000000       1.0000000
      0.00000      0.39400000       0.0000000       1.0000000
      0.00000      0.39500000       0.0000000       1.0000000
      0.00000      0.39600000       0.0000000       1.0000000
      0.00000      0.39700000       0.0000000       1.0000000
      0.00000      0.39800000       0.0000000       1.0000000
      0.00000      0.39900000       0.0000000       1.0000000
      0.00000      0.40000000       0.0000000       1.0000000
      0.00000      0.40100000       0.0000000       1.0000000
      0.00000      0.40200000       0.0000000       1.0000000
      0.00000      0.40300000       0.0000000       1.0000000
      0.00000      0.40400000       0.0000000       1.0000000
      0.00000      0.40500000       0.0000000       1.0000000
      0.00000      0.40600000       0.0000000       1.0000000
      0.00000      0.40700000       0.0000000       1.0000000
      0.00000      0.40800000       0.0000000       1.0000000
      0.00000      0.40900000       0.0000000       1.0000000
      0.00000      0.41000000       0.0000000       1.0000000
      0.00000      0.41100000       0.0000000       1.0000000
      0.00000      0.41200000       0.0000000       1.0000000
      0.00000      0.41300000       0.0000000       1.0000000
      0.00000      0.41400000       0.0000000       1.0000000
      0.00000      0.41500000       0.0000000       1.0000000
      0.00000      0.41600000       0.0000000       1.0000000
      0.00000      0.41700000       0.0000000       1.0000000
      0.00000      0.41800000       0.0000000       1.0000000
      0.00000      0.41900000       0.0000000       1.0000000
      0.00000      0.42000000       0.0000000       1.0000000
      0.00000      0.42100000       0.0000000       1.0000000
      0.00000      0.42200000       0.0000000       1.0000000
      0.00000      0.42300000       0.0000000       1.0000000
      0.00000      0.42400000       0.0000000       1.0000000
      0.00000      0.42500000       0.0000000       1.0000000
      0.00000      0.42600000       0.0000000       1.0000000
      0.00000      0.42700000       0.0000000       1.0000000
      0.00000      0.42800000       0.0000000       1.0000000
      0.00000      0.42900000       0.0000000       1.0000000
      0.00000      0.43000000       0.0000000       1.0000000
      0.00000      0.43100000       0.0000000       1.0000000
      0.00000      0.43200000       0.0000000       1.0000000
      0.00000      0.43300000       0.0000000       1.0000000
      0.00000      0.43400000       0.0000000       1.0000000
      0.00000      0.43500000       0.0000000       1.0000000
      0.00000      0.43600000       0.0000000       1.0000000
      0.00000      0.43700000       0.0000000       1.0000000
      0.00000      0.43800000       0.0000000       1.0000000
      0.00000      0.43900000       0.0000000       1.0000000
      0.00000      0.44000000       0.0000000       1.0000000
      0.00000      0.44100000       0.0000000       1.0000000
      0.00000      0.44200000       0.0000000       1.0000000
      0.00000      0.44300000       0.0000000       1.0000000
      0.00000      0.44400000       0.0000000       1.0000000
      0.00000      0.44500000       0.0000000       1.0000000
      0.00000      0.44600000       0.0000000       1.0000000
      0.00000      0.44700000       0.0000000       1.0000000
      0.00000      0.44800000       0.0000000       1.0000000
      0.00000      0.44900000       0.0000000       1.0000000
      0.00000      0.45000000       0.0000000       1.0000000
      0.00000      0.45100000       0.0000000       1.0000000
      0.00000      0.45200000       0.0000000       1.0000000
      0.00000      0.45300000       0.0000000       1.0000000
      0.00000      0.45400000       0.0000000       1.0000000
      0.00000      0.45500000       0.0000000       1.0000000
      0.00000      0.45600000       0.0000000       1.0000000
      0.00000      0.45700000       0.0000000       1.0000000
      0.00000      0.45800000       0.0000000       1.0000000
      0.00000      0.45900000       0.0000000       1.0000000
      0.00000      0.46000000       0.0000000       1.0000000
      0.00000      0.46100000       0.0000000       1.0000000
      0.00000      0.46200000       0.0000000       1.0000000
      0.00000      0.46300000       0.0000000       1.0000000
      0.00000      0.46400000       0.0000000       1.0000000
      0.00000      0.46500000       0.0000000       1.0000000
      0.00000      0.46600000       0.0000000       1.0000000
      0.00000      0.46700000       0.0000000       1.0000000
      0.00000      0.46800000       0.0000000       1.0000000
      0.00000      0.46900000       0.0000000       1.0000000
      0.00000      0.47000000       0.0000000       1.0000000
      0.00000      0.47100000       0.0000000       1.0000000
      0.00000      0.47200000       0.0000000       1.0000000
      0.00000      0.47300000       0.0000000       1.0000000
      0.00000      0.47400000       0.0000000       1.0000000
      0.00000      0.47500000       0.0000000       1.0000000
      0.00000      0.47600000       0.0000000       1.0000000
      0.00000      0.47700000       0.0000000       1.0000000
      0.00000      0.47800000       0.0000000       1.0000000
      0.00000      0.47900000       0.0000000       1.0000000
      0.00000      0.48000000       0.0000000       1.0000000
      0.00000      0.48100000       0.0000000       1.0000000
      0.00000      0.48200000       0.0000000       1.0000000
      0.00000      0.48300000       0.0000000       1.0000000
      0.00000      0.48400000       0.0000000       1.0000000
      0.00000      0.48500000       0.0000000       1.0000000
      0.00000      0.48600000       0.0000000       1.0000000
      0.00000      0.48700000       0.0000000       1.0000000
      0.00000      0.48800000       0.0000000       1.0000000
      0.00000      0.48900000       0.0000000       1.0000000
      0.00000      0.49000000       0.0000000       1.0000000
      0.00000      0.49100000       0.0000000       1.0000000
      0.00000      0.49200000       0.0000000       1.0000000
      0.00000      0.49300000       0.0000000       1.0000000
      0.00000      0.49400000       0.0000000       1.0000000
      0.00000      0.49500000       0.0000000       1.0000000
      0.00000      0.49600000       0.0000000       1.0000000
      0.00000      0.49700000       0.0000000       1.0000000
      0.00000      0.49800000       0.0000000       1.0000000
      0.00000      0.49900000       0.0000000       1.0000000
      0.00000      0.50000000       0.0000000       1.0000000
      0.00000      0.50100000       0.0000000       1.0000000
      0.00000      0.50200000       0.0000000       1.0000000
      0.00000      0.50300000       0.0000000       1.0000000
      0.00000      0.50400000       0.0000000       1.0000000
      0.00000      0.50500000       0.0000000       1.0000000
      0.00000      0.50600000       0.0000000       1.0000000
      0.00000      0.50700000       0.0000000       1.0000000
      0.00000      0.50800000       0.0000000       1.0000000
      0.00000      0.50900000       0.0000000       1.0000000
      0.00000      0.51000000       0.0000000       1.0000000
      0.00000      0.51100000       0.0000000       1.0000000
      0.00000      0.51200000       0.0000000       1.0000000
      0.00000      0.51300000       0.0000000       1.0000000
      0.00000      0.51400000       0.0000000       1.0000000
      0.00000      0.51500000       0.0000000       1.0000000
      0.00000      0.51600000       0.0000000       1.0000000
      0.00000      0.51700000       0.0000000       1.0000000
      0.00000      0.51800000       0.0000000       1.0000000
      0.00000      0.51900000       0.0000000       1.0000000
      0.00000      0.52000000       0.0000000       1.0000000
      0.00000      0.52100000       0.0000000       1.0000000
      0.00000      0.52200000       0.0000000       1.0000000
      0.00000      0.52300000       0.0000000       1.0000000
      0.00000      0.52400000       0.0000000       1.0000000
      0.00000      0.52500000       0.0000000       1.0000000
      0.00000      0.52600000       0.0000000       1.0000000
      0.00000      0.52700000       0.0000000       1.0000000
      0.00000      0.52800000       0.0000000       1.0000000
      0.00000      0.52900000       0.0000000       1.0000000
      0.00000      0.53000000       0.0000000       1.0000000
      0.00000      0.53100000       0.0000000       1.0000000
      0.00000      0.53200000       0.0000000       1.0000000
      0.00000      0.53300000       0.0000000       1.0000000
      0.00000      0.53400000       0.0000000       1.0000000
      0.00000      0.53500000       0.0000000       1.0000000
      0.00000      0.53600000       0.0000000       1.0000000
      0.00000      0.53700000       0.0000000       1.0000000
      0.00000      0.53800000       0.0000000       1.0000000
      0.00000      0.53900000       0.0000000       1.0000000
      0.00000      0.54000000       0.0000000       1.0000000
      0.00000      0.54100000       0.0000000       1.0000000
      0.00000      0.54200000       0.0000000       1.0000000
      0.00000      0.54300000       0.0000000       1.0000000
      0.00000      0.54400000       0.0000000       1.0000000
      0.00000      0.54500000       0.0000000       1.0000000
      0.00000      0.54600000       0.0000000       1.0000000
      0.00000      0.54700000       0.0000000       1.0000000
      0.00000      0.54800000       0.0000000       1.0000000
      0.00000      0.54900000       0.0000000       1.0000000
      0.00000      0.55000000       0.0000000       1.0000000
      0.00000      0.55100000       0.0000000       1.0000000
      0.00000      0.55200000       0.0000000       1.0000000
      0.00000      0.55300000       0.0000000       1.0000000
      0.00000      0.55400000       0.0000000       1.0000000
      0.00000      0.55500000       0.0000000       1.0000000
      0.00000      0.55600000       0.0000000       1.0000000
      0.00000      0.55700000       0.0000000       1.0000000
      0.00000      0.55800000       0.0000000       1.0000000
      0.00000      0.55900000       0.0000000       1.0000000
      0.00000      0.56000000       0.0000000       1.0000000
      0.00000      0.56100000       0.0000000       1.0000000
      0.00000      0.56200000       0.0000000       1.0000000
      0.00000      0.56300000       0.0000000       1.0000000
      0.00000      0.56400000       0.0000000       1.0000000
      0.00000      0.56500000       0.0000000       1.0000000
      0.00000      0.56600000       0.0000000       1.0000000
      0.00000      0.56700000       0.0000000       1.0000000
      0.00000      0.56800000       0.0000000       1.0000000
      0.00000      0.56900000       0.0000000       1.0000000
      0.00000      0.57000000       0.0000000       1.0000000
      0.00000      0.57100000       0.0000000       1.0000000
      0.00000      0.57200000       0.0000000       1.0000000
      0.00000      0.57300000       0.0000000       1.0000000
      0.00000      0.57400000       0.0000000       1.0000000
      0.00000      0.57500000       0.0000000       1.0000000
      0.00000      0.57600000       0.0000000       1.0000000
      0.00000      0.57700000       0.0000000       1.0000000
      0.00000      0.57800000       0.0000000       1.0000000
      0.00000      0.57900000       0.0000000       1.0000000
      0.00000      0.58000000       0.0000000       1.0000000
      0.00000      0.58100000       0.0000000       1.0000000
      0.00000      0.58200000       0.0000000       1.0000000
      0.00000      0.58300000       0.0000000       1.0000000
      0.00000      0.58400000       0.0000000       1.0000000
      0.00000      0.58500000       0.0000000       1.0000000
      0.00000      0.58600000       0.0000000       1.0000000
      0.00000      0.58700000       0.0000000       1.0000000
      0.00000      0.58800000       0.0000000       1.0000000
      0.00000      0.58900000       0.0000000       1.0000000
      0.00000      0.59000000       0.0000000       1.0000000
      0.00000      0.59100000       0.0000000       1.0000000
      0.00000      0.59200000       0.0000000       1.0000000
      0.00000      0.59300000       0.0000000       1.0000000
      0.00000      0.59400000       0.0000000       1.0000000
      0.00000      0.59500000       0.0000000       1.0000000
      0.00000      0.59600000       0.0000000       1.0000000
      0.00000      0.59700000       0.0000000       1.0000000
      0.00000      0.59800000       0.0000000       1.0000000
      0.00000      0.59900000       0.0000000       1.0000000
      0.00000      0.60000000       0.0000000       1.0000000
      0.00000      0.60100000       0.0000000       1.0000000
      0.00000      0.60200000       0.0000000       1.0000000
      0.00000      0.60300000       0.0000000       1.0000000
      0.00000      0.60400000       0.0000000       1.0000000
      0.00000      0.60500000       0.0000000       1.0000000
      0.00000      0.60600000       0.0000000       1.0000000
      0.00000      0.60700000       0.0000000       1.0000000
      0.00000      0.60800000       0.0000000       1.0000000
      0.00000      0.60900000       0.0000000       1.0000000
      0.00000      0.61000000       0.0000000       1.0000000
      0.00000      0.61100000       0.0000000       1.0000000
      0.00000      0.61200000       0.0000000       1.0000000
      0.00000      0.61300000       0.0000000       1.0000000
      0.00000      0.61400000       0.0000000       1.0000000
      0.00000      0.61500000       0.0000000       1.0000000
      0.00000      0.61600000       0.0000000       1.0000000
      0.00000      0.61700000       0.0000000       1.0000000
      0.00000      0.61800000       0.0000000       1.0000000
      0.00000      0.61900000       0.0000000       1.0000000
      0.00000      0.62000000       0.0000000       1.0000000
      0.00000      0.62100000       0.0000000       1.0000000
      0.00000      0.62200000       0.0000000       1.0000000
      0.00000      0.62300000       0.0000000       1.0000000
      0.00000      0.62400000       0.0000000       1.0000000
      0.00000      0.62500000       0.0000000       1.0000000
      0.00000      0.62600000       0.0000000       1.0000000
      0.00000      0.62700000       0.0000000       1.0000000
      0.00000      0.62800000       0.0000000       1.0000000
      0.00000      0.62900000       0.0000000       1.0000000
      0.00000      0.63000000       0.0000000       1.0000000
      0.00000      0.63100000       0.0000000       1.0000000
      0.00000      0.63200000       0.0000000       1.0000000
      0.00000      0.63300000       0.0000000       1.0000000
      0.00000      0.63400000       0.0000000       1.0000000
      0.00000      0.63500000       0.0000000       1.0000000
      0.00000      0.63600000       0.0000000       1.0000000
      0.00000      0.63700000       0.0000000       1.0000000
      0.00000      0.63800000       0.0000000       1.0000000
      0.00000      0.63900000       0.0000000       1.0000000
      0.00000      0.64000000       0.0000000       1.0000000
      0.00000      0.64100000       0.0000000       1.0000000
      0.00000      0.64200000       0.0000000       1.0000000
      0.00000      0.64300000       0.0000000       1.0000000
      0.00000      0.64400000       0.0000000       1.0000000
      0.00000      0.64500000       0.0000000       1.0000000
      0.00000      0.64600000       0.0000000       1.0000000
      0.00000      0.64700000       0.0000000       1.0000000
      0.00000      0.64800000       0.0000000       1.0000000
      0.00000      0.64900000       0.0000000       1.0000000
      0.00000      0.65000000       0.0000000       1.0000000
      0.00000      0.65100000       0.0000000       1.0000000
      0.00000      0.65200000       0.0000000       1.0000000
      0.00000      0.65300000       0.0000000       1.0000000
      0.00000      0.65400000       0.0000000       1.0000000
      0.00000      0.65500000       0.0000000       1.0000000
      0.00000      0.65600000       0.0000000       1.0000000
      0.00000      0.65700000       0.0000000       1.0000000
      0.00000      0.65800000       0.0000000       1.0000000
      0.00000      0.65900000       0.0000000       1.0000000
      0.00000      0.66000000       0.0000000       1.0000000
      0.00000      0.66100000       0.0000000       1.0000000
      0.00000      0.66200000       0.0000000       1.0000000
      0.00000      0.66300000       0.0000000       1.0000000
      0.00000      0.66400000       0.0000000       1.0000000
      0.00000      0.66500000       0.0000000       1.0000000
      0.00000      0.66600000       0.0000000       1.0000000
      0.00000      0.66700000       0.0000000       1.0000000
      0.00000      0.66800000       0.0000000       1.0000000
      0.00000      0.66900000       0.0000000       1.0000000
      0.00000      0.67000000       0.0000000       1.0000000
      0.00000      0.67100000       0.0000000       1.0000000
      0.00000      0.67200000       0.0000000       1.0000000
      0.00000      0.67300000       0.0000000       1.0000000
      0.00000      0.67400000       0.0000000       1.0000000
      0.00000      0.67500000       0.0000000       1.0000000
      0.00000      0.67600000       0.0000000       1.0000000
      0.00000      0.67700000       0.0000000       1.0000000
      0.00000      0.67800000       0.0000000       1.0000000
      0.00000      0.67900000       0.0000000       1.0000000
      0.00000      0.68000000       0.0000000       1.0000000
      0.00000      0.68100000       0.0000000       1.0000000
      0.00000      0.68200000       0.0000000       1.0000000
      0.00000      0.68300000       0.0000000       1.0000000
      0.00000      0.68400000       0.0000000       1.0000000
      0.00000      0.68500000       0.0000000       1.0000000
      0.00000      0.68600000       0.0000000       1.0000000
      0.00000      0.68700000       0.0000000       1.0000000
      0.00000      0.68800000       0.0000000       1.0000000
      0.00000      0.68900000       0.0000000       1.0000000
      0.00000      0.69000000       0.0000000       1.0000000
      0.00000      0.69100000       0.0000000       1.0000000
      0.00000      0.69200000       0.0000000       1.0000000
      0.00000      0.69300000       0.0000000       1.0000000
      0.00000      0.69400000       0.0000000       1.0000000
      0.00000      0.69500000       0.0000000       1.0000000
      0.00000      0.69600000       0.0000000       1.0000000
      0.00000      0.69700000       0.0000000       1.0000000
      0.00000      0.69800000       0.0000000       1.0000000
      0.00000      0.69900000       0.0000000       1.0000000
      0.00000      0.70000000       0.0000000       1.0000000
      0.00000      0.70100000       0.0000000       1.0000000
      0.00000      0.70200000       0.0000000       1.0000000
      0.00000      0.70300000       0.0000000       1.0000000
      0.00000      0.70400000       0.0000000       1.0000000
      0.00000      0.70500000       0.0000000       1.0000000
      0.00000      0.70600000       0.0000000       1.0000000
      0.00000      0.70700000       0.0000000       1.0000000
      0.00000      0.70800000       0.0000000       1.0000000
      0.00000      0.70900000       0.0000000       1.0000000
      0.00000      0.71000000       0.0000000       1.0000000
      0.00000      0.71100000       0.0000000       1.0000000
      0.00000      0.71200000       0.0000000       1.0000000
      0.00000      0.71300000       0.0000000       1.0000000
      0.00000      0.71400000       0.0000000       1.0000000
      0.00000      0.71500000       0.0000000       1.0000000
      0.00000      0.71600000       0.0000000       1.0000000
      0.00000      0.71700000       0.0000000       1.0000000
      0.00000      0.71800000       0.0000000       1.0000000
      0.00000      0.71900000       0.0000000       1.0000000
      0.00000      0.72000000       0.0000000       1.0000000
      0.00000      0.72100000       0.0000000       1.0000000
      0.00000      0.72200000       0.0000000       1.0000000
      0.00000      0.72300000       0.0000000       1.0000000
      0.00000      0.72400000       0.0000000       1.0000000
      0.00000      0.72500000       0.0000000       1.0000000
      0.00000      0.72600000       0.0000000       1.0000000
      0.00000      0.72700000       0.0000000       1.0000000
      0.00000      0.72800000       0.0000000       1.0000000
      0.00000      0.72900000       0.0000000       1.0000000
      0.00000      0.73000000       0.0000000       1.0000000
      0.00000      0.73100000       0.0000000       1.0000000
      0.00000      0.73200000       0.0000000       1.0000000
      0.00000      0.73300000       0.0000000       1.0000000
      0.00000      0.73400000       0.0000000       1.0000000
      0.00000      0.73500000       0.0000000       1.0000000
      0.00000      0.73600000       0.0000000       1.0000000
      0.00000      0.73700000       0.0000000       1.0000000
      0.00000      0.73800000       0.0000000       1.0000000
      0.00000      0.73900000       0.0000000       1.0000000
      0.00000      0.74000000       0.0000000       1.0000000
      0.00000      0.74100000       0.0000000       1.0000000
      0.00000      0.74200000       0.0000000       1.0000000
      0.00000      0.74300000       0.0000000       1.0000000
      0.00000      0.74400000       0.0000000       1.0000000
      0.00000      0.74500000       0.0000000       1.0000000
      0.00000      0.74600000       0.0000000       1.0000000
      0.00000      0.74700000       0.0000000       1.0000000
      0.00000      0.74800000       0.0000000       1.0000000
      0.00000      0.74900000       0.0000000       1.0000000
      0.00000      0.75000000       0.0000000       1.0000000
      0.00000      0.75100000       0.0000000       1.0000000
      0.00000      0.75200000       0.0000000       1.0000000
      0.00000      0.75300000       0.0000000       1.0000000
      0.00000      0.75400000       0.0000000       1.0000000
      0.00000      0.75500000       0.0000000       1.0000000
      0.00000      0.75600000       0.0000000       1.0000000
      0.00000      0.75700000       0.0000000       1.0000000
      0.00000      0.75800000       0.0000000       1.0000000
      0.00000      0.75900000       0.0000000       1.0000000
      0.00000      0.76000000       0.0000000       1.0000000
      0.00000      0.76100000       0.0000000       1.0000000
      0.00000      0.76200000       0.0000000       1.0000000
      0.00000      0.76300000       0.0000000       1.0000000
      0.00000      0.76400000       0.0000000       1.0000000
      0.00000      0.76500000       0.0000000       1.0000000
      0.00000      0.76600000       0.0000000       1.0000000
      0.00000      0.76700000       0.0000000       1.0000000
      0.00000      0.76800000       0.0000000       1.0000000
      0.00000      0.76900000       0.0000000       1.0000000
      0.00000      0.77000000       0.0000000       1.0000000
      0.00000      0.77100000       0.0000000       1.0000000
      0.00000      0.77200000       0.0000000       1.0000000
      0.00000      0.77300000       0.0000000       1.0000000
      0.00000      0.77400000       0.0000000       1.0000000
      0.00000      0.77500000       0.0000000       1.0000000
      0.00000      0.77600000       0.0000000       1.0000000
      0.00000      0.77700000       0.0000000       1.0000000
      0.00000      0.77800000       0.0000000       1.0000000
      0.00000      0.77900000       0.0000000       1.0000000
      0.00000      0.78000000       0.0000000       1.0000000
      0.00000      0.78100000       0.0000000       1.0000000
      0.00000      0.78200000       0.0000000       1.0000000
      0.00000      0.78300000       0.0000000       1.0000000
      0.00000      0.78400000       0.0000000       1.0000000
      0.00000      0.78500000       0.0000000       1.0000000
      0.00000      0.78600000       0.0000000       1.0000000
      0.00000      0.78700000       0.0000000       1.0000000
      0.00000      0.78800000       0.0000000       1.0000000
      0.00000      0.78900000       0.0000000       1.0000000
      0.00000      0.79000000       0.0000000       1.0000000
      0.00000      0.79100000       0.0000000       1.0000000
      0.00000      0.79200000       0.0000000       1.0000000
      0.00000      0.79300000       0.0000000       1.0000000
      0.00000      0.79400000       0.0000000       1.0000000
      0.00000      0.79500000       0.0000000       1.0000000
      0.00000      0.79600000       0.0000000       1.0000000
      0.00000      0.79700000       0.0000000       1.0000000
      0.00000      0.79800000       0.0000000       1.0000000
      0.00000      0.79900000       0.0000000       1.0000000
      0.00000      0.80000000       0.0000000       1.0000000
      0.00000      0.80100000       0.0000000       1.0000000
      0.00000      0.80200000       0.0000000       1.0000000
      0.00000      0.80300000       0.0000000       1.0000000
      0.00000      0.80400000       0.0000000       1.0000000
      0.00000      0.80500000       0.0000000       1.0000000
      0.00000      0.80600000       0.0000000       1.0000000
      0.00000      0.80700000       0.0000000       1.0000000
      0.00000      0.80800000       0.0000000       1.0000000
      0.00000      0.80900000       0.0000000       1.0000000
      0.00000      0.81000000       0.0000000       1.0000000
      0.00000      0.81100000       0.0000000       1.0000000
      0.00000      0.81200000       0.0000000       1.0000000
      0.00000      0.81300000       0.0000000       1.0000000
      0.00000      0.81400000       0.0000000       1.0000000
      0.00000      0.81500000       0.0000000       1.0000000
      0.00000      0.81600000       0.0000000       1.0000000
      0.00000      0.81700000       0.0000000       1.0000000
      0.00000      0.81800000       0.0000000       1.0000000
      0.00000      0.81900000       0.0000000       1.0000000
      0.00000      0.82000000       0.0000000       1.0000000
      0.00000      0.82100000       0.0000000       1.0000000
      0.00000      0.82200000       0.0000000       1.0000000
      0.00000      0.82300000       0.0000000       1.0000000
      0.00000      0.82400000       0.0000000       1.0000000
      0.00000      0.82500000       0.0000000       1.0000000
      0.00000      0.82600000       0.0000000       1.0000000
      0.00000      0.82700000       0.0000000       1.0000000
      0.00000      0.82800000       0.0000000       1.0000000
      0.00000      0.82900000       0.0000000       1.0000000
      0.00000      0.83000000       0.0000000       1.0000000
      0.00000      0.83100000       0.0000000       1.0000000
      0.00000      0.83200000       0.0000000       1.0000000
      0.00000      0.83300000       0.0000000       1.0000000
      0.00000      0.83400000       0.0000000       1.0000000
      0.00000      0.83500000       0.0000000       1.0000000
      0.00000      0.83600000       0.0000000       1.0000000
      0.00000      0.83700000       0.0000000       1.0000000
      0.00000      0.83800000       0.0000000       1.0000000
      0.00000      0.83900000       0.0000000       1.0000000
      0.00000      0.84000000       0.0000000       1.0000000
      0.00000      0.84100000       0.0000000       1.0000000
      0.00000      0.84200000       0.0000000       1.0000000
      0.00000      0.84300000       0.0000000       1.0000000
      0.00000      0.84400000       0.0000000       1.0000000
      0.00000      0.84500000       0.0000000       1.0000000
      0.00000      0.84600000       0.0000000       1.0000000
      0.00000      0.84700000       0.0000000       1.0000000
      0.00000      0.84800000       0.0000000       1.0000000
      0.00000      0.84900000       0.0000000       1.0000000
      0.00000      0.85000000       0.0000000       1.0000000
      0.00000      0.85100000       0.0000000       1.0000000
      0.00000      0.85200000       0.0000000       1.0000000
      0.00000      0.85300000       0.0000000       1.0000000
      0.00000      0.85400000       0.0000000       1.0000000
      0.00000      0.85500000       0.0000000       1.0000000
      0.00000      0.85600000       0.0000000       1.0000000
      0.00000      0.85700000       0.0000000       1.0000000
      0.00000      0.85800000       0.0000000       1.0000000
      0.00000      0.85900000       0.0000000       1.0000000
      0.00000      0.86000000       0.0000000       1.0000000
      0.00000      0.86100000       0.0000000       1.0000000
      0.00000      0.86200000       0.0000000       1.0000000
      0.00000      0.86300000       0.0000000       1.0000000
      0.00000      0.86400000       0.0000000       1.0000000
      0.00000      0.86500000       0.0000000       1.0000000
      0.00000      0.86600000       0.0000000       1.0000000
      0.00000      0.86700000       0.0000000       1.0000000
      0.00000      0.86800000       0.0000000       1.0000000
      0.00000      0.86900000       0.0000000       1.0000000
      0.00000      0.87000000       0.0000000       1.0000000
      0.00000      0.87100000       0.0000000       1.0000000
      0.00000      0.87200000       0.0000000       1.0000000
      0.00000      0.87300000       0.0000000       1.0000000
      0.00000      0.87400000       0.0000000       1.0000000
      0.00000      0.87500000       0.0000000       1.0000000
      0.00000      0.87600000       0.0000000       1.0000000
      0.00000      0.87700000       0.0000000       1.0000000
      0.00000      0.87800000       0.0000000       1.0000000
      0.00000      0.87900000       0.0000000       1.0000000
      0.00000      0.88000000       0.0000000       1.0000000
      0.00000      0.88100000       0.0000000       1.0000000
      0.00000      0.88200000       0.0000000       1.0000000
      0.00000      0.88300000       0.0000000       1.0000000
      0.00000      0.88400000       0.0000000       1.0000000
      0.00000      0.88500000       0.0000000       1.0000000
      0.00000      0.88600000       0.0000000       1.0000000
      0.00000      0.88700000       0.0000000       1.0000000
      0.00000      0.88800000       0.0000000       1.0000000
      0.00000      0.88900000       0.0000000       1.0000000
      0.00000      0.89000000       0.0000000       1.0000000
      0.00000      0.89100000       0.0000000       1.0000000
      0.00000      0.89200000       0.0000000       1.0000000
      0.00000      0.89300000       0.0000000       1.0000000
      0.00000      0.89400000       0.0000000       1.0000000
      0.00000      0.89500000       0.0000000       1.0000000
      0.00000      0.89600000       0.0000000       1.0000000
      0.00000      0.89700000       0.0000000       1.0000000
      0.00000      0.89800000       0.0000000       1.0000000
      0.00000      0.89900000       0.0000000       1.0000000
      0.00000      0.90000000       0.0000000       1.0000000
      0.00000      0.90100000       0.0000000       1.0000000
      0.00000      0.90200000       0.0000000       1.0000000
      0.00000      0.90300000       0.0000000       1.0000000
      0.00000      0.90400000       0.0000000       1.0000000
      0.00000      0.90500000       0.0000000       1.0000000
      0.00000      0.90600000       0.0000000       1.0000000
      0.00000      0.90700000       0.0000000       1.0000000
      0.00000      0.90800000       0.0000000       1.0000000
      0.00000      0.90900000       0.0000000       1.0000000
      0.00000      0.91000000       0.0000000       1.0000000
      0.00000      0.91100000       0.0000000       1.0000000
      0.00000      0.91200000       0.0000000       1.0000000
      0.00000      0.91300000       0.0000000       1.0000000
      0.00000      0.91400000       0.0000000       1.0000000
      0.00000      0.91500000       0.0000000       1.0000000
      0.00000      0.91600000       0.0000000       1.0000000
      0.00000      0.91700000       0.0000000       1.0000000
      0.00000      0.91800000       0.0000000       1.0000000
      0.00000      0.91900000       0.0000000       1.0000000
      0.00000      0.92000000       0.0000000       1.0000000
      0.00000      0.92100000       0.0000000       1.0000000
      0.00000      0.92200000       0.0000000       1.0000000
      0.00000      0.92300000       0.0000000       1.0000000
      0.00000      0.92400000       0.0000000       1.0000000
      0.00000      0.92500000       0.0000000       1.0000000
      0.00000      0.92600000       0.0000000       1.0000000
      0.00000      0.92700000       0.0000000       1.0000000
      0.00000      0.92800000       0.0000000       1.0000000
      0.00000      0.92900000       0.0000000       1.0000000
      0.00000      0.93000000       0.0000000       1.0000000
      0.00000      0.93100000       0.0000000       1.0000000
      0.00000      0.93200000       0.0000000       1.0000000
      0.00000      0.93300000       0.0000000       1.0000000
      0.00000      0.93400000       0.0000000       1.0000000
      0.00000      0.93500000       0.0000000       1.0000000
      0.00000      0.93600000       0.0000000       1.0000000
      0.00000      0.93700000       0.0000000       1.0000000
      0.00000      0.93800000       0.0000000       1.0000000
      0.00000      0.93900000       0.0000000       1.0000000
      0.00000      0.94000000       0.0000000       1.0000000
      0.00000      0.94100000       0.0000000       1.0000000
      0.00000      0.94200000       0.0000000       1.0000000
      0.00000      0.94300000       0.0000000       1.0000000
      0.00000      0.94400000       0.0000000       1.0000000
      0.00000      0.94500000       0.0000000       1.0000000
      0.00000      0.94600000       0.0000000       1.0000000
      0.00000      0.94700000       0.0000000       1.0000000
      0.00000      0.94800000       0.0000000       1.0000000
      0.00000      0.94900000       0.0000000       1.0000000
      0.00000      0.95000000       0.0000000       1.0000000
      0.00000      0.95100000       0.0000000       1.0000000
      0.00000      0.95200000       0.0000000       1.0000000
      0.00000      0.95300000       0.0000000       1.0000000
      0.00000      0.95400000       0.0000000       1.0000000
      0.00000      0.95500000       0.0000000       1.0000000
      0.00000      0.95600000       0.0000000       1.0000000
      0.00000      0.95700000       0.0000000       1.0000000
      0.00000      0.95800000       0.0000000       1.0000000
      0.00000      0.95900000       0.0000000       1.0000000
      0.00000      0.96000000       0.0000000       1.0000000
      0.00000      0.96100000       0.0000000       1.0000000
      0.00000      0.96200000       0.0000000       1.0000000
      0.00000      0.96300000       0.0000000       1.0000000
      0.00000      0.96400000       0.0000000       1.0000000
      0.00000      0.96500000       0.0000000       1.0000000
      0.00000      0.96600000       0.0000000       1.0000000
      0.00000      0.96700000       0.0000000       1.0000000
      0.00000      0.96800000       0.0000000       1.0000000
      0.00000      0.96900000       0.0000000       1.0000000
      0.00000      0.97000000       0.0000000       1.0000000
      0.00000      0.97100000       0.0000000       1.0000000
      0.00000      0.97200000       0.0000000       1.0000000
      0.00000      0.97300000       0.0000000       1.0000000
      0.00000      0.97400000       0.0000000       1.0000000
      0.00000      0.97500000       0.0000000       1.0000000
      0.00000      0.97600000       0.0000000       1.0000000
      0.00000      0.97700000       0.0000000       1.0000000
      0.00000      0.97800000       0.0000000       1.0000000
      0.00000      0.97900000       0.0000000       1.0000000
      0.00000      0.98000000       0.0000000       1.0000000
      0.00000      0.98100000       0.0000000       1.0000000
      0.00000      0.98200000       0.0000000       1.0000000
      0.00000      0.98300000       0.0000000       1.0000000
      0.00000      0.98400000       0.0000000       1.0000000
      0.00000      0.98500000       0.0000000       1.0000000
      0.00000      0.98600000       0.0000000       1.0000000
      0.00000      0.98700000       0.0000000       1.0000000
      0.00000      0.98800000       0.0000000       1.0000000
      0.00000      0.98900000       0.0000000       1.0000000
      0.00000      0.99000000       0.0000000       1.0000000
      0.00000      0.99100000       0.0000000       1.0000000
      0.00000      0.99200000       0.0000000       1.0000000
      0.00000      0.99300000       0.0000000       1.0000000
      0.00000      0.99400000       0.0000000       1.0000000
      0.00000      0.99500000       0.0000000       1.0000000
      0.00000      0.99600000       0.0000000       1.0000000
      0.00000      0.99700000       0.0000000       1.0000000
      0.00000      0.99800000       0.0000000       1.0000000
      0.00000      0.99900000       0.0000000       1.0000000
      0.00000       1.0000000       0.0000000       1.0000000
      0.00000       1.0010000       0.0000000       1.0000000
      0.00000       1.0020000       0.0000000       1.0000000
      0.00000       1.0030000       0.0000000       1.0000000
      0.00000       1.0040000       0.0000000       1.0000000
      0.00000       1.0050000       0.0000000       1.0000000
      0.00000       1.0060000       0.0000000       1.0000000
      0.00000       1.0070000       0.0000000       1.0000000
      0.00000       1.0080000       0.0000000       1.0000000
      0.00000       1.0090000       0.0000000       1.0000000
      0.00000       1.0100000       0.0000000       1.0000000
      0.00000       1.0110000       0.0000000       1.0000000
      0.00000       1.0120000       0.0000000       1.0000000
      0.00000       1.0130000       0.0000000       1.0000000
      0.00000       1.0140000       0.0000000       1.0000000
      0.00000       1.0150000       0.0000000       1.0000000
      0.00000       1.0160000       0.0000000       1.0000000
      0.00000       1.0170000       0.0000000       1.0000000
      0.00000       1.0180000       0.0000000       1.0000000
      0.00000       1.0190000       0.0000000       1.0000000
      0.00000       1.0200000       0.0000000       1.0000000
      0.00000       1.0210000       0.0000000       1.0000000
      0.00000       1.0220000       0.0000000       1.0000000
      0.00000       1.0230000       0.0000000       1.0000000
      0.00000       1.0240000       0.0000000       1.0000000
      0.00000       1.0250000       0.0000000       1.0000000
      0.00000       1.0260000       0.0000000       1.0000000
      0.00000       1.0270000       0.0000000       1.0000000
      0.00000       1.0280000       0.0000000       1.0000000
      0.00000       1.0290000       0.0000000       1.0000000
      0.00000       1.0300000       0.0000000       1.0000000
      0.00000       1.0310000       0.0000000       1.0000000
      0.00000       1.0320000       0.0000000       1.0000000
      0.00000       1.0330000       0.0000000       1.0000000
      0.00000       1.0340000       0.0000000       1.0000000
      0.00000       1.0350000       0.0000000       1.0000000
      0.00000       1.0360000       0.0000000       1.0000000
      0.00000       1.0370000       0.0000000       1.0000000
      0.00000       1.0380000       0.0000000       1.0000000
      0.00000       1.0390000       0.0000000       1.0000000
      0.00000       1.0400000       0.0000000       1.0000000
      0.00000       1.0410000       0.0000000       1.0000000
      0.00000       1.0420000       0.0000000       1.0000000
      0.00000       1.0430000       0.0000000       1.0000000
      0.00000       1.0440000       0.0000000       1.0000000
      0.00000       1.0450000       0.0000000       1.0000000
      0.00000       1.0460000       0.0000000       1.0000000
      0.00000       1.0470000       0.0000000       1.0000000
      0.00000       1.0480000       0.0000000       1.0000000
      0.00000       1.0490000       0.0000000       1.0000000
      0.00000       1.0500000       0.0000000       1.0000000
      0.00000       1.0510000       0.0000000       1.0000000
      0.00000       1.0520000       0.0000000       1.0000000
      0.00000       1.0530000       0.0000000       1.0000000
      0.00000       1.0540000       0.0000000       1.0000000
      0.00000       1.0550000       0.0000000       1.0000000
      0.00000       1.0560000       0.0000000       1.0000000
      0.00000       1.0570000       0.0000000       1.0000000
      0.00000       1.0580000       0.0000000       1.0000000
      0.00000       1.0590000       0.0000000       1.0000000
      0.00000       1.0600000       0.0000000       1.0000000
      0.00000       1.0610000       0.0000000       1.0000000
      0.00000       1.0620000       0.0000000       1.0000000
      0.00000       1.0630000       0.0000000       1.0000000
      0.00000       1.0640000       0.0000000       1.0000000
      0.00000       1.0650000       0.0000000       1.0000000
      0.00000       1.0660000       0.0000000       1.0000000
      0.00000       1.0670000       0.0000000       1.0000000
      0.00000       1.0680000       0.0000000       1.0000000
      0.00000       1.0690000       0.0000000       1.0000000
      0.00000       1.0700000       0.0000000       1.0000000
      0.00000       1.0710000       0.0000000       1.0000000
      0.00000       1.0720000       0.0000000       1.0000000
      0.00000       1.0730000       0.0000000       1.0000000
      0.00000       1.0740000       0.0000000       1.0000000
      0.00000       1.0750000       0.0000000       1.0000000
      0.00000       1.0760000       0.0000000       1.0000000
      0.00000       1.0770000       0.0000000       1.0000000
      0.00000       1.0780000       0.0000000       1.0000000
      0.00000       1.0790000       0.0000000       1.0000000
      0.00000       1.0800000       0.0000000       1.0000000
      0.00000       1.0810000       0.0000000       1.0000000
      0.00000       1.0820000       0.0000000       1.0000000
      0.00000       1.0830000       0.0000000       1.0000000
      0.00000       1.0840000       0.0000000       1.0000000
      0.00000       1.0850000       0.0000000       1.0000000
      0.00000       1.0860000       0.0000000       1.0000000
      0.00000       1.0870000       0.0000000       1.0000000
      0.00000       1.0880000       0.0000000       1.0000000
      0.00000       1.0890000       0.0000000       1.0000000
      0.00000       1.0900000       0.0000000       1.0000000
      0.00000       1.0910000       0.0000000       1.0000000
      0.00000       1.0920000       0.0000000       1.0000000
      0.00000       1.0930000       0.0000000       1.0000000
      0.00000       1.0940000       0.0000000       1.0000000
      0.00000       1.0950000       0.0000000       1.0000000
      0.00000       1.0960000       0.0000000       1.0000000
      0.00000       1.0970000       0.0000000       1.0000000
      0.00000       1.0980000       0.0000000       1.0000000
      0.00000       1.0990000       0.0000000       1.0000000
      0.00000       1.1000000       0.0000000       1.0000000
      0.00000       1.1010000       0.0000000       1.0000000
      0.00000       1.1020000       0.0000000       1.0000000
      0.00000       1.1030000       0.0000000       1.0000000
      0.00000       1.1040000       0.0000000       1.0000000
      0.00000       1.1050000       0.0000000       1.0000000
      0.00000       1.1060000       0.0000000       1.0000000
      0.00000       1.1070000       0.0000000       1.0000000
      0.00000       1.1080000       0.0000000       1.0000000
      0.00000       1.1090000       0.0000000       1.0000000
      0.00000       1.1100000       0.0000000       1.0000000
      0.00000       1.1110000       0.0000000       1.0000000
      0.00000       1.1120000       0.0000000       1.0000000
      0.00000       1.1130000       0.0000000       1.0000000
      0.00000       1.1140000       0.0000000       1.0000000
      0.00000       1.1150000       0.0000000       1.0000000
      0.00000       1.1160000       0.0000000       1.0000000
      0.00000       1.1170000       0.0000000       1.0000000
      0.00000       1.1180000       0.0000000       1.0000000
      0.00000       1.1190000       0.0000000       1.0000000
      0.00000       1.1200000       0.0000000       1.0000000
      0.00000       1.1210000       0.0000000       1.0000000
      0.00000       1.1220000       0.0000000       1.0000000
      0.00000       1.1230000       0.0000000       1.0000000
      0.00000       1.1240000       0.0000000       1.0000000
      0.00000       1.1250000       0.0000000       1.0000000
      0.00000       1.1260000       0.0000000       1.0000000
      0.00000       1.1270000       0.0000000       1.0000000
      0.00000       1.1280000       0.0000000       1.0000000
      0.00000       1.1290000       0.0000000       1.0000000
      0.00000       1.1300000       0.0000000       1.0000000
      0.00000       1.1310000       0.0000000       1.0000000
      0.00000       1.1320000       0.0000000       1.0000000
      0.00000       1.1330000       0.0000000       1.0000000
      0.00000       1.1340000       0.0000000       1.0000000
      0.00000       1.1350000       0.0000000       1.0000000
      0.00000       1.1360000       0.0000000       1.0000000
      0.00000       1.1370000       0.0000000       1.0000000
      0.00000       1.1380000       0.0000000       1.0000000
      0.00000       1.1390000       0.0000000       1.0000000
      0.00000       1.1400000       0.0000000       1.0000000
      0.00000       1.1410000       0.0000000       1.0000000
      0.00000       1.1420000       0.0000000       1.0000000
      0.00000       1.1430000       0.0000000       1.0000000
      0.00000       1.1440000       0.0000000       1.0000000
      0.00000       1.1450000       0.0000000       1.0000000
      0.00000       1.1460000       0.0000000       1.0000000
      0.00000       1.1470000       0.0000000       1.0000000
      0.00000       1.1480000       0.0000000       1.0000000
      0.00000       1.1490000       0.0000000       1.0000000
      0.00000       1.1500000       0.0000000       1.0000000
      0.00000       1.1510000       0.0000000       1.0000000
      0.00000       1.1520000       0.0000000       1.0000000
      0.00000       1.1530000       0.0000000       1.0000000
      0.00000       1.1540000       0.0000000       1.0000000
      0.00000       1.1550000       0.0000000       1.0000000
      0.00000       1.1560000       0.0000000       1.0000000
      0.00000       1.1570000       0.0000000       1.0000000
      0.00000       1.1580000       0.0000000       1.0000000
      0.00000       1.1590000       0.0000000       1.0000000
      0.00000       1.1600000       0.0000000       1.0000000
      0.00000       1.1610000       0.0000000       1.0000000
      0.00000       1.1620000       0.0000000       1.0000000
      0.00000       1.1630000       0.0000000       1.0000000
      0.00000       1.1640000       0.0000000       1.0000000
      0.00000       1.1650000       0.0000000       1.0000000
      0.00000       1.1660000       0.0000000       1.0000000
      0.00000       1.1670000       0.0000000       1.0000000
      0.00000       1.1680000       0.0000000       1.0000000
      0.00000       1.1690000       0.0000000       1.0000000
      0.00000       1.1700000       0.0000000       1.0000000
      0.00000       1.1710000       0.0000000       1.0000000
      0.00000       1.1720000       0.0000000       1.0000000
      0.00000       1.1730000       0.0000000       1.0000000
      0.00000       1.1740000       0.0000000       1.0000000
      0.00000       1.1750000       0.0000000       1.0000000
      0.00000       1.1760000       0.0000000       1.0000000
      0.00000       1.1770000       0.0000000       1.0000000
      0.00000       1.1780000       0.0000000       1.0000000
      0.00000       1.1790000       0.0000000       1.0000000
      0.00000       1.1800000       0.0000000       1.0000000
      0.00000       1.1810000       0.0000000       1.0000000
      0.00000       1.1820000       0.0000000       1.0000000
      0.00000       1.1830000       0.0000000       1.0000000
      0.00000       1.1840000       0.0000000       1.0000000
      0.00000       1.1850000       0.0000000       1.0000000
      0.00000       1.1860000       0.0000000       1.0000000
      0.00000       1.1870000       0.0000000       1.0000000
      0.00000       1.1880000       0.0000000       1.0000000
      0.00000       1.1890000       0.0000000       1.0000000
      0.00000       1.1900000       0.0000000       1.0000000
      0.00000       1.1910000       0.0000000       1.0000000
      0.00000       1.1920000       0.0000000       1.0000000
      0.00000       1.1930000       0.0000000       1.0000000
      0.00000       1.1940000       0.0000000       1.0000000
      0.00000       1.1950000       0.0000000       1.0000000
      0.00000       1.1960000       0.0000000       1.0000000
      0.00000       1.1970000       0.0000000       1.0000000
      0.00000       1.1980000       0.0000000       1.0000000
      0.00000       1.1990000       0.0000000       1.0000000
      0.00000       1.2000000       0.0000000       1.0000000
      0.00000       1.2010000       0.0000000       1.0000000
      0.00000       1.2020000       0.0000000       1.0000000
      0.00000       1.2030000       0.0000000       1.0000000
      0.00000       1.2040000       0.0000000       1.0000000
      0.00000       1.2050000       0.0000000       1.0000000
      0.00000       1.2060000       0.0000000       1.0000000
      0.00000       1.2070000       0.0000000       1.0000000
      0.00000       1.2080000       0.0000000       1.0000000
      0.00000       1.2090000       0.0000000       1.0000000
      0.00000       1.2100000       0.0000000       1.0000000
      0.00000       1.2110000       0.0000000       1.0000000
      0.00000       1.2120000       0.0000000       1.0000000
      0.00000       1.2130000       0.0000000       1.0000000
      0.00000       1.2140000       0.0000000       1.0000000
      0.00000       1.2150000       0.0000000       1.0000000
      0.00000       1.2160000       0.0000000       1.0000000
      0.00000       1.2170000       0.0000000       1.0000000
      0.00000       1.2180000       0.0000000       1.0000000
      0.00000       1.2190000       0.0000000       1.0000000
      0.00000       1.2200000       0.0000000       1.0000000
      0.00000       1.2210000       0.0000000       1.0000000
      0.00000       1.2220000       0.0000000       1.0000000
      0.00000       1.2230000       0.0000000       1.0000000
      0.00000       1.2240000       0.0000000       1.0000000
      0.00000       1.2250000       0.0000000       1.0000000
      0.00000       1.2260000       0.0000000       1.0000000
      0.00000       1.2270000       0.0000000       1.0000000
      0.00000       1.2280000       0.0000000       1.0000000
      0.00000       1.2290000       0.0000000       1.0000000
      0.00000       1.2300000       0.0000000       1.0000000
      0.00000       1.2310000       0.0000000       1.0000000
      0.00000       1.2320000       0.0000000       1.0000000
      0.00000       1.2330000       0.0000000       1.0000000
      0.00000       1.2340000       0.0000000       1.0000000
      0.00000       1.2350000       0.0000000       1.0000000
      0.00000       1.2360000       0.0000000       1.0000000
      0.00000       1.2370000       0.0000000       1.0000000
      0.00000       1.2380000       0.0000000       1.0000000
      0.00000       1.2390000       0.0000000       1.0000000
      0.00000       1.2400000       0.0000000       1.0000000
      0.00000       1.2410000       0.0000000       1.0000000
      0.00000       1.2420000       0.0000000       1.0000000
      0.00000       1.2430000       0.0000000       1.0000000
      0.00000       1.2440000       0.0000000       1.0000000
      0.00000       1.2450000       0.0000000       1.0000000
      0.00000       1.2460000       0.0000000       1.0000000
      0.00000       1.2470000       0.0000000       1.0000000
      0.00000       1.2480000       0.0000000       1.0000000
      0.00000       1.2490000       0.0000000       1.0000000
      0.00000       1.2500000       0.0000000       1.0000000
      0.00000       1.2510000       0.0000000       1.0000000
      0.00000       1.2520000       0.0000000       1.0000000
      0.00000       1.2530000       0.0000000       1.0000000
      0.00000       1.2540000       0.0000000       1.0000000
      0.00000       1.2550000       0.0000000       1.0000000
      0.00000       1.2560000       0.0000000       1.0000000
      0.00000       1.2570000       0.0000000       1.0000000
      0.00000       1.2580000       0.0000000       1.0000000
      0.00000       1.2590000       0.0000000       1.0000000
      0.00000       1.2600000       0.0000000       1.0000000
      0.00000       1.2610000       0.0000000       1.0000000
      0.00000       1.2620000       0.0000000       1.0000000
      0.00000       1.2630000       0.0000000       1.0000000
      0.00000       1.2640000       0.0000000       1.0000000
      0.00000       1.2650000       0.0000000       1.0000000
      0.00000       1.2660000       0.0000000       1.0000000
      0.00000       1.2670000       0.0000000       1.0000000
      0.00000       1.2680000       0.0000000       1.0000000
      0.00000       1.2690000       0.0000000       1.0000000
      0.00000       1.2700000       0.0000000       1.0000000
      0.00000       1.2710000       0.0000000       1.0000000
      0.00000       1.2720000       0.0000000       1.0000000
      0.00000       1.2730000       0.0000000       1.0000000
      0.00000       1.2740000       0.0000000       1.0000000
      0.00000       1.2750000       0.0000000       1.0000000
      0.00000       1.2760000       0.0000000       1.0000000
      0.00000       1.2770000       0.0000000       1.0000000
      0.00000       1.2780000       0.0000000       1.0000000
      0.00000       1.2790000       0.0000000       1.0000000
      0.00000       1.2800000       0.0000000       1.0000000
      0.00000       1.2810000       0.0000000       1.0000000
      0.00000       1.2820000       0.0000000       1.0000000
      0.00000       1.2830000       0.0000000       1.0000000
      0.00000       1.2840000       0.0000000       1.0000000
      0.00000       1.2850000       0.0000000       1.0000000
      0.00000       1.2860000       0.0000000       1.0000000
      0.00000       1.2870000       0.0000000       1.0000000
      0.00000       1.2880000       0.0000000       1.0000000
      0.00000       1.2890000       0.0000000       1.0000000
      0.00000       1.2900000       0.0000000       1.0000000
      0.00000       1.2910000       0.0000000       1.0000000
      0.00000       1.2920000       0.0000000       1.0000000
      0.00000       1.2930000       0.0000000       1.0000000
      0.00000       1.2940000       0.0000000       1.0000000
      0.00000       1.2950000       0.0000000       1.0000000
      0.00000       1.2960000       0.0000000       1.0000000
      0.00000       1.2970000       0.0000000       1.0000000
      0.00000       1.2980000       0.0000000       1.0000000
      0.00000       1.2990000       0.0000000       1.0000000
      0.00000       1.3000000       0.0000000       1.0000000
      0.00000       1.3010000       0.0000000       1.0000000
      0.00000       1.3020000       0.0000000       1.0000000
      0.00000       1.3030000       0.0000000       1.0000000
      0.00000       1.3040000       0.0000000       1.0000000
      0.00000       1.3050000       0.0000000       1.0000000
      0.00000       1.3060000       0.0000000       1.0000000
      0.00000       1.3070000       0.0000000       1.0000000
      0.00000       1.3080000       0.0000000       1.0000000
      0.00000       1.3090000       0.0000000       1.0000000
      0.00000       1.3100000       0.0000000       1.0000000
      0.00000       1.3110000       0.0000000       1.0000000
      0.00000       1.3120000       0.0000000       1.0000000
      0.00000       1.3130000       0.0000000       1.0000000
      0.00000       1.3140000       0.0000000       1.0000000
      0.00000       1.3150000       0.0000000       1.0000000
      0.00000       1.3160000       0.0000000       1.0000000
      0.00000       1.3170000       0.0000000       1.0000000
      0.00000       1.3180000       0.0000000       1.0000000
      0.00000       1.3190000       0.0000000       1.0000000
      0.00000       1.3200000       0.0000000       1.0000000
      0.00000       1.3210000       0.0000000       1.0000000
      0.00000       1.3220000       0.0000000       1.0000000
      0.00000       1.3230000       0.0000000       1.0000000
      0.00000       1.3240000       0.0000000       1.0000000
      0.00000       1.3250000       0.0000000       1.0000000
      0.00000       1.3260000       0.0000000       1.0000000
      0.00000       1.3270000       0.0000000       1.0000000
      0.00000       1.3280000       0.0000000       1.0000000
      0.00000       1.3290000       0.0000000       1.0000000
      0.00000       1.3300000       0.0000000       1.0000000
      0.00000       1.3310000       0.0000000       1.0000000
      0.00000       1.3320000       0.0000000       1.0000000
      0.00000       1.3330000       0.0000000       1.0000000
      0.00000       1.3340000       0.0000000       1.0000000
      0.00000       1.3350000       0.0000000       1.0000000
      0.00000       1.3360000       0.0000000       1.0000000
      0.00000       1.3370000       0.0000000       1.0000000
      0.00000       1.3380000       0.0000000       1.0000000
      0.00000       1.3390000       0.0000000       1.0000000
      0.00000       1.3400000       0.0000000       1.0000000
      0.00000       1.3410000       0.0000000       1.0000000
      0.00000       1.3420000       0.0000000       1.0000000
      0.00000       1.3430000       0.0000000       1.0000000
      0.00000       1.3440000       0.0000000       1.0000000
      0.00000       1.3450000       0.0000000       1.0000000
      0.00000       1.3460000       0.0000000       1.0000000
      0.00000       1.3470000       0.0000000       1.0000000
      0.00000       1.3480000       0.0000000       1.0000000
      0.00000       1.3490000       0.0000000       1.0000000
      0.00000       1.3500000       0.0000000       1.0000000
      0.00000       1.3510000       0.0000000       1.0000000
      0.00000       1.3520000       0.0000000       1.0000000
      0.00000       1.3530000       0.0000000       1.0000000
      0.00000       1.3540000       0.0000000       1.0000000
      0.00000       1.3550000       0.0000000       1.0000000
      0.00000       1.3560000       0.0000000       1.0000000
      0.00000       1.3570000       0.0000000       1.0000000
      0.00000       1.3580000       0.0000000       1.0000000
      0.00000       1.3590000       0.0000000       1.0000000
      0.00000       1.3600000       0.0000000       1.0000000
      0.00000       1.3610000       0.0000000       1.0000000
      0.00000       1.3620000       0.0000000       1.0000000
      0.00000       1.3630000       0.0000000       1.0000000
      0.00000       1.3640000       0.0000000       1.0000000
      0.00000       1.3650000       0.0000000       1.0000000
      0.00000       1.3660000       0.0000000       1.0000000
      0.00000       1.3670000       0.0000000       1.0000000
      0.00000       1.3680000       0.0000000       1.0000000
      0.00000       1.3690000       0.0000000       1.0000000
      0.00000       1.3700000       0.0000000       1.0000000
      0.00000       1.3710000       0.0000000       1.0000000
      0.00000       1.3720000       0.0000000       1.0000000
      0.00000       1.3730000       0.0000000       1.0000000
      0.00000       1.3740000       0.0000000       1.0000000
      0.00000       1.3750000       0.0000000       1.0000000
      0.00000       1.3760000       0.0000000       1.0000000
      0.00000       1.3770000       0.0000000       1.0000000
      0.00000       1.3780000       0.0000000       1.0000000
      0.00000       1.3790000       0.0000000       1.0000000
      0.00000       1.3800000       0.0000000       1.0000000
      0.00000       1.3810000       0.0000000       1.0000000
      0.00000       1.3820000       0.0000000       1.0000000
      0.00000       1.3830000       0.0000000       1.0000000
      0.00000       1.3840000       0.0000000       1.0000000
      0.00000       1.3850000       0.0000000       1.0000000
      0.00000       1.3860000       0.0000000       1.0000000
      0.00000       1.3870000       0.0000000       1.0000000
      0.00000       1.3880000       0.0000000       1.0000000
      0.00000       1.3890000       0.0000000       1.0000000
      0.00000       1.3900000       0.0000000       1.0000000
      0.00000       1.3910000       0.0000000       1.0000000
      0.00000       1.3920000       0.0000000       1.0000000
      0.00000       1.3930000       0.0000000       1.0000000
      0.00000       1.3940000       0.0000000       1.0000000
      0.00000       1.3950000       0.0000000       1.0000000
      0.00000       1.3960000       0.0000000       1.0000000
      0.00000       1.3970000       0.0000000       1.0000000
      0.00000       1.3980000       0.0000000       1.0000000
      0.00000       1.3990000       0.0000000       1.0000000
      0.00000       1.4000000       0.0000000       1.0000000
      0.00000       1.4010000       0.0000000       1.0000000
      0.00000       1.4020000       0.0000000       1.0000000
      0.00000       1.4030000       0.0000000       1.0000000
      0.00000       1.4040000       0.0000000       1.0000000
      0.00000       1.4050000       0.0000000       1.0000000
      0.00000       1.4060000       0.0000000       1.0000000
      0.00000       1.4070000       0.0000000       1.0000000
      0.00000       1.4080000       0.0000000       1.0000000
      0.00000       1.4090000       0.0000000       1.0000000
      0.00000       1.4100000       0.0000000       1.0000000
      0.00000       1.4110000       0.0000000       1.0000000
      0.00000       1.4120000       0.0000000       1.0000000
      0.00000       1.4130000       0.0000000       1.0000000
      0.00000       1.4140000       0.0000000       1.0000000
      0.00000       1.4150000       0.0000000       1.0000000
      0.00000       1.4160000       0.0000000       1.0000000
      0.00000       1.4170000       0.0000000       1.0000000
      0.00000       1.4180000       0.0000000       1.0000000
      0.00000       1.4190000       0.0000000       1.0000000
      0.00000       1.4200000       0.0000000       1.0000000
      0.00000       1.4210000       0.0000000       1.0000000
      0.00000       1.4220000       0.0000000       1.0000000
      0.00000       1.4230000       0.0000000       1.0000000
      0.00000       1.4240000       0.0000000       1.0000000
      0.00000       1.4250000       0.0000000       1.0000000
      0.00000       1.4260000       0.0000000       1.0000000
      0.00000       1.4270000       0.0000000       1.0000000
      0.00000       1.4280000       0.0000000       1.0000000
      0.00000       1.4290000       0.0000000       1.0000000
      0.00000       1.4300000       0.0000000       1.0000000
      0.00000       1.4310000       0.0000000       1.0000000
      0.00000       1.4320000       0.0000000       1.0000000
      0.00000       1.4330000       0.0000000       1.0000000
      0.00000       1.4340000       0.0000000       1.0000000
      0.00000       1.4350000       0.0000000       1.0000000
      0.00000       1.4360000       0.0000000       1.0000000
      0.00000       1.4370000       0.0000000       1.0000000
      0.00000       1.4380000       0.0000000       1.0000000
      0.00000       1.4390000       0.0000000       1.0000000
      0.00000       1.4400000       0.0000000       1.0000000
      0.00000       1.4410000       0.0000000       1.0000000
      0.00000       1.4420000       0.0000000       1.0000000
      0.00000       1.4430000       0.0000000       1.0000000
      0.00000       1.4440000       0.0000000       1.0000000
      0.00000       1.4450000       0.0000000       1.0000000
      0.00000       1.4460000       0.0000000       1.0000000
      0.00000       1.4470000       0.0000000       1.0000000
      0.00000       1.4480000       0.0000000       1.0000000
      0.00000       1.4490000       0.0000000       1.0000000
      0.00000       1.4500000       0.0000000       1.0000000
      0.00000       1.4510000       0.0000000       1.0000000
      0.00000       1.4520000       0.0000000       1.0000000
      0.00000       1.4530000       0.0000000       1.0000000
      0.00000       1.4540000       0.0000000       1.0000000
      0.00000       1.4550000       0.0000000       1.0000000
      0.00000       1.4560000       0.0000000       1.0000000
      0.00000       1.4570000       0.0000000       1.0000000
      0.00000       1.4580000       0.0000000       1.0000000
      0.00000       1.4590000       0.0000000       1.0000000
      0.00000       1.4600000       0.0000000       1.0000000
      0.00000       1.4610000       0.0000000       1.0000000
      0.00000       1.4620000       0.0000000       1.0000000
      0.00000       1.4630000       0.0000000       1.0000000
      0.00000       1.4640000       0.0000000       1.0000000
      0.00000       1.4650000       0.0000000       1.0000000
      0.00000       1.4660000       0.0000000       1.0000000
      0.00000       1.4670000       0.0000000       1.0000000
      0.00000       1.4680000       0.0000000       1.0000000
      0.00000       1.4690000       0.0000000       1.0000000
      0.00000       1.4700000       0.0000000       1.0000000
      0.00000       1.4710000       0.0000000       1.0000000
      0.00000       1.4720000       0.0000000       1.0000000
      0.00000       1.4730000       0.0000000       1.0000000
      0.00000       1.4740000       0.0000000       1.0000000
      0.00000       1.4750000       0.0000000       1.0000000
      0.00000       1.4760000       0.0000000       1.0000000
      0.00000       1.4770000       0.0000000       1.0000000
      0.00000       1.4780000       0.0000000       1.0000000
      0.00000       1.4790000       0.0000000       1.0000000
      0.00000       1.4800000       0.0000000       1.0000000
      0.00000       1.4810000       0.0000000       1.0000000
      0.00000       1.4820000       0.0000000       1.0000000
      0.00000       1.4830000       0.0000000       1.0000000
      0.00000       1.4840000       0.0000000       1.0000000
      0.00000       1.4850000       0.0000000       1.0000000
      0.00000       1.4860000       0.0000000       1.0000000
      0.00000       1.4870000       0.0000000       1.0000000
      0.00000       1.4880000       0.0000000       1.0000000
      0.00000       1.4890000       0.0000000       1.0000000
      0.00000       1.4900000       0.0000000       1.0000000
      0.00000       1.4910000       0.0000000       1.0000000
      0.00000       1.4920000       0.0000000       1.0000000
      0.00000       1.4930000       0.0000000       1.0000000
      0.00000       1.4940000       0.0000000       1.0000000
      0.00000       1.4950000       0.0000000       1.0000000
      0.00000       1.4960000       0.0000000       1.0000000
      0.00000       1.4970000       0.0000000       1.0000000
      0.00000       1.4980000       0.0000000       1.0000000
      0.00000       1.4990000       0.0000000       1.0000000
      0.00000       1.5000000       0.0000000       1.0000000
      0.00000       1.5010000       0.0000000       1.0000000
      0.00000       1.5020000       0.0000000       1.0000000
      0.00000       1.5030000       0.0000000       1.0000000
      0.00000       1.5040000       0.0000000       1.0000000
      0.00000       1.5050000       0.0000000       1.0000000
      0.00000       1.5060000       0.0000000       1.0000000
      0.00000       1.5070000       0.0000000       1.0000000
      0.00000       1.5080000       0.0000000       1.0000000
      0.00000       1.5090000       0.0000000       1.0000000
      0.00000       1.5100000       0.0000000       1.0000000
      0.00000       1.5110000       0.0000000       1.0000000
      0.00000       1.5120000       0.0000000       1.0000000
      0.00000       1.5130000       0.0000000       1.0000000
      0.00000       1.5140000       0.0000000       1.0000000
      0.00000       1.5150000       0.0000000       1.0000000
      0.00000       1.5160000       0.0000000       1.0000000
      0.00000       1.5170000       0.0000000       1.0000000
      0.00000       1.5180000       0.0000000       1.0000000
      0.00000       1.5190000       0.0000000       1.0000000
      0.00000       1.5200000       0.0000000       1.0000000
      0.00000       1.5210000       0.0000000       1.0000000
      0.00000       1.5220000       0.0000000       1.0000000
      0.00000       1.5230000       0.0000000       1.0000000
      0.00000       1.5240000       0.0000000       1.0000000
      0.00000       1.5250000       0.0000000       1.0000000
      0.00000       1.5260000       0.0000000       1.0000000
      0.00000       1.5270000       0.0000000       1.0000000
      0.00000       1.5280000       0.0000000       1.0000000
      0.00000       1.5290000       0.0000000       1.0000000
      0.00000       1.5300000       0.0000000       1.0000000
      0.00000       1.5310000       0.0000000       1.0000000
      0.00000       1.5320000       0.0000000       1.0000000
      0.00000       1.5330000       0.0000000       1.0000000
      0.00000       1.5340000       0.0000000       1.0000000
      0.00000       1.5350000       0.0000000       1.0000000
      0.00000       1.5360000       0.0000000       1.0000000
      0.00000       1.5370000       0.0000000       1.0000000
      0.00000       1.5380000       0.0000000       1.0000000
      0.00000       1.5390000       0.0000000       1.0000000
      0.00000       1.5400000       0.0000000       1.0000000
      0.00000       1.5410000       0.0000000       1.0000000
      0.00000       1.5420000       0.0000000       1.0000000
      0.00000       1.5430000       0.0000000       1.0000000
      0.00000       1.5440000       0.0000000       1.0000000
      0.00000       1.5450000       0.0000000       1.0000000
      0.00000       1.5460000       0.0000000       1.0000000
      0.00000       1.5470000       0.0000000       1.0000000
      0.00000       1.5480000       0.0000000       1.0000000
      0.00000       1.5490000       0.0000000       1.0000000
      0.00000       1.5500000       0.0000000       1.0000000
      0.00000       1.5510000       0.0000000       1.0000000
      0.00000       1.5520000       0.0000000       1.0000000
      0.00000       1.5530000       0.0000000       1.0000000
      0.00000       1.5540000       0.0000000       1.0000000
      0.00000       1.5550000       0.0000000       1.0000000
      0.00000       1.5560000       0.0000000       1.0000000
      0.00000       1.5570000       0.0000000       1.0000000
      0.00000       1.5580000       0.0000000       1.0000000
      0.00000       1.5590000       0.0000000       1.0000000
      0.00000       1.5600000       0.0000000       1.0000000
      0.00000       1.5610000       0.0000000       1.0000000
      0.00000       1.5620000       0.0000000       1.0000000
      0.00000       1.5630000       0.0000000       1.0000000
      0.00000       1.5640000       0.0000000       1.0000000
      0.00000       1.5650000       0.0000000       1.0000000
      0.00000       1.5660000       0.0000000       1.0000000
      0.00000       1.5670000       0.0000000       1.0000000
      0.00000       1.5680000       0.0000000       1.0000000
      0.00000       1.5690000       0.0000000       1.0000000
      0.00000       1.5700000       0.0000000       1.0000000
      0.00000       1.5710000       0.0000000       1.0000000
      0.00000       1.5720000       0.0000000       1.0000000
      0.00000       1.5730000       0.0000000       1.0000000
      0.00000       1.5740000       0.0000000       1.0000000
      0.00000       1.5750000       0.0000000       1.0000000
      0.00000       1.5760000       0.0000000       1.0000000
      0.00000       1.5770000       0.0000000       1.0000000
      0.00000       1.5780000       0.0000000       1.0000000
      0.00000       1.5790000       0.0000000       1.0000000
      0.00000       1.5800000       0.0000000       1.0000000
      0.00000       1.5810000       0.0000000       1.0000000
      0.00000       1.5820000       0.0000000       1.0000000
      0.00000       1.5830000       0.0000000       1.0000000
      0.00000       1.5840000       0.0000000       1.0000000
      0.00000       1.5850000       0.0000000       1.0000000
      0.00000       1.5860000       0.0000000       1.0000000
      0.00000       1.5870000       0.0000000       1.0000000
      0.00000       1.5880000       0.0000000       1.0000000
      0.00000       1.5890000       0.0000000       1.0000000
      0.00000       1.5900000       0.0000000       1.0000000
      0.00000       1.5910000       0.0000000       1.0000000
      0.00000       1.5920000       0.0000000       1.0000000
      0.00000       1.5930000       0.0000000       1.0000000
      0.00000       1.5940000       0.0000000       1.0000000
      0.00000       1.5950000       0.0000000       1.0000000
      0.00000       1.5960000       0.0000000       1.0000000
      0.00000       1.5970000       0.0000000       1.0000000
      0.00000       1.5980000       0.0000000       1.0000000
      0.00000       1.5990000       0.0000000       1.0000000
      0.00000       1.6000000       0.0000000       1.0000000
      0.00000       1.6010000       0.0000000       1.0000000
      0.00000       1.6020000       0.0000000       1.0000000
      0.00000       1.6030000       0.0000000       1.0000000
      0.00000       1.6040000       0.0000000       1.0000000
      0.00000       1.6050000       0.0000000       1.0000000
      0.00000       1.6060000       0.0000000       1.0000000
      0.00000       1.6070000       0.0000000       1.0000000
      0.00000       1.6080000       0.0000000       1.0000000
      0.00000       1.6090000       0.0000000       1.0000000
      0.00000       1.6100000       0.0000000       1.0000000
      0.00000       1.6110000       0.0000000       1.0000000
      0.00000       1.6120000       0.0000000       1.0000000
      0.00000       1.6130000       0.0000000       1.0000000
      0.00000       1.6140000       0.0000000       1.0000000
      0.00000       1.6150000       0.0000000       1.0000000
      0.00000       1.6160000       0.0000000       1.0000000
      0.00000       1.6170000       0.0000000       1.0000000
      0.00000       1.6180000       0.0000000       1.0000000
      0.00000       1.6190000       0.0000000       1.0000000
      0.00000       1.6200000       0.0000000       1.0000000
      0.00000       1.6210000       0.0000000       1.0000000
      0.00000       1.6220000       0.0000000       1.0000000
      0.00000       1.6230000       0.0000000       1.0000000
      0.00000       1.6240000       0.0000000       1.0000000
      0.00000       1.6250000       0.0000000       1.0000000
      0.00000       1.6260000       0.0000000       1.0000000
      0.00000       1.6270000       0.0000000       1.0000000
      0.00000       1.6280000       0.0000000       1.0000000
      0.00000       1.6290000       0.0000000       1.0000000
      0.00000       1.6300000       0.0000000       1.0000000
      0.00000       1.6310000       0.0000000       1.0000000
      0.00000       1.6320000       0.0000000       1.0000000
      0.00000       1.6330000       0.0000000       1.0000000
      0.00000       1.6340000       0.0000000       1.0000000
      0.00000       1.6350000       0.0000000       1.0000000
      0.00000       1.6360000       0.0000000       1.0000000
      0.00000       1.6370000       0.0000000       1.0000000
      0.00000       1.6380000       0.0000000       1.0000000
      0.00000       1.6390000       0.0000000       1.0000000
      0.00000       1.6400000       0.0000000       1.0000000
      0.00000       1.6410000       0.0000000       1.0000000
      0.00000       1.6420000       0.0000000       1.0000000
      0.00000       1.6430000       0.0000000       1.0000000
      0.00000       1.6440000       0.0000000       1.0000000
      0.00000       1.6450000       0.0000000       1.0000000
      0.00000       1.6460000       0.0000000       1.0000000
      0.00000       1.6470000       0.0000000       1.0000000
      0.00000       1.6480000       0.0000000       1.0000000
      0.00000       1.6490000       0.0000000       1.0000000
      0.00000       1.6500000       0.0000000       1.0000000
      0.00000       1.6510000       0.0000000       1.0000000
      0.00000       1.6520000       0.0000000       1.0000000
      0.00000       1.6530000       0.0000000       1.0000000
      0.00000       1.6540000       0.0000000       1.0000000
      0.00000       1.6550000       0.0000000       1.0000000
      0.00000       1.6560000       0.0000000       1.0000000
      0.00000       1.6570000       0.0000000       1.0000000
      0.00000       1.6580000       0.0000000       1.0000000
      0.00000       1.6590000       0.0000000       1.0000000
      0.00000       1.6600000       0.0000000       1.0000000
      0.00000       1.6610000       0.0000000       1.0000000
      0.00000       1.6620000       0.0000000       1.0000000
      0.00000       1.6630000       0.0000000       1.0000000
      0.00000       1.6640000       0.0000000       1.0000000
      0.00000       1.6650000       0.0000000       1.0000000
      0.00000       1.6660000       0.0000000       1.0000000
      0.00000       1.6670000       0.0000000       1.0000000
      0.00000       1.6680000       0.0000000       1.0000000
      0.00000       1.6690000       0.0000000       1.0000000
      0.00000       1.6700000       0.0000000       1.0000000
      0.00000       1.6710000       0.0000000       1.0000000
      0.00000       1.6720000       0.0000000       1.0000000
      0.00000       1.6730000       0.0000000       1.0000000
      0.00000       1.6740000       0.0000000       1.0000000
      0.00000       1.6750000       0.0000000       1.0000000
      0.00000       1.6760000       0.0000000       1.0000000
      0.00000       1.6770000       0.0000000       1.0000000
      0.00000       1.6780000       0.0000000       1.0000000
      0.00000       1.6790000       0.0000000       1.0000000
      0.00000       1.6800000       0.0000000       1.0000000
      0.00000       1.6810000       0.0000000       1.0000000
      0.00000       1.6820000       0.0000000       1.0000000
      0.00000       1.6830000       0.0000000       1.0000000
      0.00000       1.6840000       0.0000000       1.0000000
      0.00000       1.6850000       0.0000000       1.0000000
      0.00000       1.6860000       0.0000000       1.0000000
      0.00000       1.6870000       0.0000000       1.0000000
      0.00000       1.6880000       0.0000000       1.0000000
      0.00000       1.6890000       0.0000000       1.0000000
      0.00000       1.6900000       0.0000000       1.0000000
      0.00000       1.6910000       0.0000000       1.0000000
      0.00000       1.6920000       0.0000000       1.0000000
      0.00000       1.6930000       0.0000000       1.0000000
      0.00000       1.6940000       0.0000000       1.0000000
      0.00000       1.6950000       0.0000000       1.0000000
      0.00000       1.6960000       0.0000000       1.0000000
      0.00000       1.6970000       0.0000000       1.0000000
      0.00000       1.6980000       0.0000000       1.0000000
      0.00000       1.6990000       0.0000000       1.0000000
      0.00000       1.7000000       0.0000000       1.0000000
      0.00000       1.7010000       0.0000000       1.0000000
      0.00000       1.7020000       0.0000000       1.0000000
      0.00000       1.7030000       0.0000000       1.0000000
      0.00000       1.7040000       0.0000000       1.0000000
      0.00000       1.7050000       0.0000000       1.0000000
      0.00000       1.7060000       0.0000000       1.0000000
      0.00000       1.7070000       0.0000000       1.0000000
      0.00000       1.7080000       0.0000000       1.0000000
      0.00000       1.7090000       0.0000000       1.0000000
      0.00000       1.7100000       0.0000000       1.0000000
      0.00000       1.7110000       0.0000000       1.0000000
      0.00000       1.7120000       0.0000000       1.0000000
      0.00000       1.7130000       0.0000000       1.0000000
      0.00000       1.7140000       0.0000000       1.0000000
      0.00000       1.7150000       0.0000000       1.0000000
      0.00000       1.7160000       0.0000000       1.0000000
      0.00000       1.7170000       0.0000000       1.0000000
      0.00000       1.7180000       0.0000000       1.0000000
      0.00000       1.7190000       0.0000000       1.0000000
      0.00000       1.7200000       0.0000000       1.0000000
      0.00000       1.7210000       0.0000000       1.0000000
      0.00000       1.7220000       0.0000000       1.0000000
      0.00000       1.7230000       0.0000000       1.0000000
      0.00000       1.7240000       0.0000000       1.0000000
      0.00000       1.7250000       0.0000000       1.0000000
      0.00000       1.7260000       0.0000000       1.0000000
      0.00000       1.7270000       0.0000000       1.0000000
      0.00000       1.7280000       0.0000000       1.0000000
      0.00000       1.7290000       0.0000000       1.0000000
      0.00000       1.7300000       0.0000000       1.0000000
      0.00000       1.7310000       0.0000000       1.0000000
      0.00000       1.7320000       0.0000000       1.0000000
      0.00000       1.7330000       0.0000000       1.0000000
      0.00000       1.7340000       0.0000000       1.0000000
      0.00000       1.7350000       0.0000000       1.0000000
      0.00000       1.7360000       0.0000000       1.0000000
      0.00000       1.7370000       0.0000000       1.0000000
      0.00000       1.7380000       0.0000000       1.0000000
      0.00000       1.7390000       0.0000000       1.0000000
      0.00000       1.7400000       0.0000000       1.0000000
      0.00000       1.7410000       0.0000000       1.0000000
      0.00000       1.7420000       0.0000000       1.0000000
      0.00000       1.7430000       0.0000000       1.0000000
      0.00000       1.7440000       0.0000000       1.0000000
      0.00000       1.7450000       0.0000000       1.0000000
      0.00000       1.7460000       0.0000000       1.0000000
      0.00000       1.7470000       0.0000000       1.0000000
      0.00000       1.7480000       0.0000000       1.0000000
      0.00000       1.7490000       0.0000000       1.0000000
      0.00000       1.7500000       0.0000000       1.0000000
      0.00000       1.7510000       0.0000000       1.0000000
      0.00000       1.7520000       0.0000000       1.0000000
      0.00000       1.7530000       0.0000000       1.0000000
      0.00000       1.7540000       0.0000000       1.0000000
      0.00000       1.7550000       0.0000000       1.0000000
      0.00000       1.7560000       0.0000000       1.0000000
      0.00000       1.7570000       0.0000000       1.0000000
      0.00000       1.7580000       0.0000000       1.0000000
      0.00000       1.7590000       0.0000000       1.0000000
      0.00000       1.7600000       0.0000000       1.0000000
      0.00000       1.7610000       0.0000000       1.0000000
      0.00000       1.7620000       0.0000000       1.0000000
      0.00000       1.7630000       0.0000000       1.0000000
      0.00000       1.7640000       0.0000000       1.0000000
      0.00000       1.7650000       0.0000000       1.0000000
      0.00000       1.7660000       0.0000000       1.0000000
      0.00000       1.7670000       0.0000000       1.0000000
      0.00000       1.7680000       0.0000000       1.0000000
      0.00000       1.7690000       0.0000000       1.0000000
      0.00000       1.7700000       0.0000000       1.0000000
      0.00000       1.7710000       0.0000000       1.0000000
      0.00000       1.7720000       0.0000000       1.0000000
      0.00000       1.7730000       0.0000000       1.0000000
      0.00000       1.7740000       0.0000000       1.0000000
      0.00000       1.7750000       0.0000000       1.0000000
      0.00000       1.7760000       0.0000000       1.0000000
      0.00000       1.7770000       0.0000000       1.0000000
      0.00000       1.7780000       0.0000000       1.0000000
      0.00000       1.7790000       0.0000000       1.0000000
      0.00000       1.7800000       0.0000000       1.0000000
      0.00000       1.7810000       0.0000000       1.0000000
      0.00000       1.7820000       0.0000000       1.0000000
      0.00000       1.7830000       0.0000000       1.0000000
      0.00000       1.7840000       0.0000000       1.0000000
      0.00000       1.7850000       0.0000000       1.0000000
      0.00000       1.7860000       0.0000000       1.0000000
      0.00000       1.7870000       0.0000000       1.0000000
      0.00000       1.7880000       0.0000000       1.0000000
      0.00000       1.7890000       0.0000000       1.0000000
      0.00000       1.7900000       0.0000000       1.0000000
      0.00000       1.7910000       0.0000000       1.0000000
      0.00000       1.7920000       0.0000000       1.0000000
      0.00000       1.7930000   6.5549860e-06      0.99999345
      0.00000       1.7940000   6.5549841e-06      0.99999345
      0.00000       1.7950000   6.5549820e-06      0.99999345
      0.00000       1.7960000   6.5549797e-06      0.99999345
      0.00000       1.7970000   6.5549772e-06      0.99999345
      0.00000       1.7980000   6.5549745e-06      0.99999345
      0.00000       1.7990000   6.5549715e-06      0.99999345
      0.00000       1.8000000   6.5549683e-06      0.99999345
      0.00000       1.8010000   6.5549649e-06      0.99999345
      0.00000       1.8020000   6.5549611e-06      0.99999345
      0.00000       1.8030000   6.5549570e-06      0.99999345
      0.00000       1.8040000   6.5549525e-06      0.99999345
      0.00000       1.8050000   6.5549477e-06      0.99999345
      0.00000       1.8060000   1.3109885e-05      0.99998689
      0.00000       1.8070000   1.3109873e-05      0.99998689
      0.00000       1.8080000   1.3109861e-05      0.99998689
      0.00000       1.8090000   1.3109848e-05      0.99998689
      0.00000       1.8100000   1.3109833e-05      0.99998689
      0.00000       1.8110000   1.3109817e-05      0.99998689
      0.00000       1.8120000   1.9664700e-05      0.99998034
      0.00000       1.8130000   1.9664672e-05      0.99998034
      0.00000       1.8140000   1.9664641e-05      0.99998034
      0.00000       1.8150000   1.9664608e-05      0.99998034
      0.00000       1.8160000   2.6219430e-05      0.99997378
      0.00000       1.8170000   2.6219378e-05      0.99997378
      0.00000       1.8180000   2.6219321e-05      0.99997378
      0.00000       1.8190000   2.6219260e-05      0.99997378
      0.00000       1.8200000   3.2773992e-05      0.99996723
      0.00000       1.8210000   3.2773902e-05      0.99996723
      0.00000       1.8220000   3.9328565e-05      0.99996067
      0.00000       1.8230000   3.9328438e-05      0.99996067
      0.00000       1.8240000   4.5883016e-05      0.99995412
      0.00000       1.8250000   4.5882841e-05      0.99995412
      0.00000       1.8260000   5.2437315e-05      0.99994756
      0.00000       1.8270000   5.8991715e-05      0.99994101
      0.00000       1.8280000   5.8991427e-05      0.99994101
      0.00000       1.8290000   6.5545684e-05      0.99993445
      0.00000       1.8300000   7.2099839e-05      0.99992790
      0.00000       1.8310000   7.8653880e-05      0.99992135
      0.00000       1.8320000   8.5207795e-05      0.99991479
      0.00000       1.8330000   9.1761570e-05      0.99990824
      0.00000       1.8340000   9.8315187e-05      0.99990168
      0.00000       1.8350000   0.00011142292      0.99988858
      0.00000       1.8360000   0.00011797611      0.99988202
      0.00000       1.8370000   0.00013108323      0.99986892
      0.00000       1.8380000   0.00013763588      0.99986236
      0.00000       1.8390000   0.00015074227      0.99984926
      0.00000       1.8400000   0.00016384817      0.99983615
      0.00000       1.8410000   0.00017695355      0.99982305
      0.00000       1.8420000   0.00019661207      0.99980339
      0.00000       1.8430000   0.00020971609      0.99979028
      0.00000       1.8440000   0.00022937287      0.99977063
      0.00000       1.8450000   0.00024902859      0.99975097
      0.00000       1.8460000   0.00026868310      0.99973132
      0.00000       1.8470000   0.00028833628      0.99971166
      0.00000       1.8480000   0.00031454091      0.99968546
      0.00000       1.8490000   0.00034074355      0.99965926
      0.00000       1.8500000   0.00037349653      0.99962650
      0.00000       1.8510000   0.00040624663      0.99959375
      0.00000       1.8520000   0.00043899351      0.99956101
      0.00000       1.8530000   0.00047173682      0.99952826
      0.00000       1.8540000   0.00051102780      0.99948897
      0.00000       1.8550000   0.00055686515      0.99944313
      0.00000       1.8560000   0.00060269635      0.99939730
      0.00000       1.8570000   0.00065507142      0.99934493
      0.00000       1.8580000   0.00070743815      0.99929256
      0.00000       1.8590000   0.00077289555      0.99922710
      0.00000       1.8600000   0.00083179142      0.99916821
      0.00000       1.8610000   0.00090377302      0.99909623
      0.00000       1.8620000   0.00098228743      0.99901771
      0.00000       1.8630000    0.0010607832      0.99893922
      0.00000       1.8640000    0.0011523532      0.99884765
      0.00000       1.8650000    0.0012504445      0.99874956
      0.00000       1.8660000    0.0013550523      0.99864495
      0.00000       1.8670000    0.0014661709      0.99853383
      0.00000       1.8680000    0.0015903387      0.99840966
      0.00000       1.8690000    0.0017210025      0.99827900
      0.00000       1.8700000    0.0018646968      0.99813530
      0.00000       1.8710000    0.0020214094      0.99797859
      0.00000       1.8720000    0.0021845859      0.99781541
      0.00000       1.8730000    0.0023672932      0.99763271
      0.00000       1.8740000    0.0025629717      0.99743703
      0.00000       1.8750000    0.0027781384      0.99722186
      0.00000       1.8760000    0.0030062308      0.99699377
      0.00000       1.8770000    0.0032602905      0.99673971
      0.00000       1.8780000    0.0035272141      0.99647279
      0.00000       1.8790000    0.0038200281      0.99617997
      0.00000       1.8800000    0.0041386825      0.99586132
      0.00000       1.8810000    0.0044765951      0.99552340
      0.00000       1.8820000    0.0048467555      0.99515324
      0.00000       1.8830000    0.0052490844      0.99475092
      0.00000       1.8840000    0.0056834917      0.99431651
      0.00000       1.8850000    0.0061498760      0.99385012
      0.00000       1.8860000    0.0066546340      0.99334537
      0.00000       1.8870000    0.0072041338      0.99279587
      0.00000       1.8880000    0.0077917020      0.99220830
      0.00000       1.8890000    0.0084301595      0.99156984
      0.00000       1.8900000    0.0091192784      0.99088072
      0.00000       1.8910000    0.0098652918      0.99013471
      0.00000       1.8920000     0.010674379      0.98932562
      0.00000       1.8930000     0.011546179      0.98845382
      0.00000       1.8940000     0.012486758      0.98751324
      0.00000       1.8950000     0.013495638      0.98650436
      0.00000       1.8960000     0.014591661      0.98540834
      0.00000       1.8970000     0.015774152      0.98422585
      0.00000       1.8980000     0.017048797      0.98295120
      0.00000       1.8990000     0.018427589      0.98157241
      0.00000       1.9000000     0.019909482      0.98009052
      0.00000       1.9010000     0.021512547      0.97848745
      0.00000       1.9020000     0.023235370      0.97676463
      0.00000       1.9030000     0.025095534      0.97490447
      0.00000       1.9040000     0.027097524      0.97290248
      0.00000       1.9050000     0.029251903      0.97074810
      0.00000       1.9060000     0.031575204      0.96842480
      0.00000       1.9070000     0.034070808      0.96592919
      0.00000       1.9080000     0.036754308      0.96324569
      0.00000       1.9090000     0.039640685      0.96035932
      0.00000       1.9100000     0.042744230      0.95725577
      0.00000       1.9110000     0.046072206      0.95392779
      0.00000       1.9120000     0.049643561      0.95035644
      0.00000       1.9130000     0.053482391      0.94651761
      0.00000       1.9140000     0.057586786      0.94241321
      0.00000       1.9150000     0.061990742      0.93800926
      0.00000       1.9160000     0.066701971      0.93329803
      0.00000       1.9170000     0.071744933      0.92825507
      0.00000       1.9180000     0.077135965      0.92286403
      0.00000       1.9190000     0.082883247      0.91711675
      0.00000       1.9200000     0.089022623      0.91097738
      0.00000       1.9210000     0.095562976      0.90443702
      0.00000       1.9220000      0.10252800      0.89747200
      0.00000       1.9230000      0.10993187      0.89006813
      0.00000       1.9240000      0.11779658      0.88220342
      0.00000       1.9250000      0.12614532      0.87385468
      0.00000       1.9260000      0.13498485      0.86501515
      0.00000       1.9270000      0.14433379      0.85566621
      0.00000       1.9280000      0.15421576      0.84578424
      0.00000       1.9290000      0.16463646      0.83536354
      0.00000       1.9300000      0.17560555      0.82439445
      0.00000       1.9310000      0.18714095      0.81285905
      0.00000       1.9320000      0.19924103      0.80075897
      0.00000       1.9330000      0.21191610      0.78808390
      0.00000       1.9340000      0.22516105      0.77483895
      0.00000       1.9350000      0.23897549      0.76102451
      0.00000       1.9360000      0.25335732      0.74664268
      0.00000       1.9370000      0.26828728      0.73171272
      0.00000       1.9380000      0.28375296      0.71624704
      0.00000       1.9390000      0.29974224      0.70025776
      0.00000       1.9400000      0.31621961      0.68378039
      0.00000       1.9410000      0.33316694      0.66683306
      0.00000       1.9420000      0.35054614      0.64945386
      0.00000       1.9430000      0.36832524      0.63167476
      0.00000       1.9440000      0.38645636      0.61354364
      0.00000       1.9450000      0.40490019      0.59509981
      0.00000       1.9460000      0.42360482      0.57639518
      0.00000       1.9470000      0.44252131      0.55747869
      0.00000       1.9480000      0.46159876      0.53840124
      0.00000       1.9490000      0.48077700      0.51922300
      0.00000       1.9500000      0.50000384      0.49999616
      0.00000       1.9510000      0.51922047      0.48077953
      0.00000       1.9520000      0.53837114      0.46162886
      0.00000       1.9530000      0.55739926      0.44260074
      0.00000       1.9540000      0.57624994      0.42375006
      0.00000       1.9550000      0.59487201      0.40512799
      0.00000       1.9560000      0.61321696      0.38678304
      0.00000       1.9570000      0.63123568      0.36876432
      0.00000       1.9580000      0.64888758      0.35111242
      0.00000       1.9590000      0.66613192      0.33386808
      0.00000       1.9600000      0.68293589      0.31706411
      0.00000       1.9610000      0.69926657      0.30073343
      0.00000       1.9620000      0.71509995      0.28490005
      0.00000       1.9630000      0.73041308      0.26958692
      0.00000       1.9640000      0.74519004      0.25480996
      0.00000       1.9650000      0.75941483      0.24058517
      0.00000       1.9660000      0.77308125      0.22691875
      0.00000       1.9670000      0.78618397      0.21381603
      0.00000       1.9680000      0.79872136      0.20127864
      0.00000       1.9690000      0.81069359      0.18930641
      0.00000       1.9700000      0.82210695      0.17789305
      0.00000       1.9710000      0.83296883      0.16703117
      0.00000       1.9720000      0.84328821      0.15671179
      0.00000       1.9730000      0.85307869      0.14692131
      0.00000       1.9740000      0.86235212      0.13764788
      0.00000       1.9750000      0.87112439      0.12887561
      0.00000       1.9760000      0.87941268      0.12058732
      0.00000       1.9770000      0.88723190      0.11276810
      0.00000       1.9780000      0.89460198      0.10539802
      0.00000       1.9790000      0.90154009     0.098459908
      0.00000       1.9800000      0.90806568     0.091934323
      0.00000       1.9810000      0.91419675     0.085803248
      0.00000       1.9820000      0.91995266     0.080047338
      0.00000       1.9830000      0.92535075     0.074649249
      0.00000       1.9840000      0.93041052     0.069589480
      0.00000       1.9850000      0.93514841     0.064851593
      0.00000       1.9860000      0.93958311     0.060416894
      0.00000       1.9870000      0.94373062     0.056269380
      0.00000       1.9880000      0.94760756     0.052392441
      0.00000       1.9890000      0.95122957     0.048770435
      0.00000       1.9900000      0.95461138     0.045388625
      0.00000       1.9910000      0.95776758     0.042232423
      0.00000       1.9920000      0.96071218     0.039287820
      0.00000       1.9930000      0.96345796     0.036542044
      0.00000       1.9940000      0.96601750     0.033982502
      0.00000       1.9950000      0.96840230     0.031597701
      0.00000       1.9960000      0.97062399     0.029376011
      0.00000       1.9970000      0.97269300     0.027306996
      0.00000       1.9980000      0.97461913     0.025380868
      0.00000       1.9990000      0.97641191     0.023588086
      0.00000       2.0000000      0.97808018     0.021919815
      0.00000       2.0010000      0.97963220     0.020367798
      0.00000       2.0020000      0.98107574     0.018924260
      0.00000       2.0030000      0.98241838     0.017581621
      0.00000       2.0040000      0.98366669     0.016333309
      0.00000       2.0050000      0.98482724     0.015172762
      0.00000       2.0060000      0.98590613     0.014093872
      0.00000       2.0070000      0.98690880     0.013091197
      0.00000       2.0080000      0.98784067     0.012159331
      0.00000       2.0090000      0.98870662     0.011293378
      0.00000       2.0100000      0.98951126     0.010488737
      0.00000       2.0110000      0.99025878    0.0097412231
      0.00000       2.0120000      0.99095329    0.0090467133
      0.00000       2.0130000      0.99159839    0.0084016065
      0.00000       2.0140000      0.99219765    0.0078023500
      0.00000       2.0150000      0.99275431    0.0072456940
      0.00000       2.0160000      0.99327129    0.0067287052
      0.00000       2.0170000      0.99375148    0.0062485174
      0.00000       2.0180000      0.99419743    0.0058025653
      0.00000       2.0190000      0.99461158    0.0053884214
      0.00000       2.0200000      0.99499619    0.0050038119
      0.00000       2.0210000      0.99535338    0.0046466239
      0.00000       2.0220000      0.99568507    0.0043149280
      0.00000       2.0230000      0.99599309    0.0040069117
      0.00000       2.0240000      0.99627914    0.0037208566
      0.00000       2.0250000      0.99654478    0.0034552216
      0.00000       2.0260000      0.99679143    0.0032085670
      0.00000       2.0270000      0.99702050    0.0029794961
      0.00000       2.0280000      0.99723321    0.0027667937
      0.00000       2.0290000      0.99743074    0.0025692620
      0.00000       2.0300000      0.99761418    0.0023858244
      0.00000       2.0310000      0.99778451    0.0022154859
      0.00000       2.0320000      0.99794271    0.0020572892
      0.00000       2.0330000      0.99808961    0.0019103919
      0.00000       2.0340000      0.99822604    0.0017739598
      0.00000       2.0350000      0.99835273    0.0016472667
      0.00000       2.0360000      0.99847041    0.0015295930
      0.00000       2.0370000      0.99857968    0.0014203161
      0.00000       2.0380000      0.99868118    0.0013188153
      0.00000       2.0390000      0.99877544    0.0012245560
      0.00000       2.0400000      0.99886300    0.0011370039
      0.00000       2.0410000      0.99894432    0.0010556829
      0.00000       2.0420000      0.99901985   0.00098015007
      0.00000       2.0430000      0.99909001   0.00090999327
      0.00000       2.0440000      0.99915517   0.00084483125
      0.00000       2.0450000      0.99921570   0.00078429649
      0.00000       2.0460000      0.99927193   0.00072806780
      0.00000       2.0470000      0.99932417   0.00067582928
      0.00000       2.0480000      0.99937270   0.00062730310
      0.00000       2.0490000      0.99941778   0.00058222424
      0.00000       2.0500000      0.99945965   0.00054034613
      0.00000       2.0510000      0.99949857   0.00050143498
      0.00000       2.0520000      0.99953471   0.00046528557
      0.00000       2.0530000      0.99956830   0.00043170092
      0.00000       2.0540000      0.99959951   0.00040049444
      0.00000       2.0550000      0.99962850   0.00037149799
      0.00000       2.0560000      0.99965544   0.00034455671
      0.00000       2.0570000      0.99968048   0.00031952275
      0.00000       2.0580000      0.99970374   0.00029626231
      0.00000       2.0590000      0.99972535   0.00027464645
      0.00000       2.0600000      0.99974544   0.00025455778
      0.00000       2.0610000      0.99976411   0.00023589071
      0.00000       2.0620000      0.99978146   0.00021854310
      0.00000       2.0630000      0.99979758   0.00020242183
      0.00000       2.0640000      0.99981256   0.00018743887
      0.00000       2.0650000      0.99982648   0.00017351529
      0.00000       2.0660000      0.99983943   0.00016057420
      0.00000       2.0670000      0.99985145   0.00014854770
      0.00000       2.0680000      0.99986263   0.00013736976
      0.00000       2.0690000      0.99987302   0.00012698043
      0.00000       2.0700000      0.99988267   0.00011732539
      0.00000       2.0710000      0.99989165   0.00010835200
      0.00000       2.0720000      0.99989999   0.00010001219
      0.00000       2.0730000      0.99990774   9.2261598e-05
      0.00000       2.0740000      0.99991494   8.5058315e-05
      0.00000       2.0750000      0.99992164   7.8364600e-05
      0.00000       2.0760000      0.99992786   7.2144198e-05
      0.00000       2.0770000      0.99993364   6.6364431e-05
      0.00000       2.0780000      0.99993901   6.0994479e-05
      0.00000       2.0790000      0.99994399   5.6005367e-05
      0.00000       2.0800000      0.99994863   5.1370729e-05
      0.00000       2.0810000      0.99995293   4.7066305e-05
      0.00000       2.0820000      0.99995693   4.3068656e-05
      0.00000       2.0830000      0.99996064   3.9357094e-05
      0.00000       2.0840000      0.99996409   3.5911761e-05
      0.00000       2.0850000      0.99996729   3.2714373e-05
      0.00000       2.0860000      0.99997025   2.9747977e-05
      0.00000       2.0870000      0.99997300   2.6997461e-05
      0.00000       2.0880000      0.99997555   2.4447438e-05
      0.00000       2.0890000      0.99997791   2.2085107e-05
      0.00000       2.0900000      0.99998010   1.9897839e-05
      0.00000       2.0910000      0.99998213   1.7874072e-05
      0.00000       2.0920000      0.99998400   1.6003117e-05
      0.00000       2.0930000      0.99998572   1.4275336e-05
      0.00000       2.0940000      0.99998732   1.2681419e-05
      0.00000       2.0950000      0.99998879   1.1212972e-05
      0.00000       2.0960000      0.99999014   9.8625786e-06
      0.00000       2.0970000      0.99999138   8.6229489e-06
      0.00000       2.0980000      0.99999251   7.4875700e-06
      0.00000       2.0990000      0.99999355   6.4505077e-06
      0.00000       2.1000000      0.99999449   5.5063934e-06
      0.00000       2.1010000      0.99999535   4.6501895e-06
      0.00000       2.1020000      0.99999612   3.8774973e-06
      0.00000       2.1030000      0.99999682   3.1841606e-06
      0.00000       2.1040000      0.99999743   2.5666418e-06
      0.00000       2.1050000      0.99999798   2.0215464e-06
      0.00000       2.1060000      0.99999845   1.5462054e-06
      0.00000       2.1070000      0.99999886   1.1379723e-06
      0.00000       2.1080000      0.99999921   7.9465821e-07
      0.00000       2.1090000      0.99999949   5.1456260e-07
      0.00000       2.1100000      0.99999970   2.9606218e-07
      0.00000       2.1110000      0.99999986   1.3799740e-07
      0.00000       2.1120000      0.99999996   3.9520622e-08
      0.00000       2.1130000       1.0000000       0.0000000
      0.00000       2.1140000      0.99999998   1.9160721e-08
      0.00000       2.1150000      0.99999990   9.7040699e-08
      0.00000       2.1160000      0.99999977   2.3395835e-07
      0.00000       2.1170000      0.99999957   4.3046897e-07
      0.00000       2.1180000      0.99999931   6.8752015e-07
      0.00000       2.1190000      0.99999899   1.0062951e-06
      0.00000       2.1200000      0.99999861   1.3882935e-06
      0.00000       2.1210000      0.99999816   1.8353717e-06
      0.00000       2.1220000      0.99999765   2.3496319e-06
      0.00000       2.1230000      0.99999707   2.9335664e-06
      0.00000       2.1240000      0.99999641   3.5900143e-06
      0.00000       2.1250000      0.99999568   4.3221210e-06
      0.00000       2.1260000      0.99999487   5.1334271e-06
      0.00000       2.1270000      0.99999397   6.0278750e-06
      0.00000       2.1280000      0.99999299   7.0097880e-06
      0.00000       2.1290000      0.99999192   8.0839267e-06
      0.00000       2.1300000      0.99999074   9.2554851e-06
      0.00000       2.1310000      0.99998947   1.0530147e-05
      0.00000       2.1320000      0.99998809   1.1914069e-05
      0.00000       2.1330000      0.99998659   1.3413954e-05
      0.00000       2.1340000      0.99998496   1.5037062e-05
      0.00000       2.1350000      0.99998321   1.6791221e-05
      0.00000       2.1360000      0.99998132   1.8684930e-05
      0.00000       2.1370000      0.99997927   2.0727314e-05
      0.00000       2.1380000      0.99997707   2.2928234e-05
      0.00000       2.1390000      0.99997470   2.5298293e-05
      0.00000       2.1400000      0.99997215   2.7848915e-05
      0.00000       2.1410000      0.99996941   3.0592375e-05
      0.00000       2.1420000      0.99996646   3.3541863e-05
      0.00000       2.1430000      0.99996329   3.6711564e-05
      0.00000       2.1440000      0.99995988   4.0116683e-05
      0.00000       2.1450000      0.99995623   4.3773564e-05
      0.00000       2.1460000      0.99995230   4.7699732e-05
      0.00000       2.1470000      0.99994809   5.1913986e-05
      0.00000       2.1480000      0.99994356   5.6436490e-05
      0.00000       2.1490000      0.99993871   6.1288864e-05
      0.00000       2.1500000      0.99993351   6.6494280e-05
      0.00000       2.1510000      0.99992792   7.2077572e-05
      0.00000       2.1520000      0.99992193   7.8065355e-05
      0.00000       2.1530000      0.99991551   8.4486148e-05
      0.00000       2.1540000      0.99990863   9.1370495e-05
      0.00000       2.1550000      0.99990125   9.8751127e-05
      0.00000       2.1560000      0.99989334   0.00010666309
      0.00000       2.1570000      0.99988486   0.00011514391
      0.00000       2.1580000      0.99987577   0.00012423380
      0.00000       2.1590000      0.99986602   0.00013397579
      0.00000       2.1600000      0.99985558   0.00014441597
      0.00000       2.1610000      0.99984440   0.00015560368
      0.00000       2.1620000      0.99983241   0.00016759173
      0.00000       2.1630000      0.99981956   0.00018043668
      0.00000       2.1640000      0.99980580   0.00019419903
      0.00000       2.1650000      0.99979106   0.00020894358
      0.00000       2.1660000      0.99977526   0.00022473966
      0.00000       2.1670000      0.99975834   0.00024166146
      0.00000       2.1680000      0.99974021   0.00025978841
      0.00000       2.1690000      0.99972079   0.00027920549
      0.00000       2.1700000      0.99970000   0.00030000362
      0.00000       2.1710000      0.99967772   0.00032228010
      0.00000       2.1720000      0.99965386   0.00034613905
      0.00000       2.1730000      0.99962831   0.00037169185
      0.00000       2.1740000      0.99960094   0.00039905765
      0.00000       2.1750000      0.99957164   0.00042836395
      0.00000       2.1760000      0.99954025   0.00045974710
      0.00000       2.1770000      0.99950665   0.00049335299
      0.00000       2.1780000      0.99947066   0.00052933765
      0.00000       2.1790000      0.99943213   0.00056786797
      0.00000       2.1800000      0.99939088   0.00060912243
      0.00000       2.1810000      0.99934671   0.00065329192
      0.00000       2.1820000      0.99929942   0.00070058057
      0.00000       2.1830000      0.99924879   0.00075120668
      0.00000       2.1840000      0.99919460   0.00080540365
      0.00000       2.1850000      0.99913658   0.00086342105
      0.00000       2.1860000      0.99907447   0.00092552570
      0.00000       2.1870000      0.99900800   0.00099200285
      0.00000       2.1880000      0.99893684    0.0010631574
      0.00000       2.1890000      0.99886068    0.0011393154
      0.00000       2.1900000      0.99877917    0.0012208252
      0.00000       2.1910000      0.99869194    0.0013080591
      0.00000       2.1920000      0.99859858    0.0014014152
      0.00000       2.1930000      0.99849868    0.0015013186
      0.00000       2.1940000      0.99839178    0.0016082237
      0.00000       2.1950000      0.99827738    0.0017226160
      0.00000       2.1960000      0.99815499    0.0018450143
      0.00000       2.1970000      0.99802403    0.0019759724
      0.00000       2.1980000      0.99788392    0.0021160823
      0.00000       2.1990000      0.99773402    0.0022659760
      0.00000       2.2000000      0.99757367    0.0024263284
      0.00000       2.2010000      0.99740214    0.0025978603
      0.00000       2.2020000      0.99721866    0.0027813412
      0.00000       2.2030000      0.99702241    0.0029775924
      0.00000       2.2040000      0.99681251    0.0031874908
      0.00000       2.2050000      0.99658803    0.0034119722
      0.00000       2.2060000      0.99634797    0.0036520349
      0.00000       2.2070000      0.99609126    0.0039087444
      0.00000       2.2080000      0.99581676    0.0041832370
      0.00000       2.2090000      0.99552328    0.0044767247
      0.00000       2.2100000      0.99520950    0.0047905000
      0.00000       2.2110000      0.99487406    0.0051259409
      0.00000       2.2120000      0.99451548    0.0054845161
      0.00000       2.2130000      0.99413221    0.0058677910
      0.00000       2.2140000      0.99372257    0.0062774332
      0.00000       2.2150000      0.99328478    0.0067152192
      0.00000       2.2160000      0.99281696    0.0071830409
      0.00000       2.2170000      0.99231709    0.0076829121
      0.00000       2.2180000      0.99178302    0.0082169765
      0.00000       2.2190000      0.99121249    0.0087875148
      0.00000       2.2200000      0.99060305    0.0093969527
      0.00000       2.2210000      0.98995213     0.010047869
      0.00000       2.2220000      0.98925699     0.010743006
      0.00000       2.2230000      0.98851472     0.011485276
      0.00000       2.2240000      0.98772223     0.012277770
      0.00000       2.2250000      0.98687623     0.013123774
      0.00000       2.2260000      0.98597323     0.014026769
      0.00000       2.2270000      0.98500955     0.014990450
      0.00000       2.2280000      0.98398127     0.016018731
      0.00000       2.2290000      0.98288424     0.017115758
      0.00000       2.2300000      0.98171408     0.018285922
      0.00000       2.2310000      0.98046614     0.019533864
      0.00000       2.2320000      0.97913551     0.020864494
      0.00000       2.2330000      0.97771700     0.022282995
      0.00000       2.2340000      0.97620516     0.023794838
      0.00000       2.2350000      0.97459421     0.025405793
      0.00000       2.2360000      0.97287806     0.027121936
      0.00000       2.2370000      0.97105034     0.028949663
      0.00000       2.2380000      0.96910430     0.030895697
      0.00000       2.2390000      0.96703290     0.032967097
      0.00000       2.2400000      0.96482873     0.035171266
      0.00000       2.2410000      0.96248404     0.037515956
      0.00000       2.2420000      0.95999073     0.040009274
      0.00000       2.2430000      0.95734032     0.042659684
      0.00000       2.2440000      0.95452399     0.045476006
      0.00000       2.2450000      0.95153258     0.048467420
      0.00000       2.2460000      0.94835655     0.051643455
      0.00000       2.2470000      0.94498602     0.055013984
      0.00000       2.2480000      0.94141079     0.058589212
      0.00000       2.2490000      0.93762034     0.062379664
      0.00000       2.2500000      0.93360384     0.066396157
      0.00000       2.2510000      0.92935022     0.070649784
      0.00000       2.2520000      0.92484813     0.075151874
      0.00000       2.2530000      0.92008604     0.079913964
      0.00000       2.2540000      0.91505225     0.084947749
      0.00000       2.2550000      0.90973497     0.090265034
      0.00000       2.2560000      0.90412232     0.095877676
      0.00000       2.2570000      0.89820248      0.10179752
      0.00000       2.2580000      0.89196369      0.10803631
      0.00000       2.2590000      0.88539435      0.11460565
      0.00000       2.2600000      0.87848317      0.12151683
      0.00000       2.2610000      0.87121916      0.12878084
      0.00000       2.2620000      0.86359186      0.13640814
      0.00000       2.2630000      0.85559135      0.14440865
      0.00000       2.2640000      0.84720846      0.15279154
      0.00000       2.2650000      0.83843484      0.16156516
      0.00000       2.2660000      0.82926313      0.17073687
      0.00000       2.2670000      0.81968709      0.18031291
      0.00000       2.2680000      0.80970176      0.19029824
      0.00000       2.2690000      0.79930356      0.20069644
      0.00000       2.2700000      0.78849050      0.21150950
      0.00000       2.2710000      0.77726228      0.22273772
      0.00000       2.2720000      0.76562044      0.23437956
      0.00000       2.2730000      0.75356846      0.24643154
      0.00000       2.2740000      0.74111192      0.25888808
      0.00000       2.2750000      0.72825856      0.27174144
      0.00000       2.2760000      0.71501838      0.28498162
      0.00000       2.2770000      0.70140369      0.29859631
      0.00000       2.2780000      0.68742915      0.31257085
      0.00000       2.2790000      0.67311180      0.32688820
      0.00000       2.2800000      0.65847098      0.34152902
      0.00000       2.2810000      0.64352833      0.35647167
      0.00000       2.2820000      0.62830772      0.37169228
      0.00000       2.2830000      0.61283507      0.38716493
      0.00000       2.2840000      0.59713826      0.40286174
      0.00000       2.2850000      0.58124694      0.41875306
      0.00000       2.2860000      0.56519229      0.43480771
      0.00000       2.2870000      0.54900683      0.45099317
      0.00000       2.2880000      0.53272416      0.46727584
      0.00000       2.2890000      0.51637865      0.48362135
      0.00000       2.2900000      0.50000520      0.49999480
      0.00000       2.2910000      0.48363888      0.51636112
      0.00000       2.2920000      0.46731472      0.53268528
      0.00000       2.2930000      0.45106731      0.54893269
      0.00000       2.2940000      0.43493060      0.56506940
      0.00000       2.2950000      0.41893755      0.58106245
      0.00000       2.2960000      0.40311992      0.59688008
      0.00000       2.2970000      0.38750799      0.61249201
      0.00000       2.2980000      0.37213038      0.62786962
      0.00000       2.2990000      0.35701385      0.64298615
      0.00000       2.3000000      0.34218311      0.65781689
      0.00000       2.3010000      0.32766076      0.67233924
      0.00000       2.3020000      0.31346716      0.68653284
      0.00000       2.3030000      0.29962035      0.70037965
      0.00000       2.3040000      0.28613605      0.71386395
      0.00000       2.3050000      0.27302766      0.72697234
      0.00000       2.3060000      0.26030625      0.73969375
      0.00000       2.3070000      0.24798066      0.75201934
      0.00000       2.3080000      0.23605753      0.76394247
      0.00000       2.3090000      0.22454142      0.77545858
      0.00000       2.3100000      0.21343488      0.78656512
      0.00000       2.3110000      0.20273863      0.79726137
      0.00000       2.3120000      0.19245164      0.80754836
      0.00000       2.3130000      0.18257127      0.81742873
      0.00000       2.3140000      0.17309345      0.82690655
      0.00000       2.3150000      0.16401277      0.83598723
      0.00000       2.3160000      0.15532267      0.84467733
      0.00000       2.3170000      0.14701554      0.85298446
      0.00000       2.3180000      0.13908290      0.86091710
      0.00000       2.3190000      0.13151548      0.86848452
      0.00000       2.3200000      0.12430339      0.87569661
      0.00000       2.3210000      0.11743621      0.88256379
      0.00000       2.3220000      0.11090311      0.88909689
      0.00000       2.3230000      0.10469295      0.89530705
      0.00000       2.3240000     0.098794374      0.90120563
      0.00000       2.3250000     0.093195886      0.90680411
      0.00000       2.3260000     0.087885940      0.91211406
      0.00000       2.3270000     0.082852999      0.91714700
      0.00000       2.3280000     0.078085600      0.92191440
      0.00000       2.3290000     0.073572401      0.92642760
      0.00000       2.3300000     0.069302231      0.93069777
      0.00000       2.3310000     0.065264130      0.93473587
      0.00000       2.3320000     0.061447379      0.93855262
      0.00000       2.3330000     0.057841530      0.94215847
      0.00000       2.3340000     0.054436424      0.94556358
      0.00000       2.3350000     0.051222216      0.94877778
      0.00000       2.3360000     0.048189382      0.95181062
      0.00000       2.3370000     0.045328730      0.95467127
      0.00000       2.3380000     0.042631410      0.95736859
      0.00000       2.3390000     0.040088912      0.95991109
      0.00000       2.3400000     0.037693071      0.96230693
      0.00000       2.3410000     0.035436064      0.96456394
      0.00000       2.3420000     0.033310406      0.96668959
      0.00000       2.3430000     0.031308949      0.96869105
      0.00000       2.3440000     0.029424869      0.97057513
      0.00000       2.3450000     0.027651665      0.97234834
      0.00000       2.3460000     0.025983148      0.97401685
      0.00000       2.3470000     0.024413431      0.97558657
      0.00000       2.3480000     0.022936923      0.97706308
      0.00000       2.3490000     0.021548314      0.97845169
      0.00000       2.3500000     0.020242570      0.97975743
      0.00000       2.3510000     0.019014918      0.98098508
      0.00000       2.3520000     0.017860838      0.98213916
      0.00000       2.3530000     0.016776053      0.98322395
      0.00000       2.3540000     0.015756515      0.98424348
      0.00000       2.3550000     0.014798401      0.98520160
      0.00000       2.3560000     0.013898095      0.98610191
      0.00000       2.3570000     0.013052184      0.98694782
      0.00000       2.3580000     0.012257447      0.98774255
      0.00000       2.3590000     0.011510844      0.98848916
      0.00000       2.3600000     0.010809506      0.98919049
      0.00000       2.3610000     0.010150732      0.98984927
      0.00000       2.3620000    0.0095319738      0.99046803
      0.00000       2.3630000    0.0089508303      0.99104917
      0.00000       2.3640000    0.0084050411      0.99159496
      0.00000       2.3650000    0.0078924773      0.99210752
      0.00000       2.3660000    0.0074111348      0.99258887
      0.00000       2.3670000    0.0069591275      0.99304087
      0.00000       2.3680000    0.0065346805      0.99346532
      0.00000       2.3690000    0.0061361243      0.99386388
      0.00000       2.3700000    0.0057618886      0.99423811
      0.00000       2.3710000    0.0054104965      0.99458950
      0.00000       2.3720000    0.0050805597      0.99491944
      0.00000       2.3730000    0.0047707728      0.99522923
      0.00000       2.3740000    0.0044799089      0.99552009
      0.00000       2.3750000    0.0042068149      0.99579319
      0.00000       2.3760000    0.0039504071      0.99604959
      0.00000       2.3770000    0.0037096676      0.99629033
      0.00000       2.3780000    0.0034836397      0.99651636
      0.00000       2.3790000    0.0032714248      0.99672858
      0.00000       2.3800000    0.0030721788      0.99692782
      0.00000       2.3810000    0.0028851090      0.99711489
      0.00000       2.3820000    0.0027094707      0.99729053
      0.00000       2.3830000    0.0025445646      0.99745544
      0.00000       2.3840000    0.0023897341      0.99761027
      0.00000       2.3850000    0.0022443626      0.99775564
      0.00000       2.3860000    0.0021078710      0.99789213
      0.00000       2.3870000    0.0019797158      0.99802028
      0.00000       2.3880000    0.0018593866      0.99814061
      0.00000       2.3890000    0.0017464041      0.99825360
      0.00000       2.3900000    0.0016403186      0.99835968
      0.00000       2.3910000    0.0015407078      0.99845929
      0.00000       2.3920000    0.0014471751      0.99855282
      0.00000       2.3930000    0.0013593484      0.99864065
      0.00000       2.3940000    0.0012768783      0.99872312
      0.00000       2.3950000    0.0011994370      0.99880056
      0.00000       2.3960000    0.0011267165      0.99887328
      0.00000       2.3970000    0.0010584280      0.99894157
      0.00000       2.3980000   0.00099430009      0.99900570
      0.00000       2.3990000   0.00093407829      0.99906592
      0.00000       2.4000000   0.00087752359      0.99912248
      0.00000       2.4010000   0.00082441167      0.99917559
      0.00000       2.4020000   0.00077453199      0.99922547
      0.00000       2.4030000   0.00072768690      0.99927231
      0.00000       2.4040000   0.00068369090      0.99931631
      0.00000       2.4050000   0.00064236985      0.99935763
      0.00000       2.4060000   0.00060356031      0.99939644
      0.00000       2.4070000   0.00056710885      0.99943289
      0.00000       2.4080000   0.00053287145      0.99946713
      0.00000       2.4090000   0.00050071294      0.99949929
      0.00000       2.4100000   0.00047050642      0.99952949
      0.00000       2.4110000   0.00044213277      0.99955787
      0.00000       2.4120000   0.00041548019      0.99958452
      0.00000       2.4130000   0.00039044372      0.99960956
      0.00000       2.4140000   0.00036692481      0.99963308
      0.00000       2.4150000   0.00034483098      0.99965517
      0.00000       2.4160000   0.00032407540      0.99967592
      0.00000       2.4170000   0.00030457655      0.99969542
      0.00000       2.4180000   0.00028625792      0.99971374
      0.00000       2.4190000   0.00026904765      0.99973095
      0.00000       2.4200000   0.00025287831      0.99974712
      0.00000       2.4210000   0.00023768658      0.99976231
      0.00000       2.4220000   0.00022341301      0.99977659
      0.00000       2.4230000   0.00021000179      0.99979000
      0.00000       2.4240000   0.00019740051      0.99980260
      0.00000       2.4250000   0.00018555997      0.99981444
      0.00000       2.4260000   0.00017443398      0.99982557
      0.00000       2.4270000   0.00016397916      0.99983602
      0.00000       2.4280000   0.00015415478      0.99984585
      0.00000       2.4290000   0.00014492261      0.99985508
      0.00000       2.4300000   0.00013624674      0.99986375
      0.00000       2.4310000   0.00012809343      0.99987191
      0.00000       2.4320000   0.00012043104      0.99987957
      0.00000       2.4330000   0.00011322982      0.99988677
      0.00000       2.4340000   0.00010646185      0.99989354
      0.00000       2.4350000   0.00010010091      0.99989990
      0.00000       2.4360000   9.4122369e-05      0.99990588
      0.00000       2.4370000   8.8503105e-05      0.99991150
      0.00000       2.4380000   8.3221394e-05      0.99991678
      0.00000       2.4390000   7.8256836e-05      0.99992174
      0.00000       2.4400000   7.3590272e-05      0.99992641
      0.00000       2.4410000   6.9203706e-05      0.99993080
      0.00000       2.4420000   6.5080235e-05      0.99993492
      0.00000       2.4430000   6.1203984e-05      0.99993880
      0.00000       2.4440000   5.7560040e-05      0.99994244
      0.00000       2.4450000   5.4134396e-05      0.99994587
      0.00000       2.4460000   5.0913893e-05      0.99994909
      0.00000       2.4470000   4.7886172e-05      0.99995211
      0.00000       2.4480000   4.5039622e-05      0.99995496
      0.00000       2.4490000   4.2363336e-05      0.99995764
      0.00000       2.4500000   3.9847067e-05      0.99996015
      0.00000       2.4510000   3.7481189e-05      0.99996252
      0.00000       2.4520000   3.5256657e-05      0.99996474
      0.00000       2.4530000   3.3164976e-05      0.99996684
      0.00000       2.4540000   3.1198162e-05      0.99996880
      0.00000       2.4550000   2.9348716e-05      0.99997065
      0.00000       2.4560000   2.7609590e-05      0.99997239
      0.00000       2.4570000   2.5974163e-05      0.99997403
      0.00000       2.4580000   2.4436214e-05      0.99997556
      0.00000       2.4590000   2.2989897e-05      0.99997701
      0.00000       2.4600000   2.1629718e-05      0.99997837
      0.00000       2.4610000   2.0350516e-05      0.99997965
      0.00000       2.4620000   1.9147440e-05      0.99998085
      0.00000       2.4630000   1.8015931e-05      0.99998198
      0.00000       2.4640000   1.6951707e-05      0.99998305
      0.00000       2.4650000   1.5950741e-05      0.99998405
      0.00000       2.4660000   1.5009249e-05      0.99998499
      0.00000       2.4670000   1.4123677e-05      0.99998588
      0.00000       2.4680000   1.3290681e-05      0.99998671
      0.00000       2.4690000   1.2507122e-05      0.99998749
      0.00000       2.4700000   1.1770048e-05      0.99998823
      0.00000       2.4710000   1.1076682e-05      0.99998892
      0.00000       2.4720000   1.0424418e-05      0.99998958
      0.00000       2.4730000   9.8108042e-06      0.99999019
      0.00000       2.4740000   9.2335354e-06      0.99999077
      0.00000       2.4750000   8.6904458e-06      0.99999131
      0.00000       2.4760000   8.1794993e-06      0.99999182
      0.00000       2.4770000   7.6987814e-06      0.99999230
      0.00000       2.4780000   7.2464929e-06      0.99999275
      0.00000       2.4790000   6.8209418e-06      0.99999318
      0.00000       2.4800000   6.4205378e-06      0.99999358
      0.00000       2.4810000   6.0437857e-06      0.99999396
      0.00000       2.4820000   5.6892796e-06      0.99999431
      0.00000       2.4830000   5.3556978e-06      0.99999464
      0.00000       2.4840000   5.0417976e-06      0.99999496
      0.00000       2.4850000   4.7464105e-06      0.99999525
      0.00000       2.4860000   4.4684380e-06      0.99999553
      0.00000       2.4870000   4.2068469e-06      0.99999579
      0.00000       2.4880000   3.9606658e-06      0.99999604
      0.00000       2.4890000   3.7289813e-06      0.99999627
      0.00000       2.4900000   3.5109345e-06      0.99999649
      0.00000       2.4910000   3.3057176e-06      0.99999669
      0.00000       2.4920000   3.1125710e-06      0.99999689
      0.00000       2.4930000   2.9307804e-06      0.99999707
      0.00000       2.4940000   2.7596738e-06      0.99999724
      0.00000       2.4950000   2.5986195e-06      0.99999740
      0.00000       2.4960000   2.4470233e-06      0.99999755
      0.00000       2.4970000   2.3043263e-06      0.99999770
      0.00000       2.4980000   2.1700027e-06      0.99999783
      0.00000       2.4990000   2.0435582e-06      0.99999796
      0.00000       2.5000000   1.9245278e-06      0.99999808
      0.00000       2.5010000   1.8124740e-06      0.99999819
      0.00000       2.5020000   1.7069853e-06      0.99999829
      0.00000       2.5030000   1.6076747e-06      0.99999839
      0.00000       2.5040000   1.5141782e-06      0.99999849
      0.00000       2.5050000   1.4261532e-06      0.99999857
      0.00000       2.5060000   1.3432775e-06      0.99999866
      0.00000       2.5070000   1.2652481e-06      0.99999873
      0.00000       2.5080000   1.1917797e-06      0.99999881
      0.00000       2.5090000   1.1226041e-06      0.99999888
      0.00000       2.5100000   1.0574690e-06      0.99999894
      0.00000       2.5110000   9.9613679e-07      0.99999900
      0.00000       2.5120000   9.3838413e-07      0.99999906
      0.00000       2.5130000   8.8400078e-07      0.99999912
      0.00000       2.5140000   8.3278896e-07      0.99999917
      0.00000       2.5150000   7.8456255e-07      0.99999922
      0.00000       2.5160000   7.3914643e-07      0.99999926
      0.00000       2.5170000   6.9637583e-07      0.99999930
      0.00000       2.5180000   6.5609567e-07      0.99999934
      0.00000       2.5190000   6.1816004e-07      0.99999938
      0.00000       2.5200000   5.8243163e-07      0.99999942
      0.00000       2.5210000   5.4878121e-07      0.99999945
      0.00000       2.5220000   5.1708717e-07      0.99999948
      0.00000       2.5230000   4.8723506e-07      0.99999951
      0.00000       2.5240000   4.5911717e-07      0.99999954
      0.00000       2.5250000   4.3263213e-07      0.99999957
      0.00000       2.5260000   4.0768451e-07      0.99999959
      0.00000       2.5270000   3.8418452e-07      0.99999962
      0.00000       2.5280000   3.6204764e-07      0.99999964
      0.00000       2.5290000   3.4119430e-07      0.99999966
      0.00000       2.5300000   3.2154962e-07      0.99999968
      0.00000       2.5310000   3.0304311e-07      0.99999970
      0.00000       2.5320000   2.8560841e-07      0.99999971
      0.00000       2.5330000   2.6918307e-07      0.99999973
      0.00000       2.5340000   2.5370827e-07      0.99999975
      0.00000       2.5350000   2.3912868e-07      0.99999976
      0.00000       2.5360000   2.2539218e-07      0.99999977
      0.00000       2.5370000   2.1244971e-07      0.99999979
      0.00000       2.5380000   2.0025509e-07      0.99999980
      0.00000       2.5390000   1.8876484e-07      0.99999981
      0.00000       2.5400000   1.7793802e-07      0.99999982
      0.00000       2.5410000   1.6773608e-07      0.99999983
      0.00000       2.5420000   1.5812274e-07      0.99999984
      0.00000       2.5430000   1.4906381e-07      0.99999985
      0.00000       2.5440000   1.4052714e-07      0.99999986
      0.00000       2.5450000   1.3248242e-07      0.99999987
      0.00000       2.5460000   1.2490113e-07      0.99999988
      0.00000       2.5470000   1.1775640e-07      0.99999988
      0.00000       2.5480000   1.1102294e-07      0.99999989
      0.00000       2.5490000   1.0467692e-07      0.99999990
      0.00000       2.5500000   9.8695923e-08      0.99999990
      0.00000       2.5510000   9.3058809e-08      0.99999991
      0.00000       2.5520000   8.7745686e-08      0.99999991
      0.00000       2.5530000   8.2737818e-08      0.99999992
      0.00000       2.5540000   7.8017557e-08      0.99999992
      0.00000       2.5550000   7.3568283e-08      0.99999993
      0.00000       2.5560000   6.9374341e-08      0.99999993
      0.00000       2.5570000   6.5420987e-08      0.99999993
      0.00000       2.5580000   6.1694333e-08      0.99999994
      0.00000       2.5590000   5.8181299e-08      0.99999994
      0.00000       2.5600000   5.4869563e-08      0.99999995
      0.00000       2.5610000   5.1747519e-08      0.99999995
      0.00000       2.5620000   4.8804233e-08      0.99999995
      0.00000       2.5630000   4.6029406e-08      0.99999995
      0.00000       2.5640000   4.3413338e-08      0.99999996
      0.00000       2.5650000   4.0946887e-08      0.99999996
      0.00000       2.5660000   3.8621443e-08      0.99999996
      0.00000       2.5670000   3.6428896e-08      0.99999996
      0.00000       2.5680000   3.4361602e-08      0.99999997
      0.00000       2.5690000   3.2412361e-08      0.99999997
      0.00000       2.5700000   3.0574391e-08      0.99999997
      0.00000       2.5710000   2.8841299e-08      0.99999997
      0.00000       2.5720000   2.7207064e-08      0.99999997
      0.00000       2.5730000   2.5666011e-08      0.99999997
      0.00000       2.5740000   2.4212795e-08      0.99999998
      0.00000       2.5750000   2.2842378e-08      0.99999998
      0.00000       2.5760000   2.1550012e-08      0.99999998
      0.00000       2.5770000   2.0331224e-08      0.99999998
      0.00000       2.5780000   1.9181800e-08      0.99999998
      0.00000       2.5790000   1.8097767e-08      0.99999998
      0.00000       2.5800000   1.7075382e-08      0.99999998
      0.00000       2.5810000   1.6111116e-08      0.99999998
      0.00000       2.5820000   1.5201646e-08      0.99999998
      0.00000       2.5830000   1.4343839e-08      0.99999999
      0.00000       2.5840000   1.3534740e-08      0.99999999
      0.00000       2.5850000   1.2771567e-08      0.99999999
      0.00000       2.5860000   1.2051698e-08      0.99999999
      0.00000       2.5870000   1.1372659e-08      0.99999999
      0.00000       2.5880000   1.0732120e-08      0.99999999
      0.00000       2.5890000   1.0127885e-08      0.99999999
      0.00000       2.5900000   9.5578829e-09      0.99999999
      0.00000       2.5910000   9.0201627e-09      0.99999999
      0.00000       2.5920000   8.5128844e-09      0.99999999
      0.00000       2.5930000   8.0343140e-09      0.99999999
      0.00000       2.5940000   7.5828167e-09      0.99999999
      0.00000       2.5950000   7.1568512e-09      0.99999999
      0.00000       2.5960000   6.7549649e-09      0.99999999
      0.00000       2.5970000   6.3757881e-09      0.99999999
      0.00000       2.5980000   6.0180294e-09      0.99999999
      0.00000       2.5990000   5.6804716e-09      0.99999999
      0.00000       2.6000000   5.3619668e-09      0.99999999
      0.00000       2.6010000   5.0614330e-09      0.99999999
      0.00000       2.6020000   4.7778497e-09       1.0000000
      0.00000       2.6030000   4.5102551e-09       1.0000000
      0.00000       2.6040000   4.2577419e-09       1.0000000
      0.00000       2.6050000   4.0194550e-09       1.0000000
      0.00000       2.6060000   3.7945879e-09       1.0000000
      0.00000       2.6070000   3.5823799e-09       1.0000000
      0.00000       2.6080000   3.3821141e-09       1.0000000
      0.00000       2.6090000   3.1931142e-09       1.0000000
      0.00000       2.6100000   3.0147425e-09       1.0000000
      0.00000       2.6110000   2.8463975e-09       1.0000000
      0.00000       2.6120000   2.6875121e-09       1.0000000
      0.00000       2.6130000   2.5375515e-09       1.0000000
      0.00000       2.6140000   2.3960111e-09       1.0000000
      0.00000       2.6150000   2.2624154e-09       1.0000000
      0.00000       2.6160000   2.1363154e-09       1.0000000
      0.00000       2.6170000   2.0172881e-09       1.0000000
      0.00000       2.6180000   1.9049342e-09       1.0000000
      0.00000       2.6190000   1.7988774e-09       1.0000000
      0.00000       2.6200000   1.6987623e-09       1.0000000
      0.00000       2.6210000   1.6042542e-09       1.0000000
      0.00000       2.6220000   1.5150369e-09       1.0000000
      0.00000       2.6230000   1.4308125e-09       1.0000000
      0.00000       2.6240000   1.3512998e-09       1.0000000
      0.00000       2.6250000   1.2762336e-09       1.0000000
      0.00000       2.6260000   1.2053636e-09       1.0000000
      0.00000       2.6270000   1.1384538e-09       1.0000000
      0.00000       2.6280000   1.0752815e-09       1.0000000
      0.00000       2.6290000   1.0156367e-09       1.0000000
      0.00000       2.6300000   9.5932121e-10       1.0000000
      0.00000       2.6310000   9.0614794e-10       1.0000000
      0.00000       2.6320000   8.5594051e-10       1.0000000
      0.00000       2.6330000   8.0853245e-10       1.0000000
      0.00000       2.6340000   7.6376671e-10       1.0000000
      0.00000       2.6350000   7.2149510e-10       1.0000000
      0.00000       2.6360000   6.8157779e-10       1.0000000
      0.00000       2.6370000   6.4388284e-10       1.0000000
      0.00000       2.6380000   6.0828575e-10       1.0000000
      0.00000       2.6390000   5.7466902e-10       1.0000000
      0.00000       2.6400000   5.4292181e-10       1.0000000
      0.00000       2.6410000   5.1293950e-10       1.0000000
      0.00000       2.6420000   4.8462334e-10       1.0000000
      0.00000       2.6430000   4.5788019e-10       1.0000000
      0.00000       2.6440000   4.3262210e-10       1.0000000
      0.00000       2.6450000   4.0876609e-10       1.0000000
      0.00000       2.6460000   3.8623386e-10       1.0000000
      0.00000       2.6470000   3.6495148e-10       1.0000000
      0.00000       2.6480000   3.4484919e-10       1.0000000
      0.00000       2.6490000   3.2586114e-10       1.0000000
      0.00000       2.6500000   3.0792520e-10       1.0000000
      0.00000       2.6510000   2.9098269e-10       1.0000000
      0.00000       2.6520000   2.7497826e-10       1.0000000
      0.00000       2.6530000   2.5985963e-10       1.0000000
      0.00000       2.6540000   2.4557748e-10       1.0000000
      0.00000       2.6550000   2.3208523e-10       1.0000000
      0.00000       2.6560000   2.1933893e-10       1.0000000
      0.00000       2.6570000   2.0729707e-10       1.0000000
      0.00000       2.6580000   1.9592048e-10       1.0000000
      0.00000       2.6590000   1.8517217e-10       1.0000000
      0.00000       2.6600000   1.7501724e-10       1.0000000
      0.00000       2.6610000   1.6542271e-10       1.0000000
      0.00000       2.6620000   1.5635748e-10       1.0000000
      0.00000       2.6630000   1.4779215e-10       1.0000000
      0.00000       2.6640000   1.3969898e-10       1.0000000
      0.00000       2.6650000   1.3205180e-10       1.0000000
      0.00000       2.6660000   1.2482586e-10       1.0000000
      0.00000       2.6670000   1.1799782e-10       1.0000000
      0.00000       2.6680000   1.1154562e-10       1.0000000
      0.00000       2.6690000   1.0544846e-10       1.0000000
      0.00000       2.6700000   9.9686676e-11       1.0000000
      0.00000       2.6710000   9.4241701e-11       1.0000000
      0.00000       2.6720000   8.9096009e-11       1.0000000
      0.00000       2.6730000   8.4233046e-11       1.0000000
      0.00000       2.6740000   7.9637182e-11       1.0000000
      0.00000       2.6750000   7.5293653e-11       1.0000000
      0.00000       2.6760000   7.1188519e-11       1.0000000
      0.00000       2.6770000   6.7308613e-11       1.0000000
      0.00000       2.6780000   6.3641502e-11       1.0000000
      0.00000       2.6790000   6.0175441e-11       1.0000000
      0.00000       2.6800000   5.6899338e-11       1.0000000
      0.00000       2.6810000   5.3802719e-11       1.0000000
      0.00000       2.6820000   5.0875688e-11       1.0000000
      0.00000       2.6830000   4.8108899e-11       1.0000000
      0.00000       2.6840000   4.5493526e-11       1.0000000
      0.00000       2.6850000   4.3021229e-11       1.0000000
      0.00000       2.6860000   4.0684134e-11       1.0000000
      0.00000       2.6870000   3.8474799e-11       1.0000000
      0.00000       2.6880000   3.6386197e-11       1.0000000
      0.00000       2.6890000   3.4411689e-11       1.0000000
      0.00000       2.6900000   3.2545003e-11       1.0000000
      0.00000       2.6910000   3.0780216e-11       1.0000000
      0.00000       2.6920000   2.9111728e-11       1.0000000
      0.00000       2.6930000   2.7534254e-11       1.0000000
      0.00000       2.6940000   2.6042796e-11       1.0000000
      0.00000       2.6950000   2.4632636e-11       1.0000000
      0.00000       2.6960000   2.3299314e-11       1.0000000
      0.00000       2.6970000   2.2038618e-11       1.0000000
      0.00000       2.6980000   2.0846566e-11       1.0000000
      0.00000       2.6990000   1.9719397e-11       1.0000000
      0.00000       2.7000000   1.8653559e-11       1.0000000
      0.00000       2.7010000   1.7645692e-11       1.0000000
      0.00000       2.7020000   1.6692624e-11       1.0000000
      0.00000       2.7030000   1.5791358e-11       1.0000000
      0.00000       2.7040000   1.4939059e-11       1.0000000
      0.00000       2.7050000   1.4133050e-11       1.0000000
      0.00000       2.7060000   1.3370803e-11       1.0000000
      0.00000       2.7070000   1.2649925e-11       1.0000000
      0.00000       2.7080000   1.1968158e-11       1.0000000
      0.00000       2.7090000   1.1323367e-11       1.0000000
      0.00000       2.7100000   1.0713532e-11       1.0000000
      0.00000       2.7110000   1.0136749e-11       1.0000000
      0.00000       2.7120000   9.5912131e-12       1.0000000
      0.00000       2.7130000   9.0752220e-12       1.0000000
      0.00000       2.7140000   8.5871653e-12       1.0000000
      0.00000       2.7150000   8.1255213e-12       1.0000000
      0.00000       2.7160000   7.6888516e-12       1.0000000
      0.00000       2.7170000   7.2757968e-12       1.0000000
      0.00000       2.7180000   6.8850716e-12       1.0000000
      0.00000       2.7190000   6.5154615e-12       1.0000000
      0.00000       2.7200000   6.1658182e-12       1.0000000
      0.00000       2.7210000   5.8350564e-12       1.0000000
      0.00000       2.7220000   5.5221499e-12       1.0000000
      0.00000       2.7230000   5.2261289e-12       1.0000000
      0.00000       2.7240000   4.9460766e-12       1.0000000
      0.00000       2.7250000   4.6811260e-12       1.0000000
      0.00000       2.7260000   4.4304577e-12       1.0000000
      0.00000       2.7270000   4.1932971e-12       1.0000000
      0.00000       2.7280000   3.9689116e-12       1.0000000
      0.00000       2.7290000   3.7566088e-12       1.0000000
      0.00000       2.7300000   3.5557340e-12       1.0000000
      0.00000       2.7310000   3.3656682e-12       1.0000000
      0.00000       2.7320000   3.1858261e-12       1.0000000
      0.00000       2.7330000   3.0156544e-12       1.0000000
      0.00000       2.7340000   2.8546297e-12       1.0000000
      0.00000       2.7350000   2.7022574e-12       1.0000000
      0.00000       2.7360000   2.5580696e-12       1.0000000
      0.00000       2.7370000   2.4216240e-12       1.0000000
      0.00000       2.7380000   2.2925022e-12       1.0000000
      0.00000       2.7390000   2.1703086e-12       1.0000000
      0.00000       2.7400000   2.0546691e-12       1.0000000
      0.00000       2.7410000   1.9452301e-12       1.0000000
      0.00000       2.7420000   1.8416570e-12       1.0000000
      0.00000       2.7430000   1.7436334e-12       1.0000000
      0.00000       2.7440000   1.6508601e-12       1.0000000
      0.00000       2.7450000   1.5630541e-12       1.0000000
      0.00000       2.7460000   1.4799478e-12       1.0000000
      0.00000       2.7470000   1.4012880e-12       1.0000000
      0.00000       2.7480000   1.3268354e-12       1.0000000
      0.00000       2.7490000   1.2563636e-12       1.0000000
      0.00000       2.7500000   1.1896583e-12       1.0000000
      0.00000       2.7510000   1.1265170e-12       1.0000000
      0.00000       2.7520000   1.0667481e-12       1.0000000
      0.00000       2.7530000   1.0101703e-12       1.0000000
      0.00000       2.7540000   9.5661224e-13       1.0000000
      0.00000       2.7550000   9.0591165e-13       1.0000000
      0.00000       2.7560000   8.5791515e-13       1.0000000
      0.00000       2.7570000   8.1247762e-13       1.0000000
      0.00000       2.7580000   7.6946177e-13       1.0000000
      0.00000       2.7590000   7.2873772e-13       1.0000000
      0.00000       2.7600000   6.9018261e-13       1.0000000
      0.00000       2.7610000   6.5368019e-13       1.0000000
      0.00000       2.7620000   6.1912050e-13       1.0000000
      0.00000       2.7630000   5.8639949e-13       1.0000000
      0.00000       2.7640000   5.5541872e-13       1.0000000
      0.00000       2.7650000   5.2608507e-13       1.0000000
      0.00000       2.7660000   4.9831040e-13       1.0000000
      0.00000       2.7670000   4.7201136e-13       1.0000000
      0.00000       2.7680000   4.4710904e-13       1.0000000
      0.00000       2.7690000   4.2352881e-13       1.0000000
      0.00000       2.7700000   4.0120003e-13       1.0000000
      0.00000       2.7710000   3.8005588e-13       1.0000000
      0.00000       2.7720000   3.6003310e-13       1.0000000
      0.00000       2.7730000   3.4107186e-13       1.0000000
      0.00000       2.7740000   3.2311551e-13       1.0000000
      0.00000       2.7750000   3.0611048e-13       1.0000000
      0.00000       2.7760000   2.9000605e-13       1.0000000
      0.00000       2.7770000   2.7475421e-13       1.0000000
      0.00000       2.7780000   2.6030956e-13       1.0000000
      0.00000       2.7790000   2.4662909e-13       1.0000000
      0.00000       2.7800000   2.3367214e-13       1.0000000
      0.00000       2.7810000   2.2140019e-13       1.0000000
      0.00000       2.7820000   2.0977681e-13       1.0000000
      0.00000       2.7830000   1.9876750e-13       1.0000000
      0.00000       2.7840000   1.8833962e-13       1.0000000
      0.00000       2.7850000   1.7846226e-13       1.0000000
      0.00000       2.7860000   1.6910619e-13       1.0000000
      0.00000       2.7870000   1.6024372e-13       1.0000000
      0.00000       2.7880000   1.5184864e-13       1.0000000
      0.00000       2.7890000   1.4389615e-13       1.0000000
      0.00000       2.7900000   1.3636277e-13       1.0000000
      0.00000       2.7910000   1.2922628e-13       1.0000000
      0.00000       2.7920000   1.2246563e-13       1.0000000
      0.00000       2.7930000   1.1606091e-13       1.0000000
      0.00000       2.7940000   1.0999326e-13       1.0000000
      0.00000       2.7950000   1.0424482e-13       1.0000000
      0.00000       2.7960000   9.8798707e-14       1.0000000
      0.00000       2.7970000   9.3638913e-14       1.0000000
      0.00000       2.7980000   8.8750294e-14       1.0000000
      0.00000       2.7990000   8.4118506e-14       1.0000000
      0.00000       2.8000000   7.9729974e-14       1.0000000
      0.00000       2.8010000   7.5571840e-14       1.0000000
      0.00000       2.8020000   7.1631934e-14       1.0000000
      0.00000       2.8030000   6.7898731e-14       1.0000000
      0.00000       2.8040000   6.4361318e-14       1.0000000
      0.00000       2.8050000   6.1009362e-14       1.0000000
      0.00000       2.8060000   5.7833079e-14       1.0000000
      0.00000       2.8070000   5.4823206e-14       1.0000000
      0.00000       2.8080000   5.1970968e-14       1.0000000
      0.00000       2.8090000   4.9268058e-14       1.0000000
      0.00000       2.8100000   4.6706609e-14       1.0000000
      0.00000       2.8110000   4.4279171e-14       1.0000000
      0.00000       2.8120000   4.1978689e-14       1.0000000
      0.00000       2.8130000   3.9798481e-14       1.0000000
      0.00000       2.8140000   3.7732220e-14       1.0000000
      0.00000       2.8150000   3.5773913e-14       1.0000000
      0.00000       2.8160000   3.3917884e-14       1.0000000
      0.00000       2.8170000   3.2158758e-14       1.0000000
      0.00000       2.8180000   3.0491445e-14       1.0000000
      0.00000       2.8190000   2.8911122e-14       1.0000000
      0.00000       2.8200000   2.7413221e-14       1.0000000
      0.00000       2.8210000   2.5993418e-14       1.0000000
      0.00000       2.8220000   2.4647615e-14       1.0000000
      0.00000       2.8230000   2.3371931e-14       1.0000000
      0.00000       2.8240000   2.2162690e-14       1.0000000
      0.00000       2.8250000   2.1016408e-14       1.0000000
      0.00000       2.8260000   1.9929789e-14       1.0000000
      0.00000       2.8270000   1.8899706e-14       1.0000000
      0.00000       2.8280000   1.7923200e-14       1.0000000
      0.00000       2.8290000   1.6997467e-14       1.0000000
      0.00000       2.8300000   1.6119850e-14       1.0000000
      0.00000       2.8310000   1.5287833e-14       1.0000000
      0.00000       2.8320000   1.4499031e-14       1.0000000
      0.00000       2.8330000   1.3751186e-14       1.0000000
      0.00000       2.8340000   1.3042157e-14       1.0000000
      0.00000       2.8350000   1.2369918e-14       1.0000000
      0.00000       2.8360000   1.1732548e-14       1.0000000
      0.00000       2.8370000   1.1128226e-14       1.0000000
      0.00000       2.8380000   1.0555229e-14       1.0000000
      0.00000       2.8390000   1.0011922e-14       1.0000000
      0.00000       2.8400000   9.4967568e-15       1.0000000
      0.00000       2.8410000   9.0082673e-15       1.0000000
      0.00000       2.8420000   8.5450633e-15       1.0000000
      0.00000       2.8430000   8.1058277e-15       1.0000000
      0.00000       2.8440000   7.6893125e-15       1.0000000
      0.00000       2.8450000   7.2943351e-15       1.0000000
      0.00000       2.8460000   6.9197748e-15       1.0000000
      0.00000       2.8470000   6.5645695e-15       1.0000000
      0.00000       2.8480000   6.2277128e-15       1.0000000
      0.00000       2.8490000   5.9082510e-15       1.0000000
      0.00000       2.8500000   5.6052801e-15       1.0000000
      0.00000       2.8510000   5.3179436e-15       1.0000000
      0.00000       2.8520000   5.0454295e-15       1.0000000
      0.00000       2.8530000   4.7869685e-15       1.0000000
      0.00000       2.8540000   4.5418314e-15       1.0000000
      0.00000       2.8550000   4.3093268e-15       1.0000000
      0.00000       2.8560000   4.0887999e-15       1.0000000
      0.00000       2.8570000   3.8796296e-15       1.0000000
      0.00000       2.8580000   3.6812275e-15       1.0000000
      0.00000       2.8590000   3.4930356e-15       1.0000000
      0.00000       2.8600000   3.3145254e-15       1.0000000
      0.00000       2.8610000   3.1451955e-15       1.0000000
      0.00000       2.8620000   2.9845710e-15       1.0000000
      0.00000       2.8630000   2.8322013e-15       1.0000000
      0.00000       2.8640000   2.6876597e-15       1.0000000
      0.00000       2.8650000   2.5505414e-15       1.0000000
      0.00000       2.8660000   2.4204628e-15       1.0000000
      0.00000       2.8670000   2.2970602e-15       1.0000000
      0.00000       2.8680000   2.1799888e-15       1.0000000
      0.00000       2.8690000   2.0689218e-15       1.0000000
      0.00000       2.8700000   1.9635493e-15       1.0000000
      0.00000       2.8710000   1.8635775e-15       1.0000000
      0.00000       2.8720000   1.7687277e-15       1.0000000
      0.00000       2.8730000   1.6787361e-15       1.0000000
      0.00000       2.8740000   1.5933521e-15       1.0000000
      0.00000       2.8750000   1.5123384e-15       1.0000000
      0.00000       2.8760000   1.4354698e-15       1.0000000
      0.00000       2.8770000   1.3625330e-15       1.0000000
      0.00000       2.8780000   1.2933256e-15       1.0000000
      0.00000       2.8790000   1.2276557e-15       1.0000000
      0.00000       2.8800000   1.1653414e-15       1.0000000
      0.00000       2.8810000   1.1062100e-15       1.0000000
      0.00000       2.8820000   1.0500980e-15       1.0000000
      0.00000       2.8830000   9.9685034e-16       1.0000000
      0.00000       2.8840000   9.4631977e-16       1.0000000
      0.00000       2.8850000   8.9836681e-16       1.0000000
      0.00000       2.8860000   8.5285914e-16       1.0000000
      0.00000       2.8870000   8.0967129e-16       1.0000000
      0.00000       2.8880000   7.6868426e-16       1.0000000
      0.00000       2.8890000   7.2978519e-16       1.0000000
      0.00000       2.8900000   6.9286705e-16       1.0000000
      0.00000       2.8910000   6.5782833e-16       1.0000000
      0.00000       2.8920000   6.2457274e-16       1.0000000
      0.00000       2.8930000   5.9300899e-16       1.0000000
      0.00000       2.8940000   5.6305044e-16       1.0000000
      0.00000       2.8950000   5.3461497e-16       1.0000000
      0.00000       2.8960000   5.0762464e-16       1.0000000
      0.00000       2.8970000   4.8200555e-16       1.0000000
      0.00000       2.8980000   4.5768761e-16       1.0000000
      0.00000       2.8990000   4.3460430e-16       1.0000000
      0.00000       2.9000000   4.1269256e-16       1.0000000
      0.00000       2.9010000   3.9189254e-16       1.0000000
      0.00000       2.9020000   3.7214750e-16       1.0000000
      0.00000       2.9030000   3.5340358e-16       1.0000000
      0.00000       2.9040000   3.3560971e-16       1.0000000
      0.00000       2.9050000   3.1871743e-16       1.0000000
      0.00000       2.9060000   3.0268077e-16       1.0000000
      0.00000       2.9070000   2.8745612e-16       1.0000000
      0.00000       2.9080000   2.7300210e-16       1.0000000
      0.00000       2.9090000   2.5927947e-16       1.0000000
      0.00000       2.9100000   2.4625098e-16       1.0000000
      0.00000       2.9110000   2.3388130e-16       1.0000000
      0.00000       2.9120000   2.2213691e-16       1.0000000
      0.00000       2.9130000   2.1098599e-16       1.0000000
      0.00000       2.9140000   2.0039838e-16       1.0000000
      0.00000       2.9150000   1.9034543e-16       1.0000000
      0.00000       2.9160000   1.8079998e-16       1.0000000
      0.00000       2.9170000   1.7173624e-16       1.0000000
      0.00000       2.9180000   1.6312976e-16       1.0000000
      0.00000       2.9190000   1.5495731e-16       1.0000000
      0.00000       2.9200000   1.4719688e-16       1.0000000
      0.00000       2.9210000   1.3982756e-16       1.0000000
      0.00000       2.9220000   1.3282951e-16       1.0000000
      0.00000       2.9230000   1.2618392e-16       1.0000000
      0.00000       2.9240000   1.1987292e-16       1.0000000
      0.00000       2.9250000   1.1387955e-16       1.0000000
      0.00000       2.9260000   1.0818774e-16       1.0000000
      0.00000       2.9270000   1.0278221e-16       1.0000000
      0.00000       2.9280000   9.7648475e-17       1.0000000
      0.00000       2.9290000   9.2772780e-17       1.0000000
      0.00000       2.9300000   8.8142075e-17       1.0000000
      0.00000       2.9310000   8.3743972e-17       1.0000000
      0.00000       2.9320000   7.9566715e-17       1.0000000
      0.00000       2.9330000   7.5599143e-17       1.0000000
      0.00000       2.9340000   7.1830666e-17       1.0000000
      0.00000       2.9350000   6.8251230e-17       1.0000000
      0.00000       2.9360000   6.4851292e-17       1.0000000
      0.00000       2.9370000   6.1621795e-17       1.0000000
      0.00000       2.9380000   5.8554140e-17       1.0000000
      0.00000       2.9390000   5.5640165e-17       1.0000000
      0.00000       2.9400000   5.2872124e-17       1.0000000
      0.00000       2.9410000   5.0242662e-17       1.0000000
      0.00000       2.9420000   4.7744798e-17       1.0000000
      0.00000       2.9430000   4.5371904e-17       1.0000000
      0.00000       2.9440000   4.3117689e-17       1.0000000
      0.00000       2.9450000   4.0976179e-17       1.0000000
      0.00000       2.9460000   3.8941703e-17       1.0000000
      0.00000       2.9470000   3.7008880e-17       1.0000000
      0.00000       2.9480000   3.5172598e-17       1.0000000
      0.00000       2.9490000   3.3428003e-17       1.0000000
      0.00000       2.9500000   3.1770491e-17       1.0000000
      0.00000       2.9510000   3.0195686e-17       1.0000000
      0.00000       2.9520000   2.8699435e-17       1.0000000
      0.00000       2.9530000   2.7277796e-17       1.0000000
      0.00000       2.9540000   2.5927024e-17       1.0000000
      0.00000       2.9550000   2.4643565e-17       1.0000000
      0.00000       2.9560000   2.3424043e-17       1.0000000
      0.00000       2.9570000   2.2265253e-17       1.0000000
      0.00000       2.9580000   2.1164152e-17       1.0000000
      0.00000       2.9590000   2.0117849e-17       1.0000000
      0.00000       2.9600000   1.9123601e-17       1.0000000
      0.00000       2.9610000   1.8178800e-17       1.0000000
      0.00000       2.9620000   1.7280973e-17       1.0000000
      0.00000       2.9630000   1.6427769e-17       1.0000000
      0.00000       2.9640000   1.5616957e-17       1.0000000
      0.00000       2.9650000   1.4846417e-17       1.0000000
      0.00000       2.9660000   1.4114137e-17       1.0000000
      0.00000       2.9670000   1.3418203e-17       1.0000000
      0.00000       2.9680000   1.2756802e-17       1.0000000
      0.00000       2.9690000   1.2128209e-17       1.0000000
      0.00000       2.9700000   1.1530786e-17       1.0000000
      0.00000       2.9710000   1.0962978e-17       1.0000000
      0.00000       2.9720000   1.0423308e-17       1.0000000
      0.00000       2.9730000   9.9103716e-18       1.0000000
      0.00000       2.9740000   9.4228373e-18       1.0000000
      0.00000       2.9750000   8.9594389e-18       1.0000000
      0.00000       2.9760000   8.5189740e-18       1.0000000
      0.00000       2.9770000   8.1003004e-18       1.0000000
      0.00000       2.9780000   7.7023333e-18       1.0000000
      0.00000       2.9790000   7.3240422e-18       1.0000000
      0.00000       2.9800000   6.9644482e-18       1.0000000
      0.00000       2.9810000   6.6226212e-18       1.0000000
      0.00000       2.9820000   6.2976780e-18       1.0000000
      0.00000       2.9830000   5.9887794e-18       1.0000000
      0.00000       2.9840000   5.6951282e-18       1.0000000
      0.00000       2.9850000   5.4159669e-18       1.0000000
      0.00000       2.9860000   5.1505762e-18       1.0000000
      0.00000       2.9870000   4.8982724e-18       1.0000000
      0.00000       2.9880000   4.6584061e-18       1.0000000
      0.00000       2.9890000   4.4303605e-18       1.0000000
      0.00000       2.9900000   4.2135492e-18       1.0000000
      0.00000       2.9910000   4.0074154e-18       1.0000000
      0.00000       2.9920000   3.8114300e-18       1.0000000
      0.00000       2.9930000   3.6250900e-18       1.0000000
      0.00000       2.9940000   3.4479179e-18       1.0000000
      0.00000       2.9950000   3.2794598e-18       1.0000000
      0.00000       2.9960000   3.1192844e-18       1.0000000
      0.00000       2.9970000   2.9669818e-18       1.0000000
      0.00000       2.9980000   2.8221627e-18       1.0000000
      0.00000       2.9990000   2.6844570e-18       1.0000000
      0.00000       3.0000000   2.5535132e-18       1.0000000
      0.00000       3.0010000   2.4289972e-18       1.0000000
      0.00000       3.0020000   2.3105913e-18       1.0000000
      0.00000       3.0030000   2.1979939e-18       1.0000000
      0.00000       3.0040000   2.0909183e-18       1.0000000
      0.00000       3.0050000   1.9890920e-18       1.0000000
      0.00000       3.0060000   1.8922560e-18       1.0000000
      0.00000       3.0070000   1.8001641e-18       1.0000000
      0.00000       3.0080000   1.7125826e-18       1.0000000
      0.00000       3.0090000   1.6292891e-18       1.0000000
      0.00000       3.0100000   1.5500724e-18       1.0000000
      0.00000       3.0110000   1.4747316e-18       1.0000000
      0.00000       3.0120000   1.4030760e-18       1.0000000
      0.00000       3.0130000   1.3349241e-18       1.0000000
      0.00000       3.0140000   1.2701035e-18       1.0000000
      0.00000       3.0150000   1.2084505e-18       1.0000000
      0.00000       3.0160000   1.1498091e-18       1.0000000
      0.00000       3.0170000   1.0940314e-18       1.0000000
      0.00000       3.0180000   1.0409767e-18       1.0000000
      0.00000       3.0190000   9.9051115e-19       1.0000000
      0.00000       3.0200000   9.4250764e-19       1.0000000
      0.00000       3.0210000   8.9684529e-19       1.0000000
      0.00000       3.0220000   8.5340920e-19       1.0000000
      0.00000       3.0230000   8.1209015e-19       1.0000000
      0.00000       3.0240000   7.7278431e-19       1.0000000
      0.00000       3.0250000   7.3539297e-19       1.0000000
      0.00000       3.0260000   6.9982229e-19       1.0000000
      0.00000       3.0270000   6.6598305e-19       1.0000000
      0.00000       3.0280000   6.3379046e-19       1.0000000
      0.00000       3.0290000   6.0316387e-19       1.0000000
      0.00000       3.0300000   5.7402664e-19       1.0000000
      0.00000       3.0310000   5.4630587e-19       1.0000000
      0.00000       3.0320000   5.1993228e-19       1.0000000
      0.00000       3.0330000   4.9483997e-19       1.0000000
      0.00000       3.0340000   4.7096632e-19       1.0000000
      0.00000       3.0350000   4.4825177e-19       1.0000000
      0.00000       3.0360000   4.2663967e-19       1.0000000
      0.00000       3.0370000   4.0607620e-19       1.0000000
      0.00000       3.0380000   3.8651014e-19       1.0000000
      0.00000       3.0390000   3.6789282e-19       1.0000000
      0.00000       3.0400000   3.5017794e-19       1.0000000
      0.00000       3.0410000   3.3332148e-19       1.0000000
      0.00000       3.0420000   3.1728158e-19       1.0000000
      0.00000       3.0430000   3.0201845e-19       1.0000000
      0.00000       3.0440000   2.8749421e-19       1.0000000
      0.00000       3.0450000   2.7367289e-19       1.0000000
      0.00000       3.0460000   2.6052024e-19       1.0000000
      0.00000       3.0470000   2.4800372e-19       1.0000000
      0.00000       3.0480000   2.3609235e-19       1.0000000
      0.00000       3.0490000   2.2475671e-19       1.0000000
      0.00000       3.0500000   2.1396878e-19       1.0000000
      0.00000       3.0510000   2.0370194e-19       1.0000000
      0.00000       3.0520000   1.9393086e-19       1.0000000
      0.00000       3.0530000   1.8463145e-19       1.0000000
      0.00000       3.0540000   1.7578079e-19       1.0000000
      0.00000       3.0550000   1.6735710e-19       1.0000000
      0.00000       3.0560000   1.5933964e-19       1.0000000
      0.00000       3.0570000   1.5170871e-19       1.0000000
      0.00000       3.0580000   1.4444555e-19       1.0000000
      0.00000       3.0590000   1.3753232e-19       1.0000000
      0.00000       3.0600000   1.3095206e-19       1.0000000
      0.00000       3.0610000   1.2468864e-19       1.0000000
      0.00000       3.0620000   1.1872669e-19       1.0000000
      0.00000       3.0630000   1.1305162e-19       1.0000000
      0.00000       3.0640000   1.0764954e-19       1.0000000
      0.00000       3.0650000   1.0250723e-19       1.0000000
      0.00000       3.0660000   9.7612120e-20       1.0000000
      0.00000       3.0670000   9.2952254e-20       1.0000000
      0.00000       3.0680000   8.8516255e-20       1.0000000
      0.00000       3.0690000   8.4293300e-20       1.0000000
      0.00000       3.0700000   8.0273094e-20       1.0000000
      0.00000       3.0710000   7.6445840e-20       1.0000000
      0.00000       3.0720000   7.2802219e-20       1.0000000
      0.00000       3.0730000   6.9333366e-20       1.0000000
      0.00000       3.0740000   6.6030844e-20       1.0000000
      0.00000       3.0750000   6.2886627e-20       1.0000000
      0.00000       3.0760000   5.9893081e-20       1.0000000
      0.00000       3.0770000   5.7042938e-20       1.0000000
      0.00000       3.0780000   5.4329286e-20       1.0000000
      0.00000       3.0790000   5.1745547e-20       1.0000000
      0.00000       3.0800000   4.9285464e-20       1.0000000
      0.00000       3.0810000   4.6943079e-20       1.0000000
      0.00000       3.0820000   4.4712728e-20       1.0000000
      0.00000       3.0830000   4.2589017e-20       1.0000000
      0.00000       3.0840000   4.0566815e-20       1.0000000
      0.00000       3.0850000   3.8641241e-20       1.0000000
      0.00000       3.0860000   3.6807648e-20       1.0000000
      0.00000       3.0870000   3.5061614e-20       1.0000000
      0.00000       3.0880000   3.3398931e-20       1.0000000
      0.00000       3.0890000   3.1815597e-20       1.0000000
      0.00000       3.0900000   3.0307800e-20       1.0000000
      0.00000       3.0910000   2.8871913e-20       1.0000000
      0.00000       3.0920000   2.7504486e-20       1.0000000
      0.00000       3.0930000   2.6202234e-20       1.0000000
      0.00000       3.0940000   2.4962031e-20       1.0000000
      0.00000       3.0950000   2.3780902e-20       1.0000000
      0.00000       3.0960000   2.2656015e-20       1.0000000
      0.00000       3.0970000   2.1584675e-20       1.0000000
      0.00000       3.0980000   2.0564318e-20       1.0000000
      0.00000       3.0990000   1.9592501e-20       1.0000000
      0.00000       3.1000000   1.8666902e-20       1.0000000
      0.00000       3.1010000   1.7785308e-20       1.0000000
      0.00000       3.1020000   1.6945614e-20       1.0000000
      0.00000       3.1030000   1.6145815e-20       1.0000000
      0.00000       3.1040000   1.5384006e-20       1.0000000
      0.00000       3.1050000   1.4658369e-20       1.0000000
      0.00000       3.1060000   1.3967176e-20       1.0000000
      0.00000       3.1070000   1.3308783e-20       1.0000000
      0.00000       3.1080000   1.2681622e-20       1.0000000
      0.00000       3.1090000   1.2084203e-20       1.0000000
      0.00000       3.1100000   1.1515107e-20       1.0000000
      0.00000       3.1110000   1.0972982e-20       1.0000000
      0.00000       3.1120000   1.0456542e-20       1.0000000
      0.00000       3.1130000   9.9645621e-21       1.0000000
      0.00000       3.1140000   9.4958771e-21       1.0000000
      0.00000       3.1150000   9.0493768e-21       1.0000000
      0.00000       3.1160000   8.6240044e-21       1.0000000
      0.00000       3.1170000   8.2187540e-21       1.0000000
      0.00000       3.1180000   7.8326675e-21       1.0000000
      0.00000       3.1190000   7.4648332e-21       1.0000000
      0.00000       3.1200000   7.1143826e-21       1.0000000
      0.00000       3.1210000   6.7804891e-21       1.0000000
      0.00000       3.1220000   6.4623654e-21       1.0000000
      0.00000       3.1230000   6.1592621e-21       1.0000000
      0.00000       3.1240000   5.8704655e-21       1.0000000
      0.00000       3.1250000   5.5952960e-21       1.0000000
      0.00000       3.1260000   5.3331067e-21       1.0000000
      0.00000       3.1270000   5.0832812e-21       1.0000000
      0.00000       3.1280000   4.8452330e-21       1.0000000
      0.00000       3.1290000   4.6184032e-21       1.0000000
      0.00000       3.1300000   4.4022600e-21       1.0000000
      0.00000       3.1310000   4.1962966e-21       1.0000000
      0.00000       3.1320000   4.0000306e-21       1.0000000
      0.00000       3.1330000   3.8130025e-21       1.0000000
      0.00000       3.1340000   3.6347747e-21       1.0000000
      0.00000       3.1350000   3.4649306e-21       1.0000000
      0.00000       3.1360000   3.3030734e-21       1.0000000
      0.00000       3.1370000   3.1488249e-21       1.0000000
      0.00000       3.1380000   3.0018254e-21       1.0000000
      0.00000       3.1390000   2.8617320e-21       1.0000000
      0.00000       3.1400000   2.7282183e-21       1.0000000
      0.00000       3.1410000   2.6009731e-21       1.0000000
      0.00000       3.1420000   2.4797004e-21       1.0000000
      0.00000       3.1430000   2.3641181e-21       1.0000000
      0.00000       3.1440000   2.2539575e-21       1.0000000
      0.00000       3.1450000   2.1489626e-21       1.0000000
      0.00000       3.1460000   2.0488897e-21       1.0000000
      0.00000       3.1470000   1.9535066e-21       1.0000000
      0.00000       3.1480000   1.8625922e-21       1.0000000
      0.00000       3.1490000   1.7759357e-21       1.0000000
      0.00000       3.1500000   1.6933364e-21       1.0000000
      0.00000       3.1510000   1.6146033e-21       1.0000000
      0.00000       3.1520000   1.5395543e-21       1.0000000
      0.00000       3.1530000   1.4680157e-21       1.0000000
      0.00000       3.1540000   1.3998225e-21       1.0000000
      0.00000       3.1550000   1.3348172e-21       1.0000000
      0.00000       3.1560000   1.2728497e-21       1.0000000
      0.00000       3.1570000   1.2137774e-21       1.0000000
      0.00000       3.1580000   1.1574639e-21       1.0000000
      0.00000       3.1590000   1.1037798e-21       1.0000000
      0.00000       3.1600000   1.0526014e-21       1.0000000
      0.00000       3.1610000   1.0038110e-21       1.0000000
      0.00000       3.1620000   9.5729652e-22       1.0000000
      0.00000       3.1630000   9.1295114e-22       1.0000000
      0.00000       3.1640000   8.7067304e-22       1.0000000
      0.00000       3.1650000   8.3036525e-22       1.0000000
      0.00000       3.1660000   7.9193537e-22       1.0000000
      0.00000       3.1670000   7.5529536e-22       1.0000000
      0.00000       3.1680000   7.2036132e-22       1.0000000
      0.00000       3.1690000   6.8705332e-22       1.0000000
      0.00000       3.1700000   6.5529520e-22       1.0000000
      0.00000       3.1710000   6.2501439e-22       1.0000000
      0.00000       3.1720000   5.9614173e-22       1.0000000
      0.00000       3.1730000   5.6861133e-22       1.0000000
      0.00000       3.1740000   5.4236038e-22       1.0000000
      0.00000       3.1750000   5.1732906e-22       1.0000000
      0.00000       3.1760000   4.9346035e-22       1.0000000
      0.00000       3.1770000   4.7069989e-22       1.0000000
      0.00000       3.1780000   4.4899592e-22       1.0000000
      0.00000       3.1790000   4.2829907e-22       1.0000000
      0.00000       3.1800000   4.0856233e-22       1.0000000
      0.00000       3.1810000   3.8974087e-22       1.0000000
      0.00000       3.1820000   3.7179199e-22       1.0000000
      0.00000       3.1830000   3.5467496e-22       1.0000000
      0.00000       3.1840000   3.3835100e-22       1.0000000
      0.00000       3.1850000   3.2278312e-22       1.0000000
      0.00000       3.1860000   3.0793610e-22       1.0000000
      0.00000       3.1870000   2.9377633e-22       1.0000000
      0.00000       3.1880000   2.8027181e-22       1.0000000
      0.00000       3.1890000   2.6739202e-22       1.0000000
      0.00000       3.1900000   2.5510787e-22       1.0000000
      0.00000       3.1910000   2.4339166e-22       1.0000000
      0.00000       3.1920000   2.3221695e-22       1.0000000
      0.00000       3.1930000   2.2155856e-22       1.0000000
      0.00000       3.1940000   2.1139249e-22       1.0000000
      0.00000       3.1950000   2.0169584e-22       1.0000000
      0.00000       3.1960000   1.9244681e-22       1.0000000
      0.00000       3.1970000   1.8362461e-22       1.0000000
      0.00000       3.1980000   1.7520940e-22       1.0000000
      0.00000       3.1990000   1.6718231e-22       1.0000000
      0.00000       3.2000000   1.5952530e-22       1.0000000
      0.00000       3.2010000   1.5222122e-22       1.0000000
      0.00000       3.2020000   1.4525369e-22       1.0000000
      0.00000       3.2030000   1.3860711e-22       1.0000000
      0.00000       3.2040000   1.3226661e-22       1.0000000
      0.00000       3.2050000   1.2621799e-22       1.0000000
      0.00000       3.2060000   1.2044773e-22       1.0000000
      0.00000       3.2070000   1.1494295e-22       1.0000000
      0.00000       3.2080000   1.0969135e-22       1.0000000
      0.00000       3.2090000   1.0468122e-22       1.0000000
      0.00000       3.2100000   9.9901374e-23       1.0000000
      0.00000       3.2110000   9.5341172e-23       1.0000000
      0.00000       3.2120000   9.0990454e-23       1.0000000
      0.00000       3.2130000   8.6839535e-23       1.0000000
      0.00000       3.2140000   8.2879182e-23       1.0000000
      0.00000       3.2150000   7.9100592e-23       1.0000000
      0.00000       3.2160000   7.5495369e-23       1.0000000
      0.00000       3.2170000   7.2055508e-23       1.0000000
      0.00000       3.2180000   6.8773378e-23       1.0000000
      0.00000       3.2190000   6.5641700e-23       1.0000000
      0.00000       3.2200000   6.2653533e-23       1.0000000
      0.00000       3.2210000   5.9802260e-23       1.0000000
      0.00000       3.2220000   5.7081570e-23       1.0000000
      0.00000       3.2230000   5.4485444e-23       1.0000000
      0.00000       3.2240000   5.2008144e-23       1.0000000
      0.00000       3.2250000   4.9644195e-23       1.0000000
      0.00000       3.2260000   4.7388380e-23       1.0000000
      0.00000       3.2270000   4.5235720e-23       1.0000000
      0.00000       3.2280000   4.3181469e-23       1.0000000
      0.00000       3.2290000   4.1221099e-23       1.0000000
      0.00000       3.2300000   3.9350293e-23       1.0000000
      0.00000       3.2310000   3.7564933e-23       1.0000000
      0.00000       3.2320000   3.5861092e-23       1.0000000
      0.00000       3.2330000   3.4235023e-23       1.0000000
      0.00000       3.2340000   3.2683156e-23       1.0000000
      0.00000       3.2350000   3.1202082e-23       1.0000000
      0.00000       3.2360000   2.9788551e-23       1.0000000
      0.00000       3.2370000   2.8439464e-23       1.0000000
      0.00000       3.2380000   2.7151865e-23       1.0000000
      0.00000       3.2390000   2.5922932e-23       1.0000000
      0.00000       3.2400000   2.4749976e-23       1.0000000
      0.00000       3.2410000   2.3630432e-23       1.0000000
      0.00000       3.2420000   2.2561852e-23       1.0000000
      0.00000       3.2430000   2.1541901e-23       1.0000000
      0.00000       3.2440000   2.0568352e-23       1.0000000
      0.00000       3.2450000   1.9639081e-23       1.0000000
      0.00000       3.2460000   1.8752061e-23       1.0000000
      0.00000       3.2470000   1.7905359e-23       1.0000000
      0.00000       3.2480000   1.7097131e-23       1.0000000
      0.00000       3.2490000   1.6325618e-23       1.0000000
      0.00000       3.2500000   1.5589141e-23       1.0000000
      0.00000       3.2510000   1.4886099e-23       1.0000000
      0.00000       3.2520000   1.4214965e-23       1.0000000
      0.00000       3.2530000   1.3574281e-23       1.0000000
      0.00000       3.2540000   1.2962657e-23       1.0000000
      0.00000       3.2550000   1.2378767e-23       1.0000000
      0.00000       3.2560000   1.1821345e-23       1.0000000
      0.00000       3.2570000   1.1289184e-23       1.0000000
      0.00000       3.2580000   1.0781131e-23       1.0000000
      0.00000       3.2590000   1.0296088e-23       1.0000000
      0.00000       3.2600000   9.8330062e-24       1.0000000
      0.00000       3.2610000   9.3908845e-24       1.0000000
      0.00000       3.2620000   8.9687685e-24       1.0000000
      0.00000       3.2630000   8.5657472e-24       1.0000000
      0.00000       3.2640000   8.1809513e-24       1.0000000
      0.00000       3.2650000   7.8135515e-24       1.0000000
      0.00000       3.2660000   7.4627563e-24       1.0000000
      0.00000       3.2670000   7.1278106e-24       1.0000000
      0.00000       3.2680000   6.8079937e-24       1.0000000
      0.00000       3.2690000   6.5026179e-24       1.0000000
      0.00000       3.2700000   6.2110271e-24       1.0000000
      0.00000       3.2710000   5.9325950e-24       1.0000000
      0.00000       3.2720000   5.6667241e-24       1.0000000
      0.00000       3.2730000   5.4128442e-24       1.0000000
      0.00000       3.2740000   5.1704109e-24       1.0000000
      0.00000       3.2750000   4.9389050e-24       1.0000000
      0.00000       3.2760000   4.7178308e-24       1.0000000
      0.00000       3.2770000   4.5067152e-24       1.0000000
      0.00000       3.2780000   4.3051069e-24       1.0000000
      0.00000       3.2790000   4.1125749e-24       1.0000000
      0.00000       3.2800000   3.9287081e-24       1.0000000
      0.00000       3.2810000   3.7531141e-24       1.0000000
      0.00000       3.2820000   3.5854182e-24       1.0000000
      0.00000       3.2830000   3.4252629e-24       1.0000000
      0.00000       3.2840000   3.2723071e-24       1.0000000
      0.00000       3.2850000   3.1262250e-24       1.0000000
      0.00000       3.2860000   2.9867059e-24       1.0000000
      0.00000       3.2870000   2.8534529e-24       1.0000000
      0.00000       3.2880000   2.7261829e-24       1.0000000
      0.00000       3.2890000   2.6046256e-24       1.0000000
      0.00000       3.2900000   2.4885228e-24       1.0000000
      0.00000       3.2910000   2.3776284e-24       1.0000000
      0.00000       3.2920000   2.2717071e-24       1.0000000
      0.00000       3.2930000   2.1705346e-24       1.0000000
      0.00000       3.2940000   2.0738966e-24       1.0000000
      0.00000       3.2950000   1.9815885e-24       1.0000000
      0.00000       3.2960000   1.8934152e-24       1.0000000
      0.00000       3.2970000   1.8091903e-24       1.0000000
      0.00000       3.2980000   1.7287358e-24       1.0000000
      0.00000       3.2990000   1.6518819e-24       1.0000000
      0.00000       3.3000000   1.5784664e-24       1.0000000
      0.00000       3.3010000   1.5083345e-24       1.0000000
      0.00000       3.3020000   1.4413385e-24       1.0000000
      0.00000       3.3030000   1.3773372e-24       1.0000000
      0.00000       3.3040000   1.3161959e-24       1.0000000
      0.00000       3.3050000   1.2577860e-24       1.0000000
      0.00000       3.3060000   1.2019847e-24       1.0000000
      0.00000       3.3070000   1.1486748e-24       1.0000000
      0.00000       3.3080000   1.0977443e-24       1.0000000
      0.00000       3.3090000   1.0490864e-24       1.0000000
      0.00000       3.3100000   1.0025990e-24       1.0000000
      0.00000       3.3110000   9.5818465e-25       1.0000000
      0.00000       3.3120000   9.1575037e-25       1.0000000
      0.00000       3.3130000   8.7520732e-25       1.0000000
      0.00000       3.3140000   8.3647065e-25       1.0000000
      0.00000       3.3150000   7.9945939e-25       1.0000000
      0.00000       3.3160000   7.6409620e-25       1.0000000
      0.00000       3.3170000   7.3030722e-25       1.0000000
      0.00000       3.3180000   6.9802193e-25       1.0000000
      0.00000       3.3190000   6.6717300e-25       1.0000000
      0.00000       3.3200000   6.3769611e-25       1.0000000
      0.00000       3.3210000   6.0952985e-25       1.0000000
      0.00000       3.3220000   5.8261559e-25       1.0000000
      0.00000       3.3230000   5.5689732e-25       1.0000000
      0.00000       3.3240000   5.3232156e-25       1.0000000
      0.00000       3.3250000   5.0883723e-25       1.0000000
      0.00000       3.3260000   4.8639555e-25       1.0000000
      0.00000       3.3270000   4.6494993e-25       1.0000000
      0.00000       3.3280000   4.4445590e-25       1.0000000
      0.00000       3.3290000   4.2487096e-25       1.0000000
      0.00000       3.3300000   4.0615452e-25       1.0000000
      0.00000       3.3310000   3.8826784e-25       1.0000000
      0.00000       3.3320000   3.7117388e-25       1.0000000
      0.00000       3.3330000   3.5483731e-25       1.0000000
      0.00000       3.3340000   3.3922433e-25       1.0000000
      0.00000       3.3350000   3.2430271e-25       1.0000000
      0.00000       3.3360000   3.1004164e-25       1.0000000
      0.00000       3.3370000   2.9641169e-25       1.0000000
      0.00000       3.3380000   2.8338475e-25       1.0000000
      0.00000       3.3390000   2.7093397e-25       1.0000000
      0.00000       3.3400000   2.5903372e-25       1.0000000
      0.00000       3.3410000   2.4765949e-25       1.0000000
      0.00000       3.3420000   2.3678789e-25       1.0000000
      0.00000       3.3430000   2.2639656e-25       1.0000000
      0.00000       3.3440000   2.1646416e-25       1.0000000
      0.00000       3.3450000   2.0697029e-25       1.0000000
      0.00000       3.3460000   1.9789546e-25       1.0000000
      0.00000       3.3470000   1.8922106e-25       1.0000000
      0.00000       3.3480000   1.8092931e-25       1.0000000
      0.00000       3.3490000   1.7300322e-25       1.0000000
      0.00000       3.3500000   1.6542657e-25       1.0000000
      0.00000       3.3510000   1.5818385e-25       1.0000000
      0.00000       3.3520000   1.5126025e-25       1.0000000
      0.00000       3.3530000   1.4464163e-25       1.0000000
      0.00000       3.3540000   1.3831446e-25       1.0000000
      0.00000       3.3550000   1.3226583e-25       1.0000000
      0.00000       3.3560000   1.2648339e-25       1.0000000
      0.00000       3.3570000   1.2095536e-25       1.0000000
      0.00000       3.3580000   1.1567048e-25       1.0000000
      0.00000       3.3590000   1.1061799e-25       1.0000000
      0.00000       3.3600000   1.0578759e-25       1.0000000
      0.00000       3.3610000   1.0116946e-25       1.0000000
      0.00000       3.3620000   9.6754229e-26       1.0000000
      0.00000       3.3630000   9.2532911e-26       1.0000000
      0.00000       3.3640000   8.8496940e-26       1.0000000
      0.00000       3.3650000   8.4638126e-26       1.0000000
      0.00000       3.3660000   8.0948644e-26       1.0000000
      0.00000       3.3670000   7.7421015e-26       1.0000000
      0.00000       3.3680000   7.4048096e-26       1.0000000
      0.00000       3.3690000   7.0823058e-26       1.0000000
      0.00000       3.3700000   6.7739376e-26       1.0000000
      0.00000       3.3710000   6.4790815e-26       1.0000000
      0.00000       3.3720000   6.1971417e-26       1.0000000
      0.00000       3.3730000   5.9275489e-26       1.0000000
      0.00000       3.3740000   5.6697588e-26       1.0000000
      0.00000       3.3750000   5.4232515e-26       1.0000000
      0.00000       3.3760000   5.1875301e-26       1.0000000
      0.00000       3.3770000   4.9621196e-26       1.0000000
      0.00000       3.3780000   4.7465661e-26       1.0000000
      0.00000       3.3790000   4.5404360e-26       1.0000000
      0.00000       3.3800000   4.3433145e-26       1.0000000
      0.00000       3.3810000   4.1548056e-26       1.0000000
      0.00000       3.3820000   3.9745305e-26       1.0000000
      0.00000       3.3830000   3.8021273e-26       1.0000000
      0.00000       3.3840000   3.6372501e-26       1.0000000
      0.00000       3.3850000   3.4795683e-26       1.0000000
      0.00000       3.3860000   3.3287659e-26       1.0000000
      0.00000       3.3870000   3.1845409e-26       1.0000000
      0.00000       3.3880000   3.0466045e-26       1.0000000
      0.00000       3.3890000   2.9146808e-26       1.0000000
      0.00000       3.3900000   2.7885060e-26       1.0000000
      0.00000       3.3910000   2.6678282e-26       1.0000000
      0.00000       3.3920000   2.5524062e-26       1.0000000
      0.00000       3.3930000   2.4420096e-26       1.0000000
      0.00000       3.3940000   2.3364184e-26       1.0000000
      0.00000       3.3950000   2.2354220e-26       1.0000000
      0.00000       3.3960000   2.1388193e-26       1.0000000
      0.00000       3.3970000   2.0464177e-26       1.0000000
      0.00000       3.3980000   1.9580336e-26       1.0000000
      0.00000       3.3990000   1.8734911e-26       1.0000000
      0.00000       3.4000000   1.7926222e-26       1.0000000
      0.00000       3.4010000   1.7152662e-26       1.0000000
      0.00000       3.4020000   1.6412696e-26       1.0000000
      0.00000       3.4030000   1.5704856e-26       1.0000000
      0.00000       3.4040000   1.5027738e-26       1.0000000
      0.00000       3.4050000   1.4380000e-26       1.0000000
      0.00000       3.4060000   1.3760359e-26       1.0000000
      0.00000       3.4070000   1.3167590e-26       1.0000000
      0.00000       3.4080000   1.2600518e-26       1.0000000
      0.00000       3.4090000   1.2058024e-26       1.0000000
      0.00000       3.4100000   1.1539035e-26       1.0000000
      0.00000       3.4110000   1.1042525e-26       1.0000000
      0.00000       3.4120000   1.0567517e-26       1.0000000
      0.00000       3.4130000   1.0113072e-26       1.0000000
      0.00000       3.4140000   9.6782939e-27       1.0000000
      0.00000       3.4150000   9.2623272e-27       1.0000000
      0.00000       3.4160000   8.8643525e-27       1.0000000
      0.00000       3.4170000   8.4835867e-27       1.0000000
      0.00000       3.4180000   8.1192808e-27       1.0000000
      0.00000       3.4190000   7.7707190e-27       1.0000000
      0.00000       3.4200000   7.4372163e-27       1.0000000
      0.00000       3.4210000   7.1181182e-27       1.0000000
      0.00000       3.4220000   6.8127984e-27       1.0000000
      0.00000       3.4230000   6.5206584e-27       1.0000000
      0.00000       3.4240000   6.2411256e-27       1.0000000
      0.00000       3.4250000   5.9736524e-27       1.0000000
      0.00000       3.4260000   5.7177153e-27       1.0000000
      0.00000       3.4270000   5.4728136e-27       1.0000000
      0.00000       3.4280000   5.2384685e-27       1.0000000
      0.00000       3.4290000   5.0142220e-27       1.0000000
      0.00000       3.4300000   4.7996361e-27       1.0000000
      0.00000       3.4310000   4.5942922e-27       1.0000000
      0.00000       3.4320000   4.3977896e-27       1.0000000
      0.00000       3.4330000   4.2097452e-27       1.0000000
      0.00000       3.4340000   4.0297926e-27       1.0000000
      0.00000       3.4350000   3.8575815e-27       1.0000000
      0.00000       3.4360000   3.6927767e-27       1.0000000
      0.00000       3.4370000   3.5350577e-27       1.0000000
      0.00000       3.4380000   3.3841178e-27       1.0000000
      0.00000       3.4390000   3.2396638e-27       1.0000000
      0.00000       3.4400000   3.1014154e-27       1.0000000
      0.00000       3.4410000   2.9691041e-27       1.0000000
      0.00000       3.4420000   2.8424735e-27       1.0000000
      0.00000       3.4430000   2.7212780e-27       1.0000000
      0.00000       3.4440000   2.6052830e-27       1.0000000
      0.00000       3.4450000   2.4942638e-27       1.0000000
      0.00000       3.4460000   2.3880057e-27       1.0000000
      0.00000       3.4470000   2.2863031e-27       1.0000000
      0.00000       3.4480000   2.1889596e-27       1.0000000
      0.00000       3.4490000   2.0957871e-27       1.0000000
      0.00000       3.4500000   2.0066058e-27       1.0000000
      0.00000       3.4510000   1.9212436e-27       1.0000000
      0.00000       3.4520000   1.8395359e-27       1.0000000
      0.00000       3.4530000   1.7613253e-27       1.0000000
      0.00000       3.4540000   1.6864611e-27       1.0000000
      0.00000       3.4550000   1.6147993e-27       1.0000000
      0.00000       3.4560000   1.5462021e-27       1.0000000
      0.00000       3.4570000   1.4805374e-27       1.0000000
      0.00000       3.4580000   1.4176792e-27       1.0000000
      0.00000       3.4590000   1.3575068e-27       1.0000000
      0.00000       3.4600000   1.2999047e-27       1.0000000
      0.00000       3.4610000   1.2447623e-27       1.0000000
      0.00000       3.4620000   1.1919740e-27       1.0000000
      0.00000       3.4630000   1.1414387e-27       1.0000000
      0.00000       3.4640000   1.0930595e-27       1.0000000
      0.00000       3.4650000   1.0467440e-27       1.0000000
      0.00000       3.4660000   1.0024035e-27       1.0000000
      0.00000       3.4670000   9.5995323e-28       1.0000000
      0.00000       3.4680000   9.1931215e-28       1.0000000
      0.00000       3.4690000   8.8040266e-28       1.0000000
      0.00000       3.4700000   8.4315050e-28       1.0000000
      0.00000       3.4710000   8.0748464e-28       1.0000000
      0.00000       3.4720000   7.7333710e-28       1.0000000
      0.00000       3.4730000   7.4064283e-28       1.0000000
      0.00000       3.4740000   7.0933960e-28       1.0000000
      0.00000       3.4750000   6.7936784e-28       1.0000000
      0.00000       3.4760000   6.5067056e-28       1.0000000
      0.00000       3.4770000   6.2319322e-28       1.0000000
      0.00000       3.4780000   5.9688363e-28       1.0000000
      0.00000       3.4790000   5.7169186e-28       1.0000000
      0.00000       3.4800000   5.4757011e-28       1.0000000
      0.00000       3.4810000   5.2447263e-28       1.0000000
      0.00000       3.4820000   5.0235567e-28       1.0000000
      0.00000       3.4830000   4.8117732e-28       1.0000000
      0.00000       3.4840000   4.6089752e-28       1.0000000
      0.00000       3.4850000   4.4147789e-28       1.0000000
      0.00000       3.4860000   4.2288171e-28       1.0000000
      0.00000       3.4870000   4.0507386e-28       1.0000000
      0.00000       3.4880000   3.8802069e-28       1.0000000
      0.00000       3.4890000   3.7169002e-28       1.0000000
      0.00000       3.4900000   3.5605106e-28       1.0000000
      0.00000       3.4910000   3.4107430e-28       1.0000000
      0.00000       3.4920000   3.2673155e-28       1.0000000
      0.00000       3.4930000   3.1299578e-28       1.0000000
      0.00000       3.4940000   2.9984114e-28       1.0000000
      0.00000       3.4950000   2.8724290e-28       1.0000000
      0.00000       3.4960000   2.7517738e-28       1.0000000
      0.00000       3.4970000   2.6362189e-28       1.0000000
      0.00000       3.4980000   2.5255476e-28       1.0000000
      0.00000       3.4990000   2.4195519e-28       1.0000000
      0.00000       3.5000000   2.3180333e-28       1.0000000
      0.00000       3.5010000   2.2208013e-28       1.0000000
      0.00000       3.5020000   2.1276739e-28       1.0000000
      0.00000       3.5030000   2.0384766e-28       1.0000000
      0.00000       3.5040000   1.9530425e-28       1.0000000
      0.00000       3.5050000   1.8712119e-28       1.0000000
      0.00000       3.5060000   1.7928318e-28       1.0000000
      0.00000       3.5070000   1.7177559e-28       1.0000000
      0.00000       3.5080000   1.6458438e-28       1.0000000
      0.00000       3.5090000   1.5769615e-28       1.0000000
      0.00000       3.5100000   1.5109805e-28       1.0000000
      0.00000       3.5110000   1.4477778e-28       1.0000000
      0.00000       3.5120000   1.3872356e-28       1.0000000
      0.00000       3.5130000   1.3292414e-28       1.0000000
      0.00000       3.5140000   1.2736871e-28       1.0000000
      0.00000       3.5150000   1.2204695e-28       1.0000000
      0.00000       3.5160000   1.1694896e-28       1.0000000
      0.00000       3.5170000   1.1206528e-28       1.0000000
      0.00000       3.5180000   1.0738684e-28       1.0000000
      0.00000       3.5190000   1.0290496e-28       1.0000000
      0.00000       3.5200000   9.8611326e-29       1.0000000
      0.00000       3.5210000   9.4497988e-29       1.0000000
      0.00000       3.5220000   9.0557323e-29       1.0000000
      0.00000       3.5230000   8.6782038e-29       1.0000000
      0.00000       3.5240000   8.3165147e-29       1.0000000
      0.00000       3.5250000   7.9699963e-29       1.0000000
      0.00000       3.5260000   7.6380083e-29       1.0000000
      0.00000       3.5270000   7.3199375e-29       1.0000000
      0.00000       3.5280000   7.0151967e-29       1.0000000
      0.00000       3.5290000   6.7232238e-29       1.0000000
      0.00000       3.5300000   6.4434804e-29       1.0000000
      0.00000       3.5310000   6.1754511e-29       1.0000000
      0.00000       3.5320000   5.9186422e-29       1.0000000
      0.00000       3.5330000   5.6725810e-29       1.0000000
      0.00000       3.5340000   5.4368149e-29       1.0000000
      0.00000       3.5350000   5.2109104e-29       1.0000000
      0.00000       3.5360000   4.9944523e-29       1.0000000
      0.00000       3.5370000   4.7870432e-29       1.0000000
      0.00000       3.5380000   4.5883024e-29       1.0000000
      0.00000       3.5390000   4.3978653e-29       1.0000000
      0.00000       3.5400000   4.2153828e-29       1.0000000
      0.00000       3.5410000   4.0405204e-29       1.0000000
      0.00000       3.5420000   3.8729581e-29       1.0000000
      0.00000       3.5430000   3.7123890e-29       1.0000000
      0.00000       3.5440000   3.5585194e-29       1.0000000
      0.00000       3.5450000   3.4110681e-29       1.0000000
      0.00000       3.5460000   3.2697657e-29       1.0000000
      0.00000       3.5470000   3.1343540e-29       1.0000000
      0.00000       3.5480000   3.0045861e-29       1.0000000
      0.00000       3.5490000   2.8802250e-29       1.0000000
      0.00000       3.5500000   2.7610442e-29       1.0000000
      0.00000       3.5510000   2.6468265e-29       1.0000000
      0.00000       3.5520000   2.5373639e-29       1.0000000
      0.00000       3.5530000   2.4324571e-29       1.0000000
      0.00000       3.5540000   2.3319155e-29       1.0000000
      0.00000       3.5550000   2.2355560e-29       1.0000000
      0.00000       3.5560000   2.1432038e-29       1.0000000
      0.00000       3.5570000   2.0546911e-29       1.0000000
      0.00000       3.5580000   1.9698573e-29       1.0000000
      0.00000       3.5590000   1.8885484e-29       1.0000000
      0.00000       3.5600000   1.8106171e-29       1.0000000
      0.00000       3.5610000   1.7359223e-29       1.0000000
      0.00000       3.5620000   1.6643285e-29       1.0000000
      0.00000       3.5630000   1.5957063e-29       1.0000000
      0.00000       3.5640000   1.5299316e-29       1.0000000
      0.00000       3.5650000   1.4668854e-29       1.0000000
      0.00000       3.5660000   1.4064539e-29       1.0000000
      0.00000       3.5670000   1.3485279e-29       1.0000000
      0.00000       3.5680000   1.2930028e-29       1.0000000
      0.00000       3.5690000   1.2397786e-29       1.0000000
      0.00000       3.5700000   1.1887592e-29       1.0000000
      0.00000       3.5710000   1.1398529e-29       1.0000000
      0.00000       3.5720000   1.0929714e-29       1.0000000
      0.00000       3.5730000   1.0480304e-29       1.0000000
      0.00000       3.5740000   1.0049492e-29       1.0000000
      0.00000       3.5750000   9.6365017e-30       1.0000000
      0.00000       3.5760000   9.2405922e-30       1.0000000
      0.00000       3.5770000   8.8610523e-30       1.0000000
      0.00000       3.5780000   8.4972009e-30       1.0000000
      0.00000       3.5790000   8.1483854e-30       1.0000000
      0.00000       3.5800000   7.8139805e-30       1.0000000
      0.00000       3.5810000   7.4933871e-30       1.0000000
      0.00000       3.5820000   7.1860311e-30       1.0000000
      0.00000       3.5830000   6.8913625e-30       1.0000000
      0.00000       3.5840000   6.6088542e-30       1.0000000
      0.00000       3.5850000   6.3380013e-30       1.0000000
      0.00000       3.5860000   6.0783197e-30       1.0000000
      0.00000       3.5870000   5.8293458e-30       1.0000000
      0.00000       3.5880000   5.5906353e-30       1.0000000
      0.00000       3.5890000   5.3617625e-30       1.0000000
      0.00000       3.5900000   5.1423192e-30       1.0000000
      0.00000       3.5910000   4.9319147e-30       1.0000000
      0.00000       3.5920000   4.7301741e-30       1.0000000
      0.00000       3.5930000   4.5367384e-30       1.0000000
      0.00000       3.5940000   4.3512637e-30       1.0000000
      0.00000       3.5950000   4.1734202e-30       1.0000000
      0.00000       3.5960000   4.0028919e-30       1.0000000
      0.00000       3.5970000   3.8393760e-30       1.0000000
      0.00000       3.5980000   3.6825824e-30       1.0000000
      0.00000       3.5990000   3.5322328e-30       1.0000000
      0.00000       3.6000000   3.3880609e-30       1.0000000
      0.00000       3.6010000   3.2498111e-30       1.0000000
      0.00000       3.6020000   3.1172386e-30       1.0000000
      0.00000       3.6030000   2.9901089e-30       1.0000000
      0.00000       3.6040000   2.8681970e-30       1.0000000
      0.00000       3.6050000   2.7512874e-30       1.0000000
      0.00000       3.6060000   2.6391736e-30       1.0000000
      0.00000       3.6070000   2.5316576e-30       1.0000000
      0.00000       3.6080000   2.4285497e-30       1.0000000
      0.00000       3.6090000   2.3296679e-30       1.0000000
      0.00000       3.6100000   2.2348379e-30       1.0000000
      0.00000       3.6110000   2.1438928e-30       1.0000000
      0.00000       3.6120000   2.0566722e-30       1.0000000
      0.00000       3.6130000   1.9730227e-30       1.0000000
      0.00000       3.6140000   1.8927972e-30       1.0000000
      0.00000       3.6150000   1.8158546e-30       1.0000000
      0.00000       3.6160000   1.7420598e-30       1.0000000
      0.00000       3.6170000   1.6712830e-30       1.0000000
      0.00000       3.6180000   1.6034002e-30       1.0000000
      0.00000       3.6190000   1.5382923e-30       1.0000000
      0.00000       3.6200000   1.4758450e-30       1.0000000
      0.00000       3.6210000   1.4159490e-30       1.0000000
      0.00000       3.6220000   1.3584993e-30       1.0000000
      0.00000       3.6230000   1.3033955e-30       1.0000000
      0.00000       3.6240000   1.2505411e-30       1.0000000
      0.00000       3.6250000   1.1998437e-30       1.0000000
      0.00000       3.6260000   1.1512148e-30       1.0000000
      0.00000       3.6270000   1.1045693e-30       1.0000000
      0.00000       3.6280000   1.0598260e-30       1.0000000
      0.00000       3.6290000   1.0169067e-30       1.0000000
      0.00000       3.6300000   9.7573653e-31       1.0000000
      0.00000       3.6310000   9.3624386e-31       1.0000000
      0.00000       3.6320000   8.9835987e-31       1.0000000
      0.00000       3.6330000   8.6201861e-31       1.0000000
      0.00000       3.6340000   8.2715686e-31       1.0000000
      0.00000       3.6350000   7.9371400e-31       1.0000000
      0.00000       3.6360000   7.6163192e-31       1.0000000
      0.00000       3.6370000   7.3085490e-31       1.0000000
      0.00000       3.6380000   7.0132951e-31       1.0000000
      0.00000       3.6390000   6.7300452e-31       1.0000000
      0.00000       3.6400000   6.4583083e-31       1.0000000
      0.00000       3.6410000   6.1976134e-31       1.0000000
      0.00000       3.6420000   5.9475089e-31       1.0000000
      0.00000       3.6430000   5.7075620e-31       1.0000000
      0.00000       3.6440000   5.4773574e-31       1.0000000
      0.00000       3.6450000   5.2564970e-31       1.0000000
      0.00000       3.6460000   5.0445993e-31       1.0000000
      0.00000       3.6470000   4.8412981e-31       1.0000000
      0.00000       3.6480000   4.6462425e-31       1.0000000
      0.00000       3.6490000   4.4590959e-31       1.0000000
      0.00000       3.6500000   4.2795357e-31       1.0000000
      0.00000       3.6510000   4.1072523e-31       1.0000000
      0.00000       3.6520000   3.9419489e-31       1.0000000
      0.00000       3.6530000   3.7833410e-31       1.0000000
      0.00000       3.6540000   3.6311557e-31       1.0000000
      0.00000       3.6550000   3.4851312e-31       1.0000000
      0.00000       3.6560000   3.3450165e-31       1.0000000
      0.00000       3.6570000   3.2105709e-31       1.0000000
      0.00000       3.6580000   3.0815637e-31       1.0000000
      0.00000       3.6590000   2.9577734e-31       1.0000000
      0.00000       3.6600000   2.8389877e-31       1.0000000
      0.00000       3.6610000   2.7250030e-31       1.0000000
      0.00000       3.6620000   2.6156241e-31       1.0000000
      0.00000       3.6630000   2.5106636e-31       1.0000000
      0.00000       3.6640000   2.4099419e-31       1.0000000
      0.00000       3.6650000   2.3132868e-31       1.0000000
      0.00000       3.6660000   2.2205330e-31       1.0000000
      0.00000       3.6670000   2.1315220e-31       1.0000000
      0.00000       3.6680000   2.0461020e-31       1.0000000
      0.00000       3.6690000   1.9641270e-31       1.0000000
      0.00000       3.6700000   1.8854572e-31       1.0000000
      0.00000       3.6710000   1.8099586e-31       1.0000000
      0.00000       3.6720000   1.7375025e-31       1.0000000
      0.00000       3.6730000   1.6679655e-31       1.0000000
      0.00000       3.6740000   1.6012293e-31       1.0000000
      0.00000       3.6750000   1.5371803e-31       1.0000000
      0.00000       3.6760000   1.4757096e-31       1.0000000
      0.00000       3.6770000   1.4167129e-31       1.0000000
      0.00000       3.6780000   1.3600898e-31       1.0000000
      0.00000       3.6790000   1.3057443e-31       1.0000000
      0.00000       3.6800000   1.2535842e-31       1.0000000
      0.00000       3.6810000   1.2035211e-31       1.0000000
      0.00000       3.6820000   1.1554701e-31       1.0000000
      0.00000       3.6830000   1.1093498e-31       1.0000000
      0.00000       3.6840000   1.0650821e-31       1.0000000
      0.00000       3.6850000   1.0225922e-31       1.0000000
      0.00000       3.6860000   9.8180828e-32       1.0000000
      0.00000       3.6870000   9.4266131e-32       1.0000000
      0.00000       3.6880000   9.0508520e-32       1.0000000
      0.00000       3.6890000   8.6901653e-32       1.0000000
      0.00000       3.6900000   8.3439443e-32       1.0000000
      0.00000       3.6910000   8.0116052e-32       1.0000000
      0.00000       3.6920000   7.6925879e-32       1.0000000
      0.00000       3.6930000   7.3863550e-32       1.0000000
      0.00000       3.6940000   7.0923908e-32       1.0000000
      0.00000       3.6950000   6.8102007e-32       1.0000000
      0.00000       3.6960000   6.5393102e-32       1.0000000
      0.00000       3.6970000   6.2792639e-32       1.0000000
      0.00000       3.6980000   6.0296249e-32       1.0000000
      0.00000       3.6990000   5.7899741e-32       1.0000000
      0.00000       3.7000000   5.5599094e-32       1.0000000
      0.00000       3.7010000   5.3390447e-32       1.0000000
      0.00000       3.7020000   5.1270099e-32       1.0000000
      0.00000       3.7030000   4.9234498e-32       1.0000000
      0.00000       3.7040000   4.7280234e-32       1.0000000
      0.00000       3.7050000   4.5404038e-32       1.0000000
      0.00000       3.7060000   4.3602769e-32       1.0000000
      0.00000       3.7070000   4.1873418e-32       1.0000000
      0.00000       3.7080000   4.0213095e-32       1.0000000
      0.00000       3.7090000   3.8619027e-32       1.0000000
      0.00000       3.7100000   3.7088552e-32       1.0000000
      0.00000       3.7110000   3.5619119e-32       1.0000000
      0.00000       3.7120000   3.4208276e-32       1.0000000
      0.00000       3.7130000   3.2853674e-32       1.0000000
      0.00000       3.7140000   3.1553055e-32       1.0000000
      0.00000       3.7150000   3.0304255e-32       1.0000000
      0.00000       3.7160000   2.9105196e-32       1.0000000
      0.00000       3.7170000   2.7953884e-32       1.0000000
      0.00000       3.7180000   2.6848406e-32       1.0000000
      0.00000       3.7190000   2.5786926e-32       1.0000000
      0.00000       3.7200000   2.4767681e-32       1.0000000
      0.00000       3.7210000   2.3788980e-32       1.0000000
      0.00000       3.7220000   2.2849200e-32       1.0000000
      0.00000       3.7230000   2.1946784e-32       1.0000000
      0.00000       3.7240000   2.1080236e-32       1.0000000
      0.00000       3.7250000   2.0248122e-32       1.0000000
      0.00000       3.7260000   1.9449065e-32       1.0000000
      0.00000       3.7270000   1.8681744e-32       1.0000000
      0.00000       3.7280000   1.7944889e-32       1.0000000
      0.00000       3.7290000   1.7237283e-32       1.0000000
      0.00000       3.7300000   1.6557759e-32       1.0000000
      0.00000       3.7310000   1.5905194e-32       1.0000000
      0.00000       3.7320000   1.5278512e-32       1.0000000
      0.00000       3.7330000   1.4676680e-32       1.0000000
      0.00000       3.7340000   1.4098707e-32       1.0000000
      0.00000       3.7350000   1.3543640e-32       1.0000000
      0.00000       3.7360000   1.3010566e-32       1.0000000
      0.00000       3.7370000   1.2498608e-32       1.0000000
      0.00000       3.7380000   1.2006924e-32       1.0000000
      0.00000       3.7390000   1.1534706e-32       1.0000000
      0.00000       3.7400000   1.1081180e-32       1.0000000
      0.00000       3.7410000   1.0645599e-32       1.0000000
      0.00000       3.7420000   1.0227249e-32       1.0000000
      0.00000       3.7430000   9.8254456e-33       1.0000000
      0.00000       3.7440000   9.4395287e-33       1.0000000
      0.00000       3.7450000   9.0688667e-33       1.0000000
      0.00000       3.7460000   8.7128526e-33       1.0000000
      0.00000       3.7470000   8.3709039e-33       1.0000000
      0.00000       3.7480000   8.0424615e-33       1.0000000
      0.00000       3.7490000   7.7269884e-33       1.0000000
      0.00000       3.7500000   7.4239692e-33       1.0000000
      0.00000       3.7510000   7.1329093e-33       1.0000000
      0.00000       3.7520000   6.8533335e-33       1.0000000
      0.00000       3.7530000   6.5847859e-33       1.0000000
      0.00000       3.7540000   6.3268287e-33       1.0000000
      0.00000       3.7550000   6.0790417e-33       1.0000000
      0.00000       3.7560000   5.8410212e-33       1.0000000
      0.00000       3.7570000   5.6123799e-33       1.0000000
      0.00000       3.7580000   5.3927459e-33       1.0000000
      0.00000       3.7590000   5.1817620e-33       1.0000000
      0.00000       3.7600000   4.9790855e-33       1.0000000
      0.00000       3.7610000   4.7843871e-33       1.0000000
      0.00000       3.7620000   4.5973508e-33       1.0000000
      0.00000       3.7630000   4.4176731e-33       1.0000000
      0.00000       3.7640000   4.2450627e-33       1.0000000
      0.00000       3.7650000   4.0792398e-33       1.0000000
      0.00000       3.7660000   3.9199359e-33       1.0000000
      0.00000       3.7670000   3.7668931e-33       1.0000000
      0.00000       3.7680000   3.6198636e-33       1.0000000
      0.00000       3.7690000   3.4786097e-33       1.0000000
      0.00000       3.7700000   3.3429031e-33       1.0000000
      0.00000       3.7710000   3.2125246e-33       1.0000000
      0.00000       3.7720000   3.0872636e-33       1.0000000
      0.00000       3.7730000   2.9669180e-33       1.0000000
      0.00000       3.7740000   2.8512937e-33       1.0000000
      0.00000       3.7750000   2.7402042e-33       1.0000000
      0.00000       3.7760000   2.6334706e-33       1.0000000
      0.00000       3.7770000   2.5309210e-33       1.0000000
      0.00000       3.7780000   2.4323904e-33       1.0000000
      0.00000       3.7790000   2.3377202e-33       1.0000000
      0.00000       3.7800000   2.2467583e-33       1.0000000
      0.00000       3.7810000   2.1593583e-33       1.0000000
      0.00000       3.7820000   2.0753801e-33       1.0000000
      0.00000       3.7830000   1.9946887e-33       1.0000000
      0.00000       3.7840000   1.9171547e-33       1.0000000
      0.00000       3.7850000   1.8426538e-33       1.0000000
      0.00000       3.7860000   1.7710665e-33       1.0000000
      0.00000       3.7870000   1.7022783e-33       1.0000000
      0.00000       3.7880000   1.6361788e-33       1.0000000
      0.00000       3.7890000   1.5726625e-33       1.0000000
      0.00000       3.7900000   1.5116276e-33       1.0000000
      0.00000       3.7910000   1.4529767e-33       1.0000000
      0.00000       3.7920000   1.3966160e-33       1.0000000
      0.00000       3.7930000   1.3424556e-33       1.0000000
      0.00000       3.7940000   1.2904089e-33       1.0000000
      0.00000       3.7950000   1.2403929e-33       1.0000000
      0.00000       3.7960000   1.1923280e-33       1.0000000
      0.00000       3.7970000   1.1461376e-33       1.0000000
      0.00000       3.7980000   1.1017480e-33       1.0000000
      0.00000       3.7990000   1.0590886e-33       1.0000000
      0.00000       3.8000000   1.0180915e-33       1.0000000
      0.00000       3.8010000   9.7869165e-34       1.0000000
      0.00000       3.8020000   9.4082628e-34       1.0000000
      0.00000       3.8030000   9.0443531e-34       1.0000000
      0.00000       3.8040000   8.6946095e-34       1.0000000
      0.00000       3.8050000   8.3584771e-34       1.0000000
      0.00000       3.8060000   8.0354227e-34       1.0000000
      0.00000       3.8070000   7.7249344e-34       1.0000000
      0.00000       3.8080000   7.4265202e-34       1.0000000
      0.00000       3.8090000   7.1397075e-34       1.0000000
      0.00000       3.8100000   6.8640426e-34       1.0000000
      0.00000       3.8110000   6.5990893e-34       1.0000000
      0.00000       3.8120000   6.3444288e-34       1.0000000
      0.00000       3.8130000   6.0996586e-34       1.0000000
      0.00000       3.8140000   5.8643923e-34       1.0000000
      0.00000       3.8150000   5.6382584e-34       1.0000000
      0.00000       3.8160000   5.4209003e-34       1.0000000
      0.00000       3.8170000   5.2119751e-34       1.0000000
      0.00000       3.8180000   5.0111536e-34       1.0000000
      0.00000       3.8190000   4.8181195e-34       1.0000000
      0.00000       3.8200000   4.6325689e-34       1.0000000
      0.00000       3.8210000   4.4542098e-34       1.0000000
      0.00000       3.8220000   4.2827617e-34       1.0000000
      0.00000       3.8230000   4.1179552e-34       1.0000000
      0.00000       3.8240000   3.9595313e-34       1.0000000
      0.00000       3.8250000   3.8072413e-34       1.0000000
      0.00000       3.8260000   3.6608461e-34       1.0000000
      0.00000       3.8270000   3.5201161e-34       1.0000000
      0.00000       3.8280000   3.3848307e-34       1.0000000
      0.00000       3.8290000   3.2547780e-34       1.0000000
      0.00000       3.8300000   3.1297542e-34       1.0000000
      0.00000       3.8310000   3.0095636e-34       1.0000000
      0.00000       3.8320000   2.8940182e-34       1.0000000
      0.00000       3.8330000   2.7829374e-34       1.0000000
      0.00000       3.8340000   2.6761475e-34       1.0000000
      0.00000       3.8350000   2.5734817e-34       1.0000000
      0.00000       3.8360000   2.4747797e-34       1.0000000
      0.00000       3.8370000   2.3798876e-34       1.0000000
      0.00000       3.8380000   2.2886573e-34       1.0000000
      0.00000       3.8390000   2.2009466e-34       1.0000000
      0.00000       3.8400000   2.1166189e-34       1.0000000
      0.00000       3.8410000   2.0355428e-34       1.0000000
      0.00000       3.8420000   1.9575923e-34       1.0000000
      0.00000       3.8430000   1.8826459e-34       1.0000000
      0.00000       3.8440000   1.8105873e-34       1.0000000
      0.00000       3.8450000   1.7413044e-34       1.0000000
      0.00000       3.8460000   1.6746896e-34       1.0000000
      0.00000       3.8470000   1.6106396e-34       1.0000000
      0.00000       3.8480000   1.5490549e-34       1.0000000
      0.00000       3.8490000   1.4898401e-34       1.0000000
      0.00000       3.8500000   1.4329033e-34       1.0000000
      0.00000       3.8510000   1.3781565e-34       1.0000000
      0.00000       3.8520000   1.3255147e-34       1.0000000
      0.00000       3.8530000   1.2748966e-34       1.0000000
      0.00000       3.8540000   1.2262239e-34       1.0000000
      0.00000       3.8550000   1.1794213e-34       1.0000000
      0.00000       3.8560000   1.1344165e-34       1.0000000
      0.00000       3.8570000   1.0911400e-34       1.0000000
      0.00000       3.8580000   1.0495251e-34       1.0000000
      0.00000       3.8590000   1.0095075e-34       1.0000000
      0.00000       3.8600000   9.7102547e-35       1.0000000
      0.00000       3.8610000   9.3401979e-35       1.0000000
      0.00000       3.8620000   8.9843343e-35       1.0000000
      0.00000       3.8630000   8.6421162e-35       1.0000000
      0.00000       3.8640000   8.3130168e-35       1.0000000
      0.00000       3.8650000   7.9965302e-35       1.0000000
      0.00000       3.8660000   7.6921699e-35       1.0000000
      0.00000       3.8670000   7.3994682e-35       1.0000000
      0.00000       3.8680000   7.1179758e-35       1.0000000
      0.00000       3.8690000   6.8472607e-35       1.0000000
      0.00000       3.8700000   6.5869076e-35       1.0000000
      0.00000       3.8710000   6.3365173e-35       1.0000000
      0.00000       3.8720000   6.0957062e-35       1.0000000
      0.00000       3.8730000   5.8641055e-35       1.0000000
      0.00000       3.8740000   5.6413606e-35       1.0000000
      0.00000       3.8750000   5.4271309e-35       1.0000000
      0.00000       3.8760000   5.2210886e-35       1.0000000
      0.00000       3.8770000   5.0229190e-35       1.0000000
      0.00000       3.8780000   4.8323192e-35       1.0000000
      0.00000       3.8790000   4.6489982e-35       1.0000000
      0.00000       3.8800000   4.4726764e-35       1.0000000
      0.00000       3.8810000   4.3030849e-35       1.0000000
      0.00000       3.8820000   4.1399649e-35       1.0000000
      0.00000       3.8830000   3.9830682e-35       1.0000000
      0.00000       3.8840000   3.8321556e-35       1.0000000
      0.00000       3.8850000   3.6869976e-35       1.0000000
      0.00000       3.8860000   3.5473732e-35       1.0000000
      0.00000       3.8870000   3.4130702e-35       1.0000000
      0.00000       3.8880000   3.2838846e-35       1.0000000
      0.00000       3.8890000   3.1596200e-35       1.0000000
      0.00000       3.8900000   3.0400878e-35       1.0000000
      0.00000       3.8910000   2.9251066e-35       1.0000000
      0.00000       3.8920000   2.8145021e-35       1.0000000
      0.00000       3.8930000   2.7081067e-35       1.0000000
      0.00000       3.8940000   2.6057590e-35       1.0000000
      0.00000       3.8950000   2.5073042e-35       1.0000000
      0.00000       3.8960000   2.4125932e-35       1.0000000
      0.00000       3.8970000   2.3214827e-35       1.0000000
      0.00000       3.8980000   2.2338351e-35       1.0000000
      0.00000       3.8990000   2.1495178e-35       1.0000000
      0.00000       3.9000000   2.0684035e-35       1.0000000
      0.00000       3.9010000   1.9903698e-35       1.0000000
      0.00000       3.9020000   1.9152989e-35       1.0000000
      0.00000       3.9030000   1.8430776e-35       1.0000000
      0.00000       3.9040000   1.7735971e-35       1.0000000
      0.00000       3.9050000   1.7067527e-35       1.0000000
      0.00000       3.9060000   1.6424437e-35       1.0000000
      0.00000       3.9070000   1.5805733e-35       1.0000000
      0.00000       3.9080000   1.5210485e-35       1.0000000
      0.00000       3.9090000   1.4637798e-35       1.0000000
      0.00000       3.9100000   1.4086812e-35       1.0000000
      0.00000       3.9110000   1.3556698e-35       1.0000000
      0.00000       3.9120000   1.3046662e-35       1.0000000
      0.00000       3.9130000   1.2555937e-35       1.0000000
      0.00000       3.9140000   1.2083789e-35       1.0000000
      0.00000       3.9150000   1.1629509e-35       1.0000000
      0.00000       3.9160000   1.1192416e-35       1.0000000
      0.00000       3.9170000   1.0771857e-35       1.0000000
      0.00000       3.9180000   1.0367202e-35       1.0000000
      0.00000       3.9190000   9.9778461e-36       1.0000000
      0.00000       3.9200000   9.6032065e-36       1.0000000
      0.00000       3.9210000   9.2427238e-36       1.0000000
      0.00000       3.9220000   8.8958596e-36       1.0000000
      0.00000       3.9230000   8.5620962e-36       1.0000000
      0.00000       3.9240000   8.2409355e-36       1.0000000
      0.00000       3.9250000   7.9318987e-36       1.0000000
      0.00000       3.9260000   7.6345252e-36       1.0000000
      0.00000       3.9270000   7.3483720e-36       1.0000000
      0.00000       3.9280000   7.0730130e-36       1.0000000
      0.00000       3.9290000   6.8080384e-36       1.0000000
      0.00000       3.9300000   6.5530543e-36       1.0000000
      0.00000       3.9310000   6.3076814e-36       1.0000000
      0.00000       3.9320000   6.0715552e-36       1.0000000
      0.00000       3.9330000   5.8443250e-36       1.0000000
      0.00000       3.9340000   5.6256536e-36       1.0000000
      0.00000       3.9350000   5.4152164e-36       1.0000000
      0.00000       3.9360000   5.2127015e-36       1.0000000
      0.00000       3.9370000   5.0178087e-36       1.0000000
      0.00000       3.9380000   4.8302494e-36       1.0000000
      0.00000       3.9390000   4.6497457e-36       1.0000000
      0.00000       3.9400000   4.4760306e-36       1.0000000
      0.00000       3.9410000   4.3088472e-36       1.0000000
      0.00000       3.9420000   4.1479483e-36       1.0000000
      0.00000       3.9430000   3.9930961e-36       1.0000000
      0.00000       3.9440000   3.8440620e-36       1.0000000
      0.00000       3.9450000   3.7006259e-36       1.0000000
      0.00000       3.9460000   3.5625764e-36       1.0000000
      0.00000       3.9470000   3.4297097e-36       1.0000000
      0.00000       3.9480000   3.3018301e-36       1.0000000
      0.00000       3.9490000   3.1787492e-36       1.0000000
      0.00000       3.9500000   3.0602857e-36       1.0000000
      0.00000       3.9510000   2.9462654e-36       1.0000000
      0.00000       3.9520000   2.8365205e-36       1.0000000
      0.00000       3.9530000   2.7308898e-36       1.0000000
      0.00000       3.9540000   2.6292179e-36       1.0000000
      0.00000       3.9550000   2.5313555e-36       1.0000000
      0.00000       3.9560000   2.4371591e-36       1.0000000
      0.00000       3.9570000   2.3464904e-36       1.0000000
      0.00000       3.9580000   2.2592164e-36       1.0000000
      0.00000       3.9590000   2.1752093e-36       1.0000000
      0.00000       3.9600000   2.0943460e-36       1.0000000
      0.00000       3.9610000   2.0165081e-36       1.0000000
      0.00000       3.9620000   1.9415816e-36       1.0000000
      0.00000       3.9630000   1.8694570e-36       1.0000000
      0.00000       3.9640000   1.8000288e-36       1.0000000
      0.00000       3.9650000   1.7331956e-36       1.0000000
      0.00000       3.9660000   1.6688598e-36       1.0000000
      0.00000       3.9670000   1.6069274e-36       1.0000000
      0.00000       3.9680000   1.5473081e-36       1.0000000
      0.00000       3.9690000   1.4899150e-36       1.0000000
      0.00000       3.9700000   1.4346644e-36       1.0000000
      0.00000       3.9710000   1.3814757e-36       1.0000000
      0.00000       3.9720000   1.3302717e-36       1.0000000
      0.00000       3.9730000   1.2809777e-36       1.0000000
      0.00000       3.9740000   1.2335220e-36       1.0000000
      0.00000       3.9750000   1.1878357e-36       1.0000000
      0.00000       3.9760000   1.1438523e-36       1.0000000
      0.00000       3.9770000   1.1015080e-36       1.0000000
      0.00000       3.9780000   1.0607414e-36       1.0000000
      0.00000       3.9790000   1.0214931e-36       1.0000000
      0.00000       3.9800000   9.8370643e-37       1.0000000
      0.00000       3.9810000   9.4732650e-37       1.0000000
      0.00000       3.9820000   9.1230062e-37       1.0000000
      0.00000       3.9830000   8.7857807e-37       1.0000000
      0.00000       3.9840000   8.4611006e-37       1.0000000
      0.00000       3.9850000   8.1484961e-37       1.0000000
      0.00000       3.9860000   7.8475152e-37       1.0000000
      0.00000       3.9870000   7.5577230e-37       1.0000000
      0.00000       3.9880000   7.2787009e-37       1.0000000
      0.00000       3.9890000   7.0100461e-37       1.0000000
      0.00000       3.9900000   6.7513709e-37       1.0000000
      0.00000       3.9910000   6.5023023e-37       1.0000000
      0.00000       3.9920000   6.2624811e-37       1.0000000
      0.00000       3.9930000   6.0315619e-37       1.0000000
      0.00000       3.9940000   5.8092122e-37       1.0000000
      0.00000       3.9950000   5.5951119e-37       1.0000000
      0.00000       3.9960000   5.3889529e-37       1.0000000
      0.00000       3.9970000   5.1904389e-37       1.0000000
      0.00000       3.9980000   4.9992845e-37       1.0000000
      0.00000       3.9990000   4.8152152e-37       1.0000000
      0.00000       4.0000000   4.6379667e-37       1.0000000
      0.00000       4.0010000   4.4672845e-37       1.0000000
      0.00000       4.0020000   4.3029240e-37       1.0000000
      0.00000       4.0030000   4.1446495e-37       1.0000000
      0.00000       4.0040000   3.9922341e-37       1.0000000
      0.00000       4.0050000   3.8454596e-37       1.0000000
      0.00000       4.0060000   3.7041160e-37       1.0000000
      0.00000       4.0070000   3.5680009e-37       1.0000000
      0.00000       4.0080000   3.4369198e-37       1.0000000
      0.00000       4.0090000   3.3106852e-37       1.0000000
      0.00000       4.0100000   3.1891168e-37       1.0000000
      0.00000       4.0110000   3.0720411e-37       1.0000000
      0.00000       4.0120000   2.9592910e-37       1.0000000
      0.00000       4.0130000   2.8507056e-37       1.0000000
      0.00000       4.0140000   2.7461300e-37       1.0000000
      0.00000       4.0150000   2.6454154e-37       1.0000000
      0.00000       4.0160000   2.5484182e-37       1.0000000
      0.00000       4.0170000   2.4550004e-37       1.0000000
      0.00000       4.0180000   2.3650289e-37       1.0000000
      0.00000       4.0190000   2.2783760e-37       1.0000000
      0.00000       4.0200000   2.1949183e-37       1.0000000
      0.00000       4.0210000   2.1145373e-37       1.0000000
      0.00000       4.0220000   2.0371189e-37       1.0000000
      0.00000       4.0230000   1.9625532e-37       1.0000000
      0.00000       4.0240000   1.8907344e-37       1.0000000
      0.00000       4.0250000   1.8215606e-37       1.0000000
      0.00000       4.0260000   1.7549338e-37       1.0000000
      0.00000       4.0270000   1.6907597e-37       1.0000000
      0.00000       4.0280000   1.6289473e-37       1.0000000
      0.00000       4.0290000   1.5694093e-37       1.0000000
      0.00000       4.0300000   1.5120613e-37       1.0000000
      0.00000       4.0310000   1.4568224e-37       1.0000000
      0.00000       4.0320000   1.4036144e-37       1.0000000
      0.00000       4.0330000   1.3523622e-37       1.0000000
      0.00000       4.0340000   1.3029935e-37       1.0000000
      0.00000       4.0350000   1.2554386e-37       1.0000000
      0.00000       4.0360000   1.2096304e-37       1.0000000
      0.00000       4.0370000   1.1655044e-37       1.0000000
      0.00000       4.0380000   1.1229984e-37       1.0000000
      0.00000       4.0390000   1.0820525e-37       1.0000000
      0.00000       4.0400000   1.0426092e-37       1.0000000
      0.00000       4.0410000   1.0046129e-37       1.0000000
      0.00000       4.0420000   9.6801022e-38       1.0000000
      0.00000       4.0430000   9.3274971e-38       1.0000000
      0.00000       4.0440000   8.9878183e-38       1.0000000
      0.00000       4.0450000   8.6605890e-38       1.0000000
      0.00000       4.0460000   8.3453500e-38       1.0000000
      0.00000       4.0470000   8.0416592e-38       1.0000000
      0.00000       4.0480000   7.7490907e-38       1.0000000
      0.00000       4.0490000   7.4672348e-38       1.0000000
      0.00000       4.0500000   7.1956965e-38       1.0000000
      0.00000       4.0510000   6.9340959e-38       1.0000000
      0.00000       4.0520000   6.6820669e-38       1.0000000
      0.00000       4.0530000   6.4392570e-38       1.0000000
      0.00000       4.0540000   6.2053269e-38       1.0000000
      0.00000       4.0550000   5.9799498e-38       1.0000000
      0.00000       4.0560000   5.7628110e-38       1.0000000
      0.00000       4.0570000   5.5536073e-38       1.0000000
      0.00000       4.0580000   5.3520470e-38       1.0000000
      0.00000       4.0590000   5.1578490e-38       1.0000000
      0.00000       4.0600000   4.9707427e-38       1.0000000
      0.00000       4.0610000   4.7904675e-38       1.0000000
      0.00000       4.0620000   4.6167724e-38       1.0000000
      0.00000       4.0630000   4.4494156e-38       1.0000000
      0.00000       4.0640000   4.2881644e-38       1.0000000
      0.00000       4.0650000   4.1327947e-38       1.0000000
      0.00000       4.0660000   3.9830905e-38       1.0000000
      0.00000       4.0670000   3.8388440e-38       1.0000000
      0.00000       4.0680000   3.6998548e-38       1.0000000
      0.00000       4.0690000   3.5659302e-38       1.0000000
      0.00000       4.0700000   3.4368845e-38       1.0000000
      0.00000       4.0710000   3.3125387e-38       1.0000000
      0.00000       4.0720000   3.1927207e-38       1.0000000
      0.00000       4.0730000   3.0772644e-38       1.0000000
      0.00000       4.0740000   2.9660101e-38       1.0000000
      0.00000       4.0750000   2.8588039e-38       1.0000000
      0.00000       4.0760000   2.7554975e-38       1.0000000
      0.00000       4.0770000   2.6559482e-38       1.0000000
      0.00000       4.0780000   2.5600185e-38       1.0000000
      0.00000       4.0790000   2.4675759e-38       1.0000000
      0.00000       4.0800000   2.3784929e-38       1.0000000
      0.00000       4.0810000   2.2926465e-38       1.0000000
      0.00000       4.0820000   2.2099185e-38       1.0000000
      0.00000       4.0830000   2.1301949e-38       1.0000000
      0.00000       4.0840000   2.0533657e-38       1.0000000
      0.00000       4.0850000   1.9793254e-38       1.0000000
      0.00000       4.0860000   1.9079719e-38       1.0000000
      0.00000       4.0870000   1.8392072e-38       1.0000000
      0.00000       4.0880000   1.7729368e-38       1.0000000
      0.00000       4.0890000   1.7090696e-38       1.0000000
      0.00000       4.0900000   1.6475178e-38       1.0000000
      0.00000       4.0910000   1.5881971e-38       1.0000000
      0.00000       4.0920000   1.5310260e-38       1.0000000
      0.00000       4.0930000   1.4759261e-38       1.0000000
      0.00000       4.0940000   1.4228220e-38       1.0000000
      0.00000       4.0950000   1.3716408e-38       1.0000000
      0.00000       4.0960000   1.3223126e-38       1.0000000
      0.00000       4.0970000   1.2747697e-38       1.0000000
      0.00000       4.0980000   1.2289472e-38       1.0000000
      0.00000       4.0990000   1.1847823e-38       1.0000000
      0.00000       4.1000000   1.1422149e-38       1.0000000
      0.00000       4.1010000   1.1011866e-38       1.0000000
      0.00000       4.1020000   1.0616416e-38       1.0000000
      0.00000       4.1030000   1.0235258e-38       1.0000000
      0.00000       4.1040000   9.8678720e-39       1.0000000
      0.00000       4.1050000   9.5137581e-39       1.0000000
      0.00000       4.1060000   9.1724334e-39       1.0000000
      0.00000       4.1070000   8.8434331e-39       1.0000000
      0.00000       4.1080000   8.5263093e-39       1.0000000
      0.00000       4.1090000   8.2206306e-39       1.0000000
      0.00000       4.1100000   7.9259812e-39       1.0000000
      0.00000       4.1110000   7.6419608e-39       1.0000000
      0.00000       4.1120000   7.3681833e-39       1.0000000
      0.00000       4.1130000   7.1042771e-39       1.0000000
      0.00000       4.1140000   6.8498840e-39       1.0000000
      0.00000       4.1150000   6.6046588e-39       1.0000000
      0.00000       4.1160000   6.3682691e-39       1.0000000
      0.00000       4.1170000   6.1403945e-39       1.0000000
      0.00000       4.1180000   5.9207262e-39       1.0000000
      0.00000       4.1190000   5.7089669e-39       1.0000000
      0.00000       4.1200000   5.5048301e-39       1.0000000
      0.00000       4.1210000   5.3080395e-39       1.0000000
      0.00000       4.1220000   5.1183291e-39       1.0000000
      0.00000       4.1230000   4.9354426e-39       1.0000000
      0.00000       4.1240000   4.7591329e-39       1.0000000
      0.00000       4.1250000   4.5891620e-39       1.0000000
      0.00000       4.1260000   4.4253006e-39       1.0000000
      0.00000       4.1270000   4.2673277e-39       1.0000000
      0.00000       4.1280000   4.1150302e-39       1.0000000
      0.00000       4.1290000   3.9682031e-39       1.0000000
      0.00000       4.1300000   3.8266485e-39       1.0000000
      0.00000       4.1310000   3.6901760e-39       1.0000000
      0.00000       4.1320000   3.5586018e-39       1.0000000
      0.00000       4.1330000   3.4317491e-39       1.0000000
      0.00000       4.1340000   3.3094474e-39       1.0000000
      0.00000       4.1350000   3.1915323e-39       1.0000000
      0.00000       4.1360000   3.0778455e-39       1.0000000
      0.00000       4.1370000   2.9682344e-39       1.0000000
      0.00000       4.1380000   2.8625519e-39       1.0000000
      0.00000       4.1390000   2.7606564e-39       1.0000000
      0.00000       4.1400000   2.6624113e-39       1.0000000
      0.00000       4.1410000   2.5676850e-39       1.0000000
      0.00000       4.1420000   2.4763506e-39       1.0000000
      0.00000       4.1430000   2.3882860e-39       1.0000000
      0.00000       4.1440000   2.3033732e-39       1.0000000
      0.00000       4.1450000   2.2214988e-39       1.0000000
      0.00000       4.1460000   2.1425534e-39       1.0000000
      0.00000       4.1470000   2.0664315e-39       1.0000000
      0.00000       4.1480000   1.9930315e-39       1.0000000
      0.00000       4.1490000   1.9222554e-39       1.0000000
      0.00000       4.1500000   1.8540089e-39       1.0000000
      0.00000       4.1510000   1.7882009e-39       1.0000000
      0.00000       4.1520000   1.7247438e-39       1.0000000
      0.00000       4.1530000   1.6635531e-39       1.0000000
      0.00000       4.1540000   1.6045472e-39       1.0000000
      0.00000       4.1550000   1.5476477e-39       1.0000000
      0.00000       4.1560000   1.4927789e-39       1.0000000
      0.00000       4.1570000   1.4398679e-39       1.0000000
      0.00000       4.1580000   1.3888443e-39       1.0000000
      0.00000       4.1590000   1.3396405e-39       1.0000000
      0.00000       4.1600000   1.2921910e-39       1.0000000
      0.00000       4.1610000   1.2464330e-39       1.0000000
      0.00000       4.1620000   1.2023058e-39       1.0000000
      0.00000       4.1630000   1.1597508e-39       1.0000000
      0.00000       4.1640000   1.1187117e-39       1.0000000
      0.00000       4.1650000   1.0791342e-39       1.0000000
      0.00000       4.1660000   1.0409658e-39       1.0000000
      0.00000       4.1670000   1.0041562e-39       1.0000000
      0.00000       4.1680000   9.6865646e-40       1.0000000
      0.00000       4.1690000   9.3441984e-40       1.0000000
      0.00000       4.1700000   9.0140108e-40       1.0000000
      0.00000       4.1710000   8.6955658e-40       1.0000000
      0.00000       4.1720000   8.3884430e-40       1.0000000
      0.00000       4.1730000   8.0922374e-40       1.0000000
      0.00000       4.1740000   7.8065584e-40       1.0000000
      0.00000       4.1750000   7.5310295e-40       1.0000000
      0.00000       4.1760000   7.2652878e-40       1.0000000
      0.00000       4.1770000   7.0089834e-40       1.0000000
      0.00000       4.1780000   6.7617790e-40       1.0000000
      0.00000       4.1790000   6.5233495e-40       1.0000000
      0.00000       4.1800000   6.2933814e-40       1.0000000
      0.00000       4.1810000   6.0715726e-40       1.0000000
      0.00000       4.1820000   5.8576315e-40       1.0000000
      0.00000       4.1830000   5.6512775e-40       1.0000000
      0.00000       4.1840000   5.4522397e-40       1.0000000
      0.00000       4.1850000   5.2602571e-40       1.0000000
      0.00000       4.1860000   5.0750780e-40       1.0000000
      0.00000       4.1870000   4.8964597e-40       1.0000000
      0.00000       4.1880000   4.7241684e-40       1.0000000
      0.00000       4.1890000   4.5579784e-40       1.0000000
      0.00000       4.1900000   4.3976724e-40       1.0000000
      0.00000       4.1910000   4.2430407e-40       1.0000000
      0.00000       4.1920000   4.0938811e-40       1.0000000
      0.00000       4.1930000   3.9499988e-40       1.0000000
      0.00000       4.1940000   3.8112058e-40       1.0000000
      0.00000       4.1950000   3.6773210e-40       1.0000000
      0.00000       4.1960000   3.5481698e-40       1.0000000
      0.00000       4.1970000   3.4235836e-40       1.0000000
      0.00000       4.1980000   3.3034002e-40       1.0000000
      0.00000       4.1990000   3.1874628e-40       1.0000000
      0.00000       4.2000000   3.0756206e-40       1.0000000
      0.00000       4.2010000   2.9677280e-40       1.0000000
      0.00000       4.2020000   2.8636446e-40       1.0000000
      0.00000       4.2030000   2.7632350e-40       1.0000000
      0.00000       4.2040000   2.6663688e-40       1.0000000
      0.00000       4.2050000   2.5729201e-40       1.0000000
      0.00000       4.2060000   2.4827676e-40       1.0000000
      0.00000       4.2070000   2.3957943e-40       1.0000000
      0.00000       4.2080000   2.3118872e-40       1.0000000
      0.00000       4.2090000   2.2309378e-40       1.0000000
      0.00000       4.2100000   2.1528410e-40       1.0000000
      0.00000       4.2110000   2.0774956e-40       1.0000000
      0.00000       4.2120000   2.0048041e-40       1.0000000
      0.00000       4.2130000   1.9346725e-40       1.0000000
      0.00000       4.2140000   1.8670099e-40       1.0000000
      0.00000       4.2150000   1.8017290e-40       1.0000000
      0.00000       4.2160000   1.7387454e-40       1.0000000
      0.00000       4.2170000   1.6779776e-40       1.0000000
      0.00000       4.2180000   1.6193473e-40       1.0000000
      0.00000       4.2190000   1.5627788e-40       1.0000000
      0.00000       4.2200000   1.5081991e-40       1.0000000
      0.00000       4.2210000   1.4555378e-40       1.0000000
      0.00000       4.2220000   1.4047271e-40       1.0000000
      0.00000       4.2230000   1.3557016e-40       1.0000000
      0.00000       4.2240000   1.3083981e-40       1.0000000
      0.00000       4.2250000   1.2627557e-40       1.0000000
      0.00000       4.2260000   1.2187157e-40       1.0000000
      0.00000       4.2270000   1.1762216e-40       1.0000000
      0.00000       4.2280000   1.1352187e-40       1.0000000
      0.00000       4.2290000   1.0956543e-40       1.0000000
      0.00000       4.2300000   1.0574777e-40       1.0000000
      0.00000       4.2310000   1.0206399e-40       1.0000000
      0.00000       4.2320000   9.8509353e-41       1.0000000
      0.00000       4.2330000   9.5079316e-41       1.0000000
      0.00000       4.2340000   9.1769480e-41       1.0000000
      0.00000       4.2350000   8.8575604e-41       1.0000000
      0.00000       4.2360000   8.5493600e-41       1.0000000
      0.00000       4.2370000   8.2519525e-41       1.0000000
      0.00000       4.2380000   7.9649575e-41       1.0000000
      0.00000       4.2390000   7.6880082e-41       1.0000000
      0.00000       4.2400000   7.4207505e-41       1.0000000
      0.00000       4.2410000   7.1628433e-41       1.0000000
      0.00000       4.2420000   6.9139573e-41       1.0000000
      0.00000       4.2430000   6.6737749e-41       1.0000000
      0.00000       4.2440000   6.4419899e-41       1.0000000
      0.00000       4.2450000   6.2183066e-41       1.0000000
      0.00000       4.2460000   6.0024403e-41       1.0000000
      0.00000       4.2470000   5.7941158e-41       1.0000000
      0.00000       4.2480000   5.5930681e-41       1.0000000
      0.00000       4.2490000   5.3990414e-41       1.0000000
      0.00000       4.2500000   5.2117889e-41       1.0000000
      0.00000       4.2510000   5.0310725e-41       1.0000000
      0.00000       4.2520000   4.8566627e-41       1.0000000
      0.00000       4.2530000   4.6883380e-41       1.0000000
      0.00000       4.2540000   4.5258847e-41       1.0000000
      0.00000       4.2550000   4.3690967e-41       1.0000000
      0.00000       4.2560000   4.2177752e-41       1.0000000
      0.00000       4.2570000   4.0717283e-41       1.0000000
      0.00000       4.2580000   3.9307711e-41       1.0000000
      0.00000       4.2590000   3.7947250e-41       1.0000000
      0.00000       4.2600000   3.6634178e-41       1.0000000
      0.00000       4.2610000   3.5366835e-41       1.0000000
      0.00000       4.2620000   3.4143616e-41       1.0000000
      0.00000       4.2630000   3.2962977e-41       1.0000000
      0.00000       4.2640000   3.1823425e-41       1.0000000
      0.00000       4.2650000   3.0723522e-41       1.0000000
      0.00000       4.2660000   2.9661879e-41       1.0000000
      0.00000       4.2670000   2.8637156e-41       1.0000000
      0.00000       4.2680000   2.7648063e-41       1.0000000
      0.00000       4.2690000   2.6693351e-41       1.0000000
      0.00000       4.2700000   2.5771819e-41       1.0000000
      0.00000       4.2710000   2.4882305e-41       1.0000000
      0.00000       4.2720000   2.4023690e-41       1.0000000
      0.00000       4.2730000   2.3194894e-41       1.0000000
      0.00000       4.2740000   2.2394875e-41       1.0000000
      0.00000       4.2750000   2.1622627e-41       1.0000000
      0.00000       4.2760000   2.0877180e-41       1.0000000
      0.00000       4.2770000   2.0157598e-41       1.0000000
      0.00000       4.2780000   1.9462978e-41       1.0000000
      0.00000       4.2790000   1.8792448e-41       1.0000000
      0.00000       4.2800000   1.8145167e-41       1.0000000
      0.00000       4.2810000   1.7520325e-41       1.0000000
      0.00000       4.2820000   1.6917137e-41       1.0000000
      0.00000       4.2830000   1.6334850e-41       1.0000000
      0.00000       4.2840000   1.5772735e-41       1.0000000
      0.00000       4.2850000   1.5230087e-41       1.0000000
      0.00000       4.2860000   1.4706229e-41       1.0000000
      0.00000       4.2870000   1.4200505e-41       1.0000000
      0.00000       4.2880000   1.3712285e-41       1.0000000
      0.00000       4.2890000   1.3240957e-41       1.0000000
      0.00000       4.2900000   1.2785935e-41       1.0000000
      0.00000       4.2910000   1.2346650e-41       1.0000000
      0.00000       4.2920000   1.1922555e-41       1.0000000
      0.00000       4.2930000   1.1513120e-41       1.0000000
      0.00000       4.2940000   1.1117837e-41       1.0000000
      0.00000       4.2950000   1.0736212e-41       1.0000000
      0.00000       4.2960000   1.0367772e-41       1.0000000
      0.00000       4.2970000   1.0012056e-41       1.0000000
      0.00000       4.2980000   9.6686235e-42       1.0000000
      0.00000       4.2990000   9.3370472e-42       1.0000000
      0.00000       4.3000000   9.0169152e-42       1.0000000
      0.00000       4.3010000   8.7078299e-42       1.0000000
      0.00000       4.3020000   8.4094078e-42       1.0000000
      0.00000       4.3030000   8.1212786e-42       1.0000000
      0.00000       4.3040000   7.8430850e-42       1.0000000
      0.00000       4.3050000   7.5744823e-42       1.0000000
      0.00000       4.3060000   7.3151376e-42       1.0000000
      0.00000       4.3070000   7.0647298e-42       1.0000000
      0.00000       4.3080000   6.8229490e-42       1.0000000
      0.00000       4.3090000   6.5894961e-42       1.0000000
      0.00000       4.3100000   6.3640824e-42       1.0000000
      0.00000       4.3110000   6.1464293e-42       1.0000000
      0.00000       4.3120000   5.9362679e-42       1.0000000
      0.00000       4.3130000   5.7333387e-42       1.0000000
      0.00000       4.3140000   5.5373912e-42       1.0000000
      0.00000       4.3150000   5.3481837e-42       1.0000000
      0.00000       4.3160000   5.1654828e-42       1.0000000
      0.00000       4.3170000   4.9890634e-42       1.0000000
      0.00000       4.3180000   4.8187081e-42       1.0000000
      0.00000       4.3190000   4.6542072e-42       1.0000000
      0.00000       4.3200000   4.4953582e-42       1.0000000
      0.00000       4.3210000   4.3419656e-42       1.0000000
      0.00000       4.3220000   4.1938408e-42       1.0000000
      0.00000       4.3230000   4.0508018e-42       1.0000000
      0.00000       4.3240000   3.9126728e-42       1.0000000
      0.00000       4.3250000   3.7792842e-42       1.0000000
      0.00000       4.3260000   3.6504723e-42       1.0000000
      0.00000       4.3270000   3.5260790e-42       1.0000000
      0.00000       4.3280000   3.4059519e-42       1.0000000
      0.00000       4.3290000   3.2899436e-42       1.0000000
      0.00000       4.3300000   3.1779120e-42       1.0000000
      0.00000       4.3310000   3.0697200e-42       1.0000000
      0.00000       4.3320000   2.9652351e-42       1.0000000
      0.00000       4.3330000   2.8643294e-42       1.0000000
      0.00000       4.3340000   2.7668797e-42       1.0000000
      0.00000       4.3350000   2.6727667e-42       1.0000000
      0.00000       4.3360000   2.5818755e-42       1.0000000
      0.00000       4.3370000   2.4940950e-42       1.0000000
      0.00000       4.3380000   2.4093182e-42       1.0000000
      0.00000       4.3390000   2.3274417e-42       1.0000000
      0.00000       4.3400000   2.2483654e-42       1.0000000
      0.00000       4.3410000   2.1719931e-42       1.0000000
      0.00000       4.3420000   2.0982317e-42       1.0000000
      0.00000       4.3430000   2.0269915e-42       1.0000000
      0.00000       4.3440000   1.9581855e-42       1.0000000
      0.00000       4.3450000   1.8917302e-42       1.0000000
      0.00000       4.3460000   1.8275448e-42       1.0000000
      0.00000       4.3470000   1.7655511e-42       1.0000000
      0.00000       4.3480000   1.7056739e-42       1.0000000
      0.00000       4.3490000   1.6478405e-42       1.0000000
      0.00000       4.3500000   1.5919806e-42       1.0000000
      0.00000       4.3510000   1.5380265e-42       1.0000000
      0.00000       4.3520000   1.4859128e-42       1.0000000
      0.00000       4.3530000   1.4355762e-42       1.0000000
      0.00000       4.3540000   1.3869558e-42       1.0000000
      0.00000       4.3550000   1.3399927e-42       1.0000000
      0.00000       4.3560000   1.2946300e-42       1.0000000
      0.00000       4.3570000   1.2508128e-42       1.0000000
      0.00000       4.3580000   1.2084883e-42       1.0000000
      0.00000       4.3590000   1.1676051e-42       1.0000000
      0.00000       4.3600000   1.1281139e-42       1.0000000
      0.00000       4.3610000   1.0899669e-42       1.0000000
      0.00000       4.3620000   1.0531182e-42       1.0000000
      0.00000       4.3630000   1.0175233e-42       1.0000000
      0.00000       4.3640000   9.8313925e-43       1.0000000
      0.00000       4.3650000   9.4992456e-43       1.0000000
      0.00000       4.3660000   9.1783923e-43       1.0000000
      0.00000       4.3670000   8.8684462e-43       1.0000000
      0.00000       4.3680000   8.5690340e-43       1.0000000
      0.00000       4.3690000   8.2797956e-43       1.0000000
      0.00000       4.3700000   8.0003830e-43       1.0000000
      0.00000       4.3710000   7.7304602e-43       1.0000000
      0.00000       4.3720000   7.4697029e-43       1.0000000
      0.00000       4.3730000   7.2177979e-43       1.0000000
      0.00000       4.3740000   6.9744428e-43       1.0000000
      0.00000       4.3750000   6.7393454e-43       1.0000000
      0.00000       4.3760000   6.5122239e-43       1.0000000
      0.00000       4.3770000   6.2928058e-43       1.0000000
      0.00000       4.3780000   6.0808282e-43       1.0000000
      0.00000       4.3790000   5.8760373e-43       1.0000000
      0.00000       4.3800000   5.6781877e-43       1.0000000
      0.00000       4.3810000   5.4870428e-43       1.0000000
      0.00000       4.3820000   5.3023738e-43       1.0000000
      0.00000       4.3830000   5.1239599e-43       1.0000000
      0.00000       4.3840000   4.9515880e-43       1.0000000
      0.00000       4.3850000   4.7850520e-43       1.0000000
      0.00000       4.3860000   4.6241533e-43       1.0000000
      0.00000       4.3870000   4.4686996e-43       1.0000000
      0.00000       4.3880000   4.3185056e-43       1.0000000
      0.00000       4.3890000   4.1733921e-43       1.0000000
      0.00000       4.3900000   4.0331863e-43       1.0000000
      0.00000       4.3910000   3.8977211e-43       1.0000000
      0.00000       4.3920000   3.7668351e-43       1.0000000
      0.00000       4.3930000   3.6403726e-43       1.0000000
      0.00000       4.3940000   3.5181831e-43       1.0000000
      0.00000       4.3950000   3.4001213e-43       1.0000000
      0.00000       4.3960000   3.2860469e-43       1.0000000
      0.00000       4.3970000   3.1758244e-43       1.0000000
      0.00000       4.3980000   3.0693228e-43       1.0000000
      0.00000       4.3990000   2.9664158e-43       1.0000000
      0.00000       4.4000000   2.8669812e-43       1.0000000
      0.00000       4.4010000   2.7709012e-43       1.0000000
      0.00000       4.4020000   2.6780618e-43       1.0000000
      0.00000       4.4030000   2.5883530e-43       1.0000000
      0.00000       4.4040000   2.5016686e-43       1.0000000
      0.00000       4.4050000   2.4179060e-43       1.0000000
      0.00000       4.4060000   2.3369660e-43       1.0000000
      0.00000       4.4070000   2.2587530e-43       1.0000000
      0.00000       4.4080000   2.1831745e-43       1.0000000
      0.00000       4.4090000   2.1101411e-43       1.0000000
      0.00000       4.4100000   2.0395666e-43       1.0000000
      0.00000       4.4110000   1.9713678e-43       1.0000000
      0.00000       4.4120000   1.9054640e-43       1.0000000
      0.00000       4.4130000   1.8417777e-43       1.0000000
      0.00000       4.4140000   1.7802336e-43       1.0000000
      0.00000       4.4150000   1.7207593e-43       1.0000000
      0.00000       4.4160000   1.6632848e-43       1.0000000
      0.00000       4.4170000   1.6077423e-43       1.0000000
      0.00000       4.4180000   1.5540665e-43       1.0000000
      0.00000       4.4190000   1.5021942e-43       1.0000000
      0.00000       4.4200000   1.4520645e-43       1.0000000
      0.00000       4.4210000   1.4036185e-43       1.0000000
      0.00000       4.4220000   1.3567992e-43       1.0000000
      0.00000       4.4230000   1.3115517e-43       1.0000000
      0.00000       4.4240000   1.2678229e-43       1.0000000
      0.00000       4.4250000   1.2255614e-43       1.0000000
      0.00000       4.4260000   1.1847177e-43       1.0000000
      0.00000       4.4270000   1.1452440e-43       1.0000000
      0.00000       4.4280000   1.1070940e-43       1.0000000
      0.00000       4.4290000   1.0702230e-43       1.0000000
      0.00000       4.4300000   1.0345879e-43       1.0000000
      0.00000       4.4310000   1.0001470e-43       1.0000000
      0.00000       4.4320000   9.6685993e-44       1.0000000
      0.00000       4.4330000   9.3468791e-44       1.0000000
      0.00000       4.4340000   9.0359331e-44       1.0000000
      0.00000       4.4350000   8.7353980e-44       1.0000000
      0.00000       4.4360000   8.4449231e-44       1.0000000
      0.00000       4.4370000   8.1641695e-44       1.0000000
      0.00000       4.4380000   7.8928098e-44       1.0000000
      0.00000       4.4390000   7.6305276e-44       1.0000000
      0.00000       4.4400000   7.3770173e-44       1.0000000
      0.00000       4.4410000   7.1319838e-44       1.0000000
      0.00000       4.4420000   6.8951416e-44       1.0000000
      0.00000       4.4430000   6.6662153e-44       1.0000000
      0.00000       4.4440000   6.4449386e-44       1.0000000
      0.00000       4.4450000   6.2310542e-44       1.0000000
      0.00000       4.4460000   6.0243135e-44       1.0000000
      0.00000       4.4470000   5.8244766e-44       1.0000000
      0.00000       4.4480000   5.6313113e-44       1.0000000
      0.00000       4.4490000   5.4445935e-44       1.0000000
      0.00000       4.4500000   5.2641066e-44       1.0000000
      0.00000       4.4510000   5.0896413e-44       1.0000000
      0.00000       4.4520000   4.9209955e-44       1.0000000
      0.00000       4.4530000   4.7579739e-44       1.0000000
      0.00000       4.4540000   4.6003875e-44       1.0000000
      0.00000       4.4550000   4.4480541e-44       1.0000000
      0.00000       4.4560000   4.3007975e-44       1.0000000
      0.00000       4.4570000   4.1584474e-44       1.0000000
      0.00000       4.4580000   4.0208391e-44       1.0000000
      0.00000       4.4590000   3.8878139e-44       1.0000000
      0.00000       4.4600000   3.7592180e-44       1.0000000
      0.00000       4.4610000   3.6349031e-44       1.0000000
      0.00000       4.4620000   3.5147256e-44       1.0000000
      0.00000       4.4630000   3.3985471e-44       1.0000000
      0.00000       4.4640000   3.2862336e-44       1.0000000
      0.00000       4.4650000   3.1776557e-44       1.0000000
      0.00000       4.4660000   3.0726883e-44       1.0000000
      0.00000       4.4670000   2.9712107e-44       1.0000000
      0.00000       4.4680000   2.8731060e-44       1.0000000
      0.00000       4.4690000   2.7782615e-44       1.0000000
      0.00000       4.4700000   2.6865681e-44       1.0000000
      0.00000       4.4710000   2.5979204e-44       1.0000000
      0.00000       4.4720000   2.5122167e-44       1.0000000
      0.00000       4.4730000   2.4293584e-44       1.0000000
      0.00000       4.4740000   2.3492507e-44       1.0000000
      0.00000       4.4750000   2.2718015e-44       1.0000000
      0.00000       4.4760000   2.1969220e-44       1.0000000
      0.00000       4.4770000   2.1245266e-44       1.0000000
      0.00000       4.4780000   2.0545321e-44       1.0000000
      0.00000       4.4790000   1.9868586e-44       1.0000000
      0.00000       4.4800000   1.9214285e-44       1.0000000
      0.00000       4.4810000   1.8581670e-44       1.0000000
      0.00000       4.4820000   1.7970017e-44       1.0000000
      0.00000       4.4830000   1.7378628e-44       1.0000000
      0.00000       4.4840000   1.6806827e-44       1.0000000
      0.00000       4.4850000   1.6253961e-44       1.0000000
      0.00000       4.4860000   1.5719399e-44       1.0000000
      0.00000       4.4870000   1.5202531e-44       1.0000000
      0.00000       4.4880000   1.4702767e-44       1.0000000
      0.00000       4.4890000   1.4219539e-44       1.0000000
      0.00000       4.4900000   1.3752295e-44       1.0000000
      0.00000       4.4910000   1.3300503e-44       1.0000000
      0.00000       4.4920000   1.2863649e-44       1.0000000
      0.00000       4.4930000   1.2441236e-44       1.0000000
      0.00000       4.4940000   1.2032784e-44       1.0000000
      0.00000       4.4950000   1.1637827e-44       1.0000000
      0.00000       4.4960000   1.1255918e-44       1.0000000
      0.00000       4.4970000   1.0886623e-44       1.0000000
      0.00000       4.4980000   1.0529522e-44       1.0000000
      0.00000       4.4990000   1.0184210e-44       1.0000000
      0.00000       4.5000000   9.8502954e-45       1.0000000
      0.00000       4.5010000   9.5273996e-45       1.0000000
      0.00000       4.5020000   9.2151566e-45       1.0000000
      0.00000       4.5030000   8.9132128e-45       1.0000000
      0.00000       4.5040000   8.6212263e-45       1.0000000
      0.00000       4.5050000   8.3388666e-45       1.0000000
      0.00000       4.5060000   8.0658142e-45       1.0000000
      0.00000       4.5070000   7.8017604e-45       1.0000000
      0.00000       4.5080000   7.5464068e-45       1.0000000
      0.00000       4.5090000   7.2994649e-45       1.0000000
      0.00000       4.5100000   7.0606558e-45       1.0000000
      0.00000       4.5110000   6.8297099e-45       1.0000000
      0.00000       4.5120000   6.6063667e-45       1.0000000
      0.00000       4.5130000   6.3903743e-45       1.0000000
      0.00000       4.5140000   6.1814891e-45       1.0000000
      0.00000       4.5150000   5.9794760e-45       1.0000000
      0.00000       4.5160000   5.7841072e-45       1.0000000
      0.00000       4.5170000   5.5951629e-45       1.0000000
      0.00000       4.5180000   5.4124305e-45       1.0000000
      0.00000       4.5190000   5.2357044e-45       1.0000000
      0.00000       4.5200000   5.0647860e-45       1.0000000
      0.00000       4.5210000   4.8994831e-45       1.0000000
      0.00000       4.5220000   4.7396101e-45       1.0000000
      0.00000       4.5230000   4.5849875e-45       1.0000000
      0.00000       4.5240000   4.4354418e-45       1.0000000
      0.00000       4.5250000   4.2908051e-45       1.0000000
      0.00000       4.5260000   4.1509154e-45       1.0000000
      0.00000       4.5270000   4.0156157e-45       1.0000000
      0.00000       4.5280000   3.8847546e-45       1.0000000
      0.00000       4.5290000   3.7581856e-45       1.0000000
      0.00000       4.5300000   3.6357668e-45       1.0000000
      0.00000       4.5310000   3.5173614e-45       1.0000000
      0.00000       4.5320000   3.4028370e-45       1.0000000
      0.00000       4.5330000   3.2920655e-45       1.0000000
      0.00000       4.5340000   3.1849231e-45       1.0000000
      0.00000       4.5350000   3.0812903e-45       1.0000000
      0.00000       4.5360000   2.9810512e-45       1.0000000
      0.00000       4.5370000   2.8840941e-45       1.0000000
      0.00000       4.5380000   2.7903109e-45       1.0000000
      0.00000       4.5390000   2.6995968e-45       1.0000000
      0.00000       4.5400000   2.6118510e-45       1.0000000
      0.00000       4.5410000   2.5269755e-45       1.0000000
      0.00000       4.5420000   2.4448760e-45       1.0000000
      0.00000       4.5430000   2.3654610e-45       1.0000000
      0.00000       4.5440000   2.2886423e-45       1.0000000
      0.00000       4.5450000   2.2143343e-45       1.0000000
      0.00000       4.5460000   2.1424545e-45       1.0000000
      0.00000       4.5470000   2.0729231e-45       1.0000000
      0.00000       4.5480000   2.0056628e-45       1.0000000
      0.00000       4.5490000   1.9405990e-45       1.0000000
      0.00000       4.5500000   1.8776594e-45       1.0000000
      0.00000       4.5510000   1.8167744e-45       1.0000000
      0.00000       4.5520000   1.7578763e-45       1.0000000
      0.00000       4.5530000   1.7009000e-45       1.0000000
      0.00000       4.5540000   1.6457823e-45       1.0000000
      0.00000       4.5550000   1.5924622e-45       1.0000000
      0.00000       4.5560000   1.5408807e-45       1.0000000
      0.00000       4.5570000   1.4909807e-45       1.0000000
      0.00000       4.5580000   1.4427072e-45       1.0000000
      0.00000       4.5590000   1.3960067e-45       1.0000000
      0.00000       4.5600000   1.3508276e-45       1.0000000
      0.00000       4.5610000   1.3071201e-45       1.0000000
      0.00000       4.5620000   1.2648359e-45       1.0000000
      0.00000       4.5630000   1.2239284e-45       1.0000000
      0.00000       4.5640000   1.1843524e-45       1.0000000
      0.00000       4.5650000   1.1460644e-45       1.0000000
      0.00000       4.5660000   1.1090222e-45       1.0000000
      0.00000       4.5670000   1.0731850e-45       1.0000000
      0.00000       4.5680000   1.0385132e-45       1.0000000
      0.00000       4.5690000   1.0049689e-45       1.0000000
      0.00000       4.5700000   9.7251501e-46       1.0000000
      0.00000       4.5710000   9.4111594e-46       1.0000000
      0.00000       4.5720000   9.1073717e-46       1.0000000
      0.00000       4.5730000   8.8134534e-46       1.0000000
      0.00000       4.5740000   8.5290818e-46       1.0000000
      0.00000       4.5750000   8.2539448e-46       1.0000000
      0.00000       4.5760000   7.9877406e-46       1.0000000
      0.00000       4.5770000   7.7301773e-46       1.0000000
      0.00000       4.5780000   7.4809727e-46       1.0000000
      0.00000       4.5790000   7.2398537e-46       1.0000000
      0.00000       4.5800000   7.0065564e-46       1.0000000
      0.00000       4.5810000   6.7808253e-46       1.0000000
      0.00000       4.5820000   6.5624135e-46       1.0000000
      0.00000       4.5830000   6.3510822e-46       1.0000000
      0.00000       4.5840000   6.1466004e-46       1.0000000
      0.00000       4.5850000   5.9487446e-46       1.0000000
      0.00000       4.5860000   5.7572987e-46       1.0000000
      0.00000       4.5870000   5.5720538e-46       1.0000000
      0.00000       4.5880000   5.3928077e-46       1.0000000
      0.00000       4.5890000   5.2193650e-46       1.0000000
      0.00000       4.5900000   5.0515364e-46       1.0000000
      0.00000       4.5910000   4.8891392e-46       1.0000000
      0.00000       4.5920000   4.7319965e-46       1.0000000
      0.00000       4.5930000   4.5799371e-46       1.0000000
      0.00000       4.5940000   4.4327955e-46       1.0000000
      0.00000       4.5950000   4.2904116e-46       1.0000000
      0.00000       4.5960000   4.1526308e-46       1.0000000
      0.00000       4.5970000   4.0193031e-46       1.0000000
      0.00000       4.5980000   3.8902838e-46       1.0000000
      0.00000       4.5990000   3.7654327e-46       1.0000000
      0.00000       4.6000000   3.6446143e-46       1.0000000
      0.00000       4.6010000   3.5276975e-46       1.0000000
      0.00000       4.6020000   3.4145555e-46       1.0000000
      0.00000       4.6030000   3.3050656e-46       1.0000000
      0.00000       4.6040000   3.1991093e-46       1.0000000
      0.00000       4.6050000   3.0965717e-46       1.0000000
      0.00000       4.6060000   2.9973418e-46       1.0000000
      0.00000       4.6070000   2.9013123e-46       1.0000000
      0.00000       4.6080000   2.8083793e-46       1.0000000
      0.00000       4.6090000   2.7184422e-46       1.0000000
      0.00000       4.6100000   2.6314039e-46       1.0000000
      0.00000       4.6110000   2.5471703e-46       1.0000000
      0.00000       4.6120000   2.4656506e-46       1.0000000
      0.00000       4.6130000   2.3867566e-46       1.0000000
      0.00000       4.6140000   2.3104033e-46       1.0000000
      0.00000       4.6150000   2.2365083e-46       1.0000000
      0.00000       4.6160000   2.1649920e-46       1.0000000
      0.00000       4.6170000   2.0957773e-46       1.0000000
      0.00000       4.6180000   2.0287897e-46       1.0000000
      0.00000       4.6190000   1.9639570e-46       1.0000000
      0.00000       4.6200000   1.9012096e-46       1.0000000
      0.00000       4.6210000   1.8404798e-46       1.0000000
      0.00000       4.6220000   1.7817023e-46       1.0000000
      0.00000       4.6230000   1.7248141e-46       1.0000000
      0.00000       4.6240000   1.6697541e-46       1.0000000
      0.00000       4.6250000   1.6164630e-46       1.0000000
      0.00000       4.6260000   1.5648837e-46       1.0000000
      0.00000       4.6270000   1.5149608e-46       1.0000000
      0.00000       4.6280000   1.4666409e-46       1.0000000
      0.00000       4.6290000   1.4198720e-46       1.0000000
      0.00000       4.6300000   1.3746042e-46       1.0000000
      0.00000       4.6310000   1.3307889e-46       1.0000000
      0.00000       4.6320000   1.2883792e-46       1.0000000
      0.00000       4.6330000   1.2473298e-46       1.0000000
      0.00000       4.6340000   1.2075967e-46       1.0000000
      0.00000       4.6350000   1.1691374e-46       1.0000000
      0.00000       4.6360000   1.1319109e-46       1.0000000
      0.00000       4.6370000   1.0958773e-46       1.0000000
      0.00000       4.6380000   1.0609983e-46       1.0000000
      0.00000       4.6390000   1.0272365e-46       1.0000000
      0.00000       4.6400000   9.9455599e-47       1.0000000
      0.00000       4.6410000   9.6292189e-47       1.0000000
      0.00000       4.6420000   9.3230047e-47       1.0000000
      0.00000       4.6430000   9.0265911e-47       1.0000000
      0.00000       4.6440000   8.7396625e-47       1.0000000
      0.00000       4.6450000   8.4619133e-47       1.0000000
      0.00000       4.6460000   8.1930481e-47       1.0000000
      0.00000       4.6470000   7.9327807e-47       1.0000000
      0.00000       4.6480000   7.6808346e-47       1.0000000
      0.00000       4.6490000   7.4369420e-47       1.0000000
      0.00000       4.6500000   7.2008438e-47       1.0000000
      0.00000       4.6510000   6.9722892e-47       1.0000000
      0.00000       4.6520000   6.7510358e-47       1.0000000
      0.00000       4.6530000   6.5368488e-47       1.0000000
      0.00000       4.6540000   6.3295011e-47       1.0000000
      0.00000       4.6550000   6.1287728e-47       1.0000000
      0.00000       4.6560000   5.9344514e-47       1.0000000
      0.00000       4.6570000   5.7463309e-47       1.0000000
      0.00000       4.6580000   5.5642123e-47       1.0000000
      0.00000       4.6590000   5.3879028e-47       1.0000000
      0.00000       4.6600000   5.2172160e-47       1.0000000
      0.00000       4.6610000   5.0519714e-47       1.0000000
      0.00000       4.6620000   4.8919943e-47       1.0000000
      0.00000       4.6630000   4.7371158e-47       1.0000000
      0.00000       4.6640000   4.5871724e-47       1.0000000
      0.00000       4.6650000   4.4420057e-47       1.0000000
      0.00000       4.6660000   4.3014626e-47       1.0000000
      0.00000       4.6670000   4.1653950e-47       1.0000000
      0.00000       4.6680000   4.0336593e-47       1.0000000
      0.00000       4.6690000   3.9061169e-47       1.0000000
      0.00000       4.6700000   3.7826333e-47       1.0000000
      0.00000       4.6710000   3.6630785e-47       1.0000000
      0.00000       4.6720000   3.5473268e-47       1.0000000
      0.00000       4.6730000   3.4352565e-47       1.0000000
      0.00000       4.6740000   3.3267496e-47       1.0000000
      0.00000       4.6750000   3.2216922e-47       1.0000000
      0.00000       4.6760000   3.1199738e-47       1.0000000
      0.00000       4.6770000   3.0214877e-47       1.0000000
      0.00000       4.6780000   2.9261306e-47       1.0000000
      0.00000       4.6790000   2.8338023e-47       1.0000000
      0.00000       4.6800000   2.7444060e-47       1.0000000
      0.00000       4.6810000   2.6578481e-47       1.0000000
      0.00000       4.6820000   2.5740378e-47       1.0000000
      0.00000       4.6830000   2.4928874e-47       1.0000000
      0.00000       4.6840000   2.4143118e-47       1.0000000
      0.00000       4.6850000   2.3382290e-47       1.0000000
      0.00000       4.6860000   2.2645592e-47       1.0000000
      0.00000       4.6870000   2.1932255e-47       1.0000000
      0.00000       4.6880000   2.1241534e-47       1.0000000
      0.00000       4.6890000   2.0572706e-47       1.0000000
      0.00000       4.6900000   1.9925073e-47       1.0000000
      0.00000       4.6910000   1.9297959e-47       1.0000000
      0.00000       4.6920000   1.8690710e-47       1.0000000
      0.00000       4.6930000   1.8102693e-47       1.0000000
      0.00000       4.6940000   1.7533295e-47       1.0000000
      0.00000       4.6950000   1.6981922e-47       1.0000000
      0.00000       4.6960000   1.6448000e-47       1.0000000
      0.00000       4.6970000   1.5930973e-47       1.0000000
      0.00000       4.6980000   1.5430303e-47       1.0000000
      0.00000       4.6990000   1.4945470e-47       1.0000000
      0.00000       4.7000000   1.4475969e-47       1.0000000
      0.00000       4.7010000   1.4021312e-47       1.0000000
      0.00000       4.7020000   1.3581027e-47       1.0000000
      0.00000       4.7030000   1.3154656e-47       1.0000000
      0.00000       4.7040000   1.2741758e-47       1.0000000
      0.00000       4.7050000   1.2341904e-47       1.0000000
      0.00000       4.7060000   1.1954678e-47       1.0000000
      0.00000       4.7070000   1.1579680e-47       1.0000000
      0.00000       4.7080000   1.1216522e-47       1.0000000
      0.00000       4.7090000   1.0864825e-47       1.0000000
      0.00000       4.7100000   1.0524228e-47       1.0000000
      0.00000       4.7110000   1.0194377e-47       1.0000000
      0.00000       4.7120000   9.8749307e-48       1.0000000
      0.00000       4.7130000   9.5655591e-48       1.0000000
      0.00000       4.7140000   9.2659423e-48       1.0000000
      0.00000       4.7150000   8.9757709e-48       1.0000000
      0.00000       4.7160000   8.6947452e-48       1.0000000
      0.00000       4.7170000   8.4225750e-48       1.0000000
      0.00000       4.7180000   8.1589794e-48       1.0000000
      0.00000       4.7190000   7.9036868e-48       1.0000000
      0.00000       4.7200000   7.6564337e-48       1.0000000
      0.00000       4.7210000   7.4169655e-48       1.0000000
      0.00000       4.7220000   7.1850354e-48       1.0000000
      0.00000       4.7230000   6.9604046e-48       1.0000000
      0.00000       4.7240000   6.7428420e-48       1.0000000
      0.00000       4.7250000   6.5321236e-48       1.0000000
      0.00000       4.7260000   6.3280329e-48       1.0000000
      0.00000       4.7270000   6.1303600e-48       1.0000000
      0.00000       4.7280000   5.9389017e-48       1.0000000
      0.00000       4.7290000   5.7534616e-48       1.0000000
      0.00000       4.7300000   5.5738492e-48       1.0000000
      0.00000       4.7310000   5.3998801e-48       1.0000000
      0.00000       4.7320000   5.2313759e-48       1.0000000
      0.00000       4.7330000   5.0681639e-48       1.0000000
      0.00000       4.7340000   4.9100768e-48       1.0000000
      0.00000       4.7350000   4.7569526e-48       1.0000000
      0.00000       4.7360000   4.6086345e-48       1.0000000
      0.00000       4.7370000   4.4649707e-48       1.0000000
      0.00000       4.7380000   4.3258142e-48       1.0000000
      0.00000       4.7390000   4.1910227e-48       1.0000000
      0.00000       4.7400000   4.0604584e-48       1.0000000
      0.00000       4.7410000   3.9339879e-48       1.0000000
      0.00000       4.7420000   3.8114820e-48       1.0000000
      0.00000       4.7430000   3.6928156e-48       1.0000000
      0.00000       4.7440000   3.5778676e-48       1.0000000
      0.00000       4.7450000   3.4665208e-48       1.0000000
      0.00000       4.7460000   3.3586615e-48       1.0000000
      0.00000       4.7470000   3.2541799e-48       1.0000000
      0.00000       4.7480000   3.1529696e-48       1.0000000
      0.00000       4.7490000   3.0549273e-48       1.0000000
      0.00000       4.7500000   2.9599534e-48       1.0000000
      0.00000       4.7510000   2.8679512e-48       1.0000000
      0.00000       4.7520000   2.7788271e-48       1.0000000
      0.00000       4.7530000   2.6924905e-48       1.0000000
      0.00000       4.7540000   2.6088536e-48       1.0000000
      0.00000       4.7550000   2.5278316e-48       1.0000000
      0.00000       4.7560000   2.4493420e-48       1.0000000
      0.00000       4.7570000   2.3733053e-48       1.0000000
      0.00000       4.7580000   2.2996443e-48       1.0000000
      0.00000       4.7590000   2.2282843e-48       1.0000000
      0.00000       4.7600000   2.1591530e-48       1.0000000
      0.00000       4.7610000   2.0921803e-48       1.0000000
      0.00000       4.7620000   2.0272983e-48       1.0000000
      0.00000       4.7630000   1.9644415e-48       1.0000000
      0.00000       4.7640000   1.9035461e-48       1.0000000
      0.00000       4.7650000   1.8445506e-48       1.0000000
      0.00000       4.7660000   1.7873953e-48       1.0000000
      0.00000       4.7670000   1.7320225e-48       1.0000000
      0.00000       4.7680000   1.6783762e-48       1.0000000
      0.00000       4.7690000   1.6264022e-48       1.0000000
      0.00000       4.7700000   1.5760481e-48       1.0000000
      0.00000       4.7710000   1.5272630e-48       1.0000000
      0.00000       4.7720000   1.4799978e-48       1.0000000
      0.00000       4.7730000   1.4342048e-48       1.0000000
      0.00000       4.7740000   1.3898378e-48       1.0000000
      0.00000       4.7750000   1.3468522e-48       1.0000000
      0.00000       4.7760000   1.3052046e-48       1.0000000
      0.00000       4.7770000   1.2648532e-48       1.0000000
      0.00000       4.7780000   1.2257574e-48       1.0000000
      0.00000       4.7790000   1.1878777e-48       1.0000000
      0.00000       4.7800000   1.1511763e-48       1.0000000
      0.00000       4.7810000   1.1156161e-48       1.0000000
      0.00000       4.7820000   1.0811615e-48       1.0000000
      0.00000       4.7830000   1.0477778e-48       1.0000000
      0.00000       4.7840000   1.0154316e-48       1.0000000
      0.00000       4.7850000   9.8409042e-49       1.0000000
      0.00000       4.7860000   9.5372283e-49       1.0000000
      0.00000       4.7870000   9.2429840e-49       1.0000000
      0.00000       4.7880000   8.9578763e-49       1.0000000
      0.00000       4.7890000   8.6816199e-49       1.0000000
      0.00000       4.7900000   8.4139380e-49       1.0000000
      0.00000       4.7910000   8.1545630e-49       1.0000000
      0.00000       4.7920000   7.9032353e-49       1.0000000
      0.00000       4.7930000   7.6597037e-49       1.0000000
      0.00000       4.7940000   7.4237248e-49       1.0000000
      0.00000       4.7950000   7.1950629e-49       1.0000000
      0.00000       4.7960000   6.9734896e-49       1.0000000
      0.00000       4.7970000   6.7587838e-49       1.0000000
      0.00000       4.7980000   6.5507312e-49       1.0000000
      0.00000       4.7990000   6.3491243e-49       1.0000000
      0.00000       4.8000000   6.1537623e-49       1.0000000
      0.00000       4.8010000   5.9644503e-49       1.0000000
      0.00000       4.8020000   5.7809999e-49       1.0000000
      0.00000       4.8030000   5.6032284e-49       1.0000000
      0.00000       4.8040000   5.4309588e-49       1.0000000
      0.00000       4.8050000   5.2640199e-49       1.0000000
      0.00000       4.8060000   5.1022455e-49       1.0000000
      0.00000       4.8070000   4.9454749e-49       1.0000000
      0.00000       4.8080000   4.7935523e-49       1.0000000
      0.00000       4.8090000   4.6463269e-49       1.0000000
      0.00000       4.8100000   4.5036524e-49       1.0000000
      0.00000       4.8110000   4.3653874e-49       1.0000000
      0.00000       4.8120000   4.2313945e-49       1.0000000
      0.00000       4.8130000   4.1015411e-49       1.0000000
      0.00000       4.8140000   3.9756984e-49       1.0000000
      0.00000       4.8150000   3.8537417e-49       1.0000000
      0.00000       4.8160000   3.7355503e-49       1.0000000
      0.00000       4.8170000   3.6210071e-49       1.0000000
      0.00000       4.8180000   3.5099988e-49       1.0000000
      0.00000       4.8190000   3.4024157e-49       1.0000000
      0.00000       4.8200000   3.2981514e-49       1.0000000
      0.00000       4.8210000   3.1971028e-49       1.0000000
      0.00000       4.8220000   3.0991701e-49       1.0000000
      0.00000       4.8230000   3.0042567e-49       1.0000000
      0.00000       4.8240000   2.9122688e-49       1.0000000
      0.00000       4.8250000   2.8231156e-49       1.0000000
      0.00000       4.8260000   2.7367094e-49       1.0000000
      0.00000       4.8270000   2.6529649e-49       1.0000000
      0.00000       4.8280000   2.5717995e-49       1.0000000
      0.00000       4.8290000   2.4931334e-49       1.0000000
      0.00000       4.8300000   2.4168890e-49       1.0000000
      0.00000       4.8310000   2.3429914e-49       1.0000000
      0.00000       4.8320000   2.2713679e-49       1.0000000
      0.00000       4.8330000   2.2019480e-49       1.0000000
      0.00000       4.8340000   2.1346634e-49       1.0000000
      0.00000       4.8350000   2.0694482e-49       1.0000000
      0.00000       4.8360000   2.0062382e-49       1.0000000
      0.00000       4.8370000   1.9449714e-49       1.0000000
      0.00000       4.8380000   1.8855876e-49       1.0000000
      0.00000       4.8390000   1.8280287e-49       1.0000000
      0.00000       4.8400000   1.7722381e-49       1.0000000
      0.00000       4.8410000   1.7181613e-49       1.0000000
      0.00000       4.8420000   1.6657451e-49       1.0000000
      0.00000       4.8430000   1.6149384e-49       1.0000000
      0.00000       4.8440000   1.5656913e-49       1.0000000
      0.00000       4.8450000   1.5179558e-49       1.0000000
      0.00000       4.8460000   1.4716850e-49       1.0000000
      0.00000       4.8470000   1.4268337e-49       1.0000000
      0.00000       4.8480000   1.3833582e-49       1.0000000
      0.00000       4.8490000   1.3412159e-49       1.0000000
      0.00000       4.8500000   1.3003658e-49       1.0000000
      0.00000       4.8510000   1.2607679e-49       1.0000000
      0.00000       4.8520000   1.2223835e-49       1.0000000
      0.00000       4.8530000   1.1851754e-49       1.0000000
      0.00000       4.8540000   1.1491071e-49       1.0000000
      0.00000       4.8550000   1.1141436e-49       1.0000000
      0.00000       4.8560000   1.0802508e-49       1.0000000
      0.00000       4.8570000   1.0473957e-49       1.0000000
      0.00000       4.8580000   1.0155464e-49       1.0000000
      0.00000       4.8590000   9.8467171e-50       1.0000000
      0.00000       4.8600000   9.5474179e-50       1.0000000
      0.00000       4.8610000   9.2572749e-50       1.0000000
      0.00000       4.8620000   8.9760062e-50       1.0000000
      0.00000       4.8630000   8.7033387e-50       1.0000000
      0.00000       4.8640000   8.4390077e-50       1.0000000
      0.00000       4.8650000   8.1827566e-50       1.0000000
      0.00000       4.8660000   7.9343368e-50       1.0000000
      0.00000       4.8670000   7.6935076e-50       1.0000000
      0.00000       4.8680000   7.4600354e-50       1.0000000
      0.00000       4.8690000   7.2336941e-50       1.0000000
      0.00000       4.8700000   7.0142645e-50       1.0000000
      0.00000       4.8710000   6.8015342e-50       1.0000000
      0.00000       4.8720000   6.5952973e-50       1.0000000
      0.00000       4.8730000   6.3953544e-50       1.0000000
      0.00000       4.8740000   6.2015121e-50       1.0000000
      0.00000       4.8750000   6.0135831e-50       1.0000000
      0.00000       4.8760000   5.8313859e-50       1.0000000
      0.00000       4.8770000   5.6547444e-50       1.0000000
      0.00000       4.8780000   5.4834883e-50       1.0000000
      0.00000       4.8790000   5.3174523e-50       1.0000000
      0.00000       4.8800000   5.1564762e-50       1.0000000
      0.00000       4.8810000   5.0004049e-50       1.0000000
      0.00000       4.8820000   4.8490879e-50       1.0000000
      0.00000       4.8830000   4.7023795e-50       1.0000000
      0.00000       4.8840000   4.5601385e-50       1.0000000
      0.00000       4.8850000   4.4222278e-50       1.0000000
      0.00000       4.8860000   4.2885149e-50       1.0000000
      0.00000       4.8870000   4.1588712e-50       1.0000000
      0.00000       4.8880000   4.0331719e-50       1.0000000
      0.00000       4.8890000   3.9112964e-50       1.0000000
      0.00000       4.8900000   3.7931276e-50       1.0000000
      0.00000       4.8910000   3.6785520e-50       1.0000000
      0.00000       4.8920000   3.5674596e-50       1.0000000
      0.00000       4.8930000   3.4597439e-50       1.0000000
      0.00000       4.8940000   3.3553016e-50       1.0000000
      0.00000       4.8950000   3.2540326e-50       1.0000000
      0.00000       4.8960000   3.1558398e-50       1.0000000
      0.00000       4.8970000   3.0606292e-50       1.0000000
      0.00000       4.8980000   2.9683096e-50       1.0000000
      0.00000       4.8990000   2.8787928e-50       1.0000000
      0.00000       4.9000000   2.7919929e-50       1.0000000
      0.00000       4.9010000   2.7078272e-50       1.0000000
      0.00000       4.9020000   2.6262150e-50       1.0000000
      0.00000       4.9030000   2.5470785e-50       1.0000000
      0.00000       4.9040000   2.4703421e-50       1.0000000
      0.00000       4.9050000   2.3959324e-50       1.0000000
      0.00000       4.9060000   2.3237786e-50       1.0000000
      0.00000       4.9070000   2.2538117e-50       1.0000000
      0.00000       4.9080000   2.1859650e-50       1.0000000
      0.00000       4.9090000   2.1201740e-50       1.0000000
      0.00000       4.9100000   2.0563759e-50       1.0000000
      0.00000       4.9110000   1.9945099e-50       1.0000000
      0.00000       4.9120000   1.9345172e-50       1.0000000
      0.00000       4.9130000   1.8763407e-50       1.0000000
      0.00000       4.9140000   1.8199250e-50       1.0000000
      0.00000       4.9150000   1.7652166e-50       1.0000000
      0.00000       4.9160000   1.7121633e-50       1.0000000
      0.00000       4.9170000   1.6607149e-50       1.0000000
      0.00000       4.9180000   1.6108224e-50       1.0000000
      0.00000       4.9190000   1.5624385e-50       1.0000000
      0.00000       4.9200000   1.5155173e-50       1.0000000
      0.00000       4.9210000   1.4700143e-50       1.0000000
      0.00000       4.9220000   1.4258864e-50       1.0000000
      0.00000       4.9230000   1.3830916e-50       1.0000000
      0.00000       4.9240000   1.3415896e-50       1.0000000
      0.00000       4.9250000   1.3013410e-50       1.0000000
      0.00000       4.9260000   1.2623076e-50       1.0000000
      0.00000       4.9270000   1.2244526e-50       1.0000000
      0.00000       4.9280000   1.1877402e-50       1.0000000
      0.00000       4.9290000   1.1521356e-50       1.0000000
      0.00000       4.9300000   1.1176052e-50       1.0000000
      0.00000       4.9310000   1.0841165e-50       1.0000000
      0.00000       4.9320000   1.0516377e-50       1.0000000
      0.00000       4.9330000   1.0201382e-50       1.0000000
      0.00000       4.9340000   9.8958829e-51       1.0000000
      0.00000       4.9350000   9.5995919e-51       1.0000000
      0.00000       4.9360000   9.3122294e-51       1.0000000
      0.00000       4.9370000   9.0335247e-51       1.0000000
      0.00000       4.9380000   8.7632153e-51       1.0000000
      0.00000       4.9390000   8.5010466e-51       1.0000000
      0.00000       4.9400000   8.2467719e-51       1.0000000
      0.00000       4.9410000   8.0001520e-51       1.0000000
      0.00000       4.9420000   7.7609549e-51       1.0000000
      0.00000       4.9430000   7.5289559e-51       1.0000000
      0.00000       4.9440000   7.3039368e-51       1.0000000
      0.00000       4.9450000   7.0856865e-51       1.0000000
      0.00000       4.9460000   6.8739998e-51       1.0000000
      0.00000       4.9470000   6.6686783e-51       1.0000000
      0.00000       4.9480000   6.4695292e-51       1.0000000
      0.00000       4.9490000   6.2763658e-51       1.0000000
      0.00000       4.9500000   6.0890071e-51       1.0000000
      0.00000       4.9510000   5.9072775e-51       1.0000000
      0.00000       4.9520000   5.7310067e-51       1.0000000
      0.00000       4.9530000   5.5600299e-51       1.0000000
      0.00000       4.9540000   5.3941868e-51       1.0000000
      0.00000       4.9550000   5.2333225e-51       1.0000000
      0.00000       4.9560000   5.0772864e-51       1.0000000
      0.00000       4.9570000   4.9259328e-51       1.0000000
      0.00000       4.9580000   4.7791202e-51       1.0000000
      0.00000       4.9590000   4.6367115e-51       1.0000000
      0.00000       4.9600000   4.4985738e-51       1.0000000
      0.00000       4.9610000   4.3645781e-51       1.0000000
      0.00000       4.9620000   4.2345994e-51       1.0000000
      0.00000       4.9630000   4.1085166e-51       1.0000000
      0.00000       4.9640000   3.9862120e-51       1.0000000
      0.00000       4.9650000   3.8675719e-51       1.0000000
      0.00000       4.9660000   3.7524856e-51       1.0000000
      0.00000       4.9670000   3.6408461e-51       1.0000000
      0.00000       4.9680000   3.5325494e-51       1.0000000
      0.00000       4.9690000   3.4274948e-51       1.0000000
      0.00000       4.9700000   3.3255847e-51       1.0000000
      0.00000       4.9710000   3.2267242e-51       1.0000000
      0.00000       4.9720000   3.1308216e-51       1.0000000
      0.00000       4.9730000   3.0377878e-51       1.0000000
      0.00000       4.9740000   2.9475364e-51       1.0000000
      0.00000       4.9750000   2.8599837e-51       1.0000000
      0.00000       4.9760000   2.7750484e-51       1.0000000
      0.00000       4.9770000   2.6926519e-51       1.0000000
      0.00000       4.9780000   2.6127177e-51       1.0000000
      0.00000       4.9790000   2.5351717e-51       1.0000000
      0.00000       4.9800000   2.4599422e-51       1.0000000
      0.00000       4.9810000   2.3869596e-51       1.0000000
      0.00000       4.9820000   2.3161562e-51       1.0000000
      0.00000       4.9830000   2.2474666e-51       1.0000000
      0.00000       4.9840000   2.1808273e-51       1.0000000
      0.00000       4.9850000   2.1161767e-51       1.0000000
      0.00000       4.9860000   2.0534550e-51       1.0000000
      0.00000       4.9870000   1.9926044e-51       1.0000000
      0.00000       4.9880000   1.9335687e-51       1.0000000
      0.00000       4.9890000   1.8762933e-51       1.0000000
      0.00000       4.9900000   1.8207255e-51       1.0000000
      0.00000       4.9910000   1.7668140e-51       1.0000000
      0.00000       4.9920000   1.7145092e-51       1.0000000
      0.00000       4.9930000   1.6637628e-51       1.0000000
      0.00000       4.9940000   1.6145281e-51       1.0000000
      0.00000       4.9950000   1.5667599e-51       1.0000000
      0.00000       4.9960000   1.5204140e-51       1.0000000
      0.00000       4.9970000   1.4754480e-51       1.0000000
      0.00000       4.9980000   1.4318204e-51       1.0000000
      0.00000       4.9990000   1.3894912e-51       1.0000000
      0.00000       5.0000000   1.3484215e-51       1.0000000
      0.00000       5.0010000   1.3085736e-51       1.0000000
      0.00000       5.0020000   1.2699108e-51       1.0000000
      0.00000       5.0030000   1.2323977e-51       1.0000000
      0.00000       5.0040000   1.1960000e-51       1.0000000
      0.00000       5.0050000   1.1606841e-51       1.0000000
      0.00000       5.0060000   1.1264179e-51       1.0000000
      0.00000       5.0070000   1.0931698e-51       1.0000000
      0.00000       5.0080000   1.0609094e-51       1.0000000
      0.00000       5.0090000   1.0296072e-51       1.0000000
      0.00000       5.0100000   9.9923455e-52       1.0000000
      0.00000       5.0110000   9.6976367e-52       1.0000000
      0.00000       5.0120000   9.4116761e-52       1.0000000
      0.00000       5.0130000   9.1342024e-52       1.0000000
      0.00000       5.0140000   8.8649620e-52       1.0000000
      0.00000       5.0150000   8.6037091e-52       1.0000000
      0.00000       5.0160000   8.3502052e-52       1.0000000
      0.00000       5.0170000   8.1042190e-52       1.0000000
      0.00000       5.0180000   7.8655261e-52       1.0000000
      0.00000       5.0190000   7.6339088e-52       1.0000000
      0.00000       5.0200000   7.4091562e-52       1.0000000
      0.00000       5.0210000   7.1910634e-52       1.0000000
      0.00000       5.0220000   6.9794318e-52       1.0000000
      0.00000       5.0230000   6.7740687e-52       1.0000000
      0.00000       5.0240000   6.5747874e-52       1.0000000
      0.00000       5.0250000   6.3814065e-52       1.0000000
      0.00000       5.0260000   6.1937502e-52       1.0000000
      0.00000       5.0270000   6.0116479e-52       1.0000000
      0.00000       5.0280000   5.8349343e-52       1.0000000
      0.00000       5.0290000   5.6634488e-52       1.0000000
      0.00000       5.0300000   5.4970358e-52       1.0000000
      0.00000       5.0310000   5.3355442e-52       1.0000000
      0.00000       5.0320000   5.1788276e-52       1.0000000
      0.00000       5.0330000   5.0267439e-52       1.0000000
      0.00000       5.0340000   4.8791553e-52       1.0000000
      0.00000       5.0350000   4.7359280e-52       1.0000000
      0.00000       5.0360000   4.5969323e-52       1.0000000
      0.00000       5.0370000   4.4620424e-52       1.0000000
      0.00000       5.0380000   4.3311363e-52       1.0000000
      0.00000       5.0390000   4.2040955e-52       1.0000000
      0.00000       5.0400000   4.0808051e-52       1.0000000
      0.00000       5.0410000   3.9611538e-52       1.0000000
      0.00000       5.0420000   3.8450334e-52       1.0000000
      0.00000       5.0430000   3.7323391e-52       1.0000000
      0.00000       5.0440000   3.6229692e-52       1.0000000
      0.00000       5.0450000   3.5168248e-52       1.0000000
      0.00000       5.0460000   3.4138104e-52       1.0000000
      0.00000       5.0470000   3.3138329e-52       1.0000000
      0.00000       5.0480000   3.2168024e-52       1.0000000
      0.00000       5.0490000   3.1226314e-52       1.0000000
      0.00000       5.0500000   3.0312350e-52       1.0000000
      0.00000       5.0510000   2.9425310e-52       1.0000000
      0.00000       5.0520000   2.8564396e-52       1.0000000
      0.00000       5.0530000   2.7728833e-52       1.0000000
      0.00000       5.0540000   2.6917870e-52       1.0000000
      0.00000       5.0550000   2.6130778e-52       1.0000000
      0.00000       5.0560000   2.5366849e-52       1.0000000
      0.00000       5.0570000   2.4625399e-52       1.0000000
      0.00000       5.0580000   2.3905761e-52       1.0000000
      0.00000       5.0590000   2.3207289e-52       1.0000000
      0.00000       5.0600000   2.2529357e-52       1.0000000
      0.00000       5.0610000   2.1871357e-52       1.0000000
      0.00000       5.0620000   2.1232699e-52       1.0000000
      0.00000       5.0630000   2.0612811e-52       1.0000000
      0.00000       5.0640000   2.0011137e-52       1.0000000
      0.00000       5.0650000   1.9427140e-52       1.0000000
      0.00000       5.0660000   1.8860296e-52       1.0000000
      0.00000       5.0670000   1.8310098e-52       1.0000000
      0.00000       5.0680000   1.7776055e-52       1.0000000
      0.00000       5.0690000   1.7257689e-52       1.0000000
      0.00000       5.0700000   1.6754537e-52       1.0000000
      0.00000       5.0710000   1.6266149e-52       1.0000000
      0.00000       5.0720000   1.5792089e-52       1.0000000
      0.00000       5.0730000   1.5331935e-52       1.0000000
      0.00000       5.0740000   1.4885276e-52       1.0000000
      0.00000       5.0750000   1.4451713e-52       1.0000000
      0.00000       5.0760000   1.4030861e-52       1.0000000
      0.00000       5.0770000   1.3622343e-52       1.0000000
      0.00000       5.0780000   1.3225797e-52       1.0000000
      0.00000       5.0790000   1.2840868e-52       1.0000000
      0.00000       5.0800000   1.2467216e-52       1.0000000
      0.00000       5.0810000   1.2104506e-52       1.0000000
      0.00000       5.0820000   1.1752418e-52       1.0000000
      0.00000       5.0830000   1.1410636e-52       1.0000000
      0.00000       5.0840000   1.1078859e-52       1.0000000
      0.00000       5.0850000   1.0756791e-52       1.0000000
      0.00000       5.0860000   1.0444146e-52       1.0000000
      0.00000       5.0870000   1.0140647e-52       1.0000000
      0.00000       5.0880000   9.8460248e-53       1.0000000
      0.00000       5.0890000   9.5600176e-53       1.0000000
      0.00000       5.0900000   9.2823720e-53       1.0000000
      0.00000       5.0910000   9.0128422e-53       1.0000000
      0.00000       5.0920000   8.7511892e-53       1.0000000
      0.00000       5.0930000   8.4971815e-53       1.0000000
      0.00000       5.0940000   8.2505942e-53       1.0000000
      0.00000       5.0950000   8.0112092e-53       1.0000000
      0.00000       5.0960000   7.7788146e-53       1.0000000
      0.00000       5.0970000   7.5532052e-53       1.0000000
      0.00000       5.0980000   7.3341815e-53       1.0000000
      0.00000       5.0990000   7.1215500e-53       1.0000000
      0.00000       5.1000000   6.9151230e-53       1.0000000
      0.00000       5.1010000   6.7147182e-53       1.0000000
      0.00000       5.1020000   6.5201589e-53       1.0000000
      0.00000       5.1030000   6.3312735e-53       1.0000000
      0.00000       5.1040000   6.1478953e-53       1.0000000
      0.00000       5.1050000   5.9698629e-53       1.0000000
      0.00000       5.1060000   5.7970194e-53       1.0000000
      0.00000       5.1070000   5.6292125e-53       1.0000000
      0.00000       5.1080000   5.4662946e-53       1.0000000
      0.00000       5.1090000   5.3081223e-53       1.0000000
      0.00000       5.1100000   5.1545565e-53       1.0000000
      0.00000       5.1110000   5.0054621e-53       1.0000000
      0.00000       5.1120000   4.8607082e-53       1.0000000
      0.00000       5.1130000   4.7201675e-53       1.0000000
      0.00000       5.1140000   4.5837167e-53       1.0000000
      0.00000       5.1150000   4.4512359e-53       1.0000000
      0.00000       5.1160000   4.3226090e-53       1.0000000
      0.00000       5.1170000   4.1977230e-53       1.0000000
      0.00000       5.1180000   4.0764685e-53       1.0000000
      0.00000       5.1190000   3.9587392e-53       1.0000000
      0.00000       5.1200000   3.8444319e-53       1.0000000
      0.00000       5.1210000   3.7334466e-53       1.0000000
      0.00000       5.1220000   3.6256861e-53       1.0000000
      0.00000       5.1230000   3.5210561e-53       1.0000000
      0.00000       5.1240000   3.4194650e-53       1.0000000
      0.00000       5.1250000   3.3208240e-53       1.0000000
      0.00000       5.1260000   3.2250470e-53       1.0000000
      0.00000       5.1270000   3.1320501e-53       1.0000000
      0.00000       5.1280000   3.0417523e-53       1.0000000
      0.00000       5.1290000   2.9540746e-53       1.0000000
      0.00000       5.1300000   2.8689406e-53       1.0000000
      0.00000       5.1310000   2.7862759e-53       1.0000000
      0.00000       5.1320000   2.7060086e-53       1.0000000
      0.00000       5.1330000   2.6280685e-53       1.0000000
      0.00000       5.1340000   2.5523879e-53       1.0000000
      0.00000       5.1350000   2.4789007e-53       1.0000000
      0.00000       5.1360000   2.4075431e-53       1.0000000
      0.00000       5.1370000   2.3382528e-53       1.0000000
      0.00000       5.1380000   2.2709697e-53       1.0000000
      0.00000       5.1390000   2.2056351e-53       1.0000000
      0.00000       5.1400000   2.1421924e-53       1.0000000
      0.00000       5.1410000   2.0805863e-53       1.0000000
      0.00000       5.1420000   2.0207634e-53       1.0000000
      0.00000       5.1430000   1.9626718e-53       1.0000000
      0.00000       5.1440000   1.9062609e-53       1.0000000
      0.00000       5.1450000   1.8514818e-53       1.0000000
      0.00000       5.1460000   1.7982871e-53       1.0000000
      0.00000       5.1470000   1.7466307e-53       1.0000000
      0.00000       5.1480000   1.6964677e-53       1.0000000
      0.00000       5.1490000   1.6477547e-53       1.0000000
      0.00000       5.1500000   1.6004495e-53       1.0000000
      0.00000       5.1510000   1.5545111e-53       1.0000000
      0.00000       5.1520000   1.5098999e-53       1.0000000
      0.00000       5.1530000   1.4665773e-53       1.0000000
      0.00000       5.1540000   1.4245057e-53       1.0000000
      0.00000       5.1550000   1.3836488e-53       1.0000000
      0.00000       5.1560000   1.3439714e-53       1.0000000
      0.00000       5.1570000   1.3054391e-53       1.0000000
      0.00000       5.1580000   1.2680187e-53       1.0000000
      0.00000       5.1590000   1.2316779e-53       1.0000000
      0.00000       5.1600000   1.1963853e-53       1.0000000
      0.00000       5.1610000   1.1621106e-53       1.0000000
      0.00000       5.1620000   1.1288241e-53       1.0000000
      0.00000       5.1630000   1.0964973e-53       1.0000000
      0.00000       5.1640000   1.0651022e-53       1.0000000
      0.00000       5.1650000   1.0346118e-53       1.0000000
      0.00000       5.1660000   1.0050000e-53       1.0000000
      0.00000       5.1670000   9.7624110e-54       1.0000000
      0.00000       5.1680000   9.4831053e-54       1.0000000
      0.00000       5.1690000   9.2118423e-54       1.0000000
      0.00000       5.1700000   8.9483890e-54       1.0000000
      0.00000       5.1710000   8.6925191e-54       1.0000000
      0.00000       5.1720000   8.4440129e-54       1.0000000
      0.00000       5.1730000   8.2026572e-54       1.0000000
      0.00000       5.1740000   7.9682447e-54       1.0000000
      0.00000       5.1750000   7.7405746e-54       1.0000000
      0.00000       5.1760000   7.5194517e-54       1.0000000
      0.00000       5.1770000   7.3046864e-54       1.0000000
      0.00000       5.1780000   7.0960948e-54       1.0000000
      0.00000       5.1790000   6.8934982e-54       1.0000000
      0.00000       5.1800000   6.6967234e-54       1.0000000
      0.00000       5.1810000   6.5056018e-54       1.0000000
      0.00000       5.1820000   6.3199701e-54       1.0000000
      0.00000       5.1830000   6.1396695e-54       1.0000000
      0.00000       5.1840000   5.9645460e-54       1.0000000
      0.00000       5.1850000   5.7944499e-54       1.0000000
      0.00000       5.1860000   5.6292360e-54       1.0000000
      0.00000       5.1870000   5.4687632e-54       1.0000000
      0.00000       5.1880000   5.3128947e-54       1.0000000
      0.00000       5.1890000   5.1614975e-54       1.0000000
      0.00000       5.1900000   5.0144424e-54       1.0000000
      0.00000       5.1910000   4.8716041e-54       1.0000000
      0.00000       5.1920000   4.7328610e-54       1.0000000
      0.00000       5.1930000   4.5980949e-54       1.0000000
      0.00000       5.1940000   4.4671911e-54       1.0000000
      0.00000       5.1950000   4.3400381e-54       1.0000000
      0.00000       5.1960000   4.2165277e-54       1.0000000
      0.00000       5.1970000   4.0965551e-54       1.0000000
      0.00000       5.1980000   3.9800181e-54       1.0000000
      0.00000       5.1990000   3.8668178e-54       1.0000000
      0.00000       5.2000000   3.7568580e-54       1.0000000
      0.00000       5.2010000   3.6500453e-54       1.0000000
      0.00000       5.2020000   3.5462891e-54       1.0000000
      0.00000       5.2030000   3.4455015e-54       1.0000000
      0.00000       5.2040000   3.3475968e-54       1.0000000
      0.00000       5.2050000   3.2524921e-54       1.0000000
      0.00000       5.2060000   3.1601068e-54       1.0000000
      0.00000       5.2070000   3.0703626e-54       1.0000000
      0.00000       5.2080000   2.9831836e-54       1.0000000
      0.00000       5.2090000   2.8984960e-54       1.0000000
      0.00000       5.2100000   2.8162281e-54       1.0000000
      0.00000       5.2110000   2.7363103e-54       1.0000000
      0.00000       5.2120000   2.6586751e-54       1.0000000
      0.00000       5.2130000   2.5832568e-54       1.0000000
      0.00000       5.2140000   2.5099918e-54       1.0000000
      0.00000       5.2150000   2.4388181e-54       1.0000000
      0.00000       5.2160000   2.3696757e-54       1.0000000
      0.00000       5.2170000   2.3025062e-54       1.0000000
      0.00000       5.2180000   2.2372530e-54       1.0000000
      0.00000       5.2190000   2.1738611e-54       1.0000000
      0.00000       5.2200000   2.1122770e-54       1.0000000
      0.00000       5.2210000   2.0524488e-54       1.0000000
      0.00000       5.2220000   1.9943262e-54       1.0000000
      0.00000       5.2230000   1.9378602e-54       1.0000000
      0.00000       5.2240000   1.8830033e-54       1.0000000
      0.00000       5.2250000   1.8297093e-54       1.0000000
      0.00000       5.2260000   1.7779335e-54       1.0000000
      0.00000       5.2270000   1.7276323e-54       1.0000000
      0.00000       5.2280000   1.6787634e-54       1.0000000
      0.00000       5.2290000   1.6312858e-54       1.0000000
      0.00000       5.2300000   1.5851596e-54       1.0000000
      0.00000       5.2310000   1.5403461e-54       1.0000000
      0.00000       5.2320000   1.4968078e-54       1.0000000
      0.00000       5.2330000   1.4545080e-54       1.0000000
      0.00000       5.2340000   1.4134114e-54       1.0000000
      0.00000       5.2350000   1.3734834e-54       1.0000000
      0.00000       5.2360000   1.3346907e-54       1.0000000
      0.00000       5.2370000   1.2970008e-54       1.0000000
      0.00000       5.2380000   1.2603820e-54       1.0000000
      0.00000       5.2390000   1.2248039e-54       1.0000000
      0.00000       5.2400000   1.1902365e-54       1.0000000
      0.00000       5.2410000   1.1566511e-54       1.0000000
      0.00000       5.2420000   1.1240195e-54       1.0000000
      0.00000       5.2430000   1.0923144e-54       1.0000000
      0.00000       5.2440000   1.0615095e-54       1.0000000
      0.00000       5.2450000   1.0315789e-54       1.0000000
      0.00000       5.2460000   1.0024977e-54       1.0000000
      0.00000       5.2470000   9.7424165e-55       1.0000000
      0.00000       5.2480000   9.4678717e-55       1.0000000
      0.00000       5.2490000   9.2011139e-55       1.0000000
      0.00000       5.2500000   8.9419206e-55       1.0000000
      0.00000       5.2510000   8.6900761e-55       1.0000000
      0.00000       5.2520000   8.4453705e-55       1.0000000
      0.00000       5.2530000   8.2076003e-55       1.0000000
      0.00000       5.2540000   7.9765677e-55       1.0000000
      0.00000       5.2550000   7.7520804e-55       1.0000000
      0.00000       5.2560000   7.5339518e-55       1.0000000
      0.00000       5.2570000   7.3220007e-55       1.0000000
      0.00000       5.2580000   7.1160511e-55       1.0000000
      0.00000       5.2590000   6.9159318e-55       1.0000000
      0.00000       5.2600000   6.7214767e-55       1.0000000
      0.00000       5.2610000   6.5325246e-55       1.0000000
      0.00000       5.2620000   6.3489186e-55       1.0000000
      0.00000       5.2630000   6.1705066e-55       1.0000000
      0.00000       5.2640000   5.9971406e-55       1.0000000
      0.00000       5.2650000   5.8286771e-55       1.0000000
      0.00000       5.2660000   5.6649764e-55       1.0000000
      0.00000       5.2670000   5.5059032e-55       1.0000000
      0.00000       5.2680000   5.3513256e-55       1.0000000
      0.00000       5.2690000   5.2011159e-55       1.0000000
      0.00000       5.2700000   5.0551499e-55       1.0000000
      0.00000       5.2710000   4.9133069e-55       1.0000000
      0.00000       5.2720000   4.7754696e-55       1.0000000
      0.00000       5.2730000   4.6415242e-55       1.0000000
      0.00000       5.2740000   4.5113602e-55       1.0000000
      0.00000       5.2750000   4.3848700e-55       1.0000000
      0.00000       5.2760000   4.2619494e-55       1.0000000
      0.00000       5.2770000   4.1424969e-55       1.0000000
      0.00000       5.2780000   4.0264141e-55       1.0000000
      0.00000       5.2790000   3.9136053e-55       1.0000000
      0.00000       5.2800000   3.8039775e-55       1.0000000
      0.00000       5.2810000   3.6974405e-55       1.0000000
      0.00000       5.2820000   3.5939066e-55       1.0000000
      0.00000       5.2830000   3.4932906e-55       1.0000000
      0.00000       5.2840000   3.3955097e-55       1.0000000
      0.00000       5.2850000   3.3004836e-55       1.0000000
      0.00000       5.2860000   3.2081340e-55       1.0000000
      0.00000       5.2870000   3.1183852e-55       1.0000000
      0.00000       5.2880000   3.0311634e-55       1.0000000
      0.00000       5.2890000   2.9463970e-55       1.0000000
      0.00000       5.2900000   2.8640165e-55       1.0000000
      0.00000       5.2910000   2.7839542e-55       1.0000000
      0.00000       5.2920000   2.7061446e-55       1.0000000
      0.00000       5.2930000   2.6305237e-55       1.0000000
      0.00000       5.2940000   2.5570297e-55       1.0000000
      0.00000       5.2950000   2.4856024e-55       1.0000000
      0.00000       5.2960000   2.4161832e-55       1.0000000
      0.00000       5.2970000   2.3487153e-55       1.0000000
      0.00000       5.2980000   2.2831436e-55       1.0000000
      0.00000       5.2990000   2.2194144e-55       1.0000000
      0.00000       5.3000000   2.1574755e-55       1.0000000
      0.00000       5.3010000   2.0972765e-55       1.0000000
      0.00000       5.3020000   2.0387680e-55       1.0000000
      0.00000       5.3030000   1.9819024e-55       1.0000000
      0.00000       5.3040000   1.9266331e-55       1.0000000
      0.00000       5.3050000   1.8729151e-55       1.0000000
      0.00000       5.3060000   1.8207045e-55       1.0000000
      0.00000       5.3070000   1.7699589e-55       1.0000000
      0.00000       5.3080000   1.7206367e-55       1.0000000
      0.00000       5.3090000   1.6726979e-55       1.0000000
      0.00000       5.3100000   1.6261034e-55       1.0000000
      0.00000       5.3110000   1.5808152e-55       1.0000000
      0.00000       5.3120000   1.5367965e-55       1.0000000
      0.00000       5.3130000   1.4940115e-55       1.0000000
      0.00000       5.3140000   1.4524253e-55       1.0000000
      0.00000       5.3150000   1.4120042e-55       1.0000000
      0.00000       5.3160000   1.3727153e-55       1.0000000
      0.00000       5.3170000   1.3345267e-55       1.0000000
      0.00000       5.3180000   1.2974074e-55       1.0000000
      0.00000       5.3190000   1.2613272e-55       1.0000000
      0.00000       5.3200000   1.2262569e-55       1.0000000
      0.00000       5.3210000   1.1921681e-55       1.0000000
      0.00000       5.3220000   1.1590330e-55       1.0000000
      0.00000       5.3230000   1.1268248e-55       1.0000000
      0.00000       5.3240000   1.0955175e-55       1.0000000
      0.00000       5.3250000   1.0650856e-55       1.0000000
      0.00000       5.3260000   1.0355045e-55       1.0000000
      0.00000       5.3270000   1.0067504e-55       1.0000000
      0.00000       5.3280000   9.7879986e-56       1.0000000
      0.00000       5.3290000   9.5163035e-56       1.0000000
      0.00000       5.3300000   9.2521991e-56       1.0000000
      0.00000       5.3310000   8.9954717e-56       1.0000000
      0.00000       5.3320000   8.7459142e-56       1.0000000
      0.00000       5.3330000   8.5033248e-56       1.0000000
      0.00000       5.3340000   8.2675079e-56       1.0000000
      0.00000       5.3350000   8.0382731e-56       1.0000000
      0.00000       5.3360000   7.8154355e-56       1.0000000
      0.00000       5.3370000   7.5988155e-56       1.0000000
      0.00000       5.3380000   7.3882385e-56       1.0000000
      0.00000       5.3390000   7.1835347e-56       1.0000000
      0.00000       5.3400000   6.9845393e-56       1.0000000
      0.00000       5.3410000   6.7910922e-56       1.0000000
      0.00000       5.3420000   6.6030376e-56       1.0000000
      0.00000       5.3430000   6.4202242e-56       1.0000000
      0.00000       5.3440000   6.2425050e-56       1.0000000
      0.00000       5.3450000   6.0697372e-56       1.0000000
      0.00000       5.3460000   5.9017819e-56       1.0000000
      0.00000       5.3470000   5.7385042e-56       1.0000000
      0.00000       5.3480000   5.5797730e-56       1.0000000
      0.00000       5.3490000   5.4254609e-56       1.0000000
      0.00000       5.3500000   5.2754440e-56       1.0000000
      0.00000       5.3510000   5.1296021e-56       1.0000000
      0.00000       5.3520000   4.9878181e-56       1.0000000
      0.00000       5.3530000   4.8499785e-56       1.0000000
      0.00000       5.3540000   4.7159728e-56       1.0000000
      0.00000       5.3550000   4.5856937e-56       1.0000000
      0.00000       5.3560000   4.4590369e-56       1.0000000
      0.00000       5.3570000   4.3359011e-56       1.0000000
      0.00000       5.3580000   4.2161876e-56       1.0000000
      0.00000       5.3590000   4.0998009e-56       1.0000000
      0.00000       5.3600000   3.9866478e-56       1.0000000
      0.00000       5.3610000   3.8766379e-56       1.0000000
      0.00000       5.3620000   3.7696834e-56       1.0000000
      0.00000       5.3630000   3.6656988e-56       1.0000000
      0.00000       5.3640000   3.5646012e-56       1.0000000
      0.00000       5.3650000   3.4663098e-56       1.0000000
      0.00000       5.3660000   3.3707463e-56       1.0000000
      0.00000       5.3670000   3.2778345e-56       1.0000000
      0.00000       5.3680000   3.1875004e-56       1.0000000
      0.00000       5.3690000   3.0996719e-56       1.0000000
      0.00000       5.3700000   3.0142791e-56       1.0000000
      0.00000       5.3710000   2.9312541e-56       1.0000000
      0.00000       5.3720000   2.8505307e-56       1.0000000
      0.00000       5.3730000   2.7720447e-56       1.0000000
      0.00000       5.3740000   2.6957338e-56       1.0000000
      0.00000       5.3750000   2.6215373e-56       1.0000000
      0.00000       5.3760000   2.5493961e-56       1.0000000
      0.00000       5.3770000   2.4792530e-56       1.0000000
      0.00000       5.3780000   2.4110523e-56       1.0000000
      0.00000       5.3790000   2.3447399e-56       1.0000000
      0.00000       5.3800000   2.2802632e-56       1.0000000
      0.00000       5.3810000   2.2175709e-56       1.0000000
      0.00000       5.3820000   2.1566134e-56       1.0000000
      0.00000       5.3830000   2.0973425e-56       1.0000000
      0.00000       5.3840000   2.0397110e-56       1.0000000
      0.00000       5.3850000   1.9836734e-56       1.0000000
      0.00000       5.3860000   1.9291854e-56       1.0000000
      0.00000       5.3870000   1.8762037e-56       1.0000000
      0.00000       5.3880000   1.8246865e-56       1.0000000
      0.00000       5.3890000   1.7745931e-56       1.0000000
      0.00000       5.3900000   1.7258838e-56       1.0000000
      0.00000       5.3910000   1.6785201e-56       1.0000000
      0.00000       5.3920000   1.6324647e-56       1.0000000
      0.00000       5.3930000   1.5876811e-56       1.0000000
      0.00000       5.3940000   1.5441341e-56       1.0000000
      0.00000       5.3950000   1.5017892e-56       1.0000000
      0.00000       5.3960000   1.4606130e-56       1.0000000
      0.00000       5.3970000   1.4205732e-56       1.0000000
      0.00000       5.3980000   1.3816381e-56       1.0000000
      0.00000       5.3990000   1.3437770e-56       1.0000000
      0.00000       5.4000000   1.3069602e-56       1.0000000
      0.00000       5.4010000   1.2711586e-56       1.0000000
      0.00000       5.4020000   1.2363441e-56       1.0000000
      0.00000       5.4030000   1.2024892e-56       1.0000000
      0.00000       5.4040000   1.1695674e-56       1.0000000
      0.00000       5.4050000   1.1375528e-56       1.0000000
      0.00000       5.4060000   1.1064203e-56       1.0000000
      0.00000       5.4070000   1.0761452e-56       1.0000000
      0.00000       5.4080000   1.0467040e-56       1.0000000
      0.00000       5.4090000   1.0180734e-56       1.0000000
      0.00000       5.4100000   9.9023109e-57       1.0000000
      0.00000       5.4110000   9.6315511e-57       1.0000000
      0.00000       5.4120000   9.3682427e-57       1.0000000
      0.00000       5.4130000   9.1121793e-57       1.0000000
      0.00000       5.4140000   8.8631603e-57       1.0000000
      0.00000       5.4150000   8.6209907e-57       1.0000000
      0.00000       5.4160000   8.3854808e-57       1.0000000
      0.00000       5.4170000   8.1564463e-57       1.0000000
      0.00000       5.4180000   7.9337081e-57       1.0000000
      0.00000       5.4190000   7.7170919e-57       1.0000000
      0.00000       5.4200000   7.5064283e-57       1.0000000
      0.00000       5.4210000   7.3015528e-57       1.0000000
      0.00000       5.4220000   7.1023053e-57       1.0000000
      0.00000       5.4230000   6.9085301e-57       1.0000000
      0.00000       5.4240000   6.7200761e-57       1.0000000
      0.00000       5.4250000   6.5367962e-57       1.0000000
      0.00000       5.4260000   6.3585473e-57       1.0000000
      0.00000       5.4270000   6.1851906e-57       1.0000000
      0.00000       5.4280000   6.0165908e-57       1.0000000
      0.00000       5.4290000   5.8526166e-57       1.0000000
      0.00000       5.4300000   5.6931403e-57       1.0000000
      0.00000       5.4310000   5.5380376e-57       1.0000000
      0.00000       5.4320000   5.3871880e-57       1.0000000
      0.00000       5.4330000   5.2404739e-57       1.0000000
      0.00000       5.4340000   5.0977814e-57       1.0000000
      0.00000       5.4350000   4.9589994e-57       1.0000000
      0.00000       5.4360000   4.8240201e-57       1.0000000
      0.00000       5.4370000   4.6927387e-57       1.0000000
      0.00000       5.4380000   4.5650531e-57       1.0000000
      0.00000       5.4390000   4.4408643e-57       1.0000000
      0.00000       5.4400000   4.3200758e-57       1.0000000
      0.00000       5.4410000   4.2025940e-57       1.0000000
      0.00000       5.4420000   4.0883278e-57       1.0000000
      0.00000       5.4430000   3.9771885e-57       1.0000000
      0.00000       5.4440000   3.8690901e-57       1.0000000
      0.00000       5.4450000   3.7639488e-57       1.0000000
      0.00000       5.4460000   3.6616832e-57       1.0000000
      0.00000       5.4470000   3.5622142e-57       1.0000000
      0.00000       5.4480000   3.4654648e-57       1.0000000
      0.00000       5.4490000   3.3713600e-57       1.0000000
      0.00000       5.4500000   3.2798273e-57       1.0000000
      0.00000       5.4510000   3.1907958e-57       1.0000000
      0.00000       5.4520000   3.1041968e-57       1.0000000
      0.00000       5.4530000   3.0199633e-57       1.0000000
      0.00000       5.4540000   2.9380304e-57       1.0000000
      0.00000       5.4550000   2.8583347e-57       1.0000000
      0.00000       5.4560000   2.7808149e-57       1.0000000
      0.00000       5.4570000   2.7054110e-57       1.0000000
      0.00000       5.4580000   2.6320651e-57       1.0000000
      0.00000       5.4590000   2.5607205e-57       1.0000000
      0.00000       5.4600000   2.4913223e-57       1.0000000
      0.00000       5.4610000   2.4238171e-57       1.0000000
      0.00000       5.4620000   2.3581528e-57       1.0000000
      0.00000       5.4630000   2.2942791e-57       1.0000000
      0.00000       5.4640000   2.2321466e-57       1.0000000
      0.00000       5.4650000   2.1717077e-57       1.0000000
      0.00000       5.4660000   2.1129159e-57       1.0000000
      0.00000       5.4670000   2.0557260e-57       1.0000000
      0.00000       5.4680000   2.0000941e-57       1.0000000
      0.00000       5.4690000   1.9459775e-57       1.0000000
      0.00000       5.4700000   1.8933346e-57       1.0000000
      0.00000       5.4710000   1.8421250e-57       1.0000000
      0.00000       5.4720000   1.7923095e-57       1.0000000
      0.00000       5.4730000   1.7438499e-57       1.0000000
      0.00000       5.4740000   1.6967090e-57       1.0000000
      0.00000       5.4750000   1.6508507e-57       1.0000000
      0.00000       5.4760000   1.6062399e-57       1.0000000
      0.00000       5.4770000   1.5628424e-57       1.0000000
      0.00000       5.4780000   1.5206250e-57       1.0000000
      0.00000       5.4790000   1.4795555e-57       1.0000000
      0.00000       5.4800000   1.4396024e-57       1.0000000
      0.00000       5.4810000   1.4007351e-57       1.0000000
      0.00000       5.4820000   1.3629240e-57       1.0000000
      0.00000       5.4830000   1.3261402e-57       1.0000000
      0.00000       5.4840000   1.2903556e-57       1.0000000
      0.00000       5.4850000   1.2555428e-57       1.0000000
      0.00000       5.4860000   1.2216754e-57       1.0000000
      0.00000       5.4870000   1.1887275e-57       1.0000000
      0.00000       5.4880000   1.1566738e-57       1.0000000
      0.00000       5.4890000   1.1254902e-57       1.0000000
      0.00000       5.4900000   1.0951526e-57       1.0000000
      0.00000       5.4910000   1.0656382e-57       1.0000000
      0.00000       5.4920000   1.0369243e-57       1.0000000
      0.00000       5.4930000   1.0089891e-57       1.0000000
      0.00000       5.4940000   9.8181137e-58       1.0000000
      0.00000       5.4950000   9.5537046e-58       1.0000000
      0.00000       5.4960000   9.2964623e-58       1.0000000
      0.00000       5.4970000   9.0461915e-58       1.0000000
      0.00000       5.4980000   8.8027019e-58       1.0000000
      0.00000       5.4990000   8.5658087e-58       1.0000000
      0.00000       5.5000000   8.3353319e-58       1.0000000
      0.00000       5.5010000   8.1110967e-58       1.0000000
      0.00000       5.5020000   7.8929329e-58       1.0000000
      0.00000       5.5030000   7.6806752e-58       1.0000000
      0.00000       5.5040000   7.4741625e-58       1.0000000
      0.00000       5.5050000   7.2732384e-58       1.0000000
      0.00000       5.5060000   7.0777507e-58       1.0000000
      0.00000       5.5070000   6.8875513e-58       1.0000000
      0.00000       5.5080000   6.7024963e-58       1.0000000
      0.00000       5.5090000   6.5224456e-58       1.0000000
      0.00000       5.5100000   6.3472630e-58       1.0000000
      0.00000       5.5110000   6.1768160e-58       1.0000000
      0.00000       5.5120000   6.0109759e-58       1.0000000
      0.00000       5.5130000   5.8496172e-58       1.0000000
      0.00000       5.5140000   5.6926182e-58       1.0000000
      0.00000       5.5150000   5.5398602e-58       1.0000000
      0.00000       5.5160000   5.3912280e-58       1.0000000
      0.00000       5.5170000   5.2466093e-58       1.0000000
      0.00000       5.5180000   5.1058952e-58       1.0000000
      0.00000       5.5190000   4.9689796e-58       1.0000000
      0.00000       5.5200000   4.8357591e-58       1.0000000
      0.00000       5.5210000   4.7061336e-58       1.0000000
      0.00000       5.5220000   4.5800053e-58       1.0000000
      0.00000       5.5230000   4.4572792e-58       1.0000000
      0.00000       5.5240000   4.3378630e-58       1.0000000
      0.00000       5.5250000   4.2216669e-58       1.0000000
      0.00000       5.5260000   4.1086035e-58       1.0000000
      0.00000       5.5270000   3.9985878e-58       1.0000000
      0.00000       5.5280000   3.8915370e-58       1.0000000
      0.00000       5.5290000   3.7873708e-58       1.0000000
      0.00000       5.5300000   3.6860110e-58       1.0000000
      0.00000       5.5310000   3.5873814e-58       1.0000000
      0.00000       5.5320000   3.4914080e-58       1.0000000
      0.00000       5.5330000   3.3980189e-58       1.0000000
      0.00000       5.5340000   3.3071440e-58       1.0000000
      0.00000       5.5350000   3.2187151e-58       1.0000000
      0.00000       5.5360000   3.1326661e-58       1.0000000
      0.00000       5.5370000   3.0489324e-58       1.0000000
      0.00000       5.5380000   2.9674514e-58       1.0000000
      0.00000       5.5390000   2.8881620e-58       1.0000000
      0.00000       5.5400000   2.8110050e-58       1.0000000
      0.00000       5.5410000   2.7359225e-58       1.0000000
      0.00000       5.5420000   2.6628586e-58       1.0000000
      0.00000       5.5430000   2.5917585e-58       1.0000000
      0.00000       5.5440000   2.5225692e-58       1.0000000
      0.00000       5.5450000   2.4552389e-58       1.0000000
      0.00000       5.5460000   2.3897173e-58       1.0000000
      0.00000       5.5470000   2.3259557e-58       1.0000000
      0.00000       5.5480000   2.2639064e-58       1.0000000
      0.00000       5.5490000   2.2035231e-58       1.0000000
      0.00000       5.5500000   2.1447607e-58       1.0000000
      0.00000       5.5510000   2.0875756e-58       1.0000000
      0.00000       5.5520000   2.0319251e-58       1.0000000
      0.00000       5.5530000   1.9777678e-58       1.0000000
      0.00000       5.5540000   1.9250633e-58       1.0000000
      0.00000       5.5550000   1.8737724e-58       1.0000000
      0.00000       5.5560000   1.8238569e-58       1.0000000
      0.00000       5.5570000   1.7752798e-58       1.0000000
      0.00000       5.5580000   1.7280048e-58       1.0000000
      0.00000       5.5590000   1.6819970e-58       1.0000000
      0.00000       5.5600000   1.6372220e-58       1.0000000
      0.00000       5.5610000   1.5936467e-58       1.0000000
      0.00000       5.5620000   1.5512387e-58       1.0000000
      0.00000       5.5630000   1.5099666e-58       1.0000000
      0.00000       5.5640000   1.4697996e-58       1.0000000
      0.00000       5.5650000   1.4307081e-58       1.0000000
      0.00000       5.5660000   1.3926629e-58       1.0000000
      0.00000       5.5670000   1.3556361e-58       1.0000000
      0.00000       5.5680000   1.3196001e-58       1.0000000
      0.00000       5.5690000   1.2845282e-58       1.0000000
      0.00000       5.5700000   1.2503945e-58       1.0000000
      0.00000       5.5710000   1.2171737e-58       1.0000000
      0.00000       5.5720000   1.1848412e-58       1.0000000
      0.00000       5.5730000   1.1533732e-58       1.0000000
      0.00000       5.5740000   1.1227464e-58       1.0000000
      0.00000       5.5750000   1.0929381e-58       1.0000000
      0.00000       5.5760000   1.0639263e-58       1.0000000
      0.00000       5.5770000   1.0356897e-58       1.0000000
      0.00000       5.5780000   1.0082073e-58       1.0000000
      0.00000       5.5790000   9.8145888e-59       1.0000000
      0.00000       5.5800000   9.5542474e-59       1.0000000
      0.00000       5.5810000   9.3008565e-59       1.0000000
      0.00000       5.5820000   9.0542295e-59       1.0000000
      0.00000       5.5830000   8.8141846e-59       1.0000000
      0.00000       5.5840000   8.5805451e-59       1.0000000
      0.00000       5.5850000   8.3531389e-59       1.0000000
      0.00000       5.5860000   8.1317987e-59       1.0000000
      0.00000       5.5870000   7.9163615e-59       1.0000000
      0.00000       5.5880000   7.7066690e-59       1.0000000
      0.00000       5.5890000   7.5025669e-59       1.0000000
      0.00000       5.5900000   7.3039054e-59       1.0000000
      0.00000       5.5910000   7.1105383e-59       1.0000000
      0.00000       5.5920000   6.9223238e-59       1.0000000
      0.00000       5.5930000   6.7391236e-59       1.0000000
      0.00000       5.5940000   6.5608033e-59       1.0000000
      0.00000       5.5950000   6.3872320e-59       1.0000000
      0.00000       5.5960000   6.2182825e-59       1.0000000
      0.00000       5.5970000   6.0538309e-59       1.0000000
      0.00000       5.5980000   5.8937567e-59       1.0000000
      0.00000       5.5990000   5.7379426e-59       1.0000000
      0.00000       5.6000000   5.5862745e-59       1.0000000
      0.00000       5.6010000   5.4386414e-59       1.0000000
      0.00000       5.6020000   5.2949352e-59       1.0000000
      0.00000       5.6030000   5.1550508e-59       1.0000000
      0.00000       5.6040000   5.0188860e-59       1.0000000
      0.00000       5.6050000   4.8863411e-59       1.0000000
      0.00000       5.6060000   4.7573194e-59       1.0000000
      0.00000       5.6070000   4.6317265e-59       1.0000000
      0.00000       5.6080000   4.5094708e-59       1.0000000
      0.00000       5.6090000   4.3904630e-59       1.0000000
      0.00000       5.6100000   4.2746163e-59       1.0000000
      0.00000       5.6110000   4.1618461e-59       1.0000000
      0.00000       5.6120000   4.0520703e-59       1.0000000
      0.00000       5.6130000   3.9452088e-59       1.0000000
      0.00000       5.6140000   3.8411837e-59       1.0000000
      0.00000       5.6150000   3.7399193e-59       1.0000000
      0.00000       5.6160000   3.6413419e-59       1.0000000
      0.00000       5.6170000   3.5453796e-59       1.0000000
      0.00000       5.6180000   3.4519627e-59       1.0000000
      0.00000       5.6190000   3.3610232e-59       1.0000000
      0.00000       5.6200000   3.2724950e-59       1.0000000
      0.00000       5.6210000   3.1863137e-59       1.0000000
      0.00000       5.6220000   3.1024167e-59       1.0000000
      0.00000       5.6230000   3.0207431e-59       1.0000000
      0.00000       5.6240000   2.9412336e-59       1.0000000
      0.00000       5.6250000   2.8638305e-59       1.0000000
      0.00000       5.6260000   2.7884775e-59       1.0000000
      0.00000       5.6270000   2.7151201e-59       1.0000000
      0.00000       5.6280000   2.6437051e-59       1.0000000
      0.00000       5.6290000   2.5741807e-59       1.0000000
      0.00000       5.6300000   2.5064964e-59       1.0000000
      0.00000       5.6310000   2.4406034e-59       1.0000000
      0.00000       5.6320000   2.3764539e-59       1.0000000
      0.00000       5.6330000   2.3140015e-59       1.0000000
      0.00000       5.6340000   2.2532009e-59       1.0000000
      0.00000       5.6350000   2.1940083e-59       1.0000000
      0.00000       5.6360000   2.1363807e-59       1.0000000
      0.00000       5.6370000   2.0802767e-59       1.0000000
      0.00000       5.6380000   2.0256555e-59       1.0000000
      0.00000       5.6390000   1.9724778e-59       1.0000000
      0.00000       5.6400000   1.9207053e-59       1.0000000
      0.00000       5.6410000   1.8703004e-59       1.0000000
      0.00000       5.6420000   1.8212269e-59       1.0000000
      0.00000       5.6430000   1.7734493e-59       1.0000000
      0.00000       5.6440000   1.7269333e-59       1.0000000
      0.00000       5.6450000   1.6816452e-59       1.0000000
      0.00000       5.6460000   1.6375526e-59       1.0000000
      0.00000       5.6470000   1.5946235e-59       1.0000000
      0.00000       5.6480000   1.5528271e-59       1.0000000
      0.00000       5.6490000   1.5121334e-59       1.0000000
      0.00000       5.6500000   1.4725130e-59       1.0000000
      0.00000       5.6510000   1.4339375e-59       1.0000000
      0.00000       5.6520000   1.3963791e-59       1.0000000
      0.00000       5.6530000   1.3598109e-59       1.0000000
      0.00000       5.6540000   1.3242064e-59       1.0000000
      0.00000       5.6550000   1.2895403e-59       1.0000000
      0.00000       5.6560000   1.2557876e-59       1.0000000
      0.00000       5.6570000   1.2229241e-59       1.0000000
      0.00000       5.6580000   1.1909262e-59       1.0000000
      0.00000       5.6590000   1.1597710e-59       1.0000000
      0.00000       5.6600000   1.1294360e-59       1.0000000
      0.00000       5.6610000   1.0998997e-59       1.0000000
      0.00000       5.6620000   1.0711408e-59       1.0000000
      0.00000       5.6630000   1.0431387e-59       1.0000000
      0.00000       5.6640000   1.0158735e-59       1.0000000
      0.00000       5.6650000   9.8932547e-60       1.0000000
      0.00000       5.6660000   9.6347576e-60       1.0000000
      0.00000       5.6670000   9.3830585e-60       1.0000000
      0.00000       5.6680000   9.1379775e-60       1.0000000
      0.00000       5.6690000   8.8993395e-60       1.0000000
      0.00000       5.6700000   8.6669739e-60       1.0000000
      0.00000       5.6710000   8.4407148e-60       1.0000000
      0.00000       5.6720000   8.2204008e-60       1.0000000
      0.00000       5.6730000   8.0058747e-60       1.0000000
      0.00000       5.6740000   7.7969833e-60       1.0000000
      0.00000       5.6750000   7.5935777e-60       1.0000000
      0.00000       5.6760000   7.3955130e-60       1.0000000
      0.00000       5.6770000   7.2026479e-60       1.0000000
      0.00000       5.6780000   7.0148452e-60       1.0000000
      0.00000       5.6790000   6.8319711e-60       1.0000000
      0.00000       5.6800000   6.6538953e-60       1.0000000
      0.00000       5.6810000   6.4804913e-60       1.0000000
      0.00000       5.6820000   6.3116355e-60       1.0000000
      0.00000       5.6830000   6.1472081e-60       1.0000000
      0.00000       5.6840000   5.9870920e-60       1.0000000
      0.00000       5.6850000   5.8311736e-60       1.0000000
      0.00000       5.6860000   5.6793420e-60       1.0000000
      0.00000       5.6870000   5.5314894e-60       1.0000000
      0.00000       5.6880000   5.3875109e-60       1.0000000
      0.00000       5.6890000   5.2473044e-60       1.0000000
      0.00000       5.6900000   5.1107703e-60       1.0000000
      0.00000       5.6910000   4.9778119e-60       1.0000000
      0.00000       5.6920000   4.8483349e-60       1.0000000
      0.00000       5.6930000   4.7222475e-60       1.0000000
      0.00000       5.6940000   4.5994606e-60       1.0000000
      0.00000       5.6950000   4.4798870e-60       1.0000000
      0.00000       5.6960000   4.3634422e-60       1.0000000
      0.00000       5.6970000   4.2500438e-60       1.0000000
      0.00000       5.6980000   4.1396115e-60       1.0000000
      0.00000       5.6990000   4.0320673e-60       1.0000000
      0.00000       5.7000000   3.9273352e-60       1.0000000
      0.00000       5.7010000   3.8253411e-60       1.0000000
      0.00000       5.7020000   3.7260131e-60       1.0000000
      0.00000       5.7030000   3.6292809e-60       1.0000000
      0.00000       5.7040000   3.5350763e-60       1.0000000
      0.00000       5.7050000   3.4433329e-60       1.0000000
      0.00000       5.7060000   3.3539858e-60       1.0000000
      0.00000       5.7070000   3.2669722e-60       1.0000000
      0.00000       5.7080000   3.1822307e-60       1.0000000
      0.00000       5.7090000   3.0997015e-60       1.0000000
      0.00000       5.7100000   3.0193265e-60       1.0000000
      0.00000       5.7110000   2.9410492e-60       1.0000000
      0.00000       5.7120000   2.8648145e-60       1.0000000
      0.00000       5.7130000   2.7905687e-60       1.0000000
      0.00000       5.7140000   2.7182595e-60       1.0000000
      0.00000       5.7150000   2.6478362e-60       1.0000000
      0.00000       5.7160000   2.5792492e-60       1.0000000
      0.00000       5.7170000   2.5124504e-60       1.0000000
      0.00000       5.7180000   2.4473927e-60       1.0000000
      0.00000       5.7190000   2.3840307e-60       1.0000000
      0.00000       5.7200000   2.3223197e-60       1.0000000
      0.00000       5.7210000   2.2622165e-60       1.0000000
      0.00000       5.7220000   2.2036788e-60       1.0000000
      0.00000       5.7230000   2.1466658e-60       1.0000000
      0.00000       5.7240000   2.0911373e-60       1.0000000
      0.00000       5.7250000   2.0370546e-60       1.0000000
      0.00000       5.7260000   1.9843797e-60       1.0000000
      0.00000       5.7270000   1.9330757e-60       1.0000000
      0.00000       5.7280000   1.8831067e-60       1.0000000
      0.00000       5.7290000   1.8344378e-60       1.0000000
      0.00000       5.7300000   1.7870349e-60       1.0000000
      0.00000       5.7310000   1.7408648e-60       1.0000000
      0.00000       5.7320000   1.6958954e-60       1.0000000
      0.00000       5.7330000   1.6520951e-60       1.0000000
      0.00000       5.7340000   1.6094335e-60       1.0000000
      0.00000       5.7350000   1.5678806e-60       1.0000000
      0.00000       5.7360000   1.5274075e-60       1.0000000
      0.00000       5.7370000   1.4879860e-60       1.0000000
      0.00000       5.7380000   1.4495885e-60       1.0000000
      0.00000       5.7390000   1.4121883e-60       1.0000000
      0.00000       5.7400000   1.3757593e-60       1.0000000
      0.00000       5.7410000   1.3402762e-60       1.0000000
      0.00000       5.7420000   1.3057141e-60       1.0000000
      0.00000       5.7430000   1.2720491e-60       1.0000000
      0.00000       5.7440000   1.2392577e-60       1.0000000
      0.00000       5.7450000   1.2073171e-60       1.0000000
      0.00000       5.7460000   1.1762051e-60       1.0000000
      0.00000       5.7470000   1.1459001e-60       1.0000000
      0.00000       5.7480000   1.1163809e-60       1.0000000
      0.00000       5.7490000   1.0876271e-60       1.0000000
      0.00000       5.7500000   1.0596187e-60       1.0000000
      0.00000       5.7510000   1.0323363e-60       1.0000000
      0.00000       5.7520000   1.0057608e-60       1.0000000
      0.00000       5.7530000   9.7987396e-61       1.0000000
      0.00000       5.7540000   9.5465772e-61       1.0000000
      0.00000       5.7550000   9.3009461e-61       1.0000000
      0.00000       5.7560000   9.0616760e-61       1.0000000
      0.00000       5.7570000   8.8286013e-61       1.0000000
      0.00000       5.7580000   8.6015603e-61       1.0000000
      0.00000       5.7590000   8.3803960e-61       1.0000000
      0.00000       5.7600000   8.1649552e-61       1.0000000
      0.00000       5.7610000   7.9550889e-61       1.0000000
      0.00000       5.7620000   7.7506519e-61       1.0000000
      0.00000       5.7630000   7.5515027e-61       1.0000000
      0.00000       5.7640000   7.3575039e-61       1.0000000
      0.00000       5.7650000   7.1685212e-61       1.0000000
      0.00000       5.7660000   6.9844243e-61       1.0000000
      0.00000       5.7670000   6.8050859e-61       1.0000000
      0.00000       5.7680000   6.6303822e-61       1.0000000
      0.00000       5.7690000   6.4601928e-61       1.0000000
      0.00000       5.7700000   6.2944001e-61       1.0000000
      0.00000       5.7710000   6.1328900e-61       1.0000000
      0.00000       5.7720000   5.9755510e-61       1.0000000
      0.00000       5.7730000   5.8222748e-61       1.0000000
      0.00000       5.7740000   5.6729557e-61       1.0000000
      0.00000       5.7750000   5.5274909e-61       1.0000000
      0.00000       5.7760000   5.3857803e-61       1.0000000
      0.00000       5.7770000   5.2477265e-61       1.0000000
      0.00000       5.7780000   5.1132343e-61       1.0000000
      0.00000       5.7790000   4.9822114e-61       1.0000000
      0.00000       5.7800000   4.8545677e-61       1.0000000
      0.00000       5.7810000   4.7302154e-61       1.0000000
      0.00000       5.7820000   4.6090691e-61       1.0000000
      0.00000       5.7830000   4.4910457e-61       1.0000000
      0.00000       5.7840000   4.3760641e-61       1.0000000
      0.00000       5.7850000   4.2640455e-61       1.0000000
      0.00000       5.7860000   4.1549129e-61       1.0000000
      0.00000       5.7870000   4.0485916e-61       1.0000000
      0.00000       5.7880000   3.9450086e-61       1.0000000
      0.00000       5.7890000   3.8440930e-61       1.0000000
      0.00000       5.7900000   3.7457757e-61       1.0000000
      0.00000       5.7910000   3.6499892e-61       1.0000000
      0.00000       5.7920000   3.5566681e-61       1.0000000
      0.00000       5.7930000   3.4657485e-61       1.0000000
      0.00000       5.7940000   3.3771682e-61       1.0000000
      0.00000       5.7950000   3.2908666e-61       1.0000000
      0.00000       5.7960000   3.2067847e-61       1.0000000
      0.00000       5.7970000   3.1248650e-61       1.0000000
      0.00000       5.7980000   3.0450517e-61       1.0000000
      0.00000       5.7990000   2.9672901e-61       1.0000000
      0.00000       5.8000000   2.8915272e-61       1.0000000
      0.00000       5.8010000   2.8177114e-61       1.0000000
      0.00000       5.8020000   2.7457921e-61       1.0000000
      0.00000       5.8030000   2.6757204e-61       1.0000000
      0.00000       5.8040000   2.6074486e-61       1.0000000
      0.00000       5.8050000   2.5409301e-61       1.0000000
      0.00000       5.8060000   2.4761195e-61       1.0000000
      0.00000       5.8070000   2.4129727e-61       1.0000000
      0.00000       5.8080000   2.3514469e-61       1.0000000
      0.00000       5.8090000   2.2914999e-61       1.0000000
      0.00000       5.8100000   2.2330912e-61       1.0000000
      0.00000       5.8110000   2.1761810e-61       1.0000000
      0.00000       5.8120000   2.1207305e-61       1.0000000
      0.00000       5.8130000   2.0667021e-61       1.0000000
      0.00000       5.8140000   2.0140591e-61       1.0000000
      0.00000       5.8150000   1.9627657e-61       1.0000000
      0.00000       5.8160000   1.9127871e-61       1.0000000
      0.00000       5.8170000   1.8640895e-61       1.0000000
      0.00000       5.8180000   1.8166396e-61       1.0000000
      0.00000       5.8190000   1.7704055e-61       1.0000000
      0.00000       5.8200000   1.7253556e-61       1.0000000
      0.00000       5.8210000   1.6814596e-61       1.0000000
      0.00000       5.8220000   1.6386876e-61       1.0000000
      0.00000       5.8230000   1.5970106e-61       1.0000000
      0.00000       5.8240000   1.5564006e-61       1.0000000
      0.00000       5.8250000   1.5168299e-61       1.0000000
      0.00000       5.8260000   1.4782718e-61       1.0000000
      0.00000       5.8270000   1.4407002e-61       1.0000000
      0.00000       5.8280000   1.4040897e-61       1.0000000
      0.00000       5.8290000   1.3684156e-61       1.0000000
      0.00000       5.8300000   1.3336538e-61       1.0000000
      0.00000       5.8310000   1.2997808e-61       1.0000000
      0.00000       5.8320000   1.2667737e-61       1.0000000
      0.00000       5.8330000   1.2346102e-61       1.0000000
      0.00000       5.8340000   1.2032687e-61       1.0000000
      0.00000       5.8350000   1.1727279e-61       1.0000000
      0.00000       5.8360000   1.1429674e-61       1.0000000
      0.00000       5.8370000   1.1139670e-61       1.0000000
      0.00000       5.8380000   1.0857072e-61       1.0000000
      0.00000       5.8390000   1.0581690e-61       1.0000000
      0.00000       5.8400000   1.0313338e-61       1.0000000
      0.00000       5.8410000   1.0051836e-61       1.0000000
      0.00000       5.8420000   9.7970072e-62       1.0000000
      0.00000       5.8430000   9.5486808e-62       1.0000000
      0.00000       5.8440000   9.3066897e-62       1.0000000
      0.00000       5.8450000   9.0708711e-62       1.0000000
      0.00000       5.8460000   8.8410667e-62       1.0000000
      0.00000       5.8470000   8.6171221e-62       1.0000000
      0.00000       5.8480000   8.3988868e-62       1.0000000
      0.00000       5.8490000   8.1862144e-62       1.0000000
      0.00000       5.8500000   7.9789622e-62       1.0000000
      0.00000       5.8510000   7.7769912e-62       1.0000000
      0.00000       5.8520000   7.5801658e-62       1.0000000
      0.00000       5.8530000   7.3883541e-62       1.0000000
      0.00000       5.8540000   7.2014277e-62       1.0000000
      0.00000       5.8550000   7.0192613e-62       1.0000000
      0.00000       5.8560000   6.8417329e-62       1.0000000
      0.00000       5.8570000   6.6687236e-62       1.0000000
      0.00000       5.8580000   6.5001177e-62       1.0000000
      0.00000       5.8590000   6.3358023e-62       1.0000000
      0.00000       5.8600000   6.1756677e-62       1.0000000
      0.00000       5.8610000   6.0196067e-62       1.0000000
      0.00000       5.8620000   5.8675150e-62       1.0000000
      0.00000       5.8630000   5.7192910e-62       1.0000000
      0.00000       5.8640000   5.5748358e-62       1.0000000
      0.00000       5.8650000   5.4340528e-62       1.0000000
      0.00000       5.8660000   5.2968482e-62       1.0000000
      0.00000       5.8670000   5.1631303e-62       1.0000000
      0.00000       5.8680000   5.0328101e-62       1.0000000
      0.00000       5.8690000   4.9058006e-62       1.0000000
      0.00000       5.8700000   4.7820172e-62       1.0000000
      0.00000       5.8710000   4.6613774e-62       1.0000000
      0.00000       5.8720000   4.5438008e-62       1.0000000
      0.00000       5.8730000   4.4292092e-62       1.0000000
      0.00000       5.8740000   4.3175263e-62       1.0000000
      0.00000       5.8750000   4.2086778e-62       1.0000000
      0.00000       5.8760000   4.1025913e-62       1.0000000
      0.00000       5.8770000   3.9991962e-62       1.0000000
      0.00000       5.8780000   3.8984239e-62       1.0000000
      0.00000       5.8790000   3.8002073e-62       1.0000000
      0.00000       5.8800000   3.7044813e-62       1.0000000
      0.00000       5.8810000   3.6111823e-62       1.0000000
      0.00000       5.8820000   3.5202483e-62       1.0000000
      0.00000       5.8830000   3.4316190e-62       1.0000000
      0.00000       5.8840000   3.3452356e-62       1.0000000
      0.00000       5.8850000   3.2610409e-62       1.0000000
      0.00000       5.8860000   3.1789790e-62       1.0000000
      0.00000       5.8870000   3.0989955e-62       1.0000000
      0.00000       5.8880000   3.0210375e-62       1.0000000
      0.00000       5.8890000   2.9450534e-62       1.0000000
      0.00000       5.8900000   2.8709928e-62       1.0000000
      0.00000       5.8910000   2.7988067e-62       1.0000000
      0.00000       5.8920000   2.7284475e-62       1.0000000
      0.00000       5.8930000   2.6598684e-62       1.0000000
      0.00000       5.8940000   2.5930243e-62       1.0000000
      0.00000       5.8950000   2.5278710e-62       1.0000000
      0.00000       5.8960000   2.4643654e-62       1.0000000
      0.00000       5.8970000   2.4024655e-62       1.0000000
      0.00000       5.8980000   2.3421305e-62       1.0000000
      0.00000       5.8990000   2.2833206e-62       1.0000000
      0.00000       5.9000000   2.2259970e-62       1.0000000
      0.00000       5.9010000   2.1701219e-62       1.0000000
      0.00000       5.9020000   2.1156584e-62       1.0000000
      0.00000       5.9030000   2.0625707e-62       1.0000000
      0.00000       5.9040000   2.0108237e-62       1.0000000
      0.00000       5.9050000   1.9603835e-62       1.0000000
      0.00000       5.9060000   1.9112167e-62       1.0000000
      0.00000       5.9070000   1.8632910e-62       1.0000000
      0.00000       5.9080000   1.8165750e-62       1.0000000
      0.00000       5.9090000   1.7710378e-62       1.0000000
      0.00000       5.9100000   1.7266495e-62       1.0000000
      0.00000       5.9110000   1.6833810e-62       1.0000000
      0.00000       5.9120000   1.6412038e-62       1.0000000
      0.00000       5.9130000   1.6000902e-62       1.0000000
      0.00000       5.9140000   1.5600133e-62       1.0000000
      0.00000       5.9150000   1.5209466e-62       1.0000000
      0.00000       5.9160000   1.4828647e-62       1.0000000
      0.00000       5.9170000   1.4457424e-62       1.0000000
      0.00000       5.9180000   1.4095556e-62       1.0000000
      0.00000       5.9190000   1.3742803e-62       1.0000000
      0.00000       5.9200000   1.3398936e-62       1.0000000
      0.00000       5.9210000   1.3063729e-62       1.0000000
      0.00000       5.9220000   1.2736962e-62       1.0000000
      0.00000       5.9230000   1.2418422e-62       1.0000000
      0.00000       5.9240000   1.2107901e-62       1.0000000
      0.00000       5.9250000   1.1805194e-62       1.0000000
      0.00000       5.9260000   1.1510104e-62       1.0000000
      0.00000       5.9270000   1.1222439e-62       1.0000000
      0.00000       5.9280000   1.0942009e-62       1.0000000
      0.00000       5.9290000   1.0668633e-62       1.0000000
      0.00000       5.9300000   1.0402131e-62       1.0000000
      0.00000       5.9310000   1.0142330e-62       1.0000000
      0.00000       5.9320000   9.8890590e-63       1.0000000
      0.00000       5.9330000   9.6421542e-63       1.0000000
      0.00000       5.9340000   9.4014540e-63       1.0000000
      0.00000       5.9350000   9.1668015e-63       1.0000000
      0.00000       5.9360000   8.9380438e-63       1.0000000
      0.00000       5.9370000   8.7150319e-63       1.0000000
      0.00000       5.9380000   8.4976205e-63       1.0000000
      0.00000       5.9390000   8.2856680e-63       1.0000000
      0.00000       5.9400000   8.0790366e-63       1.0000000
      0.00000       5.9410000   7.8775917e-63       1.0000000
      0.00000       5.9420000   7.6812023e-63       1.0000000
      0.00000       5.9430000   7.4897407e-63       1.0000000
      0.00000       5.9440000   7.3030825e-63       1.0000000
      0.00000       5.9450000   7.1211065e-63       1.0000000
      0.00000       5.9460000   6.9436943e-63       1.0000000
      0.00000       5.9470000   6.7707308e-63       1.0000000
      0.00000       5.9480000   6.6021037e-63       1.0000000
      0.00000       5.9490000   6.4377037e-63       1.0000000
      0.00000       5.9500000   6.2774240e-63       1.0000000
      0.00000       5.9510000   6.1211607e-63       1.0000000
      0.00000       5.9520000   5.9688126e-63       1.0000000
      0.00000       5.9530000   5.8202808e-63       1.0000000
      0.00000       5.9540000   5.6754692e-63       1.0000000
      0.00000       5.9550000   5.5342841e-63       1.0000000
      0.00000       5.9560000   5.3966339e-63       1.0000000
      0.00000       5.9570000   5.2624297e-63       1.0000000
      0.00000       5.9580000   5.1315846e-63       1.0000000
      0.00000       5.9590000   5.0040139e-63       1.0000000
      0.00000       5.9600000   4.8796353e-63       1.0000000
      0.00000       5.9610000   4.7583682e-63       1.0000000
      0.00000       5.9620000   4.6401345e-63       1.0000000
      0.00000       5.9630000   4.5248576e-63       1.0000000
      0.00000       5.9640000   4.4124633e-63       1.0000000
      0.00000       5.9650000   4.3028789e-63       1.0000000
      0.00000       5.9660000   4.1960337e-63       1.0000000
      0.00000       5.9670000   4.0918589e-63       1.0000000
      0.00000       5.9680000   3.9902872e-63       1.0000000
      0.00000       5.9690000   3.8912532e-63       1.0000000
      0.00000       5.9700000   3.7946931e-63       1.0000000
      0.00000       5.9710000   3.7005446e-63       1.0000000
      0.00000       5.9720000   3.6087472e-63       1.0000000
      0.00000       5.9730000   3.5192418e-63       1.0000000
      0.00000       5.9740000   3.4319708e-63       1.0000000
      0.00000       5.9750000   3.3468780e-63       1.0000000
      0.00000       5.9760000   3.2639087e-63       1.0000000
      0.00000       5.9770000   3.1830096e-63       1.0000000
      0.00000       5.9780000   3.1041287e-63       1.0000000
      0.00000       5.9790000   3.0272153e-63       1.0000000
      0.00000       5.9800000   2.9522200e-63       1.0000000
      0.00000       5.9810000   2.8790948e-63       1.0000000
      0.00000       5.9820000   2.8077925e-63       1.0000000
      0.00000       5.9830000   2.7382676e-63       1.0000000
      0.00000       5.9840000   2.6704755e-63       1.0000000
      0.00000       5.9850000   2.6043726e-63       1.0000000
      0.00000       5.9860000   2.5399165e-63       1.0000000
      0.00000       5.9870000   2.4770661e-63       1.0000000
      0.00000       5.9880000   2.4157811e-63       1.0000000
      0.00000       5.9890000   2.3560221e-63       1.0000000
      0.00000       5.9900000   2.2977510e-63       1.0000000
      0.00000       5.9910000   2.2409305e-63       1.0000000
      0.00000       5.9920000   2.1855242e-63       1.0000000
      0.00000       5.9930000   2.1314967e-63       1.0000000
      0.00000       5.9940000   2.0788135e-63       1.0000000
      0.00000       5.9950000   2.0274409e-63       1.0000000
      0.00000       5.9960000   1.9773461e-63       1.0000000
      0.00000       5.9970000   1.9284971e-63       1.0000000
      0.00000       5.9980000   1.8808628e-63       1.0000000
      0.00000       5.9990000   1.8344126e-63       1.0000000
