      0.00000       0.0000000       0.0000000       1.0000000
      0.00000    0.0010000000       0.0000000       1.0000000
      0.00000    0.0020000000       0.0000000       1.0000000
      0.00000    0.0030000000       0.0000000       1.0000000
      0.00000    0.0040000000       0.0000000       1.0000000
      0.00000    0.0050000000       0.0000000       1.0000000
      0.00000    0.0060000000       0.0000000       1.0000000
      0.00000    0.0070000000       0.0000000       1.0000000
      0.00000    0.0080000000       0.0000000       1.0000000
      0.00000    0.0090000000       0.0000000       1.0000000
      0.00000     0.010000000       0.0000000       1.0000000
      0.00000     0.011000000       0.0000000       1.0000000
      0.00000     0.012000000       0.0000000       1.0000000
      0.00000     0.013000000       0.0000000       1.0000000
      0.00000     0.014000000       0.0000000       1.0000000
      0.00000     0.015000000       0.0000000       1.0000000
      0.00000     0.016000000       0.0000000       1.0000000
      0.00000     0.017000000       0.0000000       1.0000000
      0.00000     0.018000000       0.0000000       1.0000000
      0.00000     0.019000000       0.0000000       1.0000000
      0.00000     0.020000000       0.0000000       1.0000000
      0.00000     0.021000000       0.0000000       1.0000000
      0.00000     0.022000000       0.0000000       1.0000000
      0.00000     0.023000000       0.0000000       1.0000000
      0.00000     0.024000000       0.0000000       1.0000000
      0.00000     0.025000000       0.0000000       1.0000000
      0.00000     0.026000000       0.0000000       1.0000000
      0.00000     0.027000000       0.0000000       1.0000000
      0.00000     0.028000000       0.0000000       1.0000000
      0.00000     0.029000000       0.0000000       1.0000000
      0.00000     0.030000000       0.0000000       1.0000000
      0.00000     0.031000000       0.0000000       1.0000000
      0.00000     0.032000000       0.0000000       1.0000000
      0.00000     0.033000000       0.0000000       1.0000000
      0.00000     0.034000000       0.0000000       1.0000000
      0.00000     0.035000000       0.0000000       1.0000000
      0.00000     0.036000000       0.0000000       1.0000000
      0.00000     0.037000000       0.0000000       1.0000000
      0.00000     0.038000000       0.0000000       1.0000000
      0.00000     0.039000000       0.0000000       1.0000000
      0.00000     0.040000000       0.0000000       1.0000000
      0.00000     0.041000000       0.0000000       1.0000000
      0.00000     0.042000000       0.0000000       1.0000000
      0.00000     0.043000000       0.0000000       1.0000000
      0.00000     0.044000000       0.0000000       1.0000000
      0.00000     0.045000000       0.0000000       1.0000000
      0.00000     0.046000000       0.0000000       1.0000000
      0.00000     0.047000000       0.0000000       1.0000000
      0.00000     0.048000000       0.0000000       1.0000000
      0.00000     0.049000000       0.0000000       1.0000000
      0.00000     0.050000000       0.0000000       1.0000000
      0.00000     0.051000000       0.0000000       1.0000000
      0.00000     0.052000000       0.0000000       1.0000000
      0.00000     0.053000000       0.0000000       1.0000000
      0.00000     0.054000000       0.0000000       1.0000000
      0.00000     0.055000000       0.0000000       1.0000000
      0.00000     0.056000000       0.0000000       1.0000000
      0.00000     0.057000000       0.0000000       1.0000000
      0.00000     0.058000000       0.0000000       1.0000000
      0.00000     0.059000000       0.0000000       1.0000000
      0.00000     0.060000000       0.0000000       1.0000000
      0.00000     0.061000000       0.0000000       1.0000000
      0.00000     0.062000000       0.0000000       1.0000000
      0.00000     0.063000000       0.0000000       1.0000000
      0.00000     0.064000000       0.0000000       1.0000000
      0.00000     0.065000000       0.0000000       1.0000000
      0.00000     0.066000000       0.0000000       1.0000000
      0.00000     0.067000000       0.0000000       1.0000000
      0.00000     0.068000000       0.0000000       1.0000000
      0.00000     0.069000000       0.0000000       1.0000000
      0.00000     0.070000000       0.0000000       1.0000000
      0.00000     0.071000000       0.0000000       1.0000000
      0.00000     0.072000000       0.0000000       1.0000000
      0.00000     0.073000000       0.0000000       1.0000000
      0.00000     0.074000000       0.0000000       1.0000000
      0.00000     0.075000000       0.0000000       1.0000000
      0.00000     0.076000000       0.0000000       1.0000000
      0.00000     0.077000000       0.0000000       1.0000000
      0.00000     0.078000000       0.0000000       1.0000000
      0.00000     0.079000000       0.0000000       1.0000000
      0.00000     0.080000000       0.0000000       1.0000000
      0.00000     0.081000000       0.0000000       1.0000000
      0.00000     0.082000000       0.0000000       1.0000000
      0.00000     0.083000000       0.0000000       1.0000000
      0.00000     0.084000000       0.0000000       1.0000000
      0.00000     0.085000000       0.0000000       1.0000000
      0.00000     0.086000000       0.0000000       1.0000000
      0.00000     0.087000000       0.0000000       1.0000000
      0.00000     0.088000000       0.0000000       1.0000000
      0.00000     0.089000000       0.0000000       1.0000000
      0.00000     0.090000000       0.0000000       1.0000000
      0.00000     0.091000000       0.0000000       1.0000000
      0.00000     0.092000000       0.0000000       1.0000000
      0.00000     0.093000000       0.0000000       1.0000000
      0.00000     0.094000000       0.0000000       1.0000000
      0.00000     0.095000000       0.0000000       1.0000000
      0.00000     0.096000000       0.0000000       1.0000000
      0.00000     0.097000000       0.0000000       1.0000000
      0.00000     0.098000000       0.0000000       1.0000000
      0.00000     0.099000000       0.0000000       1.0000000
      0.00000      0.10000000       0.0000000       1.0000000
      0.00000      0.10100000       0.0000000       1.0000000
      0.00000      0.10200000       0.0000000       1.0000000
      0.00000      0.10300000       0.0000000       1.0000000
      0.00000      0.10400000       0.0000000       1.0000000
      0.00000      0.10500000       0.0000000       1.0000000
      0.00000      0.10600000       0.0000000       1.0000000
      0.00000      0.10700000       0.0000000       1.0000000
      0.00000      0.10800000       0.0000000       1.0000000
      0.00000      0.10900000       0.0000000       1.0000000
      0.00000      0.11000000       0.0000000       1.0000000
      0.00000      0.11100000       0.0000000       1.0000000
      0.00000      0.11200000       0.0000000       1.0000000
      0.00000      0.11300000       0.0000000       1.0000000
      0.00000      0.11400000       0.0000000       1.0000000
      0.00000      0.11500000       0.0000000       1.0000000
      0.00000      0.11600000       0.0000000       1.0000000
      0.00000      0.11700000       0.0000000       1.0000000
      0.00000      0.11800000       0.0000000       1.0000000
      0.00000      0.11900000       0.0000000       1.0000000
      0.00000      0.12000000       0.0000000       1.0000000
      0.00000      0.12100000       0.0000000       1.0000000
      0.00000      0.12200000       0.0000000       1.0000000
      0.00000      0.12300000       0.0000000       1.0000000
      0.00000      0.12400000       0.0000000       1.0000000
      0.00000      0.12500000       0.0000000       1.0000000
      0.00000      0.12600000       0.0000000       1.0000000
      0.00000      0.12700000       0.0000000       1.0000000
      0.00000      0.12800000       0.0000000       1.0000000
      0.00000      0.12900000       0.0000000       1.0000000
      0.00000      0.13000000       0.0000000       1.0000000
      0.00000      0.13100000       0.0000000       1.0000000
      0.00000      0.13200000       0.0000000       1.0000000
      0.00000      0.13300000       0.0000000       1.0000000
      0.00000      0.13400000       0.0000000       1.0000000
      0.00000      0.13500000       0.0000000       1.0000000
      0.00000      0.13600000       0.0000000       1.0000000
      0.00000      0.13700000       0.0000000       1.0000000
      0.00000      0.13800000       0.0000000       1.0000000
      0.00000      0.13900000       0.0000000       1.0000000
      0.00000      0.14000000       0.0000000       1.0000000
      0.00000      0.14100000       0.0000000       1.0000000
      0.00000      0.14200000       0.0000000       1.0000000
      0.00000      0.14300000       0.0000000       1.0000000
      0.00000      0.14400000       0.0000000       1.0000000
      0.00000      0.14500000       0.0000000       1.0000000
      0.00000      0.14600000       0.0000000       1.0000000
      0.00000      0.14700000       0.0000000       1.0000000
      0.00000      0.14800000       0.0000000       1.0000000
      0.00000      0.14900000       0.0000000       1.0000000
      0.00000      0.15000000       0.0000000       1.0000000
      0.00000      0.15100000       0.0000000       1.0000000
      0.00000      0.15200000       0.0000000       1.0000000
      0.00000      0.15300000       0.0000000       1.0000000
      0.00000      0.15400000       0.0000000       1.0000000
      0.00000      0.15500000       0.0000000       1.0000000
      0.00000      0.15600000       0.0000000       1.0000000
      0.00000      0.15700000       0.0000000       1.0000000
      0.00000      0.15800000       0.0000000       1.0000000
      0.00000      0.15900000       0.0000000       1.0000000
      0.00000      0.16000000       0.0000000       1.0000000
      0.00000      0.16100000       0.0000000       1.0000000
      0.00000      0.16200000       0.0000000       1.0000000
      0.00000      0.16300000       0.0000000       1.0000000
      0.00000      0.16400000       0.0000000       1.0000000
      0.00000      0.16500000       0.0000000       1.0000000
      0.00000      0.16600000       0.0000000       1.0000000
      0.00000      0.16700000       0.0000000       1.0000000
      0.00000      0.16800000       0.0000000       1.0000000
      0.00000      0.16900000       0.0000000       1.0000000
      0.00000      0.17000000       0.0000000       1.0000000
      0.00000      0.17100000       0.0000000       1.0000000
      0.00000      0.17200000       0.0000000       1.0000000
      0.00000      0.17300000       0.0000000       1.0000000
      0.00000      0.17400000       0.0000000       1.0000000
      0.00000      0.17500000       0.0000000       1.0000000
      0.00000      0.17600000       0.0000000       1.0000000
      0.00000      0.17700000       0.0000000       1.0000000
      0.00000      0.17800000       0.0000000       1.0000000
      0.00000      0.17900000       0.0000000       1.0000000
      0.00000      0.18000000       0.0000000       1.0000000
      0.00000      0.18100000       0.0000000       1.0000000
      0.00000      0.18200000       0.0000000       1.0000000
      0.00000      0.18300000       0.0000000       1.0000000
      0.00000      0.18400000       0.0000000       1.0000000
      0.00000      0.18500000       0.0000000       1.0000000
      0.00000      0.18600000       0.0000000       1.0000000
      0.00000      0.18700000       0.0000000       1.0000000
      0.00000      0.18800000       0.0000000       1.0000000
      0.00000      0.18900000       0.0000000       1.0000000
      0.00000      0.19000000       0.0000000       1.0000000
      0.00000      0.19100000       0.0000000       1.0000000
      0.00000      0.19200000       0.0000000       1.0000000
      0.00000      0.19300000       0.0000000       1.0000000
      0.00000      0.19400000       0.0000000       1.0000000
      0.00000      0.19500000       0.0000000       1.0000000
      0.00000      0.19600000       0.0000000       1.0000000
      0.00000      0.19700000       0.0000000       1.0000000
      0.00000      0.19800000       0.0000000       1.0000000
      0.00000      0.19900000       0.0000000       1.0000000
      0.00000      0.20000000       0.0000000       1.0000000
      0.00000      0.20100000       0.0000000       1.0000000
      0.00000      0.20200000       0.0000000       1.0000000
      0.00000      0.20300000       0.0000000       1.0000000
      0.00000      0.20400000       0.0000000       1.0000000
      0.00000      0.20500000       0.0000000       1.0000000
      0.00000      0.20600000       0.0000000       1.0000000
      0.00000      0.20700000       0.0000000       1.0000000
      0.00000      0.20800000       0.0000000       1.0000000
      0.00000      0.20900000       0.0000000       1.0000000
      0.00000      0.21000000       0.0000000       1.0000000
      0.00000      0.21100000       0.0000000       1.0000000
      0.00000      0.21200000       0.0000000       1.0000000
      0.00000      0.21300000       0.0000000       1.0000000
      0.00000      0.21400000       0.0000000       1.0000000
      0.00000      0.21500000       0.0000000       1.0000000
      0.00000      0.21600000       0.0000000       1.0000000
      0.00000      0.21700000       0.0000000       1.0000000
      0.00000      0.21800000       0.0000000       1.0000000
      0.00000      0.21900000       0.0000000       1.0000000
      0.00000      0.22000000       0.0000000       1.0000000
      0.00000      0.22100000       0.0000000       1.0000000
      0.00000      0.22200000       0.0000000       1.0000000
      0.00000      0.22300000       0.0000000       1.0000000
      0.00000      0.22400000       0.0000000       1.0000000
      0.00000      0.22500000       0.0000000       1.0000000
      0.00000      0.22600000       0.0000000       1.0000000
      0.00000      0.22700000       0.0000000       1.0000000
      0.00000      0.22800000       0.0000000       1.0000000
      0.00000      0.22900000       0.0000000       1.0000000
      0.00000      0.23000000       0.0000000       1.0000000
      0.00000      0.23100000       0.0000000       1.0000000
      0.00000      0.23200000       0.0000000       1.0000000
      0.00000      0.23300000       0.0000000       1.0000000
      0.00000      0.23400000       0.0000000       1.0000000
      0.00000      0.23500000       0.0000000       1.0000000
      0.00000      0.23600000       0.0000000       1.0000000
      0.00000      0.23700000       0.0000000       1.0000000
      0.00000      0.23800000       0.0000000       1.0000000
      0.00000      0.23900000       0.0000000       1.0000000
      0.00000      0.24000000       0.0000000       1.0000000
      0.00000      0.24100000       0.0000000       1.0000000
      0.00000      0.24200000       0.0000000       1.0000000
      0.00000      0.24300000       0.0000000       1.0000000
      0.00000      0.24400000       0.0000000       1.0000000
      0.00000      0.24500000       0.0000000       1.0000000
      0.00000      0.24600000       0.0000000       1.0000000
      0.00000      0.24700000       0.0000000       1.0000000
      0.00000      0.24800000       0.0000000       1.0000000
      0.00000      0.24900000       0.0000000       1.0000000
      0.00000      0.25000000       0.0000000       1.0000000
      0.00000      0.25100000       0.0000000       1.0000000
      0.00000      0.25200000       0.0000000       1.0000000
      0.00000      0.25300000       0.0000000       1.0000000
      0.00000      0.25400000       0.0000000       1.0000000
      0.00000      0.25500000       0.0000000       1.0000000
      0.00000      0.25600000       0.0000000       1.0000000
      0.00000      0.25700000       0.0000000       1.0000000
      0.00000      0.25800000       0.0000000       1.0000000
      0.00000      0.25900000       0.0000000       1.0000000
      0.00000      0.26000000       0.0000000       1.0000000
      0.00000      0.26100000       0.0000000       1.0000000
      0.00000      0.26200000       0.0000000       1.0000000
      0.00000      0.26300000       0.0000000       1.0000000
      0.00000      0.26400000       0.0000000       1.0000000
      0.00000      0.26500000       0.0000000       1.0000000
      0.00000      0.26600000       0.0000000       1.0000000
      0.00000      0.26700000       0.0000000       1.0000000
      0.00000      0.26800000       0.0000000       1.0000000
      0.00000      0.26900000       0.0000000       1.0000000
      0.00000      0.27000000       0.0000000       1.0000000
      0.00000      0.27100000       0.0000000       1.0000000
      0.00000      0.27200000       0.0000000       1.0000000
      0.00000      0.27300000       0.0000000       1.0000000
      0.00000      0.27400000       0.0000000       1.0000000
      0.00000      0.27500000       0.0000000       1.0000000
      0.00000      0.27600000       0.0000000       1.0000000
      0.00000      0.27700000       0.0000000       1.0000000
      0.00000      0.27800000       0.0000000       1.0000000
      0.00000      0.27900000       0.0000000       1.0000000
      0.00000      0.28000000       0.0000000       1.0000000
      0.00000      0.28100000       0.0000000       1.0000000
      0.00000      0.28200000       0.0000000       1.0000000
      0.00000      0.28300000       0.0000000       1.0000000
      0.00000      0.28400000       0.0000000       1.0000000
      0.00000      0.28500000       0.0000000       1.0000000
      0.00000      0.28600000       0.0000000       1.0000000
      0.00000      0.28700000       0.0000000       1.0000000
      0.00000      0.28800000       0.0000000       1.0000000
      0.00000      0.28900000       0.0000000       1.0000000
      0.00000      0.29000000       0.0000000       1.0000000
      0.00000      0.29100000       0.0000000       1.0000000
      0.00000      0.29200000       0.0000000       1.0000000
      0.00000      0.29300000       0.0000000       1.0000000
      0.00000      0.29400000       0.0000000       1.0000000
      0.00000      0.29500000       0.0000000       1.0000000
      0.00000      0.29600000       0.0000000       1.0000000
      0.00000      0.29700000       0.0000000       1.0000000
      0.00000      0.29800000       0.0000000       1.0000000
      0.00000      0.29900000       0.0000000       1.0000000
      0.00000      0.30000000       0.0000000       1.0000000
      0.00000      0.30100000       0.0000000       1.0000000
      0.00000      0.30200000       0.0000000       1.0000000
      0.00000      0.30300000       0.0000000       1.0000000
      0.00000      0.30400000       0.0000000       1.0000000
      0.00000      0.30500000       0.0000000       1.0000000
      0.00000      0.30600000       0.0000000       1.0000000
      0.00000      0.30700000       0.0000000       1.0000000
      0.00000      0.30800000       0.0000000       1.0000000
      0.00000      0.30900000       0.0000000       1.0000000
      0.00000      0.31000000       0.0000000       1.0000000
      0.00000      0.31100000       0.0000000       1.0000000
      0.00000      0.31200000       0.0000000       1.0000000
      0.00000      0.31300000       0.0000000       1.0000000
      0.00000      0.31400000       0.0000000       1.0000000
      0.00000      0.31500000       0.0000000       1.0000000
      0.00000      0.31600000       0.0000000       1.0000000
      0.00000      0.31700000       0.0000000       1.0000000
      0.00000      0.31800000       0.0000000       1.0000000
      0.00000      0.31900000       0.0000000       1.0000000
      0.00000      0.32000000       0.0000000       1.0000000
      0.00000      0.32100000       0.0000000       1.0000000
      0.00000      0.32200000       0.0000000       1.0000000
      0.00000      0.32300000       0.0000000       1.0000000
      0.00000      0.32400000       0.0000000       1.0000000
      0.00000      0.32500000       0.0000000       1.0000000
      0.00000      0.32600000       0.0000000       1.0000000
      0.00000      0.32700000       0.0000000       1.0000000
      0.00000      0.32800000       0.0000000       1.0000000
      0.00000      0.32900000       0.0000000       1.0000000
      0.00000      0.33000000       0.0000000       1.0000000
      0.00000      0.33100000       0.0000000       1.0000000
      0.00000      0.33200000       0.0000000       1.0000000
      0.00000      0.33300000       0.0000000       1.0000000
      0.00000      0.33400000       0.0000000       1.0000000
      0.00000      0.33500000       0.0000000       1.0000000
      0.00000      0.33600000       0.0000000       1.0000000
      0.00000      0.33700000       0.0000000       1.0000000
      0.00000      0.33800000       0.0000000       1.0000000
      0.00000      0.33900000       0.0000000       1.0000000
      0.00000      0.34000000       0.0000000       1.0000000
      0.00000      0.34100000       0.0000000       1.0000000
      0.00000      0.34200000       0.0000000       1.0000000
      0.00000      0.34300000       0.0000000       1.0000000
      0.00000      0.34400000       0.0000000       1.0000000
      0.00000      0.34500000       0.0000000       1.0000000
      0.00000      0.34600000       0.0000000       1.0000000
      0.00000      0.34700000       0.0000000       1.0000000
      0.00000      0.34800000       0.0000000       1.0000000
      0.00000      0.34900000       0.0000000       1.0000000
      0.00000      0.35000000       0.0000000       1.0000000
      0.00000      0.35100000       0.0000000       1.0000000
      0.00000      0.35200000       0.0000000       1.0000000
      0.00000      0.35300000       0.0000000       1.0000000
      0.00000      0.35400000       0.0000000       1.0000000
      0.00000      0.35500000       0.0000000       1.0000000
      0.00000      0.35600000       0.0000000       1.0000000
      0.00000      0.35700000       0.0000000       1.0000000
      0.00000      0.35800000       0.0000000       1.0000000
      0.00000      0.35900000       0.0000000       1.0000000
      0.00000      0.36000000       0.0000000       1.0000000
      0.00000      0.36100000       0.0000000       1.0000000
      0.00000      0.36200000       0.0000000       1.0000000
      0.00000      0.36300000       0.0000000       1.0000000
      0.00000      0.36400000       0.0000000       1.0000000
      0.00000      0.36500000       0.0000000       1.0000000
      0.00000      0.36600000       0.0000000       1.0000000
      0.00000      0.36700000       0.0000000       1.0000000
      0.00000      0.36800000       0.0000000       1.0000000
      0.00000      0.36900000       0.0000000       1.0000000
      0.00000      0.37000000       0.0000000       1.0000000
      0.00000      0.37100000       0.0000000       1.0000000
      0.00000      0.37200000       0.0000000       1.0000000
      0.00000      0.37300000       0.0000000       1.0000000
      0.00000      0.37400000       0.0000000       1.0000000
      0.00000      0.37500000       0.0000000       1.0000000
      0.00000      0.37600000       0.0000000       1.0000000
      0.00000      0.37700000       0.0000000       1.0000000
      0.00000      0.37800000       0.0000000       1.0000000
      0.00000      0.37900000       0.0000000       1.0000000
      0.00000      0.38000000       0.0000000       1.0000000
      0.00000      0.38100000       0.0000000       1.0000000
      0.00000      0.38200000       0.0000000       1.0000000
      0.00000      0.38300000       0.0000000       1.0000000
      0.00000      0.38400000       0.0000000       1.0000000
      0.00000      0.38500000       0.0000000       1.0000000
      0.00000      0.38600000       0.0000000       1.0000000
      0.00000      0.38700000       0.0000000       1.0000000
      0.00000      0.38800000       0.0000000       1.0000000
      0.00000      0.38900000       0.0000000       1.0000000
      0.00000      0.39000000       0.0000000       1.0000000
      0.00000      0.39100000       0.0000000       1.0000000
      0.00000      0.39200000       0.0000000       1.0000000
      0.00000      0.39300000       0.0000000       1.0000000
      0.00000      0.39400000       0.0000000       1.0000000
      0.00000      0.39500000       0.0000000       1.0000000
      0.00000      0.39600000       0.0000000       1.0000000
      0.00000      0.39700000       0.0000000       1.0000000
      0.00000      0.39800000       0.0000000       1.0000000
      0.00000      0.39900000       0.0000000       1.0000000
      0.00000      0.40000000       0.0000000       1.0000000
      0.00000      0.40100000       0.0000000       1.0000000
      0.00000      0.40200000       0.0000000       1.0000000
      0.00000      0.40300000       0.0000000       1.0000000
      0.00000      0.40400000       0.0000000       1.0000000
      0.00000      0.40500000       0.0000000       1.0000000
      0.00000      0.40600000       0.0000000       1.0000000
      0.00000      0.40700000       0.0000000       1.0000000
      0.00000      0.40800000       0.0000000       1.0000000
      0.00000      0.40900000       0.0000000       1.0000000
      0.00000      0.41000000       0.0000000       1.0000000
      0.00000      0.41100000       0.0000000       1.0000000
      0.00000      0.41200000       0.0000000       1.0000000
      0.00000      0.41300000       0.0000000       1.0000000
      0.00000      0.41400000       0.0000000       1.0000000
      0.00000      0.41500000       0.0000000       1.0000000
      0.00000      0.41600000       0.0000000       1.0000000
      0.00000      0.41700000       0.0000000       1.0000000
      0.00000      0.41800000       0.0000000       1.0000000
      0.00000      0.41900000       0.0000000       1.0000000
      0.00000      0.42000000       0.0000000       1.0000000
      0.00000      0.42100000       0.0000000       1.0000000
      0.00000      0.42200000       0.0000000       1.0000000
      0.00000      0.42300000       0.0000000       1.0000000
      0.00000      0.42400000       0.0000000       1.0000000
      0.00000      0.42500000       0.0000000       1.0000000
      0.00000      0.42600000       0.0000000       1.0000000
      0.00000      0.42700000       0.0000000       1.0000000
      0.00000      0.42800000       0.0000000       1.0000000
      0.00000      0.42900000       0.0000000       1.0000000
      0.00000      0.43000000       0.0000000       1.0000000
      0.00000      0.43100000       0.0000000       1.0000000
      0.00000      0.43200000       0.0000000       1.0000000
      0.00000      0.43300000       0.0000000       1.0000000
      0.00000      0.43400000       0.0000000       1.0000000
      0.00000      0.43500000       0.0000000       1.0000000
      0.00000      0.43600000       0.0000000       1.0000000
      0.00000      0.43700000       0.0000000       1.0000000
      0.00000      0.43800000       0.0000000       1.0000000
      0.00000      0.43900000       0.0000000       1.0000000
      0.00000      0.44000000       0.0000000       1.0000000
      0.00000      0.44100000       0.0000000       1.0000000
      0.00000      0.44200000       0.0000000       1.0000000
      0.00000      0.44300000       0.0000000       1.0000000
      0.00000      0.44400000       0.0000000       1.0000000
      0.00000      0.44500000       0.0000000       1.0000000
      0.00000      0.44600000       0.0000000       1.0000000
      0.00000      0.44700000       0.0000000       1.0000000
      0.00000      0.44800000       0.0000000       1.0000000
      0.00000      0.44900000       0.0000000       1.0000000
      0.00000      0.45000000       0.0000000       1.0000000
      0.00000      0.45100000       0.0000000       1.0000000
      0.00000      0.45200000       0.0000000       1.0000000
      0.00000      0.45300000       0.0000000       1.0000000
      0.00000      0.45400000       0.0000000       1.0000000
      0.00000      0.45500000       0.0000000       1.0000000
      0.00000      0.45600000       0.0000000       1.0000000
      0.00000      0.45700000       0.0000000       1.0000000
      0.00000      0.45800000       0.0000000       1.0000000
      0.00000      0.45900000       0.0000000       1.0000000
      0.00000      0.46000000       0.0000000       1.0000000
      0.00000      0.46100000       0.0000000       1.0000000
      0.00000      0.46200000       0.0000000       1.0000000
      0.00000      0.46300000       0.0000000       1.0000000
      0.00000      0.46400000       0.0000000       1.0000000
      0.00000      0.46500000       0.0000000       1.0000000
      0.00000      0.46600000       0.0000000       1.0000000
      0.00000      0.46700000       0.0000000       1.0000000
      0.00000      0.46800000       0.0000000       1.0000000
      0.00000      0.46900000       0.0000000       1.0000000
      0.00000      0.47000000       0.0000000       1.0000000
      0.00000      0.47100000       0.0000000       1.0000000
      0.00000      0.47200000       0.0000000       1.0000000
      0.00000      0.47300000       0.0000000       1.0000000
      0.00000      0.47400000       0.0000000       1.0000000
      0.00000      0.47500000       0.0000000       1.0000000
      0.00000      0.47600000       0.0000000       1.0000000
      0.00000      0.47700000       0.0000000       1.0000000
      0.00000      0.47800000       0.0000000       1.0000000
      0.00000      0.47900000       0.0000000       1.0000000
      0.00000      0.48000000       0.0000000       1.0000000
      0.00000      0.48100000       0.0000000       1.0000000
      0.00000      0.48200000       0.0000000       1.0000000
      0.00000      0.48300000       0.0000000       1.0000000
      0.00000      0.48400000       0.0000000       1.0000000
      0.00000      0.48500000       0.0000000       1.0000000
      0.00000      0.48600000       0.0000000       1.0000000
      0.00000      0.48700000       0.0000000       1.0000000
      0.00000      0.48800000       0.0000000       1.0000000
      0.00000      0.48900000       0.0000000       1.0000000
      0.00000      0.49000000       0.0000000       1.0000000
      0.00000      0.49100000       0.0000000       1.0000000
      0.00000      0.49200000       0.0000000       1.0000000
      0.00000      0.49300000       0.0000000       1.0000000
      0.00000      0.49400000       0.0000000       1.0000000
      0.00000      0.49500000       0.0000000       1.0000000
      0.00000      0.49600000       0.0000000       1.0000000
      0.00000      0.49700000       0.0000000       1.0000000
      0.00000      0.49800000       0.0000000       1.0000000
      0.00000      0.49900000       0.0000000       1.0000000
      0.00000      0.50000000       0.0000000       1.0000000
      0.00000      0.50100000       0.0000000       1.0000000
      0.00000      0.50200000       0.0000000       1.0000000
      0.00000      0.50300000       0.0000000       1.0000000
      0.00000      0.50400000       0.0000000       1.0000000
      0.00000      0.50500000       0.0000000       1.0000000
      0.00000      0.50600000       0.0000000       1.0000000
      0.00000      0.50700000       0.0000000       1.0000000
      0.00000      0.50800000       0.0000000       1.0000000
      0.00000      0.50900000       0.0000000       1.0000000
      0.00000      0.51000000       0.0000000       1.0000000
      0.00000      0.51100000       0.0000000       1.0000000
      0.00000      0.51200000       0.0000000       1.0000000
      0.00000      0.51300000       0.0000000       1.0000000
      0.00000      0.51400000       0.0000000       1.0000000
      0.00000      0.51500000       0.0000000       1.0000000
      0.00000      0.51600000       0.0000000       1.0000000
      0.00000      0.51700000       0.0000000       1.0000000
      0.00000      0.51800000       0.0000000       1.0000000
      0.00000      0.51900000       0.0000000       1.0000000
      0.00000      0.52000000       0.0000000       1.0000000
      0.00000      0.52100000       0.0000000       1.0000000
      0.00000      0.52200000       0.0000000       1.0000000
      0.00000      0.52300000       0.0000000       1.0000000
      0.00000      0.52400000       0.0000000       1.0000000
      0.00000      0.52500000       0.0000000       1.0000000
      0.00000      0.52600000       0.0000000       1.0000000
      0.00000      0.52700000       0.0000000       1.0000000
      0.00000      0.52800000       0.0000000       1.0000000
      0.00000      0.52900000       0.0000000       1.0000000
      0.00000      0.53000000       0.0000000       1.0000000
      0.00000      0.53100000       0.0000000       1.0000000
      0.00000      0.53200000       0.0000000       1.0000000
      0.00000      0.53300000       0.0000000       1.0000000
      0.00000      0.53400000       0.0000000       1.0000000
      0.00000      0.53500000       0.0000000       1.0000000
      0.00000      0.53600000       0.0000000       1.0000000
      0.00000      0.53700000       0.0000000       1.0000000
      0.00000      0.53800000       0.0000000       1.0000000
      0.00000      0.53900000       0.0000000       1.0000000
      0.00000      0.54000000       0.0000000       1.0000000
      0.00000      0.54100000       0.0000000       1.0000000
      0.00000      0.54200000       0.0000000       1.0000000
      0.00000      0.54300000       0.0000000       1.0000000
      0.00000      0.54400000       0.0000000       1.0000000
      0.00000      0.54500000       0.0000000       1.0000000
      0.00000      0.54600000       0.0000000       1.0000000
      0.00000      0.54700000       0.0000000       1.0000000
      0.00000      0.54800000       0.0000000       1.0000000
      0.00000      0.54900000       0.0000000       1.0000000
      0.00000      0.55000000       0.0000000       1.0000000
      0.00000      0.55100000       0.0000000       1.0000000
      0.00000      0.55200000       0.0000000       1.0000000
      0.00000      0.55300000       0.0000000       1.0000000
      0.00000      0.55400000       0.0000000       1.0000000
      0.00000      0.55500000       0.0000000       1.0000000
      0.00000      0.55600000       0.0000000       1.0000000
      0.00000      0.55700000       0.0000000       1.0000000
      0.00000      0.55800000       0.0000000       1.0000000
      0.00000      0.55900000       0.0000000       1.0000000
      0.00000      0.56000000       0.0000000       1.0000000
      0.00000      0.56100000       0.0000000       1.0000000
      0.00000      0.56200000       0.0000000       1.0000000
      0.00000      0.56300000       0.0000000       1.0000000
      0.00000      0.56400000       0.0000000       1.0000000
      0.00000      0.56500000       0.0000000       1.0000000
      0.00000      0.56600000       0.0000000       1.0000000
      0.00000      0.56700000       0.0000000       1.0000000
      0.00000      0.56800000       0.0000000       1.0000000
      0.00000      0.56900000       0.0000000       1.0000000
      0.00000      0.57000000       0.0000000       1.0000000
      0.00000      0.57100000       0.0000000       1.0000000
      0.00000      0.57200000       0.0000000       1.0000000
      0.00000      0.57300000       0.0000000       1.0000000
      0.00000      0.57400000       0.0000000       1.0000000
      0.00000      0.57500000       0.0000000       1.0000000
      0.00000      0.57600000       0.0000000       1.0000000
      0.00000      0.57700000       0.0000000       1.0000000
      0.00000      0.57800000       0.0000000       1.0000000
      0.00000      0.57900000       0.0000000       1.0000000
      0.00000      0.58000000       0.0000000       1.0000000
      0.00000      0.58100000       0.0000000       1.0000000
      0.00000      0.58200000       0.0000000       1.0000000
      0.00000      0.58300000       0.0000000       1.0000000
      0.00000      0.58400000       0.0000000       1.0000000
      0.00000      0.58500000       0.0000000       1.0000000
      0.00000      0.58600000       0.0000000       1.0000000
      0.00000      0.58700000       0.0000000       1.0000000
      0.00000      0.58800000       0.0000000       1.0000000
      0.00000      0.58900000       0.0000000       1.0000000
      0.00000      0.59000000       0.0000000       1.0000000
      0.00000      0.59100000       0.0000000       1.0000000
      0.00000      0.59200000       0.0000000       1.0000000
      0.00000      0.59300000       0.0000000       1.0000000
      0.00000      0.59400000       0.0000000       1.0000000
      0.00000      0.59500000       0.0000000       1.0000000
      0.00000      0.59600000       0.0000000       1.0000000
      0.00000      0.59700000       0.0000000       1.0000000
      0.00000      0.59800000       0.0000000       1.0000000
      0.00000      0.59900000       0.0000000       1.0000000
      0.00000      0.60000000       0.0000000       1.0000000
      0.00000      0.60100000       0.0000000       1.0000000
      0.00000      0.60200000       0.0000000       1.0000000
      0.00000      0.60300000       0.0000000       1.0000000
      0.00000      0.60400000       0.0000000       1.0000000
      0.00000      0.60500000       0.0000000       1.0000000
      0.00000      0.60600000       0.0000000       1.0000000
      0.00000      0.60700000       0.0000000       1.0000000
      0.00000      0.60800000       0.0000000       1.0000000
      0.00000      0.60900000       0.0000000       1.0000000
      0.00000      0.61000000       0.0000000       1.0000000
      0.00000      0.61100000       0.0000000       1.0000000
      0.00000      0.61200000       0.0000000       1.0000000
      0.00000      0.61300000       0.0000000       1.0000000
      0.00000      0.61400000       0.0000000       1.0000000
      0.00000      0.61500000       0.0000000       1.0000000
      0.00000      0.61600000       0.0000000       1.0000000
      0.00000      0.61700000       0.0000000       1.0000000
      0.00000      0.61800000       0.0000000       1.0000000
      0.00000      0.61900000       0.0000000       1.0000000
      0.00000      0.62000000       0.0000000       1.0000000
      0.00000      0.62100000       0.0000000       1.0000000
      0.00000      0.62200000       0.0000000       1.0000000
      0.00000      0.62300000       0.0000000       1.0000000
      0.00000      0.62400000       0.0000000       1.0000000
      0.00000      0.62500000       0.0000000       1.0000000
      0.00000      0.62600000       0.0000000       1.0000000
      0.00000      0.62700000       0.0000000       1.0000000
      0.00000      0.62800000       0.0000000       1.0000000
      0.00000      0.62900000       0.0000000       1.0000000
      0.00000      0.63000000       0.0000000       1.0000000
      0.00000      0.63100000       0.0000000       1.0000000
      0.00000      0.63200000       0.0000000       1.0000000
      0.00000      0.63300000       0.0000000       1.0000000
      0.00000      0.63400000       0.0000000       1.0000000
      0.00000      0.63500000       0.0000000       1.0000000
      0.00000      0.63600000       0.0000000       1.0000000
      0.00000      0.63700000       0.0000000       1.0000000
      0.00000      0.63800000       0.0000000       1.0000000
      0.00000      0.63900000       0.0000000       1.0000000
      0.00000      0.64000000       0.0000000       1.0000000
      0.00000      0.64100000       0.0000000       1.0000000
      0.00000      0.64200000       0.0000000       1.0000000
      0.00000      0.64300000       0.0000000       1.0000000
      0.00000      0.64400000       0.0000000       1.0000000
      0.00000      0.64500000       0.0000000       1.0000000
      0.00000      0.64600000       0.0000000       1.0000000
      0.00000      0.64700000       0.0000000       1.0000000
      0.00000      0.64800000       0.0000000       1.0000000
      0.00000      0.64900000       0.0000000       1.0000000
      0.00000      0.65000000       0.0000000       1.0000000
      0.00000      0.65100000       0.0000000       1.0000000
      0.00000      0.65200000       0.0000000       1.0000000
      0.00000      0.65300000       0.0000000       1.0000000
      0.00000      0.65400000       0.0000000       1.0000000
      0.00000      0.65500000       0.0000000       1.0000000
      0.00000      0.65600000       0.0000000       1.0000000
      0.00000      0.65700000       0.0000000       1.0000000
      0.00000      0.65800000       0.0000000       1.0000000
      0.00000      0.65900000       0.0000000       1.0000000
      0.00000      0.66000000       0.0000000       1.0000000
      0.00000      0.66100000       0.0000000       1.0000000
      0.00000      0.66200000       0.0000000       1.0000000
      0.00000      0.66300000       0.0000000       1.0000000
      0.00000      0.66400000       0.0000000       1.0000000
      0.00000      0.66500000       0.0000000       1.0000000
      0.00000      0.66600000       0.0000000       1.0000000
      0.00000      0.66700000       0.0000000       1.0000000
      0.00000      0.66800000       0.0000000       1.0000000
      0.00000      0.66900000       0.0000000       1.0000000
      0.00000      0.67000000       0.0000000       1.0000000
      0.00000      0.67100000       0.0000000       1.0000000
      0.00000      0.67200000       0.0000000       1.0000000
      0.00000      0.67300000       0.0000000       1.0000000
      0.00000      0.67400000       0.0000000       1.0000000
      0.00000      0.67500000       0.0000000       1.0000000
      0.00000      0.67600000       0.0000000       1.0000000
      0.00000      0.67700000       0.0000000       1.0000000
      0.00000      0.67800000       0.0000000       1.0000000
      0.00000      0.67900000       0.0000000       1.0000000
      0.00000      0.68000000       0.0000000       1.0000000
      0.00000      0.68100000       0.0000000       1.0000000
      0.00000      0.68200000       0.0000000       1.0000000
      0.00000      0.68300000       0.0000000       1.0000000
      0.00000      0.68400000       0.0000000       1.0000000
      0.00000      0.68500000       0.0000000       1.0000000
      0.00000      0.68600000       0.0000000       1.0000000
      0.00000      0.68700000       0.0000000       1.0000000
      0.00000      0.68800000       0.0000000       1.0000000
      0.00000      0.68900000       0.0000000       1.0000000
      0.00000      0.69000000       0.0000000       1.0000000
      0.00000      0.69100000       0.0000000       1.0000000
      0.00000      0.69200000       0.0000000       1.0000000
      0.00000      0.69300000       0.0000000       1.0000000
      0.00000      0.69400000       0.0000000       1.0000000
      0.00000      0.69500000       0.0000000       1.0000000
      0.00000      0.69600000       0.0000000       1.0000000
      0.00000      0.69700000       0.0000000       1.0000000
      0.00000      0.69800000       0.0000000       1.0000000
      0.00000      0.69900000       0.0000000       1.0000000
      0.00000      0.70000000       0.0000000       1.0000000
      0.00000      0.70100000       0.0000000       1.0000000
      0.00000      0.70200000       0.0000000       1.0000000
      0.00000      0.70300000       0.0000000       1.0000000
      0.00000      0.70400000       0.0000000       1.0000000
      0.00000      0.70500000       0.0000000       1.0000000
      0.00000      0.70600000       0.0000000       1.0000000
      0.00000      0.70700000       0.0000000       1.0000000
      0.00000      0.70800000       0.0000000       1.0000000
      0.00000      0.70900000       0.0000000       1.0000000
      0.00000      0.71000000       0.0000000       1.0000000
      0.00000      0.71100000       0.0000000       1.0000000
      0.00000      0.71200000       0.0000000       1.0000000
      0.00000      0.71300000       0.0000000       1.0000000
      0.00000      0.71400000       0.0000000       1.0000000
      0.00000      0.71500000       0.0000000       1.0000000
      0.00000      0.71600000       0.0000000       1.0000000
      0.00000      0.71700000       0.0000000       1.0000000
      0.00000      0.71800000       0.0000000       1.0000000
      0.00000      0.71900000       0.0000000       1.0000000
      0.00000      0.72000000       0.0000000       1.0000000
      0.00000      0.72100000       0.0000000       1.0000000
      0.00000      0.72200000       0.0000000       1.0000000
      0.00000      0.72300000       0.0000000       1.0000000
      0.00000      0.72400000       0.0000000       1.0000000
      0.00000      0.72500000       0.0000000       1.0000000
      0.00000      0.72600000       0.0000000       1.0000000
      0.00000      0.72700000       0.0000000       1.0000000
      0.00000      0.72800000       0.0000000       1.0000000
      0.00000      0.72900000       0.0000000       1.0000000
      0.00000      0.73000000       0.0000000       1.0000000
      0.00000      0.73100000       0.0000000       1.0000000
      0.00000      0.73200000       0.0000000       1.0000000
      0.00000      0.73300000       0.0000000       1.0000000
      0.00000      0.73400000       0.0000000       1.0000000
      0.00000      0.73500000       0.0000000       1.0000000
      0.00000      0.73600000       0.0000000       1.0000000
      0.00000      0.73700000       0.0000000       1.0000000
      0.00000      0.73800000       0.0000000       1.0000000
      0.00000      0.73900000       0.0000000       1.0000000
      0.00000      0.74000000       0.0000000       1.0000000
      0.00000      0.74100000       0.0000000       1.0000000
      0.00000      0.74200000       0.0000000       1.0000000
      0.00000      0.74300000       0.0000000       1.0000000
      0.00000      0.74400000       0.0000000       1.0000000
      0.00000      0.74500000       0.0000000       1.0000000
      0.00000      0.74600000       0.0000000       1.0000000
      0.00000      0.74700000       0.0000000       1.0000000
      0.00000      0.74800000       0.0000000       1.0000000
      0.00000      0.74900000       0.0000000       1.0000000
      0.00000      0.75000000       0.0000000       1.0000000
      0.00000      0.75100000       0.0000000       1.0000000
      0.00000      0.75200000       0.0000000       1.0000000
      0.00000      0.75300000       0.0000000       1.0000000
      0.00000      0.75400000       0.0000000       1.0000000
      0.00000      0.75500000       0.0000000       1.0000000
      0.00000      0.75600000       0.0000000       1.0000000
      0.00000      0.75700000       0.0000000       1.0000000
      0.00000      0.75800000       0.0000000       1.0000000
      0.00000      0.75900000       0.0000000       1.0000000
      0.00000      0.76000000       0.0000000       1.0000000
      0.00000      0.76100000       0.0000000       1.0000000
      0.00000      0.76200000       0.0000000       1.0000000
      0.00000      0.76300000       0.0000000       1.0000000
      0.00000      0.76400000       0.0000000       1.0000000
      0.00000      0.76500000       0.0000000       1.0000000
      0.00000      0.76600000       0.0000000       1.0000000
      0.00000      0.76700000       0.0000000       1.0000000
      0.00000      0.76800000       0.0000000       1.0000000
      0.00000      0.76900000       0.0000000       1.0000000
      0.00000      0.77000000       0.0000000       1.0000000
      0.00000      0.77100000       0.0000000       1.0000000
      0.00000      0.77200000       0.0000000       1.0000000
      0.00000      0.77300000       0.0000000       1.0000000
      0.00000      0.77400000       0.0000000       1.0000000
      0.00000      0.77500000       0.0000000       1.0000000
      0.00000      0.77600000       0.0000000       1.0000000
      0.00000      0.77700000       0.0000000       1.0000000
      0.00000      0.77800000       0.0000000       1.0000000
      0.00000      0.77900000       0.0000000       1.0000000
      0.00000      0.78000000       0.0000000       1.0000000
      0.00000      0.78100000       0.0000000       1.0000000
      0.00000      0.78200000       0.0000000       1.0000000
      0.00000      0.78300000       0.0000000       1.0000000
      0.00000      0.78400000       0.0000000       1.0000000
      0.00000      0.78500000       0.0000000       1.0000000
      0.00000      0.78600000       0.0000000       1.0000000
      0.00000      0.78700000       0.0000000       1.0000000
      0.00000      0.78800000       0.0000000       1.0000000
      0.00000      0.78900000       0.0000000       1.0000000
      0.00000      0.79000000       0.0000000       1.0000000
      0.00000      0.79100000       0.0000000       1.0000000
      0.00000      0.79200000       0.0000000       1.0000000
      0.00000      0.79300000       0.0000000       1.0000000
      0.00000      0.79400000       0.0000000       1.0000000
      0.00000      0.79500000       0.0000000       1.0000000
      0.00000      0.79600000       0.0000000       1.0000000
      0.00000      0.79700000       0.0000000       1.0000000
      0.00000      0.79800000       0.0000000       1.0000000
      0.00000      0.79900000       0.0000000       1.0000000
      0.00000      0.80000000       0.0000000       1.0000000
      0.00000      0.80100000       0.0000000       1.0000000
      0.00000      0.80200000       0.0000000       1.0000000
      0.00000      0.80300000       0.0000000       1.0000000
      0.00000      0.80400000       0.0000000       1.0000000
      0.00000      0.80500000       0.0000000       1.0000000
      0.00000      0.80600000       0.0000000       1.0000000
      0.00000      0.80700000       0.0000000       1.0000000
      0.00000      0.80800000       0.0000000       1.0000000
      0.00000      0.80900000       0.0000000       1.0000000
      0.00000      0.81000000       0.0000000       1.0000000
      0.00000      0.81100000       0.0000000       1.0000000
      0.00000      0.81200000       0.0000000       1.0000000
      0.00000      0.81300000       0.0000000       1.0000000
      0.00000      0.81400000       0.0000000       1.0000000
      0.00000      0.81500000       0.0000000       1.0000000
      0.00000      0.81600000       0.0000000       1.0000000
      0.00000      0.81700000       0.0000000       1.0000000
      0.00000      0.81800000       0.0000000       1.0000000
      0.00000      0.81900000       0.0000000       1.0000000
      0.00000      0.82000000       0.0000000       1.0000000
      0.00000      0.82100000       0.0000000       1.0000000
      0.00000      0.82200000       0.0000000       1.0000000
      0.00000      0.82300000       0.0000000       1.0000000
      0.00000      0.82400000       0.0000000       1.0000000
      0.00000      0.82500000       0.0000000       1.0000000
      0.00000      0.82600000       0.0000000       1.0000000
      0.00000      0.82700000       0.0000000       1.0000000
      0.00000      0.82800000       0.0000000       1.0000000
      0.00000      0.82900000       0.0000000       1.0000000
      0.00000      0.83000000       0.0000000       1.0000000
      0.00000      0.83100000       0.0000000       1.0000000
      0.00000      0.83200000       0.0000000       1.0000000
      0.00000      0.83300000       0.0000000       1.0000000
      0.00000      0.83400000       0.0000000       1.0000000
      0.00000      0.83500000       0.0000000       1.0000000
      0.00000      0.83600000       0.0000000       1.0000000
      0.00000      0.83700000       0.0000000       1.0000000
      0.00000      0.83800000       0.0000000       1.0000000
      0.00000      0.83900000       0.0000000       1.0000000
      0.00000      0.84000000       0.0000000       1.0000000
      0.00000      0.84100000       0.0000000       1.0000000
      0.00000      0.84200000       0.0000000       1.0000000
      0.00000      0.84300000       0.0000000       1.0000000
      0.00000      0.84400000       0.0000000       1.0000000
      0.00000      0.84500000       0.0000000       1.0000000
      0.00000      0.84600000       0.0000000       1.0000000
      0.00000      0.84700000       0.0000000       1.0000000
      0.00000      0.84800000       0.0000000       1.0000000
      0.00000      0.84900000       0.0000000       1.0000000
      0.00000      0.85000000       0.0000000       1.0000000
      0.00000      0.85100000       0.0000000       1.0000000
      0.00000      0.85200000       0.0000000       1.0000000
      0.00000      0.85300000       0.0000000       1.0000000
      0.00000      0.85400000       0.0000000       1.0000000
      0.00000      0.85500000       0.0000000       1.0000000
      0.00000      0.85600000       0.0000000       1.0000000
      0.00000      0.85700000       0.0000000       1.0000000
      0.00000      0.85800000       0.0000000       1.0000000
      0.00000      0.85900000       0.0000000       1.0000000
      0.00000      0.86000000       0.0000000       1.0000000
      0.00000      0.86100000       0.0000000       1.0000000
      0.00000      0.86200000       0.0000000       1.0000000
      0.00000      0.86300000       0.0000000       1.0000000
      0.00000      0.86400000       0.0000000       1.0000000
      0.00000      0.86500000       0.0000000       1.0000000
      0.00000      0.86600000       0.0000000       1.0000000
      0.00000      0.86700000       0.0000000       1.0000000
      0.00000      0.86800000       0.0000000       1.0000000
      0.00000      0.86900000       0.0000000       1.0000000
      0.00000      0.87000000       0.0000000       1.0000000
      0.00000      0.87100000       0.0000000       1.0000000
      0.00000      0.87200000       0.0000000       1.0000000
      0.00000      0.87300000       0.0000000       1.0000000
      0.00000      0.87400000       0.0000000       1.0000000
      0.00000      0.87500000       0.0000000       1.0000000
      0.00000      0.87600000       0.0000000       1.0000000
      0.00000      0.87700000       0.0000000       1.0000000
      0.00000      0.87800000       0.0000000       1.0000000
      0.00000      0.87900000       0.0000000       1.0000000
      0.00000      0.88000000       0.0000000       1.0000000
      0.00000      0.88100000       0.0000000       1.0000000
      0.00000      0.88200000       0.0000000       1.0000000
      0.00000      0.88300000       0.0000000       1.0000000
      0.00000      0.88400000       0.0000000       1.0000000
      0.00000      0.88500000       0.0000000       1.0000000
      0.00000      0.88600000       0.0000000       1.0000000
      0.00000      0.88700000       0.0000000       1.0000000
      0.00000      0.88800000       0.0000000       1.0000000
      0.00000      0.88900000       0.0000000       1.0000000
      0.00000      0.89000000       0.0000000       1.0000000
      0.00000      0.89100000       0.0000000       1.0000000
      0.00000      0.89200000       0.0000000       1.0000000
      0.00000      0.89300000       0.0000000       1.0000000
      0.00000      0.89400000       0.0000000       1.0000000
      0.00000      0.89500000       0.0000000       1.0000000
      0.00000      0.89600000       0.0000000       1.0000000
      0.00000      0.89700000       0.0000000       1.0000000
      0.00000      0.89800000       0.0000000       1.0000000
      0.00000      0.89900000       0.0000000       1.0000000
      0.00000      0.90000000       0.0000000       1.0000000
      0.00000      0.90100000       0.0000000       1.0000000
      0.00000      0.90200000       0.0000000       1.0000000
      0.00000      0.90300000       0.0000000       1.0000000
      0.00000      0.90400000       0.0000000       1.0000000
      0.00000      0.90500000       0.0000000       1.0000000
      0.00000      0.90600000       0.0000000       1.0000000
      0.00000      0.90700000       0.0000000       1.0000000
      0.00000      0.90800000       0.0000000       1.0000000
      0.00000      0.90900000       0.0000000       1.0000000
      0.00000      0.91000000       0.0000000       1.0000000
      0.00000      0.91100000       0.0000000       1.0000000
      0.00000      0.91200000       0.0000000       1.0000000
      0.00000      0.91300000       0.0000000       1.0000000
      0.00000      0.91400000       0.0000000       1.0000000
      0.00000      0.91500000       0.0000000       1.0000000
      0.00000      0.91600000       0.0000000       1.0000000
      0.00000      0.91700000       0.0000000       1.0000000
      0.00000      0.91800000       0.0000000       1.0000000
      0.00000      0.91900000       0.0000000       1.0000000
      0.00000      0.92000000       0.0000000       1.0000000
      0.00000      0.92100000       0.0000000       1.0000000
      0.00000      0.92200000       0.0000000       1.0000000
      0.00000      0.92300000       0.0000000       1.0000000
      0.00000      0.92400000       0.0000000       1.0000000
      0.00000      0.92500000       0.0000000       1.0000000
      0.00000      0.92600000       0.0000000       1.0000000
      0.00000      0.92700000       0.0000000       1.0000000
      0.00000      0.92800000       0.0000000       1.0000000
      0.00000      0.92900000       0.0000000       1.0000000
      0.00000      0.93000000       0.0000000       1.0000000
      0.00000      0.93100000       0.0000000       1.0000000
      0.00000      0.93200000       0.0000000       1.0000000
      0.00000      0.93300000       0.0000000       1.0000000
      0.00000      0.93400000       0.0000000       1.0000000
      0.00000      0.93500000       0.0000000       1.0000000
      0.00000      0.93600000       0.0000000       1.0000000
      0.00000      0.93700000       0.0000000       1.0000000
      0.00000      0.93800000       0.0000000       1.0000000
      0.00000      0.93900000       0.0000000       1.0000000
      0.00000      0.94000000       0.0000000       1.0000000
      0.00000      0.94100000       0.0000000       1.0000000
      0.00000      0.94200000       0.0000000       1.0000000
      0.00000      0.94300000       0.0000000       1.0000000
      0.00000      0.94400000       0.0000000       1.0000000
      0.00000      0.94500000       0.0000000       1.0000000
      0.00000      0.94600000       0.0000000       1.0000000
      0.00000      0.94700000       0.0000000       1.0000000
      0.00000      0.94800000       0.0000000       1.0000000
      0.00000      0.94900000       0.0000000       1.0000000
      0.00000      0.95000000       0.0000000       1.0000000
      0.00000      0.95100000       0.0000000       1.0000000
      0.00000      0.95200000       0.0000000       1.0000000
      0.00000      0.95300000       0.0000000       1.0000000
      0.00000      0.95400000       0.0000000       1.0000000
      0.00000      0.95500000       0.0000000       1.0000000
      0.00000      0.95600000       0.0000000       1.0000000
      0.00000      0.95700000       0.0000000       1.0000000
      0.00000      0.95800000       0.0000000       1.0000000
      0.00000      0.95900000       0.0000000       1.0000000
      0.00000      0.96000000       0.0000000       1.0000000
      0.00000      0.96100000       0.0000000       1.0000000
      0.00000      0.96200000       0.0000000       1.0000000
      0.00000      0.96300000       0.0000000       1.0000000
      0.00000      0.96400000       0.0000000       1.0000000
      0.00000      0.96500000       0.0000000       1.0000000
      0.00000      0.96600000       0.0000000       1.0000000
      0.00000      0.96700000       0.0000000       1.0000000
      0.00000      0.96800000       0.0000000       1.0000000
      0.00000      0.96900000       0.0000000       1.0000000
      0.00000      0.97000000       0.0000000       1.0000000
      0.00000      0.97100000       0.0000000       1.0000000
      0.00000      0.97200000       0.0000000       1.0000000
      0.00000      0.97300000       0.0000000       1.0000000
      0.00000      0.97400000       0.0000000       1.0000000
      0.00000      0.97500000       0.0000000       1.0000000
      0.00000      0.97600000       0.0000000       1.0000000
      0.00000      0.97700000       0.0000000       1.0000000
      0.00000      0.97800000       0.0000000       1.0000000
      0.00000      0.97900000       0.0000000       1.0000000
      0.00000      0.98000000       0.0000000       1.0000000
      0.00000      0.98100000       0.0000000       1.0000000
      0.00000      0.98200000       0.0000000       1.0000000
      0.00000      0.98300000       0.0000000       1.0000000
      0.00000      0.98400000       0.0000000       1.0000000
      0.00000      0.98500000       0.0000000       1.0000000
      0.00000      0.98600000       0.0000000       1.0000000
      0.00000      0.98700000       0.0000000       1.0000000
      0.00000      0.98800000       0.0000000       1.0000000
      0.00000      0.98900000       0.0000000       1.0000000
      0.00000      0.99000000       0.0000000       1.0000000
      0.00000      0.99100000       0.0000000       1.0000000
      0.00000      0.99200000       0.0000000       1.0000000
      0.00000      0.99300000       0.0000000       1.0000000
      0.00000      0.99400000       0.0000000       1.0000000
      0.00000      0.99500000       0.0000000       1.0000000
      0.00000      0.99600000       0.0000000       1.0000000
      0.00000      0.99700000       0.0000000       1.0000000
      0.00000      0.99800000       0.0000000       1.0000000
      0.00000      0.99900000       0.0000000       1.0000000
      0.00000       1.0000000       0.0000000       1.0000000
      0.00000       1.0010000       0.0000000       1.0000000
      0.00000       1.0020000       0.0000000       1.0000000
      0.00000       1.0030000       0.0000000       1.0000000
      0.00000       1.0040000       0.0000000       1.0000000
      0.00000       1.0050000       0.0000000       1.0000000
      0.00000       1.0060000       0.0000000       1.0000000
      0.00000       1.0070000       0.0000000       1.0000000
      0.00000       1.0080000       0.0000000       1.0000000
      0.00000       1.0090000       0.0000000       1.0000000
      0.00000       1.0100000       0.0000000       1.0000000
      0.00000       1.0110000       0.0000000       1.0000000
      0.00000       1.0120000       0.0000000       1.0000000
      0.00000       1.0130000       0.0000000       1.0000000
      0.00000       1.0140000       0.0000000       1.0000000
      0.00000       1.0150000       0.0000000       1.0000000
      0.00000       1.0160000       0.0000000       1.0000000
      0.00000       1.0170000       0.0000000       1.0000000
      0.00000       1.0180000       0.0000000       1.0000000
      0.00000       1.0190000       0.0000000       1.0000000
      0.00000       1.0200000       0.0000000       1.0000000
      0.00000       1.0210000       0.0000000       1.0000000
      0.00000       1.0220000       0.0000000       1.0000000
      0.00000       1.0230000       0.0000000       1.0000000
      0.00000       1.0240000       0.0000000       1.0000000
      0.00000       1.0250000       0.0000000       1.0000000
      0.00000       1.0260000       0.0000000       1.0000000
      0.00000       1.0270000       0.0000000       1.0000000
      0.00000       1.0280000       0.0000000       1.0000000
      0.00000       1.0290000       0.0000000       1.0000000
      0.00000       1.0300000       0.0000000       1.0000000
      0.00000       1.0310000       0.0000000       1.0000000
      0.00000       1.0320000       0.0000000       1.0000000
      0.00000       1.0330000       0.0000000       1.0000000
      0.00000       1.0340000       0.0000000       1.0000000
      0.00000       1.0350000       0.0000000       1.0000000
      0.00000       1.0360000       0.0000000       1.0000000
      0.00000       1.0370000       0.0000000       1.0000000
      0.00000       1.0380000       0.0000000       1.0000000
      0.00000       1.0390000       0.0000000       1.0000000
      0.00000       1.0400000       0.0000000       1.0000000
      0.00000       1.0410000       0.0000000       1.0000000
      0.00000       1.0420000   4.9701526e-08      0.99999995
      0.00000       1.0430000   4.9701526e-08      0.99999995
      0.00000       1.0440000   4.9701526e-08      0.99999995
      0.00000       1.0450000   4.9701526e-08      0.99999995
      0.00000       1.0460000   4.9701525e-08      0.99999995
      0.00000       1.0470000   4.9701525e-08      0.99999995
      0.00000       1.0480000   4.9701524e-08      0.99999995
      0.00000       1.0490000   9.9403048e-08      0.99999990
      0.00000       1.0500000   9.9403047e-08      0.99999990
      0.00000       1.0510000   9.9403045e-08      0.99999990
      0.00000       1.0520000   9.9403044e-08      0.99999990
      0.00000       1.0530000   1.4910456e-07      0.99999985
      0.00000       1.0540000   1.4910456e-07      0.99999985
      0.00000       1.0550000   1.9880607e-07      0.99999980
      0.00000       1.0560000   1.9880607e-07      0.99999980
      0.00000       1.0570000   2.4850758e-07      0.99999975
      0.00000       1.0580000   2.9820908e-07      0.99999970
      0.00000       1.0590000   2.9820907e-07      0.99999970
      0.00000       1.0600000   3.4791057e-07      0.99999965
      0.00000       1.0610000   4.4731356e-07      0.99999955
      0.00000       1.0620000   4.9701503e-07      0.99999950
      0.00000       1.0630000   5.4671650e-07      0.99999945
      0.00000       1.0640000   6.4611944e-07      0.99999935
      0.00000       1.0650000   7.4552236e-07      0.99999925
      0.00000       1.0660000   8.4492524e-07      0.99999916
      0.00000       1.0670000   9.9402957e-07      0.99999901
      0.00000       1.0680000   1.1431338e-06      0.99999886
      0.00000       1.0690000   1.2922380e-06      0.99999871
      0.00000       1.0700000   1.4910436e-06      0.99999851
      0.00000       1.0710000   1.7395504e-06      0.99999826
      0.00000       1.0720000   1.9880571e-06      0.99999801
      0.00000       1.0730000   2.2862650e-06      0.99999771
      0.00000       1.0740000   2.6341740e-06      0.99999737
      0.00000       1.0750000   3.0317840e-06      0.99999697
      0.00000       1.0760000   3.4790948e-06      0.99999652
      0.00000       1.0770000   4.0258076e-06      0.99999597
      0.00000       1.0780000   4.6222207e-06      0.99999538
      0.00000       1.0790000   5.3180352e-06      0.99999468
      0.00000       1.0800000   6.1132506e-06      0.99999389
      0.00000       1.0810000   7.0078663e-06      0.99999299
      0.00000       1.0820000   8.0515826e-06      0.99999195
      0.00000       1.0830000   9.2443986e-06      0.99999076
      0.00000       1.0840000   1.0636014e-05      0.99998936
      0.00000       1.0850000   1.2226427e-05      0.99998777
      0.00000       1.0860000   1.4015634e-05      0.99998598
      0.00000       1.0870000   1.6103036e-05      0.99998390
      0.00000       1.0880000   1.8488627e-05      0.99998151
      0.00000       1.0890000   2.1222102e-05      0.99997878
      0.00000       1.0900000   2.4353156e-05      0.99997565
      0.00000       1.0910000   2.7931479e-05      0.99997207
      0.00000       1.0920000   3.2006759e-05      0.99996799
      0.00000       1.0930000   3.6728080e-05      0.99996327
      0.00000       1.0940000   4.2145119e-05      0.99995785
      0.00000       1.0950000   4.8357249e-05      0.99995164
      0.00000       1.0960000   5.5414132e-05      0.99994459
      0.00000       1.0970000   6.3564215e-05      0.99993644
      0.00000       1.0980000   7.2857132e-05      0.99992714
      0.00000       1.0990000   8.3541291e-05      0.99991646
      0.00000       1.1000000   9.5715980e-05      0.99990428
      0.00000       1.1010000   0.00010972894      0.99989027
      0.00000       1.1020000   0.00012572906      0.99987427
      0.00000       1.1030000   0.00014401429      0.99985599
      0.00000       1.1040000   0.00016498185      0.99983502
      0.00000       1.1050000   0.00018897919      0.99981102
      0.00000       1.1060000   0.00021645300      0.99978355
      0.00000       1.1070000   0.00024784978      0.99975215
      0.00000       1.1080000   0.00028381457      0.99971619
      0.00000       1.1090000   0.00032489271      0.99967511
      0.00000       1.1100000   0.00037192727      0.99962807
      0.00000       1.1110000   0.00042571111      0.99957429
      0.00000       1.1120000   0.00048718545      0.99951281
      0.00000       1.1130000   0.00055743966      0.99944256
      0.00000       1.1140000   0.00063781032      0.99936219
      0.00000       1.1150000   0.00072963248      0.99927037
      0.00000       1.1160000   0.00083453723      0.99916546
      0.00000       1.1170000   0.00095445107      0.99904555
      0.00000       1.1180000    0.0010913964      0.99890860
      0.00000       1.1190000    0.0012478382      0.99875216
      0.00000       1.1200000    0.0014264838      0.99857352
      0.00000       1.1210000    0.0016304801      0.99836952
      0.00000       1.1220000    0.0018633609      0.99813664
      0.00000       1.1230000    0.0021291937      0.99787081
      0.00000       1.1240000    0.0024325749      0.99756743
      0.00000       1.1250000    0.0027787741      0.99722123
      0.00000       1.1260000    0.0031736776      0.99682632
      0.00000       1.1270000    0.0036240279      0.99637597
      0.00000       1.1280000    0.0041375612      0.99586244
      0.00000       1.1290000    0.0047229930      0.99527701
      0.00000       1.1300000    0.0053901480      0.99460985
      0.00000       1.1310000    0.0061502331      0.99384977
      0.00000       1.1320000    0.0070159546      0.99298405
      0.00000       1.1330000    0.0080016265      0.99199837
      0.00000       1.1340000    0.0091234639      0.99087654
      0.00000       1.1350000     0.010399715      0.98960029
      0.00000       1.1360000     0.011850967      0.98814903
      0.00000       1.1370000     0.013500484      0.98649952
      0.00000       1.1380000     0.015374208      0.98462579
      0.00000       1.1390000     0.017501414      0.98249859
      0.00000       1.1400000     0.019914727      0.98008527
      0.00000       1.1410000     0.022650558      0.97734944
      0.00000       1.1420000     0.025749512      0.97425049
      0.00000       1.1430000     0.029256495      0.97074351
      0.00000       1.1440000     0.033221086      0.96677891
      0.00000       1.1450000     0.037697990      0.96230201
      0.00000       1.1460000     0.042746763      0.95725324
      0.00000       1.1470000     0.048432451      0.95156755
      0.00000       1.1480000     0.054825163      0.94517484
      0.00000       1.1490000     0.062000059      0.93799994
      0.00000       1.1500000     0.070036953      0.92996305
      0.00000       1.1510000     0.079019644      0.92098036
      0.00000       1.1520000     0.089034943      0.91096506
      0.00000       1.1530000      0.10017139      0.89982861
      0.00000       1.1540000      0.11251743      0.88748257
      0.00000       1.1550000      0.12615939      0.87384061
      0.00000       1.1560000      0.14117856      0.85882144
      0.00000       1.1570000      0.15764835      0.84235165
      0.00000       1.1580000      0.17563034      0.82436966
      0.00000       1.1590000      0.19517066      0.80482934
      0.00000       1.1600000      0.21629572      0.78370428
      0.00000       1.1610000      0.23900807      0.76099193
      0.00000       1.1620000      0.26328262      0.73671738
      0.00000       1.1630000      0.28906335      0.71093665
      0.00000       1.1640000      0.31626095      0.68373905
      0.00000       1.1650000      0.34475178      0.65524822
      0.00000       1.1660000      0.37437817      0.62562183
      0.00000       1.1670000      0.40495071      0.59504929
      0.00000       1.1680000      0.43625215      0.56374785
      0.00000       1.1690000      0.46804293      0.53195707
      0.00000       1.1700000      0.50006831      0.49993169
      0.00000       1.1710000      0.53206640      0.46793360
      0.00000       1.1720000      0.56377664      0.43622336
      0.00000       1.1730000      0.59494814      0.40505186
      0.00000       1.1740000      0.62534751      0.37465249
      0.00000       1.1750000      0.65476543      0.34523457
      0.00000       1.1760000      0.68302160      0.31697840
      0.00000       1.1770000      0.70996805      0.29003195
      0.00000       1.1780000      0.73549078      0.26450922
      0.00000       1.1790000      0.75950962      0.24049038
      0.00000       1.1800000      0.78197665      0.21802335
      0.00000       1.1810000      0.80287367      0.19712633
      0.00000       1.1820000      0.82220867      0.17779133
      0.00000       1.1830000      0.84001198      0.15998802
      0.00000       1.1840000      0.85633223      0.14366777
      0.00000       1.1850000      0.87123226      0.12876774
      0.00000       1.1860000      0.88478546      0.11521454
      0.00000       1.1870000      0.89707233      0.10292767
      0.00000       1.1880000      0.90817752     0.091822476
      0.00000       1.1890000      0.91818740     0.081812598
      0.00000       1.1900000      0.92718799     0.072812007
      0.00000       1.1910000      0.93526341     0.064736589
      0.00000       1.1920000      0.94249467     0.057505331
      0.00000       1.1930000      0.94895881     0.051041185
      0.00000       1.1940000      0.95472837     0.045271634
      0.00000       1.1950000      0.95987097     0.040129026
      0.00000       1.1960000      0.96444928     0.035550719
      0.00000       1.1970000      0.96852092     0.031479085
      0.00000       1.1980000      0.97213860     0.027861399
      0.00000       1.1990000      0.97535035     0.024649651
      0.00000       1.2000000      0.97819970     0.021800303
      0.00000       1.2010000      0.98072598     0.019274020
      0.00000       1.2020000      0.98296464     0.017035362
      0.00000       1.2030000      0.98494750     0.015052498
      0.00000       1.2040000      0.98670311     0.013296893
      0.00000       1.2050000      0.98825697     0.011743028
      0.00000       1.2060000      0.98963188     0.010368117
      0.00000       1.2070000      0.99084815    0.0091518457
      0.00000       1.2080000      0.99192387    0.0080761310
      0.00000       1.2090000      0.99287511    0.0071248904
      0.00000       1.2100000      0.99371616    0.0062838382
      0.00000       1.2110000      0.99445971    0.0055402947
      0.00000       1.2120000      0.99511699    0.0048830144
      0.00000       1.2130000      0.99569797    0.0043020308
      0.00000       1.2140000      0.99621148    0.0037885150
      0.00000       1.2150000      0.99666535    0.0033346517
      0.00000       1.2160000      0.99706648    0.0029335229
      0.00000       1.2170000      0.99742099    0.0025790101
      0.00000       1.2180000      0.99773430    0.0022657018
      0.00000       1.2190000      0.99801119    0.0019888137
      0.00000       1.2200000      0.99825588    0.0017441173
      0.00000       1.2210000      0.99847212    0.0015278757
      0.00000       1.2220000      0.99866321    0.0013367875
      0.00000       1.2230000      0.99883206    0.0011679367
      0.00000       1.2240000      0.99898125    0.0010187475
      0.00000       1.2250000      0.99911305   0.00088694625
      0.00000       1.2260000      0.99922947   0.00077052523
      0.00000       1.2270000      0.99933229   0.00066771276
      0.00000       1.2280000      0.99942305   0.00057694571
      0.00000       1.2290000      0.99950315   0.00049684537
      0.00000       1.2300000      0.99957380   0.00042619642
      0.00000       1.2310000      0.99963607   0.00036392796
      0.00000       1.2320000      0.99969090   0.00030909719
      0.00000       1.2330000      0.99973913   0.00026087488
      0.00000       1.2340000      0.99978147   0.00021853246
      0.00000       1.2350000      0.99981857   0.00018143090
      0.00000       1.2360000      0.99985099   0.00014901079
      0.00000       1.2370000      0.99987922   0.00012078375
      0.00000       1.2380000      0.99990368   9.6324910e-05
      0.00000       1.2390000      0.99992473   7.5266293e-05
      0.00000       1.2400000      0.99994271   5.7291175e-05
      0.00000       1.2410000      0.99995787   4.2129146e-05
      0.00000       1.2420000      0.99997045   2.9551985e-05
      0.00000       1.2430000      0.99998063   1.9370015e-05
      0.00000       1.2440000      0.99998857   1.1429201e-05
      0.00000       1.2450000      0.99999439   5.6086993e-06
      0.00000       1.2460000      0.99999818   1.8189039e-06
      0.00000       1.2470000       1.0000000       0.0000000
      0.00000       1.2480000      0.99999988   1.2091962e-07
      0.00000       1.2490000      0.99999782   2.1787410e-06
      0.00000       1.2500000      0.99999380   6.1984825e-06
      0.00000       1.2510000      0.99998777   1.2233306e-05
      0.00000       1.2520000      0.99997963   2.0365126e-05
      0.00000       1.2530000      0.99996929   3.0705615e-05
      0.00000       1.2540000      0.99995660   4.3397638e-05
      0.00000       1.2550000      0.99994138   5.8617108e-05
      0.00000       1.2560000      0.99992342   7.6575313e-05
      0.00000       1.2570000      0.99990248   9.7521711e-05
      0.00000       1.2580000      0.99987825   0.00012174727
      0.00000       1.2590000      0.99985041   0.00014958832
      0.00000       1.2600000      0.99981857   0.00018143108
      0.00000       1.2610000      0.99978228   0.00021771683
      0.00000       1.2620000      0.99974105   0.00025894776
      0.00000       1.2630000      0.99969431   0.00030569370
      0.00000       1.2640000      0.99964140   0.00035859972
      0.00000       1.2650000      0.99958161   0.00041839469
      0.00000       1.2660000      0.99951410   0.00048590096
      0.00000       1.2670000      0.99943795   0.00056204526
      0.00000       1.2680000      0.99935213   0.00064787088
      0.00000       1.2690000      0.99925545   0.00074455147
      0.00000       1.2700000      0.99914659   0.00085340637
      0.00000       1.2710000      0.99902408   0.00097591786
      0.00000       1.2720000      0.99888625    0.0011137505
      0.00000       1.2730000      0.99873123    0.0012687725
      0.00000       1.2740000      0.99855692    0.0014430802
      0.00000       1.2750000      0.99836098    0.0016390243
      0.00000       1.2760000      0.99814076    0.0018592406
      0.00000       1.2770000      0.99789332    0.0021066829
      0.00000       1.2780000      0.99761534    0.0023846599
      0.00000       1.2790000      0.99730312    0.0026968774
      0.00000       1.2800000      0.99695252    0.0030474831
      0.00000       1.2810000      0.99655888    0.0034411182
      0.00000       1.2820000      0.99611703    0.0038829733
      0.00000       1.2830000      0.99562115    0.0043788508
      0.00000       1.2840000      0.99506477    0.0049352334
      0.00000       1.2850000      0.99444064    0.0055593597
      0.00000       1.2860000      0.99374069    0.0062593075
      0.00000       1.2870000      0.99295592    0.0070440841
      0.00000       1.2880000      0.99207627    0.0079237261
      0.00000       1.2890000      0.99109059    0.0089094072
      0.00000       1.2900000      0.98998644     0.010013555
      0.00000       1.2910000      0.98875002     0.011249978
      0.00000       1.2920000      0.98736600     0.012634000
      0.00000       1.2930000      0.98581740     0.014182603
      0.00000       1.2940000      0.98408542     0.015914584
      0.00000       1.2950000      0.98214929     0.017850707
      0.00000       1.2960000      0.97998613     0.020013874
      0.00000       1.2970000      0.97757071     0.022429290
      0.00000       1.2980000      0.97487537     0.025124630
      0.00000       1.2990000      0.97186980     0.028130202
      0.00000       1.3000000      0.96852090     0.031479105
      0.00000       1.3010000      0.96479264     0.035207357
      0.00000       1.3020000      0.96064599     0.039354014
      0.00000       1.3030000      0.95603875     0.043961245
      0.00000       1.3040000      0.95092564     0.049074356
      0.00000       1.3050000      0.94525824     0.054741760
      0.00000       1.3060000      0.93898514     0.061014860
      0.00000       1.3070000      0.93205216     0.067947839
      0.00000       1.3080000      0.92440267     0.075597325
      0.00000       1.3090000      0.91597808     0.084021924
      0.00000       1.3100000      0.90671842     0.093281579
      0.00000       1.3110000      0.89656325      0.10343675
      0.00000       1.3120000      0.88545262      0.11454738
      0.00000       1.3130000      0.87332831      0.12667169
      0.00000       1.3140000      0.86013536      0.13986464
      0.00000       1.3150000      0.84582369      0.15417631
      0.00000       1.3160000      0.83035002      0.16964998
      0.00000       1.3170000      0.81367991      0.18632009
      0.00000       1.3180000      0.79578993      0.20421007
      0.00000       1.3190000      0.77666987      0.22333013
      0.00000       1.3200000      0.75632483      0.24367517
      0.00000       1.3210000      0.73477717      0.26522283
      0.00000       1.3220000      0.71206815      0.28793185
      0.00000       1.3230000      0.68825905      0.31174095
      0.00000       1.3240000      0.66343179      0.33656821
      0.00000       1.3250000      0.63768875      0.36231125
      0.00000       1.3260000      0.61115187      0.38884813
      0.00000       1.3270000      0.58396086      0.41603914
      0.00000       1.3280000      0.55627065      0.44372935
      0.00000       1.3290000      0.52824813      0.47175187
      0.00000       1.3300000      0.50006815      0.49993185
      0.00000       1.3310000      0.47190930      0.52809070
      0.00000       1.3320000      0.44394935      0.55605065
      0.00000       1.3330000      0.41636083      0.58363917
      0.00000       1.3340000      0.38930685      0.61069315
      0.00000       1.3350000      0.36293742      0.63706258
      0.00000       1.3360000      0.33738642      0.66261358
      0.00000       1.3370000      0.31276939      0.68723061
      0.00000       1.3380000      0.28918209      0.71081791
      0.00000       1.3390000      0.26669984      0.73330016
      0.00000       1.3400000      0.24537773      0.75462227
      0.00000       1.3410000      0.22525136      0.77474864
      0.00000       1.3420000      0.20633819      0.79366181
      0.00000       1.3430000      0.18863923      0.81136077
      0.00000       1.3440000      0.17214107      0.82785893
      0.00000       1.3450000      0.15681799      0.84318201
      0.00000       1.3460000      0.14263408      0.85736592
      0.00000       1.3470000      0.12954535      0.87045465
      0.00000       1.3480000      0.11750171      0.88249829
      0.00000       1.3490000      0.10644870      0.89355130
      0.00000       1.3500000     0.096329121      0.90367088
      0.00000       1.3510000     0.087084371      0.91291563
      0.00000       1.3520000     0.078655593      0.92134441
      0.00000       1.3530000     0.070984617      0.92901538
      0.00000       1.3540000     0.064014703      0.93598530
      0.00000       1.3550000     0.057691117      0.94230888
      0.00000       1.3560000     0.051961550      0.94803845
      0.00000       1.3570000     0.046776408      0.95322359
      0.00000       1.3580000     0.042089000      0.95791100
      0.00000       1.3590000     0.037855624      0.96214438
      0.00000       1.3600000     0.034035592      0.96596441
      0.00000       1.3610000     0.030591192      0.96940881
      0.00000       1.3620000     0.027487613      0.97251239
      0.00000       1.3630000     0.024692832      0.97530717
      0.00000       1.3640000     0.022177480      0.97782252
      0.00000       1.3650000     0.019914699      0.98008530
      0.00000       1.3660000     0.017879983      0.98212002
      0.00000       1.3670000     0.016051023      0.98394898
      0.00000       1.3680000     0.014407545      0.98559245
      0.00000       1.3690000     0.012931157      0.98706884
      0.00000       1.3700000     0.011605195      0.98839480
      0.00000       1.3710000     0.010414587      0.98958541
      0.00000       1.3720000    0.0093457111      0.99065429
      0.00000       1.3730000    0.0083862697      0.99161373
      0.00000       1.3740000    0.0075251718      0.99247483
      0.00000       1.3750000    0.0067524219      0.99324758
      0.00000       1.3760000    0.0060590181      0.99394098
      0.00000       1.3770000    0.0054368584      0.99456314
      0.00000       1.3780000    0.0048786547      0.99512135
      0.00000       1.3790000    0.0043778539      0.99562215
      0.00000       1.3800000    0.0039285668      0.99607143
      0.00000       1.3810000    0.0035255022      0.99647450
      0.00000       1.3820000    0.0031639082      0.99683609
      0.00000       1.3830000    0.0028395178      0.99716048
      0.00000       1.3840000    0.0025485010      0.99745150
      0.00000       1.3850000    0.0022874202      0.99771258
      0.00000       1.3860000    0.0020531910      0.99794681
      0.00000       1.3870000    0.0018430460      0.99815695
      0.00000       1.3880000    0.0016545025      0.99834550
      0.00000       1.3890000    0.0014853338      0.99851467
      0.00000       1.3900000    0.0013335426      0.99866646
      0.00000       1.3910000    0.0011973377      0.99880266
      0.00000       1.3920000    0.0010751127      0.99892489
      0.00000       1.3930000   0.00096542712      0.99903457
      0.00000       1.3940000   0.00086698918      0.99913301
      0.00000       1.3950000   0.00077864052      0.99922136
      0.00000       1.3960000   0.00069934239      0.99930066
      0.00000       1.3970000   0.00062816338      0.99937184
      0.00000       1.3980000   0.00056426820      0.99943573
      0.00000       1.3990000   0.00050690788      0.99949309
      0.00000       1.4000000   0.00045541070      0.99954459
      0.00000       1.4010000   0.00040917433      0.99959083
      0.00000       1.4020000   0.00036765854      0.99963234
      0.00000       1.4030000   0.00033037886      0.99966962
      0.00000       1.4040000   0.00029690073      0.99970310
      0.00000       1.4050000   0.00026683443      0.99973317
      0.00000       1.4060000   0.00023983034      0.99976017
      0.00000       1.4070000   0.00021557488      0.99978443
      0.00000       1.4080000   0.00019378672      0.99980621
      0.00000       1.4090000   0.00017421348      0.99982579
      0.00000       1.4100000   0.00015662875      0.99984337
      0.00000       1.4110000   0.00014082935      0.99985917
      0.00000       1.4120000   0.00012663300      0.99987337
      0.00000       1.4130000   0.00011387612      0.99988612
      0.00000       1.4140000   0.00010241192      0.99989759
      0.00000       1.4150000   9.2108648e-05      0.99990789
      0.00000       1.4160000   8.2848072e-05      0.99991715
      0.00000       1.4170000   7.4524056e-05      0.99992548
      0.00000       1.4180000   6.7041334e-05      0.99993296
      0.00000       1.4190000   6.0314381e-05      0.99993969
      0.00000       1.4200000   5.4266419e-05      0.99994573
      0.00000       1.4210000   4.8828512e-05      0.99995117
      0.00000       1.4220000   4.3938765e-05      0.99995606
      0.00000       1.4230000   3.9541597e-05      0.99996046
      0.00000       1.4240000   3.5587095e-05      0.99996441
      0.00000       1.4250000   3.2030434e-05      0.99996797
      0.00000       1.4260000   2.8831354e-05      0.99997117
      0.00000       1.4270000   2.5953692e-05      0.99997405
      0.00000       1.4280000   2.3364964e-05      0.99997664
      0.00000       1.4290000   2.1035989e-05      0.99997896
      0.00000       1.4300000   1.8940548e-05      0.99998106
      0.00000       1.4310000   1.7055086e-05      0.99998294
      0.00000       1.4320000   1.5358437e-05      0.99998464
      0.00000       1.4330000   1.3831581e-05      0.99998617
      0.00000       1.4340000   1.2457425e-05      0.99998754
      0.00000       1.4350000   1.1220607e-05      0.99998878
      0.00000       1.4360000   1.0107320e-05      0.99998989
      0.00000       1.4370000   9.1051522e-06      0.99999089
      0.00000       1.4380000   8.2029472e-06      0.99999180
      0.00000       1.4390000   7.3906747e-06      0.99999261
      0.00000       1.4400000   6.6593169e-06      0.99999334
      0.00000       1.4410000   6.0007655e-06      0.99999400
      0.00000       1.4420000   5.4077298e-06      0.99999459
      0.00000       1.4430000   4.8736530e-06      0.99999513
      0.00000       1.4440000   4.3926388e-06      0.99999561
      0.00000       1.4450000   3.9593838e-06      0.99999604
      0.00000       1.4460000   3.5691179e-06      0.99999643
      0.00000       1.4470000   3.2175501e-06      0.99999678
      0.00000       1.4480000   2.9008204e-06      0.99999710
      0.00000       1.4490000   2.6154561e-06      0.99999738
      0.00000       1.4500000   2.3583324e-06      0.99999764
      0.00000       1.4510000   2.1266381e-06      0.99999787
      0.00000       1.4520000   1.9178432e-06      0.99999808
      0.00000       1.4530000   1.7296709e-06      0.99999827
      0.00000       1.4540000   1.5600723e-06      0.99999844
      0.00000       1.4550000   1.4072031e-06      0.99999859
      0.00000       1.4560000   1.2694032e-06      0.99999873
      0.00000       1.4570000   1.1451783e-06      0.99999885
      0.00000       1.4580000   1.0331832e-06      0.99999897
      0.00000       1.4590000   9.3220665e-07      0.99999907
      0.00000       1.4600000   8.4115814e-07      0.99999916
      0.00000       1.4610000   7.5905574e-07      0.99999924
      0.00000       1.4620000   6.8501518e-07      0.99999931
      0.00000       1.4630000   6.1824014e-07      0.99999938
      0.00000       1.4640000   5.5801341e-07      0.99999944
      0.00000       1.4650000   5.0368900e-07      0.99999950
      0.00000       1.4660000   4.5468502e-07      0.99999955
      0.00000       1.4670000   4.1047729e-07      0.99999959
      0.00000       1.4680000   3.7059358e-07      0.99999963
      0.00000       1.4690000   3.3460843e-07      0.99999967
      0.00000       1.4700000   3.0213848e-07      0.99999970
      0.00000       1.4710000   2.7283831e-07      0.99999973
      0.00000       1.4720000   2.4639664e-07      0.99999975
      0.00000       1.4730000   2.2253292e-07      0.99999978
      0.00000       1.4740000   2.0099431e-07      0.99999980
      0.00000       1.4750000   1.8155293e-07      0.99999982
      0.00000       1.4760000   1.6400334e-07      0.99999984
      0.00000       1.4770000   1.4816036e-07      0.99999985
      0.00000       1.4780000   1.3385704e-07      0.99999987
      0.00000       1.4790000   1.2094286e-07      0.99999988
      0.00000       1.4800000   1.0928210e-07      0.99999989
      0.00000       1.4810000   9.8752378e-08      0.99999990
      0.00000       1.4820000   8.9243337e-08      0.99999991
      0.00000       1.4830000   8.0655446e-08      0.99999992
      0.00000       1.4840000   7.2898940e-08      0.99999993
      0.00000       1.4850000   6.5892853e-08      0.99999993
      0.00000       1.4860000   5.9564150e-08      0.99999994
      0.00000       1.4870000   5.3846947e-08      0.99999995
      0.00000       1.4880000   4.8681806e-08      0.99999995
      0.00000       1.4890000   4.4015101e-08      0.99999996
      0.00000       1.4900000   3.9798445e-08      0.99999996
      0.00000       1.4910000   3.5988177e-08      0.99999996
      0.00000       1.4920000   3.2544897e-08      0.99999997
      0.00000       1.4930000   2.9433046e-08      0.99999997
      0.00000       1.4940000   2.6620533e-08      0.99999997
      0.00000       1.4950000   2.4078392e-08      0.99999998
      0.00000       1.4960000   2.1780475e-08      0.99999998
      0.00000       1.4970000   1.9703180e-08      0.99999998
      0.00000       1.4980000   1.7825198e-08      0.99999998
      0.00000       1.4990000   1.6127292e-08      0.99999998
      0.00000       1.5000000   1.4592091e-08      0.99999999
      0.00000       1.5010000   1.3203910e-08      0.99999999
      0.00000       1.5020000   1.1948585e-08      0.99999999
      0.00000       1.5030000   1.0813326e-08      0.99999999
      0.00000       1.5040000   9.7865798e-09      0.99999999
      0.00000       1.5050000   8.8579126e-09      0.99999999
      0.00000       1.5060000   8.0178994e-09      0.99999999
      0.00000       1.5070000   7.2580263e-09      0.99999999
      0.00000       1.5080000   6.5706019e-09      0.99999999
      0.00000       1.5090000   5.9486774e-09      0.99999999
      0.00000       1.5100000   5.3859745e-09      0.99999999
      0.00000       1.5110000   4.8768201e-09       1.0000000
      0.00000       1.5120000   4.4160879e-09       1.0000000
      0.00000       1.5130000   3.9991453e-09       1.0000000
      0.00000       1.5140000   3.6218054e-09       1.0000000
      0.00000       1.5150000   3.2802841e-09       1.0000000
      0.00000       1.5160000   2.9711610e-09       1.0000000
      0.00000       1.5170000   2.6913443e-09       1.0000000
      0.00000       1.5180000   2.4380390e-09       1.0000000
      0.00000       1.5190000   2.2087182e-09       1.0000000
      0.00000       1.5200000   2.0010972e-09       1.0000000
      0.00000       1.5210000   1.8131105e-09       1.0000000
      0.00000       1.5220000   1.6428901e-09       1.0000000
      0.00000       1.5230000   1.4887469e-09       1.0000000
      0.00000       1.5240000   1.3491534e-09       1.0000000
      0.00000       1.5250000   1.2227279e-09       1.0000000
      0.00000       1.5260000   1.1082209e-09       1.0000000
      0.00000       1.5270000   1.0045020e-09       1.0000000
      0.00000       1.5280000   9.1054885e-10       1.0000000
      0.00000       1.5290000   8.2543632e-10       1.0000000
      0.00000       1.5300000   7.4832760e-10       1.0000000
      0.00000       1.5310000   6.7846552e-10       1.0000000
      0.00000       1.5320000   6.1516496e-10       1.0000000
      0.00000       1.5330000   5.5780597e-10       1.0000000
      0.00000       1.5340000   5.0582751e-10       1.0000000
      0.00000       1.5350000   4.5872184e-10       1.0000000
      0.00000       1.5360000   4.1602941e-10       1.0000000
      0.00000       1.5370000   3.7733428e-10       1.0000000
      0.00000       1.5380000   3.4225994e-10       1.0000000
      0.00000       1.5390000   3.1046555e-10       1.0000000
      0.00000       1.5400000   2.8164255e-10       1.0000000
      0.00000       1.5410000   2.5551157e-10       1.0000000
      0.00000       1.5420000   2.3181969e-10       1.0000000
      0.00000       1.5430000   2.1033787e-10       1.0000000
      0.00000       1.5440000   1.9085871e-10       1.0000000
      0.00000       1.5450000   1.7319439e-10       1.0000000
      0.00000       1.5460000   1.5717481e-10       1.0000000
      0.00000       1.5470000   1.4264591e-10       1.0000000
      0.00000       1.5480000   1.2946815e-10       1.0000000
      0.00000       1.5490000   1.1751511e-10       1.0000000
      0.00000       1.5500000   1.0667230e-10       1.0000000
      0.00000       1.5510000   9.6835971e-11       1.0000000
      0.00000       1.5520000   8.7912139e-11       1.0000000
      0.00000       1.5530000   7.9815645e-11       1.0000000
      0.00000       1.5540000   7.2469325e-11       1.0000000
      0.00000       1.5550000   6.5803256e-11       1.0000000
      0.00000       1.5560000   5.9754069e-11       1.0000000
      0.00000       1.5570000   5.4264337e-11       1.0000000
      0.00000       1.5580000   4.9282007e-11       1.0000000
      0.00000       1.5590000   4.4759900e-11       1.0000000
      0.00000       1.5600000   4.0655250e-11       1.0000000
      0.00000       1.5610000   3.6929287e-11       1.0000000
      0.00000       1.5620000   3.3546866e-11       1.0000000
      0.00000       1.5630000   3.0476121e-11       1.0000000
      0.00000       1.5640000   2.7688159e-11       1.0000000
      0.00000       1.5650000   2.5156783e-11       1.0000000
      0.00000       1.5660000   2.2858237e-11       1.0000000
      0.00000       1.5670000   2.0770977e-11       1.0000000
      0.00000       1.5680000   1.8875464e-11       1.0000000
      0.00000       1.5690000   1.7153978e-11       1.0000000
      0.00000       1.5700000   1.5590445e-11       1.0000000
      0.00000       1.5710000   1.4170286e-11       1.0000000
      0.00000       1.5720000   1.2880275e-11       1.0000000
      0.00000       1.5730000   1.1708412e-11       1.0000000
      0.00000       1.5740000   1.0643812e-11       1.0000000
      0.00000       1.5750000   9.6765973e-12       1.0000000
      0.00000       1.5760000   8.7978066e-12       1.0000000
      0.00000       1.5770000   7.9993074e-12       1.0000000
      0.00000       1.5780000   7.2737196e-12       1.0000000
      0.00000       1.5790000   6.6143456e-12       1.0000000
      0.00000       1.5800000   6.0151068e-12       1.0000000
      0.00000       1.5810000   5.4704858e-12       1.0000000
      0.00000       1.5820000   4.9754746e-12       1.0000000
      0.00000       1.5830000   4.5255270e-12       1.0000000
      0.00000       1.5840000   4.1165159e-12       1.0000000
      0.00000       1.5850000   3.7446946e-12       1.0000000
      0.00000       1.5860000   3.4066612e-12       1.0000000
      0.00000       1.5870000   3.0993268e-12       1.0000000
      0.00000       1.5880000   2.8198868e-12       1.0000000
      0.00000       1.5890000   2.5657941e-12       1.0000000
      0.00000       1.5900000   2.3347358e-12       1.0000000
      0.00000       1.5910000   2.1246111e-12       1.0000000
      0.00000       1.5920000   1.9335120e-12       1.0000000
      0.00000       1.5930000   1.7597056e-12       1.0000000
      0.00000       1.5940000   1.6016176e-12       1.0000000
      0.00000       1.5950000   1.4578179e-12       1.0000000
      0.00000       1.5960000   1.3270074e-12       1.0000000
      0.00000       1.5970000   1.2080056e-12       1.0000000
      0.00000       1.5980000   1.0997403e-12       1.0000000
      0.00000       1.5990000   1.0012368e-12       1.0000000
      0.00000       1.6000000   9.1160980e-13       1.0000000
      0.00000       1.6010000   8.3005448e-13       1.0000000
      0.00000       1.6020000   7.5583957e-13       1.0000000
      0.00000       1.6030000   6.8830042e-13       1.0000000
      0.00000       1.6040000   6.2683292e-13       1.0000000
      0.00000       1.6050000   5.7088795e-13       1.0000000
      0.00000       1.6060000   5.1996636e-13       1.0000000
      0.00000       1.6070000   4.7361437e-13       1.0000000
      0.00000       1.6080000   4.3141945e-13       1.0000000
      0.00000       1.6090000   3.9300653e-13       1.0000000
      0.00000       1.6100000   3.5803459e-13       1.0000000
      0.00000       1.6110000   3.2619352e-13       1.0000000
      0.00000       1.6120000   2.9720134e-13       1.0000000
      0.00000       1.6130000   2.7080163e-13       1.0000000
      0.00000       1.6140000   2.4676117e-13       1.0000000
      0.00000       1.6150000   2.2486786e-13       1.0000000
      0.00000       1.6160000   2.0492876e-13       1.0000000
      0.00000       1.6170000   1.8676840e-13       1.0000000
      0.00000       1.6180000   1.7022714e-13       1.0000000
      0.00000       1.6190000   1.5515975e-13       1.0000000
      0.00000       1.6200000   1.4143412e-13       1.0000000
      0.00000       1.6210000   1.2893005e-13       1.0000000
      0.00000       1.6220000   1.1753816e-13       1.0000000
      0.00000       1.6230000   1.0715894e-13       1.0000000
      0.00000       1.6240000   9.7701819e-14       1.0000000
      0.00000       1.6250000   8.9084385e-14       1.0000000
      0.00000       1.6260000   8.1231635e-14       1.0000000
      0.00000       1.6270000   7.4075304e-14       1.0000000
      0.00000       1.6280000   6.7553259e-14       1.0000000
      0.00000       1.6290000   6.1608940e-14       1.0000000
      0.00000       1.6300000   5.6190866e-14       1.0000000
      0.00000       1.6310000   5.1252167e-14       1.0000000
      0.00000       1.6320000   4.6750173e-14       1.0000000
      0.00000       1.6330000   4.2646037e-14       1.0000000
      0.00000       1.6340000   3.8904385e-14       1.0000000
      0.00000       1.6350000   3.5493010e-14       1.0000000
      0.00000       1.6360000   3.2382583e-14       1.0000000
      0.00000       1.6370000   2.9546393e-14       1.0000000
      0.00000       1.6380000   2.6960117e-14       1.0000000
      0.00000       1.6390000   2.4601600e-14       1.0000000
      0.00000       1.6400000   2.2450663e-14       1.0000000
      0.00000       1.6410000   2.0488928e-14       1.0000000
      0.00000       1.6420000   1.8699650e-14       1.0000000
      0.00000       1.6430000   1.7067577e-14       1.0000000
      0.00000       1.6440000   1.5578814e-14       1.0000000
      0.00000       1.6450000   1.4220702e-14       1.0000000
      0.00000       1.6460000   1.2981706e-14       1.0000000
      0.00000       1.6470000   1.1851314e-14       1.0000000
      0.00000       1.6480000   1.0819951e-14       1.0000000
      0.00000       1.6490000   9.8788875e-15       1.0000000
      0.00000       1.6500000   9.0201706e-15       1.0000000
      0.00000       1.6510000   8.2365511e-15       1.0000000
      0.00000       1.6520000   7.5214217e-15       1.0000000
      0.00000       1.6530000   6.8687601e-15       1.0000000
      0.00000       1.6540000   6.2730768e-15       1.0000000
      0.00000       1.6550000   5.7293674e-15       1.0000000
      0.00000       1.6560000   5.2330697e-15       1.0000000
      0.00000       1.6570000   4.7800245e-15       1.0000000
      0.00000       1.6580000   4.3664396e-15       1.0000000
      0.00000       1.6590000   3.9888571e-15       1.0000000
      0.00000       1.6600000   3.6441243e-15       1.0000000
      0.00000       1.6610000   3.3293658e-15       1.0000000
      0.00000       1.6620000   3.0419598e-15       1.0000000
      0.00000       1.6630000   2.7795149e-15       1.0000000
      0.00000       1.6640000   2.5398501e-15       1.0000000
      0.00000       1.6650000   2.3209763e-15       1.0000000
      0.00000       1.6660000   2.1210789e-15       1.0000000
      0.00000       1.6670000   1.9385027e-15       1.0000000
      0.00000       1.6680000   1.7717378e-15       1.0000000
      0.00000       1.6690000   1.6194065e-15       1.0000000
      0.00000       1.6700000   1.4802522e-15       1.0000000
      0.00000       1.6710000   1.3531281e-15       1.0000000
      0.00000       1.6720000   1.2369878e-15       1.0000000
      0.00000       1.6730000   1.1308767e-15       1.0000000
      0.00000       1.6740000   1.0339233e-15       1.0000000
      0.00000       1.6750000   9.4533270e-16       1.0000000
      0.00000       1.6760000   8.6437907e-16       1.0000000
      0.00000       1.6770000   7.9040012e-16       1.0000000
      0.00000       1.6780000   7.2279129e-16       1.0000000
      0.00000       1.6790000   6.6100077e-16       1.0000000
      0.00000       1.6800000   6.0452481e-16       1.0000000
      0.00000       1.6810000   5.5290354e-16       1.0000000
      0.00000       1.6820000   5.0571713e-16       1.0000000
      0.00000       1.6830000   4.6258228e-16       1.0000000
      0.00000       1.6840000   4.2314899e-16       1.0000000
      0.00000       1.6850000   3.8709771e-16       1.0000000
      0.00000       1.6860000   3.5413662e-16       1.0000000
      0.00000       1.6870000   3.2399924e-16       1.0000000
      0.00000       1.6880000   2.9644221e-16       1.0000000
      0.00000       1.6890000   2.7124326e-16       1.0000000
      0.00000       1.6900000   2.4819938e-16       1.0000000
      0.00000       1.6910000   2.2712516e-16       1.0000000
      0.00000       1.6920000   2.0785122e-16       1.0000000
      0.00000       1.6930000   1.9022284e-16       1.0000000
      0.00000       1.6940000   1.7409868e-16       1.0000000
      0.00000       1.6950000   1.5934961e-16       1.0000000
      0.00000       1.6960000   1.4585765e-16       1.0000000
      0.00000       1.6970000   1.3351499e-16       1.0000000
      0.00000       1.6980000   1.2222316e-16       1.0000000
      0.00000       1.6990000   1.1189213e-16       1.0000000
      0.00000       1.7000000   1.0243967e-16       1.0000000
      0.00000       1.7010000   9.3790606e-17       1.0000000
      0.00000       1.7020000   8.5876240e-17       1.0000000
      0.00000       1.7030000   7.8633787e-17       1.0000000
      0.00000       1.7040000   7.2005857e-17       1.0000000
      0.00000       1.7050000   6.5939991e-17       1.0000000
      0.00000       1.7060000   6.0388238e-17       1.0000000
      0.00000       1.7070000   5.5306760e-17       1.0000000
      0.00000       1.7080000   5.0655480e-17       1.0000000
      0.00000       1.7090000   4.6397756e-17       1.0000000
      0.00000       1.7100000   4.2500088e-17       1.0000000
      0.00000       1.7110000   3.8931842e-17       1.0000000
      0.00000       1.7120000   3.5665009e-17       1.0000000
      0.00000       1.7130000   3.2673973e-17       1.0000000
      0.00000       1.7140000   2.9935309e-17       1.0000000
      0.00000       1.7150000   2.7427595e-17       1.0000000
      0.00000       1.7160000   2.5131237e-17       1.0000000
      0.00000       1.7170000   2.3028312e-17       1.0000000
      0.00000       1.7180000   2.1102430e-17       1.0000000
      0.00000       1.7190000   1.9338593e-17       1.0000000
      0.00000       1.7200000   1.7723086e-17       1.0000000
      0.00000       1.7210000   1.6243359e-17       1.0000000
      0.00000       1.7220000   1.4887930e-17       1.0000000
      0.00000       1.7230000   1.3646295e-17       1.0000000
      0.00000       1.7240000   1.2508844e-17       1.0000000
      0.00000       1.7250000   1.1466780e-17       1.0000000
      0.00000       1.7260000   1.0512056e-17       1.0000000
      0.00000       1.7270000   9.6373083e-18       1.0000000
      0.00000       1.7280000   8.8357957e-18       1.0000000
      0.00000       1.7290000   8.1013500e-18       1.0000000
      0.00000       1.7300000   7.4283253e-18       1.0000000
      0.00000       1.7310000   6.8115540e-18       1.0000000
      0.00000       1.7320000   6.2463057e-18       1.0000000
      0.00000       1.7330000   5.7282502e-18       1.0000000
      0.00000       1.7340000   5.2534235e-18       1.0000000
      0.00000       1.7350000   4.8181966e-18       1.0000000
      0.00000       1.7360000   4.4192468e-18       1.0000000
      0.00000       1.7370000   4.0535321e-18       1.0000000
      0.00000       1.7380000   3.7182670e-18       1.0000000
      0.00000       1.7390000   3.4109008e-18       1.0000000
      0.00000       1.7400000   3.1290978e-18       1.0000000
      0.00000       1.7410000   2.8707192e-18       1.0000000
      0.00000       1.7420000   2.6338060e-18       1.0000000
      0.00000       1.7430000   2.4165641e-18       1.0000000
      0.00000       1.7440000   2.2173502e-18       1.0000000
      0.00000       1.7450000   2.0346593e-18       1.0000000
      0.00000       1.7460000   1.8671125e-18       1.0000000
      0.00000       1.7470000   1.7134469e-18       1.0000000
      0.00000       1.7480000   1.5725054e-18       1.0000000
      0.00000       1.7490000   1.4432281e-18       1.0000000
      0.00000       1.7500000   1.3246437e-18       1.0000000
      0.00000       1.7510000   1.2158625e-18       1.0000000
      0.00000       1.7520000   1.1160692e-18       1.0000000
      0.00000       1.7530000   1.0245165e-18       1.0000000
      0.00000       1.7540000   9.4051999e-19       1.0000000
      0.00000       1.7550000   8.6345213e-19       1.0000000
      0.00000       1.7560000   7.9273795e-19       1.0000000
      0.00000       1.7570000   7.2785046e-19       1.0000000
      0.00000       1.7580000   6.6830664e-19       1.0000000
      0.00000       1.7590000   6.1366375e-19       1.0000000
      0.00000       1.7600000   5.6351595e-19       1.0000000
      0.00000       1.7610000   5.1749123e-19       1.0000000
      0.00000       1.7620000   4.7524852e-19       1.0000000
      0.00000       1.7630000   4.3647517e-19       1.0000000
      0.00000       1.7640000   4.0088450e-19       1.0000000
      0.00000       1.7650000   3.6821369e-19       1.0000000
      0.00000       1.7660000   3.3822172e-19       1.0000000
      0.00000       1.7670000   3.1068763e-19       1.0000000
      0.00000       1.7680000   2.8540875e-19       1.0000000
      0.00000       1.7690000   2.6219925e-19       1.0000000
      0.00000       1.7700000   2.4088870e-19       1.0000000
      0.00000       1.7710000   2.2132079e-19       1.0000000
      0.00000       1.7720000   2.0335214e-19       1.0000000
      0.00000       1.7730000   1.8685127e-19       1.0000000
      0.00000       1.7740000   1.7169754e-19       1.0000000
      0.00000       1.7750000   1.5778030e-19       1.0000000
      0.00000       1.7760000   1.4499805e-19       1.0000000
      0.00000       1.7770000   1.3325767e-19       1.0000000
      0.00000       1.7780000   1.2247371e-19       1.0000000
      0.00000       1.7790000   1.1256780e-19       1.0000000
      0.00000       1.7800000   1.0346800e-19       1.0000000
      0.00000       1.7810000   9.5108310e-20       1.0000000
      0.00000       1.7820000   8.7428179e-20       1.0000000
      0.00000       1.7830000   8.0372025e-20       1.0000000
      0.00000       1.7840000   7.3888845e-20       1.0000000
      0.00000       1.7850000   6.7931831e-20       1.0000000
      0.00000       1.7860000   6.2458019e-20       1.0000000
      0.00000       1.7870000   5.7427976e-20       1.0000000
      0.00000       1.7880000   5.2805507e-20       1.0000000
      0.00000       1.7890000   4.8557386e-20       1.0000000
      0.00000       1.7900000   4.4653113e-20       1.0000000
      0.00000       1.7910000   4.1064686e-20       1.0000000
      0.00000       1.7920000   3.7766400e-20       1.0000000
      0.00000       1.7930000   3.4734652e-20       1.0000000
      0.00000       1.7940000   3.1947772e-20       1.0000000
      0.00000       1.7950000   2.9385863e-20       1.0000000
      0.00000       1.7960000   2.7030653e-20       1.0000000
      0.00000       1.7970000   2.4865364e-20       1.0000000
      0.00000       1.7980000   2.2874588e-20       1.0000000
      0.00000       1.7990000   2.1044174e-20       1.0000000
      0.00000       1.8000000   1.9361126e-20       1.0000000
      0.00000       1.8010000   1.7813508e-20       1.0000000
      0.00000       1.8020000   1.6390356e-20       1.0000000
      0.00000       1.8030000   1.5081599e-20       1.0000000
      0.00000       1.8040000   1.3877985e-20       1.0000000
      0.00000       1.8050000   1.2771016e-20       1.0000000
      0.00000       1.8060000   1.1752885e-20       1.0000000
      0.00000       1.8070000   1.0816419e-20       1.0000000
      0.00000       1.8080000   9.9550275e-21       1.0000000
      0.00000       1.8090000   9.1626555e-21       1.0000000
      0.00000       1.8100000   8.4337390e-21       1.0000000
      0.00000       1.8110000   7.7631654e-21       1.0000000
      0.00000       1.8120000   7.1462365e-21       1.0000000
      0.00000       1.8130000   6.5786347e-21       1.0000000
      0.00000       1.8140000   6.0563920e-21       1.0000000
      0.00000       1.8150000   5.5758615e-21       1.0000000
      0.00000       1.8160000   5.1336914e-21       1.0000000
      0.00000       1.8170000   4.7268007e-21       1.0000000
      0.00000       1.8180000   4.3523574e-21       1.0000000
      0.00000       1.8190000   4.0077583e-21       1.0000000
      0.00000       1.8200000   3.6906103e-21       1.0000000
      0.00000       1.8210000   3.3987132e-21       1.0000000
      0.00000       1.8220000   3.1300443e-21       1.0000000
      0.00000       1.8230000   2.8827441e-21       1.0000000
      0.00000       1.8240000   2.6551025e-21       1.0000000
      0.00000       1.8250000   2.4455473e-21       1.0000000
      0.00000       1.8260000   2.2526328e-21       1.0000000
      0.00000       1.8270000   2.0750295e-21       1.0000000
      0.00000       1.8280000   1.9115148e-21       1.0000000
      0.00000       1.8290000   1.7609644e-21       1.0000000
      0.00000       1.8300000   1.6223439e-21       1.0000000
      0.00000       1.8310000   1.4947024e-21       1.0000000
      0.00000       1.8320000   1.3771650e-21       1.0000000
      0.00000       1.8330000   1.2689270e-21       1.0000000
      0.00000       1.8340000   1.1692481e-21       1.0000000
      0.00000       1.8350000   1.0774474e-21       1.0000000
      0.00000       1.8360000   9.9289850e-22       1.0000000
      0.00000       1.8370000   9.1502496e-22       1.0000000
      0.00000       1.8380000   8.4329656e-22       1.0000000
      0.00000       1.8390000   7.7722543e-22       1.0000000
      0.00000       1.8400000   7.1636265e-22       1.0000000
      0.00000       1.8410000   6.6029515e-22       1.0000000
      0.00000       1.8420000   6.0864282e-22       1.0000000
      0.00000       1.8430000   5.6105586e-22       1.0000000
      0.00000       1.8440000   5.1721234e-22       1.0000000
      0.00000       1.8450000   4.7681599e-22       1.0000000
      0.00000       1.8460000   4.3959413e-22       1.0000000
      0.00000       1.8470000   4.0529577e-22       1.0000000
      0.00000       1.8480000   3.7368989e-22       1.0000000
      0.00000       1.8490000   3.4456385e-22       1.0000000
      0.00000       1.8500000   3.1772188e-22       1.0000000
      0.00000       1.8510000   2.9298378e-22       1.0000000
      0.00000       1.8520000   2.7018363e-22       1.0000000
      0.00000       1.8530000   2.4916870e-22       1.0000000
      0.00000       1.8540000   2.2979835e-22       1.0000000
      0.00000       1.8550000   2.1194311e-22       1.0000000
      0.00000       1.8560000   1.9548372e-22       1.0000000
      0.00000       1.8570000   1.8031042e-22       1.0000000
      0.00000       1.8580000   1.6632209e-22       1.0000000
      0.00000       1.8590000   1.5342563e-22       1.0000000
      0.00000       1.8600000   1.4153529e-22       1.0000000
      0.00000       1.8610000   1.3057211e-22       1.0000000
      0.00000       1.8620000   1.2046334e-22       1.0000000
      0.00000       1.8630000   1.1114199e-22       1.0000000
      0.00000       1.8640000   1.0254634e-22       1.0000000
      0.00000       1.8650000   9.4619569e-23       1.0000000
      0.00000       1.8660000   8.7309294e-23       1.0000000
      0.00000       1.8670000   8.0567278e-23       1.0000000
      0.00000       1.8680000   7.4349080e-23       1.0000000
      0.00000       1.8690000   6.8613754e-23       1.0000000
      0.00000       1.8700000   6.3323572e-23       1.0000000
      0.00000       1.8710000   5.8443775e-23       1.0000000
      0.00000       1.8720000   5.3942333e-23       1.0000000
      0.00000       1.8730000   4.9789731e-23       1.0000000
      0.00000       1.8740000   4.5958771e-23       1.0000000
      0.00000       1.8750000   4.2424387e-23       1.0000000
      0.00000       1.8760000   3.9163480e-23       1.0000000
      0.00000       1.8770000   3.6154761e-23       1.0000000
      0.00000       1.8780000   3.3378606e-23       1.0000000
      0.00000       1.8790000   3.0816930e-23       1.0000000
      0.00000       1.8800000   2.8453061e-23       1.0000000
      0.00000       1.8810000   2.6271632e-23       1.0000000
      0.00000       1.8820000   2.4258476e-23       1.0000000
      0.00000       1.8830000   2.2400535e-23       1.0000000
      0.00000       1.8840000   2.0685766e-23       1.0000000
      0.00000       1.8850000   1.9103072e-23       1.0000000
      0.00000       1.8860000   1.7642216e-23       1.0000000
      0.00000       1.8870000   1.6293762e-23       1.0000000
      0.00000       1.8880000   1.5049009e-23       1.0000000
      0.00000       1.8890000   1.3899933e-23       1.0000000
      0.00000       1.8900000   1.2839135e-23       1.0000000
      0.00000       1.8910000   1.1859792e-23       1.0000000
      0.00000       1.8920000   1.0955610e-23       1.0000000
      0.00000       1.8930000   1.0120787e-23       1.0000000
      0.00000       1.8940000   9.3499693e-24       1.0000000
      0.00000       1.8950000   8.6382196e-24       1.0000000
      0.00000       1.8960000   7.9809839e-24       1.0000000
      0.00000       1.8970000   7.3740615e-24       1.0000000
      0.00000       1.8980000   6.8135771e-24       1.0000000
      0.00000       1.8990000   6.2959559e-24       1.0000000
      0.00000       1.9000000   5.8178999e-24       1.0000000
      0.00000       1.9010000   5.3763664e-24       1.0000000
      0.00000       1.9020000   4.9685481e-24       1.0000000
      0.00000       1.9030000   4.5918548e-24       1.0000000
      0.00000       1.9040000   4.2438964e-24       1.0000000
      0.00000       1.9050000   3.9224678e-24       1.0000000
      0.00000       1.9060000   3.6255336e-24       1.0000000
      0.00000       1.9070000   3.3512161e-24       1.0000000
      0.00000       1.9080000   3.0977818e-24       1.0000000
      0.00000       1.9090000   2.8636315e-24       1.0000000
      0.00000       1.9100000   2.6472887e-24       1.0000000
      0.00000       1.9110000   2.4473908e-24       1.0000000
      0.00000       1.9120000   2.2626803e-24       1.0000000
      0.00000       1.9130000   2.0919962e-24       1.0000000
      0.00000       1.9140000   1.9342668e-24       1.0000000
      0.00000       1.9150000   1.7885029e-24       1.0000000
      0.00000       1.9160000   1.6537912e-24       1.0000000
      0.00000       1.9170000   1.5292886e-24       1.0000000
      0.00000       1.9180000   1.4142167e-24       1.0000000
      0.00000       1.9190000   1.3078567e-24       1.0000000
      0.00000       1.9200000   1.2095451e-24       1.0000000
      0.00000       1.9210000   1.1186691e-24       1.0000000
      0.00000       1.9220000   1.0346629e-24       1.0000000
      0.00000       1.9230000   9.5700399e-25       1.0000000
      0.00000       1.9240000   8.8520983e-25       1.0000000
      0.00000       1.9250000   8.1883483e-25       1.0000000
      0.00000       1.9260000   7.5746744e-25       1.0000000
      0.00000       1.9270000   7.0072754e-25       1.0000000
      0.00000       1.9280000   6.4826407e-25       1.0000000
      0.00000       1.9290000   5.9975274e-25       1.0000000
      0.00000       1.9300000   5.5489401e-25       1.0000000
      0.00000       1.9310000   5.1341118e-25       1.0000000
      0.00000       1.9320000   4.7504863e-25       1.0000000
      0.00000       1.9330000   4.3957024e-25       1.0000000
      0.00000       1.9340000   4.0675783e-25       1.0000000
      0.00000       1.9350000   3.7640985e-25       1.0000000
      0.00000       1.9360000   3.4834007e-25       1.0000000
      0.00000       1.9370000   3.2237643e-25       1.0000000
      0.00000       1.9380000   2.9835992e-25       1.0000000
      0.00000       1.9390000   2.7614363e-25       1.0000000
      0.00000       1.9400000   2.5559179e-25       1.0000000
      0.00000       1.9410000   2.3657894e-25       1.0000000
      0.00000       1.9420000   2.1898913e-25       1.0000000
      0.00000       1.9430000   2.0271519e-25       1.0000000
      0.00000       1.9440000   1.8765809e-25       1.0000000
      0.00000       1.9450000   1.7372629e-25       1.0000000
      0.00000       1.9460000   1.6083516e-25       1.0000000
      0.00000       1.9470000   1.4890650e-25       1.0000000
      0.00000       1.9480000   1.3786801e-25       1.0000000
      0.00000       1.9490000   1.2765285e-25       1.0000000
      0.00000       1.9500000   1.1819924e-25       1.0000000
      0.00000       1.9510000   1.0945005e-25       1.0000000
      0.00000       1.9520000   1.0135248e-25       1.0000000
      0.00000       1.9530000   9.3857697e-26       1.0000000
      0.00000       1.9540000   8.6920553e-26       1.0000000
      0.00000       1.9550000   8.0499304e-26       1.0000000
      0.00000       1.9560000   7.4555351e-26       1.0000000
      0.00000       1.9570000   6.9052998e-26       1.0000000
      0.00000       1.9580000   6.3959236e-26       1.0000000
      0.00000       1.9590000   5.9243538e-26       1.0000000
      0.00000       1.9600000   5.4877672e-26       1.0000000
      0.00000       1.9610000   5.0835528e-26       1.0000000
      0.00000       1.9620000   4.7092954e-26       1.0000000
      0.00000       1.9630000   4.3627612e-26       1.0000000
      0.00000       1.9640000   4.0418842e-26       1.0000000
      0.00000       1.9650000   3.7447530e-26       1.0000000
      0.00000       1.9660000   3.4695996e-26       1.0000000
      0.00000       1.9670000   3.2147884e-26       1.0000000
      0.00000       1.9680000   2.9788064e-26       1.0000000
      0.00000       1.9690000   2.7602535e-26       1.0000000
      0.00000       1.9700000   2.5578346e-26       1.0000000
      0.00000       1.9710000   2.3703515e-26       1.0000000
      0.00000       1.9720000   2.1966952e-26       1.0000000
      0.00000       1.9730000   2.0358398e-26       1.0000000
      0.00000       1.9740000   1.8868359e-26       1.0000000
      0.00000       1.9750000   1.7488050e-26       1.0000000
      0.00000       1.9760000   1.6209341e-26       1.0000000
      0.00000       1.9770000   1.5024706e-26       1.0000000
      0.00000       1.9780000   1.3927183e-26       1.0000000
      0.00000       1.9790000   1.2910327e-26       1.0000000
      0.00000       1.9800000   1.1968173e-26       1.0000000
      0.00000       1.9810000   1.1095198e-26       1.0000000
      0.00000       1.9820000   1.0286292e-26       1.0000000
      0.00000       1.9830000   9.5367249e-27       1.0000000
      0.00000       1.9840000   8.8421161e-27       1.0000000
      0.00000       1.9850000   8.1984116e-27       1.0000000
      0.00000       1.9860000   7.6018582e-27       1.0000000
      0.00000       1.9870000   7.0489807e-27       1.0000000
      0.00000       1.9880000   6.5365619e-27       1.0000000
      0.00000       1.9890000   6.0616229e-27       1.0000000
      0.00000       1.9900000   5.6214056e-27       1.0000000
      0.00000       1.9910000   5.2133560e-27       1.0000000
      0.00000       1.9920000   4.8351090e-27       1.0000000
      0.00000       1.9930000   4.4844747e-27       1.0000000
      0.00000       1.9940000   4.1594249e-27       1.0000000
      0.00000       1.9950000   3.8580814e-27       1.0000000
      0.00000       1.9960000   3.5787045e-27       1.0000000
      0.00000       1.9970000   3.3196833e-27       1.0000000
      0.00000       1.9980000   3.0795255e-27       1.0000000
      0.00000       1.9990000   2.8568489e-27       1.0000000
      0.00000       2.0000000   2.6503732e-27       1.0000000
      0.00000       2.0010000   2.4589126e-27       1.0000000
      0.00000       2.0020000   2.2813684e-27       1.0000000
      0.00000       2.0030000   2.1167228e-27       1.0000000
      0.00000       2.0040000   1.9640331e-27       1.0000000
      0.00000       2.0050000   1.8224257e-27       1.0000000
      0.00000       2.0060000   1.6910914e-27       1.0000000
      0.00000       2.0070000   1.5692803e-27       1.0000000
      0.00000       2.0080000   1.4562975e-27       1.0000000
      0.00000       2.0090000   1.3514995e-27       1.0000000
      0.00000       2.0100000   1.2542895e-27       1.0000000
      0.00000       2.0110000   1.1641148e-27       1.0000000
      0.00000       2.0120000   1.0804631e-27       1.0000000
      0.00000       2.0130000   1.0028596e-27       1.0000000
      0.00000       2.0140000   9.3086447e-28       1.0000000
      0.00000       2.0150000   8.6406978e-28       1.0000000
      0.00000       2.0160000   8.0209761e-28       1.0000000
      0.00000       2.0170000   7.4459764e-28       1.0000000
      0.00000       2.0180000   6.9124516e-28       1.0000000
      0.00000       2.0190000   6.4173916e-28       1.0000000
      0.00000       2.0200000   5.9580064e-28       1.0000000
      0.00000       2.0210000   5.5317094e-28       1.0000000
      0.00000       2.0220000   5.1361027e-28       1.0000000
      0.00000       2.0230000   4.7689632e-28       1.0000000
      0.00000       2.0240000   4.4282299e-28       1.0000000
      0.00000       2.0250000   4.1119919e-28       1.0000000
      0.00000       2.0260000   3.8184775e-28       1.0000000
      0.00000       2.0270000   3.5460437e-28       1.0000000
      0.00000       2.0280000   3.2931672e-28       1.0000000
      0.00000       2.0290000   3.0584355e-28       1.0000000
      0.00000       2.0300000   2.8405386e-28       1.0000000
      0.00000       2.0310000   2.6382617e-28       1.0000000
      0.00000       2.0320000   2.4504782e-28       1.0000000
      0.00000       2.0330000   2.2761432e-28       1.0000000
      0.00000       2.0340000   2.1142878e-28       1.0000000
      0.00000       2.0350000   1.9640130e-28       1.0000000
      0.00000       2.0360000   1.8244852e-28       1.0000000
      0.00000       2.0370000   1.6949310e-28       1.0000000
      0.00000       2.0380000   1.5746333e-28       1.0000000
      0.00000       2.0390000   1.4629265e-28       1.0000000
      0.00000       2.0400000   1.3591934e-28       1.0000000
      0.00000       2.0410000   1.2628614e-28       1.0000000
      0.00000       2.0420000   1.1733990e-28       1.0000000
      0.00000       2.0430000   1.0903135e-28       1.0000000
      0.00000       2.0440000   1.0131475e-28       1.0000000
      0.00000       2.0450000   9.4147661e-29       1.0000000
      0.00000       2.0460000   8.7490718e-29       1.0000000
      0.00000       2.0470000   8.1307384e-29       1.0000000
      0.00000       2.0480000   7.5563757e-29       1.0000000
      0.00000       2.0490000   7.0228376e-29       1.0000000
      0.00000       2.0500000   6.5272046e-29       1.0000000
      0.00000       2.0510000   6.0667672e-29       1.0000000
      0.00000       2.0520000   5.6390107e-29       1.0000000
      0.00000       2.0530000   5.2416013e-29       1.0000000
      0.00000       2.0540000   4.8723726e-29       1.0000000
      0.00000       2.0550000   4.5293143e-29       1.0000000
      0.00000       2.0560000   4.2105598e-29       1.0000000
      0.00000       2.0570000   3.9143768e-29       1.0000000
      0.00000       2.0580000   3.6391572e-29       1.0000000
      0.00000       2.0590000   3.3834082e-29       1.0000000
      0.00000       2.0600000   3.1457437e-29       1.0000000
      0.00000       2.0610000   2.9248771e-29       1.0000000
      0.00000       2.0620000   2.7196138e-29       1.0000000
      0.00000       2.0630000   2.5288449e-29       1.0000000
      0.00000       2.0640000   2.3515404e-29       1.0000000
      0.00000       2.0650000   2.1867442e-29       1.0000000
      0.00000       2.0660000   2.0335685e-29       1.0000000
      0.00000       2.0670000   1.8911888e-29       1.0000000
      0.00000       2.0680000   1.7588395e-29       1.0000000
      0.00000       2.0690000   1.6358097e-29       1.0000000
      0.00000       2.0700000   1.5214391e-29       1.0000000
      0.00000       2.0710000   1.4151144e-29       1.0000000
      0.00000       2.0720000   1.3162662e-29       1.0000000
      0.00000       2.0730000   1.2243655e-29       1.0000000
      0.00000       2.0740000   1.1389209e-29       1.0000000
      0.00000       2.0750000   1.0594763e-29       1.0000000
      0.00000       2.0760000   9.8560752e-30       1.0000000
      0.00000       2.0770000   9.1692097e-30       1.0000000
      0.00000       2.0780000   8.5305082e-30       1.0000000
      0.00000       2.0790000   7.9365725e-30       1.0000000
      0.00000       2.0800000   7.3842457e-30       1.0000000
      0.00000       2.0810000   6.8705951e-30       1.0000000
      0.00000       2.0820000   6.3928956e-30       1.0000000
      0.00000       2.0830000   5.9486154e-30       1.0000000
      0.00000       2.0840000   5.5354023e-30       1.0000000
      0.00000       2.0850000   5.1510704e-30       1.0000000
      0.00000       2.0860000   4.7935887e-30       1.0000000
      0.00000       2.0870000   4.4610699e-30       1.0000000
      0.00000       2.0880000   4.1517600e-30       1.0000000
      0.00000       2.0890000   3.8640291e-30       1.0000000
      0.00000       2.0900000   3.5963626e-30       1.0000000
      0.00000       2.0910000   3.3473526e-30       1.0000000
      0.00000       2.0920000   3.1156908e-30       1.0000000
      0.00000       2.0930000   2.9001612e-30       1.0000000
      0.00000       2.0940000   2.6996333e-30       1.0000000
      0.00000       2.0950000   2.5130567e-30       1.0000000
      0.00000       2.0960000   2.3394547e-30       1.0000000
      0.00000       2.0970000   2.1779195e-30       1.0000000
      0.00000       2.0980000   2.0276071e-30       1.0000000
      0.00000       2.0990000   1.8877331e-30       1.0000000
      0.00000       2.1000000   1.7575682e-30       1.0000000
      0.00000       2.1010000   1.6364341e-30       1.0000000
      0.00000       2.1020000   1.5237006e-30       1.0000000
      0.00000       2.1030000   1.4187814e-30       1.0000000
      0.00000       2.1040000   1.3211315e-30       1.0000000
      0.00000       2.1050000   1.2302443e-30       1.0000000
      0.00000       2.1060000   1.1456484e-30       1.0000000
      0.00000       2.1070000   1.0669057e-30       1.0000000
      0.00000       2.1080000   9.9360874e-31       1.0000000
      0.00000       2.1090000   9.2537854e-31       1.0000000
      0.00000       2.1100000   8.6186271e-31       1.0000000
      0.00000       2.1110000   8.0273350e-31       1.0000000
      0.00000       2.1120000   7.4768610e-31       1.0000000
      0.00000       2.1130000   6.9643699e-31       1.0000000
      0.00000       2.1140000   6.4872247e-31       1.0000000
      0.00000       2.1150000   6.0429727e-31       1.0000000
      0.00000       2.1160000   5.6293322e-31       1.0000000
      0.00000       2.1170000   5.2441811e-31       1.0000000
      0.00000       2.1180000   4.8855450e-31       1.0000000
      0.00000       2.1190000   4.5515873e-31       1.0000000
      0.00000       2.1200000   4.2405994e-31       1.0000000
      0.00000       2.1210000   3.9509916e-31       1.0000000
      0.00000       2.1220000   3.6812851e-31       1.0000000
      0.00000       2.1230000   3.4301038e-31       1.0000000
      0.00000       2.1240000   3.1961674e-31       1.0000000
      0.00000       2.1250000   2.9782848e-31       1.0000000
      0.00000       2.1260000   2.7753474e-31       1.0000000
      0.00000       2.1270000   2.5863238e-31       1.0000000
      0.00000       2.1280000   2.4102542e-31       1.0000000
      0.00000       2.1290000   2.2462452e-31       1.0000000
      0.00000       2.1300000   2.0934658e-31       1.0000000
      0.00000       2.1310000   1.9511422e-31       1.0000000
      0.00000       2.1320000   1.8185545e-31       1.0000000
      0.00000       2.1330000   1.6950327e-31       1.0000000
      0.00000       2.1340000   1.5799528e-31       1.0000000
      0.00000       2.1350000   1.4727346e-31       1.0000000
      0.00000       2.1360000   1.3728375e-31       1.0000000
      0.00000       2.1370000   1.2797586e-31       1.0000000
      0.00000       2.1380000   1.1930297e-31       1.0000000
      0.00000       2.1390000   1.1122149e-31       1.0000000
      0.00000       2.1400000   1.0369084e-31       1.0000000
      0.00000       2.1410000   9.6673244e-32       1.0000000
      0.00000       2.1420000   9.0133536e-32       1.0000000
      0.00000       2.1430000   8.4038972e-32       1.0000000
      0.00000       2.1440000   7.8359063e-32       1.0000000
      0.00000       2.1450000   7.3065424e-32       1.0000000
      0.00000       2.1460000   6.8131624e-32       1.0000000
      0.00000       2.1470000   6.3533052e-32       1.0000000
      0.00000       2.1480000   5.9246791e-32       1.0000000
      0.00000       2.1490000   5.5251499e-32       1.0000000
      0.00000       2.1500000   5.1527301e-32       1.0000000
      0.00000       2.1510000   4.8055691e-32       1.0000000
      0.00000       2.1520000   4.4819431e-32       1.0000000
      0.00000       2.1530000   4.1802467e-32       1.0000000
      0.00000       2.1540000   3.8989848e-32       1.0000000
      0.00000       2.1550000   3.6367648e-32       1.0000000
      0.00000       2.1560000   3.3922895e-32       1.0000000
      0.00000       2.1570000   3.1643508e-32       1.0000000
      0.00000       2.1580000   2.9518231e-32       1.0000000
      0.00000       2.1590000   2.7536582e-32       1.0000000
      0.00000       2.1600000   2.5688794e-32       1.0000000
      0.00000       2.1610000   2.3965768e-32       1.0000000
      0.00000       2.1620000   2.2359029e-32       1.0000000
      0.00000       2.1630000   2.0860680e-32       1.0000000
      0.00000       2.1640000   1.9463365e-32       1.0000000
      0.00000       2.1650000   1.8160227e-32       1.0000000
      0.00000       2.1660000   1.6944882e-32       1.0000000
      0.00000       2.1670000   1.5811377e-32       1.0000000
      0.00000       2.1680000   1.4754167e-32       1.0000000
      0.00000       2.1690000   1.3768086e-32       1.0000000
      0.00000       2.1700000   1.2848319e-32       1.0000000
      0.00000       2.1710000   1.1990378e-32       1.0000000
      0.00000       2.1720000   1.1190081e-32       1.0000000
      0.00000       2.1730000   1.0443533e-32       1.0000000
      0.00000       2.1740000   9.7471000e-33       1.0000000
      0.00000       2.1750000   9.0973979e-33       1.0000000
      0.00000       2.1760000   8.4912716e-33       1.0000000
      0.00000       2.1770000   7.9257803e-33       1.0000000
      0.00000       2.1780000   7.3981831e-33       1.0000000
      0.00000       2.1790000   6.9059249e-33       1.0000000
      0.00000       2.1800000   6.4466241e-33       1.0000000
      0.00000       2.1810000   6.0180605e-33       1.0000000
      0.00000       2.1820000   5.6181645e-33       1.0000000
      0.00000       2.1830000   5.2450065e-33       1.0000000
      0.00000       2.1840000   4.8967878e-33       1.0000000
      0.00000       2.1850000   4.5718312e-33       1.0000000
      0.00000       2.1860000   4.2685733e-33       1.0000000
      0.00000       2.1870000   3.9855561e-33       1.0000000
      0.00000       2.1880000   3.7214204e-33       1.0000000
      0.00000       2.1890000   3.4748987e-33       1.0000000
      0.00000       2.1900000   3.2448092e-33       1.0000000
      0.00000       2.1910000   3.0300497e-33       1.0000000
      0.00000       2.1920000   2.8295926e-33       1.0000000
      0.00000       2.1930000   2.6424795e-33       1.0000000
      0.00000       2.1940000   2.4678167e-33       1.0000000
      0.00000       2.1950000   2.3047706e-33       1.0000000
      0.00000       2.1960000   2.1525637e-33       1.0000000
      0.00000       2.1970000   2.0104712e-33       1.0000000
      0.00000       2.1980000   1.8778166e-33       1.0000000
      0.00000       2.1990000   1.7539693e-33       1.0000000
      0.00000       2.2000000   1.6383409e-33       1.0000000
      0.00000       2.2010000   1.5303825e-33       1.0000000
      0.00000       2.2020000   1.4295824e-33       1.0000000
      0.00000       2.2030000   1.3354629e-33       1.0000000
      0.00000       2.2040000   1.2475784e-33       1.0000000
      0.00000       2.2050000   1.1655135e-33       1.0000000
      0.00000       2.2060000   1.0888804e-33       1.0000000
      0.00000       2.2070000   1.0173173e-33       1.0000000
      0.00000       2.2080000   9.5048666e-34       1.0000000
      0.00000       2.2090000   8.8807369e-34       1.0000000
      0.00000       2.2100000   8.2978453e-34       1.0000000
      0.00000       2.2110000   7.7534501e-34       1.0000000
      0.00000       2.2120000   7.2449933e-34       1.0000000
      0.00000       2.2130000   6.7700877e-34       1.0000000
      0.00000       2.2140000   6.3265057e-34       1.0000000
      0.00000       2.2150000   5.9121685e-34       1.0000000
      0.00000       2.2160000   5.5251361e-34       1.0000000
      0.00000       2.2170000   5.1635979e-34       1.0000000
      0.00000       2.2180000   4.8258644e-34       1.0000000
      0.00000       2.2190000   4.5103584e-34       1.0000000
      0.00000       2.2200000   4.2156080e-34       1.0000000
      0.00000       2.2210000   3.9402393e-34       1.0000000
      0.00000       2.2220000   3.6829701e-34       1.0000000
      0.00000       2.2230000   3.4426033e-34       1.0000000
      0.00000       2.2240000   3.2180216e-34       1.0000000
      0.00000       2.2250000   3.0081819e-34       1.0000000
      0.00000       2.2260000   2.8121105e-34       1.0000000
      0.00000       2.2270000   2.6288986e-34       1.0000000
      0.00000       2.2280000   2.4576974e-34       1.0000000
      0.00000       2.2290000   2.2977148e-34       1.0000000
      0.00000       2.2300000   2.1482110e-34       1.0000000
      0.00000       2.2310000   2.0084954e-34       1.0000000
      0.00000       2.2320000   1.8779233e-34       1.0000000
      0.00000       2.2330000   1.7558925e-34       1.0000000
      0.00000       2.2340000   1.6418409e-34       1.0000000
      0.00000       2.2350000   1.5352435e-34       1.0000000
      0.00000       2.2360000   1.4356101e-34       1.0000000
      0.00000       2.2370000   1.3424829e-34       1.0000000
      0.00000       2.2380000   1.2554345e-34       1.0000000
      0.00000       2.2390000   1.1740656e-34       1.0000000
      0.00000       2.2400000   1.0980033e-34       1.0000000
      0.00000       2.2410000   1.0268994e-34       1.0000000
      0.00000       2.2420000   9.6042874e-35       1.0000000
      0.00000       2.2430000   8.9828748e-35       1.0000000
      0.00000       2.2440000   8.4019191e-35       1.0000000
      0.00000       2.2450000   7.8587701e-35       1.0000000
      0.00000       2.2460000   7.3509522e-35       1.0000000
      0.00000       2.2470000   6.8761529e-35       1.0000000
      0.00000       2.2480000   6.4322120e-35       1.0000000
      0.00000       2.2490000   6.0171117e-35       1.0000000
      0.00000       2.2500000   5.6289666e-35       1.0000000
      0.00000       2.2510000   5.2660155e-35       1.0000000
      0.00000       2.2520000   4.9266131e-35       1.0000000
      0.00000       2.2530000   4.6092220e-35       1.0000000
      0.00000       2.2540000   4.3124059e-35       1.0000000
      0.00000       2.2550000   4.0348227e-35       1.0000000
      0.00000       2.2560000   3.7752185e-35       1.0000000
      0.00000       2.2570000   3.5324215e-35       1.0000000
      0.00000       2.2580000   3.3053370e-35       1.0000000
      0.00000       2.2590000   3.0929418e-35       1.0000000
      0.00000       2.2600000   2.8942798e-35       1.0000000
      0.00000       2.2610000   2.7084576e-35       1.0000000
      0.00000       2.2620000   2.5346401e-35       1.0000000
      0.00000       2.2630000   2.3720470e-35       1.0000000
      0.00000       2.2640000   2.2199491e-35       1.0000000
      0.00000       2.2650000   2.0776646e-35       1.0000000
      0.00000       2.2660000   1.9445565e-35       1.0000000
      0.00000       2.2670000   1.8200292e-35       1.0000000
      0.00000       2.2680000   1.7035263e-35       1.0000000
      0.00000       2.2690000   1.5945275e-35       1.0000000
      0.00000       2.2700000   1.4925463e-35       1.0000000
      0.00000       2.2710000   1.3971282e-35       1.0000000
      0.00000       2.2720000   1.3078482e-35       1.0000000
      0.00000       2.2730000   1.2243090e-35       1.0000000
      0.00000       2.2740000   1.1461391e-35       1.0000000
      0.00000       2.2750000   1.0729914e-35       1.0000000
      0.00000       2.2760000   1.0045411e-35       1.0000000
      0.00000       2.2770000   9.4048483e-36       1.0000000
      0.00000       2.2780000   8.8053865e-36       1.0000000
      0.00000       2.2790000   8.2443726e-36       1.0000000
      0.00000       2.2800000   7.7193252e-36       1.0000000
      0.00000       2.2810000   7.2279243e-36       1.0000000
      0.00000       2.2820000   6.7680004e-36       1.0000000
      0.00000       2.2830000   6.3375247e-36       1.0000000
      0.00000       2.2840000   5.9346000e-36       1.0000000
      0.00000       2.2850000   5.5574521e-36       1.0000000
      0.00000       2.2860000   5.2044217e-36       1.0000000
      0.00000       2.2870000   4.8739570e-36       1.0000000
      0.00000       2.2880000   4.5646067e-36       1.0000000
      0.00000       2.2890000   4.2750134e-36       1.0000000
      0.00000       2.2900000   4.0039075e-36       1.0000000
      0.00000       2.2910000   3.7501014e-36       1.0000000
      0.00000       2.2920000   3.5124843e-36       1.0000000
      0.00000       2.2930000   3.2900173e-36       1.0000000
      0.00000       2.2940000   3.0817283e-36       1.0000000
      0.00000       2.2950000   2.8867083e-36       1.0000000
      0.00000       2.2960000   2.7041067e-36       1.0000000
      0.00000       2.2970000   2.5331278e-36       1.0000000
      0.00000       2.2980000   2.3730273e-36       1.0000000
      0.00000       2.2990000   2.2231087e-36       1.0000000
      0.00000       2.3000000   2.0827205e-36       1.0000000
      0.00000       2.3010000   1.9512530e-36       1.0000000
      0.00000       2.3020000   1.8281360e-36       1.0000000
      0.00000       2.3030000   1.7128356e-36       1.0000000
      0.00000       2.3040000   1.6048527e-36       1.0000000
      0.00000       2.3050000   1.5037198e-36       1.0000000
      0.00000       2.3060000   1.4089998e-36       1.0000000
      0.00000       2.3070000   1.3202835e-36       1.0000000
      0.00000       2.3080000   1.2371880e-36       1.0000000
      0.00000       2.3090000   1.1593550e-36       1.0000000
      0.00000       2.3100000   1.0864491e-36       1.0000000
      0.00000       2.3110000   1.0181566e-36       1.0000000
      0.00000       2.3120000   9.5418355e-37       1.0000000
      0.00000       2.3130000   8.9425519e-37       1.0000000
      0.00000       2.3140000   8.3811419e-37       1.0000000
      0.00000       2.3150000   7.8551970e-37       1.0000000
      0.00000       2.3160000   7.3624630e-37       1.0000000
      0.00000       2.3170000   6.9008298e-37       1.0000000
      0.00000       2.3180000   6.4683222e-37       1.0000000
      0.00000       2.3190000   6.0630910e-37       1.0000000
      0.00000       2.3200000   5.6834056e-37       1.0000000
      0.00000       2.3210000   5.3276455e-37       1.0000000
      0.00000       2.3220000   4.9942937e-37       1.0000000
      0.00000       2.3230000   4.6819300e-37       1.0000000
      0.00000       2.3240000   4.3892248e-37       1.0000000
      0.00000       2.3250000   4.1149333e-37       1.0000000
      0.00000       2.3260000   3.8578899e-37       1.0000000
      0.00000       2.3270000   3.6170032e-37       1.0000000
      0.00000       2.3280000   3.3912514e-37       1.0000000
      0.00000       2.3290000   3.1796777e-37       1.0000000
      0.00000       2.3300000   2.9813862e-37       1.0000000
      0.00000       2.3310000   2.7955377e-37       1.0000000
      0.00000       2.3320000   2.6213467e-37       1.0000000
      0.00000       2.3330000   2.4580775e-37       1.0000000
      0.00000       2.3340000   2.3050409e-37       1.0000000
      0.00000       2.3350000   2.1615916e-37       1.0000000
      0.00000       2.3360000   2.0271254e-37       1.0000000
      0.00000       2.3370000   1.9010762e-37       1.0000000
      0.00000       2.3380000   1.7829139e-37       1.0000000
      0.00000       2.3390000   1.6721418e-37       1.0000000
      0.00000       2.3400000   1.5682951e-37       1.0000000
      0.00000       2.3410000   1.4709379e-37       1.0000000
      0.00000       2.3420000   1.3796622e-37       1.0000000
      0.00000       2.3430000   1.2940859e-37       1.0000000
      0.00000       2.3440000   1.2138507e-37       1.0000000
      0.00000       2.3450000   1.1386214e-37       1.0000000
      0.00000       2.3460000   1.0680835e-37       1.0000000
      0.00000       2.3470000   1.0019428e-37       1.0000000
      0.00000       2.3480000   9.3992348e-38       1.0000000
      0.00000       2.3490000   8.8176706e-38       1.0000000
      0.00000       2.3500000   8.2723146e-38       1.0000000
      0.00000       2.3510000   7.7608987e-38       1.0000000
      0.00000       2.3520000   7.2812975e-38       1.0000000
      0.00000       2.3530000   6.8315195e-38       1.0000000
      0.00000       2.3540000   6.4096986e-38       1.0000000
      0.00000       2.3550000   6.0140864e-38       1.0000000
      0.00000       2.3560000   5.6430444e-38       1.0000000
      0.00000       2.3570000   5.2950371e-38       1.0000000
      0.00000       2.3580000   4.9686256e-38       1.0000000
      0.00000       2.3590000   4.6624614e-38       1.0000000
      0.00000       2.3600000   4.3752809e-38       1.0000000
      0.00000       2.3610000   4.1058996e-38       1.0000000
      0.00000       2.3620000   3.8532075e-38       1.0000000
      0.00000       2.3630000   3.6161642e-38       1.0000000
      0.00000       2.3640000   3.3937946e-38       1.0000000
      0.00000       2.3650000   3.1851847e-38       1.0000000
      0.00000       2.3660000   2.9894779e-38       1.0000000
      0.00000       2.3670000   2.8058710e-38       1.0000000
      0.00000       2.3680000   2.6336113e-38       1.0000000
      0.00000       2.3690000   2.4719932e-38       1.0000000
      0.00000       2.3700000   2.3203553e-38       1.0000000
      0.00000       2.3710000   2.1780773e-38       1.0000000
      0.00000       2.3720000   2.0445780e-38       1.0000000
      0.00000       2.3730000   1.9193123e-38       1.0000000
      0.00000       2.3740000   1.8017693e-38       1.0000000
      0.00000       2.3750000   1.6914700e-38       1.0000000
      0.00000       2.3760000   1.5879650e-38       1.0000000
      0.00000       2.3770000   1.4908334e-38       1.0000000
      0.00000       2.3780000   1.3996803e-38       1.0000000
      0.00000       2.3790000   1.3141353e-38       1.0000000
      0.00000       2.3800000   1.2338513e-38       1.0000000
      0.00000       2.3810000   1.1585028e-38       1.0000000
      0.00000       2.3820000   1.0877844e-38       1.0000000
      0.00000       2.3830000   1.0214098e-38       1.0000000
      0.00000       2.3840000   9.5911068e-39       1.0000000
      0.00000       2.3850000   9.0063512e-39       1.0000000
      0.00000       2.3860000   8.4574704e-39       1.0000000
      0.00000       2.3870000   7.9422497e-39       1.0000000
      0.00000       2.3880000   7.4586120e-39       1.0000000
      0.00000       2.3890000   7.0046094e-39       1.0000000
      0.00000       2.3900000   6.5784146e-39       1.0000000
      0.00000       2.3910000   6.1783139e-39       1.0000000
      0.00000       2.3920000   5.8026996e-39       1.0000000
      0.00000       2.3930000   5.4500639e-39       1.0000000
      0.00000       2.3940000   5.1189923e-39       1.0000000
      0.00000       2.3950000   4.8081579e-39       1.0000000
      0.00000       2.3960000   4.5163161e-39       1.0000000
      0.00000       2.3970000   4.2422991e-39       1.0000000
      0.00000       2.3980000   3.9850114e-39       1.0000000
      0.00000       2.3990000   3.7434255e-39       1.0000000
      0.00000       2.4000000   3.5165770e-39       1.0000000
      0.00000       2.4010000   3.3035614e-39       1.0000000
      0.00000       2.4020000   3.1035298e-39       1.0000000
      0.00000       2.4030000   2.9156861e-39       1.0000000
      0.00000       2.4040000   2.7392829e-39       1.0000000
      0.00000       2.4050000   2.5736191e-39       1.0000000
      0.00000       2.4060000   2.4180370e-39       1.0000000
      0.00000       2.4070000   2.2719190e-39       1.0000000
      0.00000       2.4080000   2.1346860e-39       1.0000000
      0.00000       2.4090000   2.0057943e-39       1.0000000
      0.00000       2.4100000   1.8847337e-39       1.0000000
      0.00000       2.4110000   1.7710256e-39       1.0000000
      0.00000       2.4120000   1.6642205e-39       1.0000000
      0.00000       2.4130000   1.5638968e-39       1.0000000
      0.00000       2.4140000   1.4696588e-39       1.0000000
      0.00000       2.4150000   1.3811350e-39       1.0000000
      0.00000       2.4160000   1.2979767e-39       1.0000000
      0.00000       2.4170000   1.2198567e-39       1.0000000
      0.00000       2.4180000   1.1464679e-39       1.0000000
      0.00000       2.4190000   1.0775220e-39       1.0000000
      0.00000       2.4200000   1.0127482e-39       1.0000000
      0.00000       2.4210000   9.5189264e-40       1.0000000
      0.00000       2.4220000   8.9471674e-40       1.0000000
      0.00000       2.4230000   8.4099665e-40       1.0000000
      0.00000       2.4240000   7.9052218e-40       1.0000000
      0.00000       2.4250000   7.4309604e-40       1.0000000
      0.00000       2.4260000   6.9853297e-40       1.0000000
      0.00000       2.4270000   6.5665905e-40       1.0000000
      0.00000       2.4280000   6.1731101e-40       1.0000000
      0.00000       2.4290000   5.8033554e-40       1.0000000
      0.00000       2.4300000   5.4558867e-40       1.0000000
      0.00000       2.4310000   5.1293527e-40       1.0000000
      0.00000       2.4320000   4.8224840e-40       1.0000000
      0.00000       2.4330000   4.5340891e-40       1.0000000
      0.00000       2.4340000   4.2630488e-40       1.0000000
      0.00000       2.4350000   4.0083123e-40       1.0000000
      0.00000       2.4360000   3.7688929e-40       1.0000000
      0.00000       2.4370000   3.5438637e-40       1.0000000
      0.00000       2.4380000   3.3323545e-40       1.0000000
      0.00000       2.4390000   3.1335479e-40       1.0000000
      0.00000       2.4400000   2.9466763e-40       1.0000000
      0.00000       2.4410000   2.7710188e-40       1.0000000
      0.00000       2.4420000   2.6058982e-40       1.0000000
      0.00000       2.4430000   2.4506785e-40       1.0000000
      0.00000       2.4440000   2.3047623e-40       1.0000000
      0.00000       2.4450000   2.1675886e-40       1.0000000
      0.00000       2.4460000   2.0386303e-40       1.0000000
      0.00000       2.4470000   1.9173923e-40       1.0000000
      0.00000       2.4480000   1.8034095e-40       1.0000000
      0.00000       2.4490000   1.6962451e-40       1.0000000
      0.00000       2.4500000   1.5954887e-40       1.0000000
      0.00000       2.4510000   1.5007547e-40       1.0000000
      0.00000       2.4520000   1.4116808e-40       1.0000000
      0.00000       2.4530000   1.3279269e-40       1.0000000
      0.00000       2.4540000   1.2491731e-40       1.0000000
      0.00000       2.4550000   1.1751192e-40       1.0000000
      0.00000       2.4560000   1.1054829e-40       1.0000000
      0.00000       2.4570000   1.0399990e-40       1.0000000
      0.00000       2.4580000   9.7841838e-41       1.0000000
      0.00000       2.4590000   9.2050696e-41       1.0000000
      0.00000       2.4600000   8.6604472e-41       1.0000000
      0.00000       2.4610000   8.1482497e-41       1.0000000
      0.00000       2.4620000   7.6665345e-41       1.0000000
      0.00000       2.4630000   7.2134763e-41       1.0000000
      0.00000       2.4640000   6.7873596e-41       1.0000000
      0.00000       2.4650000   6.3865725e-41       1.0000000
      0.00000       2.4660000   6.0095997e-41       1.0000000
      0.00000       2.4670000   5.6550176e-41       1.0000000
      0.00000       2.4680000   5.3214879e-41       1.0000000
      0.00000       2.4690000   5.0077530e-41       1.0000000
      0.00000       2.4700000   4.7126306e-41       1.0000000
      0.00000       2.4710000   4.4350097e-41       1.0000000
      0.00000       2.4720000   4.1738460e-41       1.0000000
      0.00000       2.4730000   3.9281579e-41       1.0000000
      0.00000       2.4740000   3.6970225e-41       1.0000000
      0.00000       2.4750000   3.4795725e-41       1.0000000
      0.00000       2.4760000   3.2749927e-41       1.0000000
      0.00000       2.4770000   3.0825164e-41       1.0000000
      0.00000       2.4780000   2.9014232e-41       1.0000000
      0.00000       2.4790000   2.7310357e-41       1.0000000
      0.00000       2.4800000   2.5707170e-41       1.0000000
      0.00000       2.4810000   2.4198684e-41       1.0000000
      0.00000       2.4820000   2.2779270e-41       1.0000000
      0.00000       2.4830000   2.1443637e-41       1.0000000
      0.00000       2.4840000   2.0186808e-41       1.0000000
      0.00000       2.4850000   1.9004105e-41       1.0000000
      0.00000       2.4860000   1.7891129e-41       1.0000000
      0.00000       2.4870000   1.6843743e-41       1.0000000
      0.00000       2.4880000   1.5858057e-41       1.0000000
      0.00000       2.4890000   1.4930416e-41       1.0000000
      0.00000       2.4900000   1.4057378e-41       1.0000000
      0.00000       2.4910000   1.3235710e-41       1.0000000
      0.00000       2.4920000   1.2462371e-41       1.0000000
      0.00000       2.4930000   1.1734501e-41       1.0000000
      0.00000       2.4940000   1.1049408e-41       1.0000000
      0.00000       2.4950000   1.0404564e-41       1.0000000
      0.00000       2.4960000   9.7975894e-42       1.0000000
      0.00000       2.4970000   9.2262461e-42       1.0000000
      0.00000       2.4980000   8.6884295e-42       1.0000000
      0.00000       2.4990000   8.1821600e-42       1.0000000
      0.00000       2.5000000   7.7055756e-42       1.0000000
      0.00000       2.5010000   7.2569249e-42       1.0000000
      0.00000       2.5020000   6.8345603e-42       1.0000000
      0.00000       2.5030000   6.4369323e-42       1.0000000
      0.00000       2.5040000   6.0625831e-42       1.0000000
      0.00000       2.5050000   5.7101413e-42       1.0000000
      0.00000       2.5060000   5.3783169e-42       1.0000000
      0.00000       2.5070000   5.0658963e-42       1.0000000
      0.00000       2.5080000   4.7717377e-42       1.0000000
      0.00000       2.5090000   4.4947670e-42       1.0000000
      0.00000       2.5100000   4.2339738e-42       1.0000000
      0.00000       2.5110000   3.9884071e-42       1.0000000
      0.00000       2.5120000   3.7571724e-42       1.0000000
      0.00000       2.5130000   3.5394281e-42       1.0000000
      0.00000       2.5140000   3.3343822e-42       1.0000000
      0.00000       2.5150000   3.1412896e-42       1.0000000
      0.00000       2.5160000   2.9594491e-42       1.0000000
      0.00000       2.5170000   2.7882008e-42       1.0000000
      0.00000       2.5180000   2.6269241e-42       1.0000000
      0.00000       2.5190000   2.4750345e-42       1.0000000
      0.00000       2.5200000   2.3319824e-42       1.0000000
      0.00000       2.5210000   2.1972503e-42       1.0000000
      0.00000       2.5220000   2.0703513e-42       1.0000000
      0.00000       2.5230000   1.9508272e-42       1.0000000
      0.00000       2.5240000   1.8382467e-42       1.0000000
      0.00000       2.5250000   1.7322039e-42       1.0000000
      0.00000       2.5260000   1.6323168e-42       1.0000000
      0.00000       2.5270000   1.5382258e-42       1.0000000
      0.00000       2.5280000   1.4495925e-42       1.0000000
      0.00000       2.5290000   1.3660984e-42       1.0000000
      0.00000       2.5300000   1.2874436e-42       1.0000000
      0.00000       2.5310000   1.2133459e-42       1.0000000
      0.00000       2.5320000   1.1435395e-42       1.0000000
      0.00000       2.5330000   1.0777745e-42       1.0000000
      0.00000       2.5340000   1.0158154e-42       1.0000000
      0.00000       2.5350000   9.5744059e-43       1.0000000
      0.00000       2.5360000   9.0244139e-43       1.0000000
      0.00000       2.5370000   8.5062140e-43       1.0000000
      0.00000       2.5380000   8.0179570e-43       1.0000000
      0.00000       2.5390000   7.5579020e-43       1.0000000
      0.00000       2.5400000   7.1244098e-43       1.0000000
      0.00000       2.5410000   6.7159372e-43       1.0000000
      0.00000       2.5420000   6.3310312e-43       1.0000000
      0.00000       2.5430000   5.9683236e-43       1.0000000
      0.00000       2.5440000   5.6265261e-43       1.0000000
      0.00000       2.5450000   5.3044259e-43       1.0000000
      0.00000       2.5460000   5.0008806e-43       1.0000000
      0.00000       2.5470000   4.7148148e-43       1.0000000
      0.00000       2.5480000   4.4452157e-43       1.0000000
      0.00000       2.5490000   4.1911294e-43       1.0000000
      0.00000       2.5500000   3.9516577e-43       1.0000000
      0.00000       2.5510000   3.7259549e-43       1.0000000
      0.00000       2.5520000   3.5132243e-43       1.0000000
      0.00000       2.5530000   3.3127157e-43       1.0000000
      0.00000       2.5540000   3.1237225e-43       1.0000000
      0.00000       2.5550000   2.9455793e-43       1.0000000
      0.00000       2.5560000   2.7776592e-43       1.0000000
      0.00000       2.5570000   2.6193720e-43       1.0000000
      0.00000       2.5580000   2.4701616e-43       1.0000000
      0.00000       2.5590000   2.3295042e-43       1.0000000
      0.00000       2.5600000   2.1969066e-43       1.0000000
      0.00000       2.5610000   2.0719039e-43       1.0000000
      0.00000       2.5620000   1.9540586e-43       1.0000000
      0.00000       2.5630000   1.8429581e-43       1.0000000
      0.00000       2.5640000   1.7382141e-43       1.0000000
      0.00000       2.5650000   1.6394605e-43       1.0000000
      0.00000       2.5660000   1.5463528e-43       1.0000000
      0.00000       2.5670000   1.4585660e-43       1.0000000
      0.00000       2.5680000   1.3757942e-43       1.0000000
      0.00000       2.5690000   1.2977491e-43       1.0000000
      0.00000       2.5700000   1.2241592e-43       1.0000000
      0.00000       2.5710000   1.1547684e-43       1.0000000
      0.00000       2.5720000   1.0893357e-43       1.0000000
      0.00000       2.5730000   1.0276340e-43       1.0000000
      0.00000       2.5740000   9.6944907e-44       1.0000000
      0.00000       2.5750000   9.1457932e-44       1.0000000
      0.00000       2.5760000   8.6283466e-44       1.0000000
      0.00000       2.5770000   8.1403598e-44       1.0000000
      0.00000       2.5780000   7.6801452e-44       1.0000000
      0.00000       2.5790000   7.2461124e-44       1.0000000
      0.00000       2.5800000   6.8367625e-44       1.0000000
      0.00000       2.5810000   6.4506831e-44       1.0000000
      0.00000       2.5820000   6.0865430e-44       1.0000000
      0.00000       2.5830000   5.7430879e-44       1.0000000
      0.00000       2.5840000   5.4191352e-44       1.0000000
      0.00000       2.5850000   5.1135708e-44       1.0000000
      0.00000       2.5860000   4.8253443e-44       1.0000000
      0.00000       2.5870000   4.5534658e-44       1.0000000
      0.00000       2.5880000   4.2970023e-44       1.0000000
      0.00000       2.5890000   4.0550743e-44       1.0000000
      0.00000       2.5900000   3.8268529e-44       1.0000000
      0.00000       2.5910000   3.6115567e-44       1.0000000
      0.00000       2.5920000   3.4084490e-44       1.0000000
      0.00000       2.5930000   3.2168356e-44       1.0000000
      0.00000       2.5940000   3.0360619e-44       1.0000000
      0.00000       2.5950000   2.8655109e-44       1.0000000
      0.00000       2.5960000   2.7046008e-44       1.0000000
      0.00000       2.5970000   2.5527832e-44       1.0000000
      0.00000       2.5980000   2.4095413e-44       1.0000000
      0.00000       2.5990000   2.2743875e-44       1.0000000
      0.00000       2.6000000   2.1468623e-44       1.0000000
      0.00000       2.6010000   2.0265324e-44       1.0000000
      0.00000       2.6020000   1.9129893e-44       1.0000000
      0.00000       2.6030000   1.8058479e-44       1.0000000
      0.00000       2.6040000   1.7047449e-44       1.0000000
      0.00000       2.6050000   1.6093379e-44       1.0000000
      0.00000       2.6060000   1.5193040e-44       1.0000000
      0.00000       2.6070000   1.4343387e-44       1.0000000
      0.00000       2.6080000   1.3541548e-44       1.0000000
      0.00000       2.6090000   1.2784817e-44       1.0000000
      0.00000       2.6100000   1.2070640e-44       1.0000000
      0.00000       2.6110000   1.1396608e-44       1.0000000
      0.00000       2.6120000   1.0760452e-44       1.0000000
      0.00000       2.6130000   1.0160029e-44       1.0000000
      0.00000       2.6140000   9.5933193e-45       1.0000000
      0.00000       2.6150000   9.0584190e-45       1.0000000
      0.00000       2.6160000   8.5535311e-45       1.0000000
      0.00000       2.6170000   8.0769611e-45       1.0000000
      0.00000       2.6180000   7.6271108e-45       1.0000000
      0.00000       2.6190000   7.2024727e-45       1.0000000
      0.00000       2.6200000   6.8016251e-45       1.0000000
      0.00000       2.6210000   6.4232266e-45       1.0000000
      0.00000       2.6220000   6.0660122e-45       1.0000000
      0.00000       2.6230000   5.7287886e-45       1.0000000
      0.00000       2.6240000   5.4104300e-45       1.0000000
      0.00000       2.6250000   5.1098744e-45       1.0000000
      0.00000       2.6260000   4.8261201e-45       1.0000000
      0.00000       2.6270000   4.5582219e-45       1.0000000
      0.00000       2.6280000   4.3052884e-45       1.0000000
      0.00000       2.6290000   4.0664784e-45       1.0000000
      0.00000       2.6300000   3.8409983e-45       1.0000000
      0.00000       2.6310000   3.6280994e-45       1.0000000
      0.00000       2.6320000   3.4270753e-45       1.0000000
      0.00000       2.6330000   3.2372595e-45       1.0000000
      0.00000       2.6340000   3.0580233e-45       1.0000000
      0.00000       2.6350000   2.8887732e-45       1.0000000
      0.00000       2.6360000   2.7289495e-45       1.0000000
      0.00000       2.6370000   2.5780238e-45       1.0000000
      0.00000       2.6380000   2.4354976e-45       1.0000000
      0.00000       2.6390000   2.3009006e-45       1.0000000
      0.00000       2.6400000   2.1737888e-45       1.0000000
      0.00000       2.6410000   2.0537435e-45       1.0000000
      0.00000       2.6420000   1.9403693e-45       1.0000000
      0.00000       2.6430000   1.8332932e-45       1.0000000
      0.00000       2.6440000   1.7321630e-45       1.0000000
      0.00000       2.6450000   1.6366467e-45       1.0000000
      0.00000       2.6460000   1.5464305e-45       1.0000000
      0.00000       2.6470000   1.4612186e-45       1.0000000
      0.00000       2.6480000   1.3807316e-45       1.0000000
      0.00000       2.6490000   1.3047059e-45       1.0000000
      0.00000       2.6500000   1.2328927e-45       1.0000000
      0.00000       2.6510000   1.1650571e-45       1.0000000
      0.00000       2.6520000   1.1009775e-45       1.0000000
      0.00000       2.6530000   1.0404444e-45       1.0000000
      0.00000       2.6540000   9.8326053e-46       1.0000000
      0.00000       2.6550000   9.2923931e-46       1.0000000
      0.00000       2.6560000   8.7820475e-46       1.0000000
      0.00000       2.6570000   8.2999070e-46       1.0000000
      0.00000       2.6580000   7.8444030e-46       1.0000000
      0.00000       2.6590000   7.4140547e-46       1.0000000
      0.00000       2.6600000   7.0074643e-46       1.0000000
      0.00000       2.6610000   6.6233118e-46       1.0000000
      0.00000       2.6620000   6.2603515e-46       1.0000000
      0.00000       2.6630000   5.9174067e-46       1.0000000
      0.00000       2.6640000   5.5933669e-46       1.0000000
      0.00000       2.6650000   5.2871835e-46       1.0000000
      0.00000       2.6660000   4.9978662e-46       1.0000000
      0.00000       2.6670000   4.7244802e-46       1.0000000
      0.00000       2.6680000   4.4661427e-46       1.0000000
      0.00000       2.6690000   4.2220203e-46       1.0000000
      0.00000       2.6700000   3.9913258e-46       1.0000000
      0.00000       2.6710000   3.7733160e-46       1.0000000
      0.00000       2.6720000   3.5672892e-46       1.0000000
      0.00000       2.6730000   3.3725824e-46       1.0000000
      0.00000       2.6740000   3.1885699e-46       1.0000000
      0.00000       2.6750000   3.0146606e-46       1.0000000
      0.00000       2.6760000   2.8502964e-46       1.0000000
      0.00000       2.6770000   2.6949500e-46       1.0000000
      0.00000       2.6780000   2.5481236e-46       1.0000000
      0.00000       2.6790000   2.4093470e-46       1.0000000
      0.00000       2.6800000   2.2781760e-46       1.0000000
      0.00000       2.6810000   2.1541914e-46       1.0000000
      0.00000       2.6820000   2.0369969e-46       1.0000000
      0.00000       2.6830000   1.9262182e-46       1.0000000
      0.00000       2.6840000   1.8215020e-46       1.0000000
      0.00000       2.6850000   1.7225145e-46       1.0000000
      0.00000       2.6860000   1.6289402e-46       1.0000000
      0.00000       2.6870000   1.5404813e-46       1.0000000
      0.00000       2.6880000   1.4568563e-46       1.0000000
      0.00000       2.6890000   1.3777996e-46       1.0000000
      0.00000       2.6900000   1.3030599e-46       1.0000000
      0.00000       2.6910000   1.2324001e-46       1.0000000
      0.00000       2.6920000   1.1655960e-46       1.0000000
      0.00000       2.6930000   1.1024360e-46       1.0000000
      0.00000       2.6940000   1.0427199e-46       1.0000000
      0.00000       2.6950000   9.8625895e-47       1.0000000
      0.00000       2.6960000   9.3287447e-47       1.0000000
      0.00000       2.6970000   8.8239780e-47       1.0000000
      0.00000       2.6980000   8.3466958e-47       1.0000000
      0.00000       2.6990000   7.8953921e-47       1.0000000
      0.00000       2.7000000   7.4686441e-47       1.0000000
      0.00000       2.7010000   7.0651072e-47       1.0000000
      0.00000       2.7020000   6.6835112e-47       1.0000000
      0.00000       2.7030000   6.3226557e-47       1.0000000
      0.00000       2.7040000   5.9814062e-47       1.0000000
      0.00000       2.7050000   5.6586909e-47       1.0000000
      0.00000       2.7060000   5.3534968e-47       1.0000000
      0.00000       2.7070000   5.0648667e-47       1.0000000
      0.00000       2.7080000   4.7918960e-47       1.0000000
      0.00000       2.7090000   4.5337298e-47       1.0000000
      0.00000       2.7100000   4.2895601e-47       1.0000000
      0.00000       2.7110000   4.0586233e-47       1.0000000
      0.00000       2.7120000   3.8401979e-47       1.0000000
      0.00000       2.7130000   3.6336017e-47       1.0000000
      0.00000       2.7140000   3.4381901e-47       1.0000000
      0.00000       2.7150000   3.2533538e-47       1.0000000
      0.00000       2.7160000   3.0785169e-47       1.0000000
      0.00000       2.7170000   2.9131351e-47       1.0000000
      0.00000       2.7180000   2.7566938e-47       1.0000000
      0.00000       2.7190000   2.6087067e-47       1.0000000
      0.00000       2.7200000   2.4687140e-47       1.0000000
      0.00000       2.7210000   2.3362812e-47       1.0000000
      0.00000       2.7220000   2.2109975e-47       1.0000000
      0.00000       2.7230000   2.0924746e-47       1.0000000
      0.00000       2.7240000   1.9803452e-47       1.0000000
      0.00000       2.7250000   1.8742624e-47       1.0000000
      0.00000       2.7260000   1.7738981e-47       1.0000000
      0.00000       2.7270000   1.6789420e-47       1.0000000
      0.00000       2.7280000   1.5891010e-47       1.0000000
      0.00000       2.7290000   1.5040977e-47       1.0000000
      0.00000       2.7300000   1.4236700e-47       1.0000000
      0.00000       2.7310000   1.3475701e-47       1.0000000
      0.00000       2.7320000   1.2755636e-47       1.0000000
      0.00000       2.7330000   1.2074291e-47       1.0000000
      0.00000       2.7340000   1.1429569e-47       1.0000000
      0.00000       2.7350000   1.0819490e-47       1.0000000
      0.00000       2.7360000   1.0242181e-47       1.0000000
      0.00000       2.7370000   9.6958698e-48       1.0000000
      0.00000       2.7380000   9.1788826e-48       1.0000000
      0.00000       2.7390000   8.6896353e-48       1.0000000
      0.00000       2.7400000   8.2266300e-48       1.0000000
      0.00000       2.7410000   7.7884503e-48       1.0000000
      0.00000       2.7420000   7.3737569e-48       1.0000000
      0.00000       2.7430000   6.9812830e-48       1.0000000
      0.00000       2.7440000   6.6098306e-48       1.0000000
      0.00000       2.7450000   6.2582667e-48       1.0000000
      0.00000       2.7460000   5.9255198e-48       1.0000000
      0.00000       2.7470000   5.6105763e-48       1.0000000
      0.00000       2.7480000   5.3124778e-48       1.0000000
      0.00000       2.7490000   5.0303176e-48       1.0000000
      0.00000       2.7500000   4.7632383e-48       1.0000000
      0.00000       2.7510000   4.5104288e-48       1.0000000
      0.00000       2.7520000   4.2711217e-48       1.0000000
      0.00000       2.7530000   4.0445916e-48       1.0000000
      0.00000       2.7540000   3.8301519e-48       1.0000000
      0.00000       2.7550000   3.6271533e-48       1.0000000
      0.00000       2.7560000   3.4349815e-48       1.0000000
      0.00000       2.7570000   3.2530555e-48       1.0000000
      0.00000       2.7580000   3.0808256e-48       1.0000000
      0.00000       2.7590000   2.9177717e-48       1.0000000
      0.00000       2.7600000   2.7634021e-48       1.0000000
      0.00000       2.7610000   2.6172511e-48       1.0000000
      0.00000       2.7620000   2.4788785e-48       1.0000000
      0.00000       2.7630000   2.3478678e-48       1.0000000
      0.00000       2.7640000   2.2238249e-48       1.0000000
      0.00000       2.7650000   2.1063767e-48       1.0000000
      0.00000       2.7660000   1.9951705e-48       1.0000000
      0.00000       2.7670000   1.8898725e-48       1.0000000
      0.00000       2.7680000   1.7901669e-48       1.0000000
      0.00000       2.7690000   1.6957547e-48       1.0000000
      0.00000       2.7700000   1.6063531e-48       1.0000000
      0.00000       2.7710000   1.5216947e-48       1.0000000
      0.00000       2.7720000   1.4415260e-48       1.0000000
      0.00000       2.7730000   1.3656077e-48       1.0000000
      0.00000       2.7740000   1.2937128e-48       1.0000000
      0.00000       2.7750000   1.2256269e-48       1.0000000
      0.00000       2.7760000   1.1611468e-48       1.0000000
      0.00000       2.7770000   1.1000804e-48       1.0000000
      0.00000       2.7780000   1.0422459e-48       1.0000000
      0.00000       2.7790000   9.8747104e-49       1.0000000
      0.00000       2.7800000   9.3559307e-49       1.0000000
      0.00000       2.7810000   8.8645778e-49       1.0000000
      0.00000       2.7820000   8.3991925e-49       1.0000000
      0.00000       2.7830000   7.9583940e-49       1.0000000
      0.00000       2.7840000   7.5408751e-49       1.0000000
      0.00000       2.7850000   7.1453986e-49       1.0000000
      0.00000       2.7860000   6.7707936e-49       1.0000000
      0.00000       2.7870000   6.4159516e-49       1.0000000
      0.00000       2.7880000   6.0798235e-49       1.0000000
      0.00000       2.7890000   5.7614162e-49       1.0000000
      0.00000       2.7900000   5.4597894e-49       1.0000000
      0.00000       2.7910000   5.1740535e-49       1.0000000
      0.00000       2.7920000   4.9033658e-49       1.0000000
      0.00000       2.7930000   4.6469289e-49       1.0000000
      0.00000       2.7940000   4.4039879e-49       1.0000000
      0.00000       2.7950000   4.1738280e-49       1.0000000
      0.00000       2.7960000   3.9557727e-49       1.0000000
      0.00000       2.7970000   3.7491812e-49       1.0000000
      0.00000       2.7980000   3.5534472e-49       1.0000000
      0.00000       2.7990000   3.3679964e-49       1.0000000
      0.00000       2.8000000   3.1922852e-49       1.0000000
      0.00000       2.8010000   3.0257989e-49       1.0000000
      0.00000       2.8020000   2.8680502e-49       1.0000000
      0.00000       2.8030000   2.7185775e-49       1.0000000
      0.00000       2.8040000   2.5769441e-49       1.0000000
      0.00000       2.8050000   2.4427361e-49       1.0000000
      0.00000       2.8060000   2.3155618e-49       1.0000000
      0.00000       2.8070000   2.1950504e-49       1.0000000
      0.00000       2.8080000   2.0808504e-49       1.0000000
      0.00000       2.8090000   1.9726294e-49       1.0000000
      0.00000       2.8100000   1.8700723e-49       1.0000000
      0.00000       2.8110000   1.7728808e-49       1.0000000
      0.00000       2.8120000   1.6807725e-49       1.0000000
      0.00000       2.8130000   1.5934798e-49       1.0000000
      0.00000       2.8140000   1.5107494e-49       1.0000000
      0.00000       2.8150000   1.4323413e-49       1.0000000
      0.00000       2.8160000   1.3580283e-49       1.0000000
      0.00000       2.8170000   1.2875952e-49       1.0000000
      0.00000       2.8180000   1.2208381e-49       1.0000000
      0.00000       2.8190000   1.1575640e-49       1.0000000
      0.00000       2.8200000   1.0975900e-49       1.0000000
      0.00000       2.8210000   1.0407429e-49       1.0000000
      0.00000       2.8220000   9.8685870e-50       1.0000000
      0.00000       2.8230000   9.3578195e-50       1.0000000
      0.00000       2.8240000   8.8736548e-50       1.0000000
      0.00000       2.8250000   8.4146986e-50       1.0000000
      0.00000       2.8260000   7.9796301e-50       1.0000000
      0.00000       2.8270000   7.5671983e-50       1.0000000
      0.00000       2.8280000   7.1762179e-50       1.0000000
      0.00000       2.8290000   6.8055663e-50       1.0000000
      0.00000       2.8300000   6.4541798e-50       1.0000000
      0.00000       2.8310000   6.1210508e-50       1.0000000
      0.00000       2.8320000   5.8052247e-50       1.0000000
      0.00000       2.8330000   5.5057972e-50       1.0000000
      0.00000       2.8340000   5.2219114e-50       1.0000000
      0.00000       2.8350000   4.9527556e-50       1.0000000
      0.00000       2.8360000   4.6975608e-50       1.0000000
      0.00000       2.8370000   4.4555982e-50       1.0000000
      0.00000       2.8380000   4.2261773e-50       1.0000000
      0.00000       2.8390000   4.0086442e-50       1.0000000
      0.00000       2.8400000   3.8023788e-50       1.0000000
      0.00000       2.8410000   3.6067939e-50       1.0000000
      0.00000       2.8420000   3.4213330e-50       1.0000000
      0.00000       2.8430000   3.2454688e-50       1.0000000
      0.00000       2.8440000   3.0787015e-50       1.0000000
      0.00000       2.8450000   2.9205576e-50       1.0000000
      0.00000       2.8460000   2.7705885e-50       1.0000000
      0.00000       2.8470000   2.6283689e-50       1.0000000
      0.00000       2.8480000   2.4934958e-50       1.0000000
      0.00000       2.8490000   2.3655874e-50       1.0000000
      0.00000       2.8500000   2.2442818e-50       1.0000000
      0.00000       2.8510000   2.1292359e-50       1.0000000
      0.00000       2.8520000   2.0201248e-50       1.0000000
      0.00000       2.8530000   1.9166404e-50       1.0000000
      0.00000       2.8540000   1.8184906e-50       1.0000000
      0.00000       2.8550000   1.7253988e-50       1.0000000
      0.00000       2.8560000   1.6371027e-50       1.0000000
      0.00000       2.8570000   1.5533536e-50       1.0000000
      0.00000       2.8580000   1.4739159e-50       1.0000000
      0.00000       2.8590000   1.3985664e-50       1.0000000
      0.00000       2.8600000   1.3270932e-50       1.0000000
      0.00000       2.8610000   1.2592957e-50       1.0000000
      0.00000       2.8620000   1.1949837e-50       1.0000000
      0.00000       2.8630000   1.1339768e-50       1.0000000
      0.00000       2.8640000   1.0761042e-50       1.0000000
      0.00000       2.8650000   1.0212038e-50       1.0000000
      0.00000       2.8660000   9.6912205e-51       1.0000000
      0.00000       2.8670000   9.1971325e-51       1.0000000
      0.00000       2.8680000   8.7283939e-51       1.0000000
      0.00000       2.8690000   8.2836959e-51       1.0000000
      0.00000       2.8700000   7.8617979e-51       1.0000000
      0.00000       2.8710000   7.4615235e-51       1.0000000
      0.00000       2.8720000   7.0817575e-51       1.0000000
      0.00000       2.8730000   6.7214425e-51       1.0000000
      0.00000       2.8740000   6.3795760e-51       1.0000000
      0.00000       2.8750000   6.0552075e-51       1.0000000
      0.00000       2.8760000   5.7474358e-51       1.0000000
      0.00000       2.8770000   5.4554063e-51       1.0000000
      0.00000       2.8780000   5.1783088e-51       1.0000000
      0.00000       2.8790000   4.9153750e-51       1.0000000
      0.00000       2.8800000   4.6658763e-51       1.0000000
      0.00000       2.8810000   4.4291220e-51       1.0000000
      0.00000       2.8820000   4.2044570e-51       1.0000000
      0.00000       2.8830000   3.9912601e-51       1.0000000
      0.00000       2.8840000   3.7889422e-51       1.0000000
      0.00000       2.8850000   3.5969447e-51       1.0000000
      0.00000       2.8860000   3.4147379e-51       1.0000000
      0.00000       2.8870000   3.2418193e-51       1.0000000
      0.00000       2.8880000   3.0777125e-51       1.0000000
      0.00000       2.8890000   2.9219657e-51       1.0000000
      0.00000       2.8900000   2.7741502e-51       1.0000000
      0.00000       2.8910000   2.6338597e-51       1.0000000
      0.00000       2.8920000   2.5007086e-51       1.0000000
      0.00000       2.8930000   2.3743314e-51       1.0000000
      0.00000       2.8940000   2.2543813e-51       1.0000000
      0.00000       2.8950000   2.1405293e-51       1.0000000
      0.00000       2.8960000   2.0324635e-51       1.0000000
      0.00000       2.8970000   1.9298880e-51       1.0000000
      0.00000       2.8980000   1.8325221e-51       1.0000000
      0.00000       2.8990000   1.7400995e-51       1.0000000
      0.00000       2.9000000   1.6523677e-51       1.0000000
      0.00000       2.9010000   1.5690871e-51       1.0000000
      0.00000       2.9020000   1.4900305e-51       1.0000000
      0.00000       2.9030000   1.4149823e-51       1.0000000
      0.00000       2.9040000   1.3437379e-51       1.0000000
      0.00000       2.9050000   1.2761034e-51       1.0000000
      0.00000       2.9060000   1.2118947e-51       1.0000000
      0.00000       2.9070000   1.1509372e-51       1.0000000
      0.00000       2.9080000   1.0930652e-51       1.0000000
      0.00000       2.9090000   1.0381215e-51       1.0000000
      0.00000       2.9100000   9.8595714e-52       1.0000000
      0.00000       2.9110000   9.3643054e-52       1.0000000
      0.00000       2.9120000   8.8940750e-52       1.0000000
      0.00000       2.9130000   8.4476068e-52       1.0000000
      0.00000       2.9140000   8.0236924e-52       1.0000000
      0.00000       2.9150000   7.6211853e-52       1.0000000
      0.00000       2.9160000   7.2389977e-52       1.0000000
      0.00000       2.9170000   6.8760974e-52       1.0000000
      0.00000       2.9180000   6.5315048e-52       1.0000000
      0.00000       2.9190000   6.2042907e-52       1.0000000
      0.00000       2.9200000   5.8935730e-52       1.0000000
      0.00000       2.9210000   5.5985149e-52       1.0000000
      0.00000       2.9220000   5.3183222e-52       1.0000000
      0.00000       2.9230000   5.0522413e-52       1.0000000
      0.00000       2.9240000   4.7995569e-52       1.0000000
      0.00000       2.9250000   4.5595903e-52       1.0000000
      0.00000       2.9260000   4.3316975e-52       1.0000000
      0.00000       2.9270000   4.1152670e-52       1.0000000
      0.00000       2.9280000   3.9097188e-52       1.0000000
      0.00000       2.9290000   3.7145023e-52       1.0000000
      0.00000       2.9300000   3.5290949e-52       1.0000000
      0.00000       2.9310000   3.3530005e-52       1.0000000
      0.00000       2.9320000   3.1857485e-52       1.0000000
      0.00000       2.9330000   3.0268921e-52       1.0000000
      0.00000       2.9340000   2.8760071e-52       1.0000000
      0.00000       2.9350000   2.7326911e-52       1.0000000
      0.00000       2.9360000   2.5965620e-52       1.0000000
      0.00000       2.9370000   2.4672571e-52       1.0000000
      0.00000       2.9380000   2.3444321e-52       1.0000000
      0.00000       2.9390000   2.2277604e-52       1.0000000
      0.00000       2.9400000   2.1169316e-52       1.0000000
      0.00000       2.9410000   2.0116513e-52       1.0000000
      0.00000       2.9420000   1.9116401e-52       1.0000000
      0.00000       2.9430000   1.8166325e-52       1.0000000
      0.00000       2.9440000   1.7263766e-52       1.0000000
      0.00000       2.9450000   1.6406333e-52       1.0000000
      0.00000       2.9460000   1.5591755e-52       1.0000000
      0.00000       2.9470000   1.4817878e-52       1.0000000
      0.00000       2.9480000   1.4082654e-52       1.0000000
      0.00000       2.9490000   1.3384141e-52       1.0000000
      0.00000       2.9500000   1.2720494e-52       1.0000000
      0.00000       2.9510000   1.2089963e-52       1.0000000
      0.00000       2.9520000   1.1490883e-52       1.0000000
      0.00000       2.9530000   1.0921677e-52       1.0000000
      0.00000       2.9540000   1.0380846e-52       1.0000000
      0.00000       2.9550000   9.8669654e-53       1.0000000
      0.00000       2.9560000   9.3786845e-53       1.0000000
      0.00000       2.9570000   8.9147200e-53       1.0000000
      0.00000       2.9580000   8.4738532e-53       1.0000000
      0.00000       2.9590000   8.0549271e-53       1.0000000
      0.00000       2.9600000   7.6568427e-53       1.0000000
      0.00000       2.9610000   7.2785568e-53       1.0000000
      0.00000       2.9620000   6.9190785e-53       1.0000000
      0.00000       2.9630000   6.5774668e-53       1.0000000
      0.00000       2.9640000   6.2528281e-53       1.0000000
      0.00000       2.9650000   5.9443138e-53       1.0000000
      0.00000       2.9660000   5.6511181e-53       1.0000000
      0.00000       2.9670000   5.3724754e-53       1.0000000
      0.00000       2.9680000   5.1076590e-53       1.0000000
      0.00000       2.9690000   4.8559784e-53       1.0000000
      0.00000       2.9700000   4.6167780e-53       1.0000000
      0.00000       2.9710000   4.3894349e-53       1.0000000
      0.00000       2.9720000   4.1733578e-53       1.0000000
      0.00000       2.9730000   3.9679848e-53       1.0000000
      0.00000       2.9740000   3.7727824e-53       1.0000000
      0.00000       2.9750000   3.5872437e-53       1.0000000
      0.00000       2.9760000   3.4108872e-53       1.0000000
      0.00000       2.9770000   3.2432557e-53       1.0000000
      0.00000       2.9780000   3.0839148e-53       1.0000000
      0.00000       2.9790000   2.9324519e-53       1.0000000
      0.00000       2.9800000   2.7884751e-53       1.0000000
      0.00000       2.9810000   2.6516120e-53       1.0000000
      0.00000       2.9820000   2.5215090e-53       1.0000000
      0.00000       2.9830000   2.3978300e-53       1.0000000
      0.00000       2.9840000   2.2802558e-53       1.0000000
      0.00000       2.9850000   2.1684832e-53       1.0000000
      0.00000       2.9860000   2.0622242e-53       1.0000000
      0.00000       2.9870000   1.9612050e-53       1.0000000
      0.00000       2.9880000   1.8651657e-53       1.0000000
      0.00000       2.9890000   1.7738591e-53       1.0000000
      0.00000       2.9900000   1.6870507e-53       1.0000000
      0.00000       2.9910000   1.6045174e-53       1.0000000
      0.00000       2.9920000   1.5260473e-53       1.0000000
      0.00000       2.9930000   1.4514392e-53       1.0000000
      0.00000       2.9940000   1.3805018e-53       1.0000000
      0.00000       2.9950000   1.3130534e-53       1.0000000
      0.00000       2.9960000   1.2489212e-53       1.0000000
      0.00000       2.9970000   1.1879412e-53       1.0000000
      0.00000       2.9980000   1.1299575e-53       1.0000000
      0.00000       2.9990000   1.0748219e-53       1.0000000
      0.00000       3.0000000   1.0223937e-53       1.0000000
      0.00000       3.0010000   9.7253910e-54       1.0000000
      0.00000       3.0020000   9.2513093e-54       1.0000000
      0.00000       3.0030000   8.8004840e-54       1.0000000
      0.00000       3.0040000   8.3717671e-54       1.0000000
      0.00000       3.0050000   7.9640675e-54       1.0000000
      0.00000       3.0060000   7.5763486e-54       1.0000000
      0.00000       3.0070000   7.2076248e-54       1.0000000
      0.00000       3.0080000   6.8569597e-54       1.0000000
      0.00000       3.0090000   6.5234633e-54       1.0000000
      0.00000       3.0100000   6.2062897e-54       1.0000000
      0.00000       3.0110000   5.9046350e-54       1.0000000
      0.00000       3.0120000   5.6177351e-54       1.0000000
      0.00000       3.0130000   5.3448637e-54       1.0000000
      0.00000       3.0140000   5.0853306e-54       1.0000000
      0.00000       3.0150000   4.8384796e-54       1.0000000
      0.00000       3.0160000   4.6036872e-54       1.0000000
      0.00000       3.0170000   4.3803606e-54       1.0000000
      0.00000       3.0180000   4.1679363e-54       1.0000000
      0.00000       3.0190000   3.9658787e-54       1.0000000
      0.00000       3.0200000   3.7736789e-54       1.0000000
      0.00000       3.0210000   3.5908527e-54       1.0000000
      0.00000       3.0220000   3.4169403e-54       1.0000000
      0.00000       3.0230000   3.2515041e-54       1.0000000
      0.00000       3.0240000   3.0941286e-54       1.0000000
      0.00000       3.0250000   2.9444185e-54       1.0000000
      0.00000       3.0260000   2.8019981e-54       1.0000000
      0.00000       3.0270000   2.6665102e-54       1.0000000
      0.00000       3.0280000   2.5376152e-54       1.0000000
      0.00000       3.0290000   2.4149903e-54       1.0000000
      0.00000       3.0300000   2.2983285e-54       1.0000000
      0.00000       3.0310000   2.1873382e-54       1.0000000
      0.00000       3.0320000   2.0817417e-54       1.0000000
      0.00000       3.0330000   1.9812754e-54       1.0000000
      0.00000       3.0340000   1.8856884e-54       1.0000000
      0.00000       3.0350000   1.7947422e-54       1.0000000
      0.00000       3.0360000   1.7082102e-54       1.0000000
      0.00000       3.0370000   1.6258767e-54       1.0000000
      0.00000       3.0380000   1.5475367e-54       1.0000000
      0.00000       3.0390000   1.4729953e-54       1.0000000
      0.00000       3.0400000   1.4020672e-54       1.0000000
      0.00000       3.0410000   1.3345762e-54       1.0000000
      0.00000       3.0420000   1.2703545e-54       1.0000000
      0.00000       3.0430000   1.2092429e-54       1.0000000
      0.00000       3.0440000   1.1510897e-54       1.0000000
      0.00000       3.0450000   1.0957509e-54       1.0000000
      0.00000       3.0460000   1.0430894e-54       1.0000000
      0.00000       3.0470000   9.9297486e-55       1.0000000
      0.00000       3.0480000   9.4528330e-55       1.0000000
      0.00000       3.0490000   8.9989685e-55       1.0000000
      0.00000       3.0500000   8.5670339e-55       1.0000000
      0.00000       3.0510000   8.1559629e-55       1.0000000
      0.00000       3.0520000   7.7647413e-55       1.0000000
      0.00000       3.0530000   7.3924048e-55       1.0000000
      0.00000       3.0540000   7.0380359e-55       1.0000000
      0.00000       3.0550000   6.7007621e-55       1.0000000
      0.00000       3.0560000   6.3797535e-55       1.0000000
      0.00000       3.0570000   6.0742208e-55       1.0000000
      0.00000       3.0580000   5.7834132e-55       1.0000000
      0.00000       3.0590000   5.5066166e-55       1.0000000
      0.00000       3.0600000   5.2431516e-55       1.0000000
      0.00000       3.0610000   4.9923721e-55       1.0000000
      0.00000       3.0620000   4.7536635e-55       1.0000000
      0.00000       3.0630000   4.5264410e-55       1.0000000
      0.00000       3.0640000   4.3101486e-55       1.0000000
      0.00000       3.0650000   4.1042571e-55       1.0000000
      0.00000       3.0660000   3.9082632e-55       1.0000000
      0.00000       3.0670000   3.7216882e-55       1.0000000
      0.00000       3.0680000   3.5440766e-55       1.0000000
      0.00000       3.0690000   3.3749949e-55       1.0000000
      0.00000       3.0700000   3.2140310e-55       1.0000000
      0.00000       3.0710000   3.0607927e-55       1.0000000
      0.00000       3.0720000   2.9149069e-55       1.0000000
      0.00000       3.0730000   2.7760184e-55       1.0000000
      0.00000       3.0740000   2.6437897e-55       1.0000000
      0.00000       3.0750000   2.5178994e-55       1.0000000
      0.00000       3.0760000   2.3980416e-55       1.0000000
      0.00000       3.0770000   2.2839256e-55       1.0000000
      0.00000       3.0780000   2.1752745e-55       1.0000000
      0.00000       3.0790000   2.0718249e-55       1.0000000
      0.00000       3.0800000   1.9733263e-55       1.0000000
      0.00000       3.0810000   1.8795403e-55       1.0000000
      0.00000       3.0820000   1.7902399e-55       1.0000000
      0.00000       3.0830000   1.7052092e-55       1.0000000
      0.00000       3.0840000   1.6242429e-55       1.0000000
      0.00000       3.0850000   1.5471454e-55       1.0000000
      0.00000       3.0860000   1.4737307e-55       1.0000000
      0.00000       3.0870000   1.4038217e-55       1.0000000
      0.00000       3.0880000   1.3372501e-55       1.0000000
      0.00000       3.0890000   1.2738554e-55       1.0000000
      0.00000       3.0900000   1.2134852e-55       1.0000000
      0.00000       3.0910000   1.1559941e-55       1.0000000
      0.00000       3.0920000   1.1012441e-55       1.0000000
      0.00000       3.0930000   1.0491036e-55       1.0000000
      0.00000       3.0940000   9.9944749e-56       1.0000000
      0.00000       3.0950000   9.5215660e-56       1.0000000
      0.00000       3.0960000   9.0711758e-56       1.0000000
      0.00000       3.0970000   8.6422253e-56       1.0000000
      0.00000       3.0980000   8.2336874e-56       1.0000000
      0.00000       3.0990000   7.8445846e-56       1.0000000
      0.00000       3.1000000   7.4739865e-56       1.0000000
      0.00000       3.1010000   7.1210076e-56       1.0000000
      0.00000       3.1020000   6.7848049e-56       1.0000000
      0.00000       3.1030000   6.4645760e-56       1.0000000
      0.00000       3.1040000   6.1595573e-56       1.0000000
      0.00000       3.1050000   5.8690216e-56       1.0000000
      0.00000       3.1060000   5.5922770e-56       1.0000000
      0.00000       3.1070000   5.3286647e-56       1.0000000
      0.00000       3.1080000   5.0775577e-56       1.0000000
      0.00000       3.1090000   4.8383589e-56       1.0000000
      0.00000       3.1100000   4.6105001e-56       1.0000000
      0.00000       3.1110000   4.3934402e-56       1.0000000
      0.00000       3.1120000   4.1866643e-56       1.0000000
      0.00000       3.1130000   3.9896820e-56       1.0000000
      0.00000       3.1140000   3.8020266e-56       1.0000000
      0.00000       3.1150000   3.6232536e-56       1.0000000
      0.00000       3.1160000   3.4529400e-56       1.0000000
      0.00000       3.1170000   3.2906830e-56       1.0000000
      0.00000       3.1180000   3.1360990e-56       1.0000000
      0.00000       3.1190000   2.9888228e-56       1.0000000
      0.00000       3.1200000   2.8485069e-56       1.0000000
      0.00000       3.1210000   2.7148203e-56       1.0000000
      0.00000       3.1220000   2.5874477e-56       1.0000000
      0.00000       3.1230000   2.4660890e-56       1.0000000
      0.00000       3.1240000   2.3504586e-56       1.0000000
      0.00000       3.1250000   2.2402843e-56       1.0000000
      0.00000       3.1260000   2.1353070e-56       1.0000000
      0.00000       3.1270000   2.0352802e-56       1.0000000
      0.00000       3.1280000   1.9399687e-56       1.0000000
      0.00000       3.1290000   1.8491490e-56       1.0000000
      0.00000       3.1300000   1.7626081e-56       1.0000000
      0.00000       3.1310000   1.6801430e-56       1.0000000
      0.00000       3.1320000   1.6015606e-56       1.0000000
      0.00000       3.1330000   1.5266770e-56       1.0000000
      0.00000       3.1340000   1.4553169e-56       1.0000000
      0.00000       3.1350000   1.3873135e-56       1.0000000
      0.00000       3.1360000   1.3225079e-56       1.0000000
      0.00000       3.1370000   1.2607489e-56       1.0000000
      0.00000       3.1380000   1.2018921e-56       1.0000000
      0.00000       3.1390000   1.1458006e-56       1.0000000
      0.00000       3.1400000   1.0923434e-56       1.0000000
      0.00000       3.1410000   1.0413960e-56       1.0000000
      0.00000       3.1420000   9.9284003e-57       1.0000000
      0.00000       3.1430000   9.4656236e-57       1.0000000
      0.00000       3.1440000   9.0245547e-57       1.0000000
      0.00000       3.1450000   8.6041687e-57       1.0000000
      0.00000       3.1460000   8.2034898e-57       1.0000000
      0.00000       3.1470000   7.8215882e-57       1.0000000
      0.00000       3.1480000   7.4575785e-57       1.0000000
      0.00000       3.1490000   7.1106171e-57       1.0000000
      0.00000       3.1500000   6.7799005e-57       1.0000000
      0.00000       3.1510000   6.4646633e-57       1.0000000
      0.00000       3.1520000   6.1641765e-57       1.0000000
      0.00000       3.1530000   5.8777454e-57       1.0000000
      0.00000       3.1540000   5.6047086e-57       1.0000000
      0.00000       3.1550000   5.3444356e-57       1.0000000
      0.00000       3.1560000   5.0963260e-57       1.0000000
      0.00000       3.1570000   4.8598079e-57       1.0000000
      0.00000       3.1580000   4.6343362e-57       1.0000000
      0.00000       3.1590000   4.4193917e-57       1.0000000
      0.00000       3.1600000   4.2144800e-57       1.0000000
      0.00000       3.1610000   4.0191296e-57       1.0000000
      0.00000       3.1620000   3.8328917e-57       1.0000000
      0.00000       3.1630000   3.6553385e-57       1.0000000
      0.00000       3.1640000   3.4860624e-57       1.0000000
      0.00000       3.1650000   3.3246753e-57       1.0000000
      0.00000       3.1660000   3.1708070e-57       1.0000000
      0.00000       3.1670000   3.0241051e-57       1.0000000
      0.00000       3.1680000   2.8842337e-57       1.0000000
      0.00000       3.1690000   2.7508728e-57       1.0000000
      0.00000       3.1700000   2.6237174e-57       1.0000000
      0.00000       3.1710000   2.5024769e-57       1.0000000
      0.00000       3.1720000   2.3868745e-57       1.0000000
      0.00000       3.1730000   2.2766463e-57       1.0000000
      0.00000       3.1740000   2.1715409e-57       1.0000000
      0.00000       3.1750000   2.0713188e-57       1.0000000
      0.00000       3.1760000   1.9757515e-57       1.0000000
      0.00000       3.1770000   1.8846216e-57       1.0000000
      0.00000       3.1780000   1.7977217e-57       1.0000000
      0.00000       3.1790000   1.7148542e-57       1.0000000
      0.00000       3.1800000   1.6358308e-57       1.0000000
      0.00000       3.1810000   1.5604721e-57       1.0000000
      0.00000       3.1820000   1.4886071e-57       1.0000000
      0.00000       3.1830000   1.4200727e-57       1.0000000
      0.00000       3.1840000   1.3547137e-57       1.0000000
      0.00000       3.1850000   1.2923820e-57       1.0000000
      0.00000       3.1860000   1.2329364e-57       1.0000000
      0.00000       3.1870000   1.1762425e-57       1.0000000
      0.00000       3.1880000   1.1221721e-57       1.0000000
      0.00000       3.1890000   1.0706031e-57       1.0000000
      0.00000       3.1900000   1.0214190e-57       1.0000000
      0.00000       3.1910000   9.7450878e-58       1.0000000
      0.00000       3.1920000   9.2976669e-58       1.0000000
      0.00000       3.1930000   8.8709188e-58       1.0000000
      0.00000       3.1940000   8.4638823e-58       1.0000000
      0.00000       3.1950000   8.0756411e-58       1.0000000
      0.00000       3.1960000   7.7053219e-58       1.0000000
      0.00000       3.1970000   7.3520922e-58       1.0000000
      0.00000       3.1980000   7.0151583e-58       1.0000000
      0.00000       3.1990000   6.6937636e-58       1.0000000
      0.00000       3.2000000   6.3871871e-58       1.0000000
      0.00000       3.2010000   6.0947411e-58       1.0000000
      0.00000       3.2020000   5.8157703e-58       1.0000000
      0.00000       3.2030000   5.5496499e-58       1.0000000
      0.00000       3.2040000   5.2957841e-58       1.0000000
      0.00000       3.2050000   5.0536052e-58       1.0000000
      0.00000       3.2060000   4.8225716e-58       1.0000000
      0.00000       3.2070000   4.6021672e-58       1.0000000
      0.00000       3.2080000   4.3919000e-58       1.0000000
      0.00000       3.2090000   4.1913007e-58       1.0000000
      0.00000       3.2100000   3.9999220e-58       1.0000000
      0.00000       3.2110000   3.8173374e-58       1.0000000
      0.00000       3.2120000   3.6431403e-58       1.0000000
      0.00000       3.2130000   3.4769429e-58       1.0000000
      0.00000       3.2140000   3.3183754e-58       1.0000000
      0.00000       3.2150000   3.1670856e-58       1.0000000
      0.00000       3.2160000   3.0227371e-58       1.0000000
      0.00000       3.2170000   2.8850095e-58       1.0000000
      0.00000       3.2180000   2.7535973e-58       1.0000000
      0.00000       3.2190000   2.6282089e-58       1.0000000
      0.00000       3.2200000   2.5085666e-58       1.0000000
      0.00000       3.2210000   2.3944053e-58       1.0000000
      0.00000       3.2220000   2.2854724e-58       1.0000000
      0.00000       3.2230000   2.1815268e-58       1.0000000
      0.00000       3.2240000   2.0823389e-58       1.0000000
      0.00000       3.2250000   1.9876895e-58       1.0000000
      0.00000       3.2260000   1.8973696e-58       1.0000000
      0.00000       3.2270000   1.8111798e-58       1.0000000
      0.00000       3.2280000   1.7289303e-58       1.0000000
      0.00000       3.2290000   1.6504396e-58       1.0000000
      0.00000       3.2300000   1.5755349e-58       1.0000000
      0.00000       3.2310000   1.5040514e-58       1.0000000
      0.00000       3.2320000   1.4358318e-58       1.0000000
      0.00000       3.2330000   1.3707261e-58       1.0000000
      0.00000       3.2340000   1.3085914e-58       1.0000000
      0.00000       3.2350000   1.2492911e-58       1.0000000
      0.00000       3.2360000   1.1926951e-58       1.0000000
      0.00000       3.2370000   1.1386794e-58       1.0000000
      0.00000       3.2380000   1.0871256e-58       1.0000000
      0.00000       3.2390000   1.0379207e-58       1.0000000
      0.00000       3.2400000   9.9095710e-59       1.0000000
      0.00000       3.2410000   9.4613200e-59       1.0000000
      0.00000       3.2420000   9.0334742e-59       1.0000000
      0.00000       3.2430000   8.6250989e-59       1.0000000
      0.00000       3.2440000   8.2353025e-59       1.0000000
      0.00000       3.2450000   7.8632343e-59       1.0000000
      0.00000       3.2460000   7.5080830e-59       1.0000000
      0.00000       3.2470000   7.1690745e-59       1.0000000
      0.00000       3.2480000   6.8454705e-59       1.0000000
      0.00000       3.2490000   6.5365665e-59       1.0000000
      0.00000       3.2500000   6.2416906e-59       1.0000000
      0.00000       3.2510000   5.9602018e-59       1.0000000
      0.00000       3.2520000   5.6914883e-59       1.0000000
      0.00000       3.2530000   5.4349668e-59       1.0000000
      0.00000       3.2540000   5.1900805e-59       1.0000000
      0.00000       3.2550000   4.9562984e-59       1.0000000
      0.00000       3.2560000   4.7331139e-59       1.0000000
      0.00000       3.2570000   4.5200434e-59       1.0000000
      0.00000       3.2580000   4.3166257e-59       1.0000000
      0.00000       3.2590000   4.1224208e-59       1.0000000
      0.00000       3.2600000   3.9370087e-59       1.0000000
      0.00000       3.2610000   3.7599889e-59       1.0000000
      0.00000       3.2620000   3.5909791e-59       1.0000000
      0.00000       3.2630000   3.4296146e-59       1.0000000
      0.00000       3.2640000   3.2755473e-59       1.0000000
      0.00000       3.2650000   3.1284451e-59       1.0000000
      0.00000       3.2660000   2.9879913e-59       1.0000000
      0.00000       3.2670000   2.8538833e-59       1.0000000
      0.00000       3.2680000   2.7258328e-59       1.0000000
      0.00000       3.2690000   2.6035642e-59       1.0000000
      0.00000       3.2700000   2.4868150e-59       1.0000000
      0.00000       3.2710000   2.3753344e-59       1.0000000
      0.00000       3.2720000   2.2688832e-59       1.0000000
      0.00000       3.2730000   2.1672329e-59       1.0000000
      0.00000       3.2740000   2.0701658e-59       1.0000000
      0.00000       3.2750000   1.9774738e-59       1.0000000
      0.00000       3.2760000   1.8889585e-59       1.0000000
      0.00000       3.2770000   1.8044306e-59       1.0000000
      0.00000       3.2780000   1.7237092e-59       1.0000000
      0.00000       3.2790000   1.6466219e-59       1.0000000
      0.00000       3.2800000   1.5730040e-59       1.0000000
      0.00000       3.2810000   1.5026984e-59       1.0000000
      0.00000       3.2820000   1.4355551e-59       1.0000000
      0.00000       3.2830000   1.3714310e-59       1.0000000
      0.00000       3.2840000   1.3101895e-59       1.0000000
      0.00000       3.2850000   1.2517001e-59       1.0000000
      0.00000       3.2860000   1.1958385e-59       1.0000000
      0.00000       3.2870000   1.1424857e-59       1.0000000
      0.00000       3.2880000   1.0915284e-59       1.0000000
      0.00000       3.2890000   1.0428584e-59       1.0000000
      0.00000       3.2900000   9.9637241e-60       1.0000000
      0.00000       3.2910000   9.5197171e-60       1.0000000
      0.00000       3.2920000   9.0956220e-60       1.0000000
      0.00000       3.2930000   8.6905403e-60       1.0000000
      0.00000       3.2940000   8.3036142e-60       1.0000000
      0.00000       3.2950000   7.9340247e-60       1.0000000
      0.00000       3.2960000   7.5809901e-60       1.0000000
      0.00000       3.2970000   7.2437644e-60       1.0000000
      0.00000       3.2980000   6.9216349e-60       1.0000000
      0.00000       3.2990000   6.6139218e-60       1.0000000
      0.00000       3.3000000   6.3199756e-60       1.0000000
      0.00000       3.3010000   6.0391767e-60       1.0000000
      0.00000       3.3020000   5.7709332e-60       1.0000000
      0.00000       3.3030000   5.5146802e-60       1.0000000
      0.00000       3.3040000   5.2698783e-60       1.0000000
      0.00000       3.3050000   5.0360127e-60       1.0000000
      0.00000       3.3060000   4.8125915e-60       1.0000000
      0.00000       3.3070000   4.5991455e-60       1.0000000
      0.00000       3.3080000   4.3952264e-60       1.0000000
      0.00000       3.3090000   4.2004064e-60       1.0000000
      0.00000       3.3100000   4.0142768e-60       1.0000000
      0.00000       3.3110000   3.8364476e-60       1.0000000
      0.00000       3.3120000   3.6665463e-60       1.0000000
      0.00000       3.3130000   3.5042171e-60       1.0000000
      0.00000       3.3140000   3.3491205e-60       1.0000000
      0.00000       3.3150000   3.2009322e-60       1.0000000
      0.00000       3.3160000   3.0593425e-60       1.0000000
      0.00000       3.3170000   2.9240558e-60       1.0000000
      0.00000       3.3180000   2.7947897e-60       1.0000000
      0.00000       3.3190000   2.6712745e-60       1.0000000
      0.00000       3.3200000   2.5532529e-60       1.0000000
      0.00000       3.3210000   2.4404788e-60       1.0000000
      0.00000       3.3220000   2.3327176e-60       1.0000000
      0.00000       3.3230000   2.2297450e-60       1.0000000
      0.00000       3.3240000   2.1313468e-60       1.0000000
      0.00000       3.3250000   2.0373186e-60       1.0000000
      0.00000       3.3260000   1.9474650e-60       1.0000000
      0.00000       3.3270000   1.8615995e-60       1.0000000
      0.00000       3.3280000   1.7795441e-60       1.0000000
      0.00000       3.3290000   1.7011285e-60       1.0000000
      0.00000       3.3300000   1.6261903e-60       1.0000000
      0.00000       3.3310000   1.5545743e-60       1.0000000
      0.00000       3.3320000   1.4861323e-60       1.0000000
      0.00000       3.3330000   1.4207228e-60       1.0000000
      0.00000       3.3340000   1.3582104e-60       1.0000000
      0.00000       3.3350000   1.2984662e-60       1.0000000
      0.00000       3.3360000   1.2413667e-60       1.0000000
      0.00000       3.3370000   1.1867941e-60       1.0000000
      0.00000       3.3380000   1.1346359e-60       1.0000000
      0.00000       3.3390000   1.0847846e-60       1.0000000
      0.00000       3.3400000   1.0371376e-60       1.0000000
      0.00000       3.3410000   9.9159663e-61       1.0000000
      0.00000       3.3420000   9.4806814e-61       1.0000000
      0.00000       3.3430000   9.0646261e-61       1.0000000
      0.00000       3.3440000   8.6669456e-61       1.0000000
      0.00000       3.3450000   8.2868231e-61       1.0000000
      0.00000       3.3460000   7.9234786e-61       1.0000000
      0.00000       3.3470000   7.5761669e-61       1.0000000
      0.00000       3.3480000   7.2441759e-61       1.0000000
      0.00000       3.3490000   6.9268256e-61       1.0000000
      0.00000       3.3500000   6.6234663e-61       1.0000000
      0.00000       3.3510000   6.3334772e-61       1.0000000
      0.00000       3.3520000   6.0562653e-61       1.0000000
      0.00000       3.3530000   5.7912641e-61       1.0000000
      0.00000       3.3540000   5.5379323e-61       1.0000000
      0.00000       3.3550000   5.2957529e-61       1.0000000
      0.00000       3.3560000   5.0642316e-61       1.0000000
      0.00000       3.3570000   4.8428966e-61       1.0000000
      0.00000       3.3580000   4.6312968e-61       1.0000000
      0.00000       3.3590000   4.4290013e-61       1.0000000
      0.00000       3.3600000   4.2355984e-61       1.0000000
      0.00000       3.3610000   4.0506947e-61       1.0000000
      0.00000       3.3620000   3.8739144e-61       1.0000000
      0.00000       3.3630000   3.7048983e-61       1.0000000
      0.00000       3.3640000   3.5433032e-61       1.0000000
      0.00000       3.3650000   3.3888013e-61       1.0000000
      0.00000       3.3660000   3.2410792e-61       1.0000000
      0.00000       3.3670000   3.0998375e-61       1.0000000
      0.00000       3.3680000   2.9647902e-61       1.0000000
      0.00000       3.3690000   2.8356638e-61       1.0000000
      0.00000       3.3700000   2.7121971e-61       1.0000000
      0.00000       3.3710000   2.5941406e-61       1.0000000
      0.00000       3.3720000   2.4812555e-61       1.0000000
      0.00000       3.3730000   2.3733140e-61       1.0000000
      0.00000       3.3740000   2.2700982e-61       1.0000000
      0.00000       3.3750000   2.1713999e-61       1.0000000
      0.00000       3.3760000   2.0770201e-61       1.0000000
      0.00000       3.3770000   1.9867686e-61       1.0000000
      0.00000       3.3780000   1.9004638e-61       1.0000000
      0.00000       3.3790000   1.8179319e-61       1.0000000
      0.00000       3.3800000   1.7390071e-61       1.0000000
      0.00000       3.3810000   1.6635305e-61       1.0000000
      0.00000       3.3820000   1.5913507e-61       1.0000000
      0.00000       3.3830000   1.5223227e-61       1.0000000
      0.00000       3.3840000   1.4563080e-61       1.0000000
      0.00000       3.3850000   1.3931742e-61       1.0000000
      0.00000       3.3860000   1.3327949e-61       1.0000000
      0.00000       3.3870000   1.2750490e-61       1.0000000
      0.00000       3.3880000   1.2198211e-61       1.0000000
      0.00000       3.3890000   1.1670005e-61       1.0000000
      0.00000       3.3900000   1.1164818e-61       1.0000000
      0.00000       3.3910000   1.0681640e-61       1.0000000
      0.00000       3.3920000   1.0219505e-61       1.0000000
      0.00000       3.3930000   9.7774913e-62       1.0000000
      0.00000       3.3940000   9.3547177e-62       1.0000000
      0.00000       3.3950000   8.9503412e-62       1.0000000
      0.00000       3.3960000   8.5635562e-62       1.0000000
      0.00000       3.3970000   8.1935924e-62       1.0000000
      0.00000       3.3980000   7.8397138e-62       1.0000000
      0.00000       3.3990000   7.5012165e-62       1.0000000
      0.00000       3.4000000   7.1774277e-62       1.0000000
      0.00000       3.4010000   6.8677044e-62       1.0000000
      0.00000       3.4020000   6.5714316e-62       1.0000000
      0.00000       3.4030000   6.2880215e-62       1.0000000
      0.00000       3.4040000   6.0169122e-62       1.0000000
      0.00000       3.4050000   5.7575663e-62       1.0000000
      0.00000       3.4060000   5.5094702e-62       1.0000000
      0.00000       3.4070000   5.2721329e-62       1.0000000
      0.00000       3.4080000   5.0450848e-62       1.0000000
      0.00000       3.4090000   4.8278770e-62       1.0000000
      0.00000       3.4100000   4.6200804e-62       1.0000000
      0.00000       3.4110000   4.4212846e-62       1.0000000
      0.00000       3.4120000   4.2310973e-62       1.0000000
      0.00000       3.4130000   4.0491433e-62       1.0000000
      0.00000       3.4140000   3.8750639e-62       1.0000000
      0.00000       3.4150000   3.7085162e-62       1.0000000
      0.00000       3.4160000   3.5491723e-62       1.0000000
      0.00000       3.4170000   3.3967186e-62       1.0000000
      0.00000       3.4180000   3.2508552e-62       1.0000000
      0.00000       3.4190000   3.1112955e-62       1.0000000
      0.00000       3.4200000   2.9777654e-62       1.0000000
      0.00000       3.4210000   2.8500026e-62       1.0000000
      0.00000       3.4220000   2.7277565e-62       1.0000000
      0.00000       3.4230000   2.6107874e-62       1.0000000
      0.00000       3.4240000   2.4988661e-62       1.0000000
      0.00000       3.4250000   2.3917733e-62       1.0000000
      0.00000       3.4260000   2.2892994e-62       1.0000000
      0.00000       3.4270000   2.1912439e-62       1.0000000
      0.00000       3.4280000   2.0974151e-62       1.0000000
      0.00000       3.4290000   2.0076297e-62       1.0000000
      0.00000       3.4300000   1.9217123e-62       1.0000000
      0.00000       3.4310000   1.8394953e-62       1.0000000
      0.00000       3.4320000   1.7608182e-62       1.0000000
      0.00000       3.4330000   1.6855276e-62       1.0000000
      0.00000       3.4340000   1.6134769e-62       1.0000000
      0.00000       3.4350000   1.5445258e-62       1.0000000
      0.00000       3.4360000   1.4785401e-62       1.0000000
      0.00000       3.4370000   1.4153914e-62       1.0000000
      0.00000       3.4380000   1.3549571e-62       1.0000000
      0.00000       3.4390000   1.2971196e-62       1.0000000
      0.00000       3.4400000   1.2417667e-62       1.0000000
      0.00000       3.4410000   1.1887910e-62       1.0000000
      0.00000       3.4420000   1.1380897e-62       1.0000000
      0.00000       3.4430000   1.0895646e-62       1.0000000
      0.00000       3.4440000   1.0431217e-62       1.0000000
      0.00000       3.4450000   9.9867102e-63       1.0000000
      0.00000       3.4460000   9.5612664e-63       1.0000000
      0.00000       3.4470000   9.1540625e-63       1.0000000
      0.00000       3.4480000   8.7643117e-63       1.0000000
      0.00000       3.4490000   8.3912610e-63       1.0000000
      0.00000       3.4500000   8.0341905e-63       1.0000000
      0.00000       3.4510000   7.6924112e-63       1.0000000
      0.00000       3.4520000   7.3652642e-63       1.0000000
      0.00000       3.4530000   7.0521190e-63       1.0000000
      0.00000       3.4540000   6.7523726e-63       1.0000000
      0.00000       3.4550000   6.4654481e-63       1.0000000
      0.00000       3.4560000   6.1907935e-63       1.0000000
      0.00000       3.4570000   5.9278807e-63       1.0000000
      0.00000       3.4580000   5.6762046e-63       1.0000000
      0.00000       3.4590000   5.4352820e-63       1.0000000
      0.00000       3.4600000   5.2046504e-63       1.0000000
      0.00000       3.4610000   4.9838675e-63       1.0000000
      0.00000       3.4620000   4.7725101e-63       1.0000000
      0.00000       3.4630000   4.5701731e-63       1.0000000
      0.00000       3.4640000   4.3764693e-63       1.0000000
      0.00000       3.4650000   4.1910278e-63       1.0000000
      0.00000       3.4660000   4.0134941e-63       1.0000000
      0.00000       3.4670000   3.8435288e-63       1.0000000
      0.00000       3.4680000   3.6808072e-63       1.0000000
      0.00000       3.4690000   3.5250186e-63       1.0000000
      0.00000       3.4700000   3.3758657e-63       1.0000000
      0.00000       3.4710000   3.2330642e-63       1.0000000
      0.00000       3.4720000   3.0963419e-63       1.0000000
      0.00000       3.4730000   2.9654383e-63       1.0000000
      0.00000       3.4740000   2.8401042e-63       1.0000000
      0.00000       3.4750000   2.7201011e-63       1.0000000
      0.00000       3.4760000   2.6052009e-63       1.0000000
      0.00000       3.4770000   2.4951852e-63       1.0000000
      0.00000       3.4780000   2.3898450e-63       1.0000000
      0.00000       3.4790000   2.2889804e-63       1.0000000
      0.00000       3.4800000   2.1924000e-63       1.0000000
      0.00000       3.4810000   2.0999207e-63       1.0000000
      0.00000       3.4820000   2.0113672e-63       1.0000000
      0.00000       3.4830000   1.9265719e-63       1.0000000
      0.00000       3.4840000   1.8453742e-63       1.0000000
      0.00000       3.4850000   1.7676205e-63       1.0000000
      0.00000       3.4860000   1.6931638e-63       1.0000000
      0.00000       3.4870000   1.6218634e-63       1.0000000
      0.00000       3.4880000   1.5535847e-63       1.0000000
      0.00000       3.4890000   1.4881989e-63       1.0000000
      0.00000       3.4900000   1.4255825e-63       1.0000000
      0.00000       3.4910000   1.3656175e-63       1.0000000
      0.00000       3.4920000   1.3081909e-63       1.0000000
      0.00000       3.4930000   1.2531947e-63       1.0000000
      0.00000       3.4940000   1.2005252e-63       1.0000000
      0.00000       3.4950000   1.1500835e-63       1.0000000
      0.00000       3.4960000   1.1017747e-63       1.0000000
      0.00000       3.4970000   1.0555080e-63       1.0000000
      0.00000       3.4980000   1.0111966e-63       1.0000000
      0.00000       3.4990000   9.6875736e-64       1.0000000
      0.00000       3.5000000   9.2811060e-64       1.0000000
      0.00000       3.5010000   8.8918017e-64       1.0000000
      0.00000       3.5020000   8.5189314e-64       1.0000000
      0.00000       3.5030000   8.1617970e-64       1.0000000
      0.00000       3.5040000   7.8197301e-64       1.0000000
      0.00000       3.5050000   7.4920909e-64       1.0000000
      0.00000       3.5060000   7.1782672e-64       1.0000000
      0.00000       3.5070000   6.8776727e-64       1.0000000
      0.00000       3.5080000   6.5897461e-64       1.0000000
      0.00000       3.5090000   6.3139502e-64       1.0000000
      0.00000       3.5100000   6.0497707e-64       1.0000000
      0.00000       3.5110000   5.7967152e-64       1.0000000
      0.00000       3.5120000   5.5543124e-64       1.0000000
      0.00000       3.5130000   5.3221109e-64       1.0000000
      0.00000       3.5140000   5.0996787e-64       1.0000000
      0.00000       3.5150000   4.8866022e-64       1.0000000
      0.00000       3.5160000   4.6824853e-64       1.0000000
      0.00000       3.5170000   4.4869491e-64       1.0000000
      0.00000       3.5180000   4.2996303e-64       1.0000000
      0.00000       3.5190000   4.1201816e-64       1.0000000
      0.00000       3.5200000   3.9482702e-64       1.0000000
      0.00000       3.5210000   3.7835774e-64       1.0000000
      0.00000       3.5220000   3.6257983e-64       1.0000000
      0.00000       3.5230000   3.4746407e-64       1.0000000
      0.00000       3.5240000   3.3298251e-64       1.0000000
      0.00000       3.5250000   3.1910836e-64       1.0000000
      0.00000       3.5260000   3.0581599e-64       1.0000000
      0.00000       3.5270000   2.9308085e-64       1.0000000
      0.00000       3.5280000   2.8087942e-64       1.0000000
      0.00000       3.5290000   2.6918920e-64       1.0000000
      0.00000       3.5300000   2.5798864e-64       1.0000000
      0.00000       3.5310000   2.4725709e-64       1.0000000
      0.00000       3.5320000   2.3697479e-64       1.0000000
      0.00000       3.5330000   2.2712282e-64       1.0000000
      0.00000       3.5340000   2.1768305e-64       1.0000000
      0.00000       3.5350000   2.0863812e-64       1.0000000
      0.00000       3.5360000   1.9997142e-64       1.0000000
      0.00000       3.5370000   1.9166703e-64       1.0000000
      0.00000       3.5380000   1.8370970e-64       1.0000000
      0.00000       3.5390000   1.7608485e-64       1.0000000
      0.00000       3.5400000   1.6877848e-64       1.0000000
      0.00000       3.5410000   1.6177722e-64       1.0000000
      0.00000       3.5420000   1.5506824e-64       1.0000000
      0.00000       3.5430000   1.4863926e-64       1.0000000
      0.00000       3.5440000   1.4247852e-64       1.0000000
      0.00000       3.5450000   1.3657476e-64       1.0000000
      0.00000       3.5460000   1.3091720e-64       1.0000000
      0.00000       3.5470000   1.2549549e-64       1.0000000
      0.00000       3.5480000   1.2029975e-64       1.0000000
      0.00000       3.5490000   1.1532049e-64       1.0000000
      0.00000       3.5500000   1.1054865e-64       1.0000000
      0.00000       3.5510000   1.0597552e-64       1.0000000
      0.00000       3.5520000   1.0159277e-64       1.0000000
      0.00000       3.5530000   9.7392444e-65       1.0000000
      0.00000       3.5540000   9.3366884e-65       1.0000000
      0.00000       3.5550000   8.9508778e-65       1.0000000
      0.00000       3.5560000   8.5811114e-65       1.0000000
      0.00000       3.5570000   8.2267179e-65       1.0000000
      0.00000       3.5580000   7.8870542e-65       1.0000000
      0.00000       3.5590000   7.5615040e-65       1.0000000
      0.00000       3.5600000   7.2494772e-65       1.0000000
      0.00000       3.5610000   6.9504086e-65       1.0000000
      0.00000       3.5620000   6.6637565e-65       1.0000000
      0.00000       3.5630000   6.3890021e-65       1.0000000
      0.00000       3.5640000   6.1256486e-65       1.0000000
      0.00000       3.5650000   5.8732198e-65       1.0000000
      0.00000       3.5660000   5.6312597e-65       1.0000000
      0.00000       3.5670000   5.3993314e-65       1.0000000
      0.00000       3.5680000   5.1770163e-65       1.0000000
      0.00000       3.5690000   4.9639134e-65       1.0000000
      0.00000       3.5700000   4.7596385e-65       1.0000000
      0.00000       3.5710000   4.5638237e-65       1.0000000
      0.00000       3.5720000   4.3761163e-65       1.0000000
      0.00000       3.5730000   4.1961785e-65       1.0000000
      0.00000       3.5740000   4.0236867e-65       1.0000000
      0.00000       3.5750000   3.8583308e-65       1.0000000
      0.00000       3.5760000   3.6998138e-65       1.0000000
      0.00000       3.5770000   3.5478509e-65       1.0000000
      0.00000       3.5780000   3.4021695e-65       1.0000000
      0.00000       3.5790000   3.2625083e-65       1.0000000
      0.00000       3.5800000   3.1286169e-65       1.0000000
      0.00000       3.5810000   3.0002555e-65       1.0000000
      0.00000       3.5820000   2.8771941e-65       1.0000000
      0.00000       3.5830000   2.7592126e-65       1.0000000
      0.00000       3.5840000   2.6460999e-65       1.0000000
      0.00000       3.5850000   2.5376539e-65       1.0000000
      0.00000       3.5860000   2.4336807e-65       1.0000000
      0.00000       3.5870000   2.3339948e-65       1.0000000
      0.00000       3.5880000   2.2384182e-65       1.0000000
      0.00000       3.5890000   2.1467805e-65       1.0000000
      0.00000       3.5900000   2.0589182e-65       1.0000000
      0.00000       3.5910000   1.9746749e-65       1.0000000
      0.00000       3.5920000   1.8939006e-65       1.0000000
      0.00000       3.5930000   1.8164515e-65       1.0000000
      0.00000       3.5940000   1.7421898e-65       1.0000000
      0.00000       3.5950000   1.6709836e-65       1.0000000
      0.00000       3.5960000   1.6027062e-65       1.0000000
      0.00000       3.5970000   1.5372366e-65       1.0000000
      0.00000       3.5980000   1.4744584e-65       1.0000000
      0.00000       3.5990000   1.4142604e-65       1.0000000
      0.00000       3.6000000   1.3565358e-65       1.0000000
      0.00000       3.6010000   1.3011824e-65       1.0000000
      0.00000       3.6020000   1.2481021e-65       1.0000000
      0.00000       3.6030000   1.1972010e-65       1.0000000
      0.00000       3.6040000   1.1483890e-65       1.0000000
      0.00000       3.6050000   1.1015800e-65       1.0000000
      0.00000       3.6060000   1.0566910e-65       1.0000000
      0.00000       3.6070000   1.0136430e-65       1.0000000
      0.00000       3.6080000   9.7235993e-66       1.0000000
      0.00000       3.6090000   9.3276894e-66       1.0000000
      0.00000       3.6100000   8.9480026e-66       1.0000000
      0.00000       3.6110000   8.5838698e-66       1.0000000
      0.00000       3.6120000   8.2346499e-66       1.0000000
      0.00000       3.6130000   7.8997282e-66       1.0000000
      0.00000       3.6140000   7.5785157e-66       1.0000000
      0.00000       3.6150000   7.2704475e-66       1.0000000
      0.00000       3.6160000   6.9749824e-66       1.0000000
      0.00000       3.6170000   6.6916015e-66       1.0000000
      0.00000       3.6180000   6.4198075e-66       1.0000000
      0.00000       3.6190000   6.1591236e-66       1.0000000
      0.00000       3.6200000   5.9090927e-66       1.0000000
      0.00000       3.6210000   5.6692768e-66       1.0000000
      0.00000       3.6220000   5.4392559e-66       1.0000000
      0.00000       3.6230000   5.2186273e-66       1.0000000
      0.00000       3.6240000   5.0070051e-66       1.0000000
      0.00000       3.6250000   4.8040194e-66       1.0000000
      0.00000       3.6260000   4.6093154e-66       1.0000000
      0.00000       3.6270000   4.4225530e-66       1.0000000
      0.00000       3.6280000   4.2434064e-66       1.0000000
      0.00000       3.6290000   4.0715630e-66       1.0000000
      0.00000       3.6300000   3.9067231e-66       1.0000000
      0.00000       3.6310000   3.7485996e-66       1.0000000
      0.00000       3.6320000   3.5969169e-66       1.0000000
      0.00000       3.6330000   3.4514112e-66       1.0000000
      0.00000       3.6340000   3.3118293e-66       1.0000000
      0.00000       3.6350000   3.1779284e-66       1.0000000
      0.00000       3.6360000   3.0494759e-66       1.0000000
      0.00000       3.6370000   2.9262487e-66       1.0000000
      0.00000       3.6380000   2.8080328e-66       1.0000000
      0.00000       3.6390000   2.6946232e-66       1.0000000
      0.00000       3.6400000   2.5858233e-66       1.0000000
      0.00000       3.6410000   2.4814444e-66       1.0000000
      0.00000       3.6420000   2.3813058e-66       1.0000000
      0.00000       3.6430000   2.2852341e-66       1.0000000
      0.00000       3.6440000   2.1930632e-66       1.0000000
      0.00000       3.6450000   2.1046335e-66       1.0000000
      0.00000       3.6460000   2.0197924e-66       1.0000000
      0.00000       3.6470000   1.9383932e-66       1.0000000
      0.00000       3.6480000   1.8602955e-66       1.0000000
      0.00000       3.6490000   1.7853644e-66       1.0000000
      0.00000       3.6500000   1.7134708e-66       1.0000000
      0.00000       3.6510000   1.6444908e-66       1.0000000
      0.00000       3.6520000   1.5783055e-66       1.0000000
      0.00000       3.6530000   1.5148009e-66       1.0000000
      0.00000       3.6540000   1.4538679e-66       1.0000000
      0.00000       3.6550000   1.3954015e-66       1.0000000
      0.00000       3.6560000   1.3393014e-66       1.0000000
      0.00000       3.6570000   1.2854712e-66       1.0000000
      0.00000       3.6580000   1.2338183e-66       1.0000000
      0.00000       3.6590000   1.1842543e-66       1.0000000
      0.00000       3.6600000   1.1366940e-66       1.0000000
      0.00000       3.6610000   1.0910560e-66       1.0000000
      0.00000       3.6620000   1.0472621e-66       1.0000000
      0.00000       3.6630000   1.0052373e-66       1.0000000
      0.00000       3.6640000   9.6490962e-67       1.0000000
      0.00000       3.6650000   9.2621016e-67       1.0000000
      0.00000       3.6660000   8.8907273e-67       1.0000000
      0.00000       3.6670000   8.5343390e-67       1.0000000
      0.00000       3.6680000   8.1923281e-67       1.0000000
      0.00000       3.6690000   7.8641108e-67       1.0000000
      0.00000       3.6700000   7.5491273e-67       1.0000000
      0.00000       3.6710000   7.2468406e-67       1.0000000
      0.00000       3.6720000   6.9567357e-67       1.0000000
      0.00000       3.6730000   6.6783186e-67       1.0000000
      0.00000       3.6740000   6.4111153e-67       1.0000000
      0.00000       3.6750000   6.1546714e-67       1.0000000
      0.00000       3.6760000   5.9085509e-67       1.0000000
      0.00000       3.6770000   5.6723354e-67       1.0000000
      0.00000       3.6780000   5.4456240e-67       1.0000000
      0.00000       3.6790000   5.2280317e-67       1.0000000
      0.00000       3.6800000   5.0191894e-67       1.0000000
      0.00000       3.6810000   4.8187430e-67       1.0000000
      0.00000       3.6820000   4.6263529e-67       1.0000000
      0.00000       3.6830000   4.4416932e-67       1.0000000
      0.00000       3.6840000   4.2644513e-67       1.0000000
      0.00000       3.6850000   4.0943273e-67       1.0000000
      0.00000       3.6860000   3.9310336e-67       1.0000000
      0.00000       3.6870000   3.7742942e-67       1.0000000
      0.00000       3.6880000   3.6238443e-67       1.0000000
      0.00000       3.6890000   3.4794300e-67       1.0000000
      0.00000       3.6900000   3.3408076e-67       1.0000000
      0.00000       3.6910000   3.2077433e-67       1.0000000
      0.00000       3.6920000   3.0800129e-67       1.0000000
      0.00000       3.6930000   2.9574012e-67       1.0000000
      0.00000       3.6940000   2.8397017e-67       1.0000000
      0.00000       3.6950000   2.7267164e-67       1.0000000
      0.00000       3.6960000   2.6182554e-67       1.0000000
      0.00000       3.6970000   2.5141362e-67       1.0000000
      0.00000       3.6980000   2.4141840e-67       1.0000000
      0.00000       3.6990000   2.3182309e-67       1.0000000
      0.00000       3.7000000   2.2261159e-67       1.0000000
      0.00000       3.7010000   2.1376846e-67       1.0000000
      0.00000       3.7020000   2.0527886e-67       1.0000000
      0.00000       3.7030000   1.9712857e-67       1.0000000
      0.00000       3.7040000   1.8930395e-67       1.0000000
      0.00000       3.7050000   1.8179190e-67       1.0000000
      0.00000       3.7060000   1.7457986e-67       1.0000000
      0.00000       3.7070000   1.6765576e-67       1.0000000
      0.00000       3.7080000   1.6100804e-67       1.0000000
      0.00000       3.7090000   1.5462560e-67       1.0000000
      0.00000       3.7100000   1.4849777e-67       1.0000000
      0.00000       3.7110000   1.4261435e-67       1.0000000
      0.00000       3.7120000   1.3696552e-67       1.0000000
      0.00000       3.7130000   1.3154187e-67       1.0000000
      0.00000       3.7140000   1.2633436e-67       1.0000000
      0.00000       3.7150000   1.2133432e-67       1.0000000
      0.00000       3.7160000   1.1653345e-67       1.0000000
      0.00000       3.7170000   1.1192374e-67       1.0000000
      0.00000       3.7180000   1.0749755e-67       1.0000000
      0.00000       3.7190000   1.0324752e-67       1.0000000
      0.00000       3.7200000   9.9166595e-68       1.0000000
      0.00000       3.7210000   9.5248004e-68       1.0000000
      0.00000       3.7220000   9.1485247e-68       1.0000000
      0.00000       3.7230000   8.7872089e-68       1.0000000
      0.00000       3.7240000   8.4402544e-68       1.0000000
      0.00000       3.7250000   8.1070868e-68       1.0000000
      0.00000       3.7260000   7.7871547e-68       1.0000000
      0.00000       3.7270000   7.4799289e-68       1.0000000
      0.00000       3.7280000   7.1849017e-68       1.0000000
      0.00000       3.7290000   6.9015856e-68       1.0000000
      0.00000       3.7300000   6.6295128e-68       1.0000000
      0.00000       3.7310000   6.3682342e-68       1.0000000
      0.00000       3.7320000   6.1173189e-68       1.0000000
      0.00000       3.7330000   5.8763533e-68       1.0000000
      0.00000       3.7340000   5.6449402e-68       1.0000000
      0.00000       3.7350000   5.4226986e-68       1.0000000
      0.00000       3.7360000   5.2092626e-68       1.0000000
      0.00000       3.7370000   5.0042812e-68       1.0000000
      0.00000       3.7380000   4.8074174e-68       1.0000000
      0.00000       3.7390000   4.6183476e-68       1.0000000
      0.00000       3.7400000   4.4367612e-68       1.0000000
      0.00000       3.7410000   4.2623603e-68       1.0000000
      0.00000       3.7420000   4.0948586e-68       1.0000000
      0.00000       3.7430000   3.9339815e-68       1.0000000
      0.00000       3.7440000   3.7794654e-68       1.0000000
      0.00000       3.7450000   3.6310571e-68       1.0000000
      0.00000       3.7460000   3.4885137e-68       1.0000000
      0.00000       3.7470000   3.3516019e-68       1.0000000
      0.00000       3.7480000   3.2200977e-68       1.0000000
      0.00000       3.7490000   3.0937864e-68       1.0000000
      0.00000       3.7500000   2.9724614e-68       1.0000000
      0.00000       3.7510000   2.8559248e-68       1.0000000
      0.00000       3.7520000   2.7439862e-68       1.0000000
      0.00000       3.7530000   2.6364633e-68       1.0000000
      0.00000       3.7540000   2.5331805e-68       1.0000000
      0.00000       3.7550000   2.4339698e-68       1.0000000
      0.00000       3.7560000   2.3386695e-68       1.0000000
      0.00000       3.7570000   2.2471245e-68       1.0000000
      0.00000       3.7580000   2.1591858e-68       1.0000000
      0.00000       3.7590000   2.0747106e-68       1.0000000
      0.00000       3.7600000   1.9935615e-68       1.0000000
      0.00000       3.7610000   1.9156068e-68       1.0000000
      0.00000       3.7620000   1.8407199e-68       1.0000000
      0.00000       3.7630000   1.7687793e-68       1.0000000
      0.00000       3.7640000   1.6996683e-68       1.0000000
      0.00000       3.7650000   1.6332750e-68       1.0000000
      0.00000       3.7660000   1.5694917e-68       1.0000000
      0.00000       3.7670000   1.5082153e-68       1.0000000
      0.00000       3.7680000   1.4493466e-68       1.0000000
      0.00000       3.7690000   1.3927904e-68       1.0000000
      0.00000       3.7700000   1.3384552e-68       1.0000000
      0.00000       3.7710000   1.2862534e-68       1.0000000
      0.00000       3.7720000   1.2361005e-68       1.0000000
      0.00000       3.7730000   1.1879157e-68       1.0000000
      0.00000       3.7740000   1.1416212e-68       1.0000000
      0.00000       3.7750000   1.0971424e-68       1.0000000
      0.00000       3.7760000   1.0544076e-68       1.0000000
      0.00000       3.7770000   1.0133481e-68       1.0000000
      0.00000       3.7780000   9.7389772e-69       1.0000000
      0.00000       3.7790000   9.3599299e-69       1.0000000
      0.00000       3.7800000   8.9957300e-69       1.0000000
      0.00000       3.7810000   8.6457920e-69       1.0000000
      0.00000       3.7820000   8.3095539e-69       1.0000000
      0.00000       3.7830000   7.9864760e-69       1.0000000
      0.00000       3.7840000   7.6760399e-69       1.0000000
      0.00000       3.7850000   7.3777479e-69       1.0000000
      0.00000       3.7860000   7.0911217e-69       1.0000000
      0.00000       3.7870000   6.8157024e-69       1.0000000
      0.00000       3.7880000   6.5510488e-69       1.0000000
      0.00000       3.7890000   6.2967376e-69       1.0000000
      0.00000       3.7900000   6.0523619e-69       1.0000000
      0.00000       3.7910000   5.8175312e-69       1.0000000
      0.00000       3.7920000   5.5918703e-69       1.0000000
      0.00000       3.7930000   5.3750187e-69       1.0000000
      0.00000       3.7940000   5.1666305e-69       1.0000000
      0.00000       3.7950000   4.9663732e-69       1.0000000
      0.00000       3.7960000   4.7739275e-69       1.0000000
      0.00000       3.7970000   4.5889869e-69       1.0000000
      0.00000       3.7980000   4.4112566e-69       1.0000000
      0.00000       3.7990000   4.2404540e-69       1.0000000
      0.00000       3.8000000   4.0763071e-69       1.0000000
      0.00000       3.8010000   3.9185550e-69       1.0000000
      0.00000       3.8020000   3.7669470e-69       1.0000000
      0.00000       3.8030000   3.6212422e-69       1.0000000
      0.00000       3.8040000   3.4812094e-69       1.0000000
      0.00000       3.8050000   3.3466263e-69       1.0000000
      0.00000       3.8060000   3.2172795e-69       1.0000000
      0.00000       3.8070000   3.0929640e-69       1.0000000
      0.00000       3.8080000   2.9734828e-69       1.0000000
      0.00000       3.8090000   2.8586467e-69       1.0000000
      0.00000       3.8100000   2.7482740e-69       1.0000000
      0.00000       3.8110000   2.6421902e-69       1.0000000
      0.00000       3.8120000   2.5402274e-69       1.0000000
      0.00000       3.8130000   2.4422246e-69       1.0000000
      0.00000       3.8140000   2.3480270e-69       1.0000000
      0.00000       3.8150000   2.2574859e-69       1.0000000
      0.00000       3.8160000   2.1704585e-69       1.0000000
      0.00000       3.8170000   2.0868075e-69       1.0000000
      0.00000       3.8180000   2.0064012e-69       1.0000000
      0.00000       3.8190000   1.9291128e-69       1.0000000
      0.00000       3.8200000   1.8548208e-69       1.0000000
      0.00000       3.8210000   1.7834081e-69       1.0000000
      0.00000       3.8220000   1.7147625e-69       1.0000000
      0.00000       3.8230000   1.6487761e-69       1.0000000
      0.00000       3.8240000   1.5853452e-69       1.0000000
      0.00000       3.8250000   1.5243702e-69       1.0000000
      0.00000       3.8260000   1.4657555e-69       1.0000000
      0.00000       3.8270000   1.4094090e-69       1.0000000
      0.00000       3.8280000   1.3552425e-69       1.0000000
      0.00000       3.8290000   1.3031711e-69       1.0000000
      0.00000       3.8300000   1.2531132e-69       1.0000000
      0.00000       3.8310000   1.2049904e-69       1.0000000
      0.00000       3.8320000   1.1587275e-69       1.0000000
      0.00000       3.8330000   1.1142522e-69       1.0000000
      0.00000       3.8340000   1.0714949e-69       1.0000000
      0.00000       3.8350000   1.0303888e-69       1.0000000
      0.00000       3.8360000   9.9086984e-70       1.0000000
      0.00000       3.8370000   9.5287626e-70       1.0000000
      0.00000       3.8380000   9.1634882e-70       1.0000000
      0.00000       3.8390000   8.8123060e-70       1.0000000
      0.00000       3.8400000   8.4746687e-70       1.0000000
      0.00000       3.8410000   8.1500507e-70       1.0000000
      0.00000       3.8420000   7.8379467e-70       1.0000000
      0.00000       3.8430000   7.5378713e-70       1.0000000
      0.00000       3.8440000   7.2493578e-70       1.0000000
      0.00000       3.8450000   6.9719580e-70       1.0000000
      0.00000       3.8460000   6.7052411e-70       1.0000000
      0.00000       3.8470000   6.4487930e-70       1.0000000
      0.00000       3.8480000   6.2022159e-70       1.0000000
      0.00000       3.8490000   5.9651274e-70       1.0000000
      0.00000       3.8500000   5.7371600e-70       1.0000000
      0.00000       3.8510000   5.5179606e-70       1.0000000
      0.00000       3.8520000   5.3071898e-70       1.0000000
      0.00000       3.8530000   5.1045215e-70       1.0000000
      0.00000       3.8540000   4.9096421e-70       1.0000000
      0.00000       3.8550000   4.7222506e-70       1.0000000
      0.00000       3.8560000   4.5420572e-70       1.0000000
      0.00000       3.8570000   4.3687838e-70       1.0000000
      0.00000       3.8580000   4.2021630e-70       1.0000000
      0.00000       3.8590000   4.0419376e-70       1.0000000
      0.00000       3.8600000   3.8878606e-70       1.0000000
      0.00000       3.8610000   3.7396946e-70       1.0000000
      0.00000       3.8620000   3.5972115e-70       1.0000000
      0.00000       3.8630000   3.4601917e-70       1.0000000
      0.00000       3.8640000   3.3284246e-70       1.0000000
      0.00000       3.8650000   3.2017075e-70       1.0000000
      0.00000       3.8660000   3.0798455e-70       1.0000000
      0.00000       3.8670000   2.9626515e-70       1.0000000
      0.00000       3.8680000   2.8499456e-70       1.0000000
      0.00000       3.8690000   2.7415548e-70       1.0000000
      0.00000       3.8700000   2.6373127e-70       1.0000000
      0.00000       3.8710000   2.5370597e-70       1.0000000
      0.00000       3.8720000   2.4406421e-70       1.0000000
      0.00000       3.8730000   2.3479121e-70       1.0000000
      0.00000       3.8740000   2.2587280e-70       1.0000000
      0.00000       3.8750000   2.1729531e-70       1.0000000
      0.00000       3.8760000   2.0904565e-70       1.0000000
      0.00000       3.8770000   2.0111119e-70       1.0000000
      0.00000       3.8780000   1.9347982e-70       1.0000000
      0.00000       3.8790000   1.8613989e-70       1.0000000
      0.00000       3.8800000   1.7908019e-70       1.0000000
      0.00000       3.8810000   1.7228996e-70       1.0000000
      0.00000       3.8820000   1.6575885e-70       1.0000000
      0.00000       3.8830000   1.5947691e-70       1.0000000
      0.00000       3.8840000   1.5343456e-70       1.0000000
      0.00000       3.8850000   1.4762262e-70       1.0000000
      0.00000       3.8860000   1.4203224e-70       1.0000000
      0.00000       3.8870000   1.3665493e-70       1.0000000
      0.00000       3.8880000   1.3148250e-70       1.0000000
      0.00000       3.8890000   1.2650710e-70       1.0000000
      0.00000       3.8900000   1.2172119e-70       1.0000000
      0.00000       3.8910000   1.1711749e-70       1.0000000
      0.00000       3.8920000   1.1268903e-70       1.0000000
      0.00000       3.8930000   1.0842909e-70       1.0000000
      0.00000       3.8940000   1.0433123e-70       1.0000000
      0.00000       3.8950000   1.0038922e-70       1.0000000
      0.00000       3.8960000   9.6597115e-71       1.0000000
      0.00000       3.8970000   9.2949170e-71       1.0000000
      0.00000       3.8980000   8.9439872e-71       1.0000000
      0.00000       3.8990000   8.6063917e-71       1.0000000
      0.00000       3.9000000   8.2816206e-71       1.0000000
      0.00000       3.9010000   7.9691837e-71       1.0000000
      0.00000       3.9020000   7.6686096e-71       1.0000000
      0.00000       3.9030000   7.3794449e-71       1.0000000
      0.00000       3.9040000   7.1012538e-71       1.0000000
      0.00000       3.9050000   6.8336173e-71       1.0000000
      0.00000       3.9060000   6.5761323e-71       1.0000000
      0.00000       3.9070000   6.3284114e-71       1.0000000
      0.00000       3.9080000   6.0900818e-71       1.0000000
      0.00000       3.9090000   5.8607854e-71       1.0000000
      0.00000       3.9100000   5.6401776e-71       1.0000000
      0.00000       3.9110000   5.4279269e-71       1.0000000
      0.00000       3.9120000   5.2237149e-71       1.0000000
      0.00000       3.9130000   5.0272352e-71       1.0000000
      0.00000       3.9140000   4.8381930e-71       1.0000000
      0.00000       3.9150000   4.6563051e-71       1.0000000
      0.00000       3.9160000   4.4812989e-71       1.0000000
      0.00000       3.9170000   4.3129126e-71       1.0000000
      0.00000       3.9180000   4.1508939e-71       1.0000000
      0.00000       3.9190000   3.9950007e-71       1.0000000
      0.00000       3.9200000   3.8449999e-71       1.0000000
      0.00000       3.9210000   3.7006673e-71       1.0000000
      0.00000       3.9220000   3.5617873e-71       1.0000000
      0.00000       3.9230000   3.4281528e-71       1.0000000
      0.00000       3.9240000   3.2995642e-71       1.0000000
      0.00000       3.9250000   3.1758298e-71       1.0000000
      0.00000       3.9260000   3.0567653e-71       1.0000000
      0.00000       3.9270000   2.9421933e-71       1.0000000
      0.00000       3.9280000   2.8319431e-71       1.0000000
      0.00000       3.9290000   2.7258507e-71       1.0000000
      0.00000       3.9300000   2.6237583e-71       1.0000000
      0.00000       3.9310000   2.5255142e-71       1.0000000
      0.00000       3.9320000   2.4309723e-71       1.0000000
      0.00000       3.9330000   2.3399923e-71       1.0000000
      0.00000       3.9340000   2.2524391e-71       1.0000000
      0.00000       3.9350000   2.1681827e-71       1.0000000
      0.00000       3.9360000   2.0870984e-71       1.0000000
      0.00000       3.9370000   2.0090658e-71       1.0000000
      0.00000       3.9380000   1.9339695e-71       1.0000000
      0.00000       3.9390000   1.8616981e-71       1.0000000
      0.00000       3.9400000   1.7921449e-71       1.0000000
      0.00000       3.9410000   1.7252068e-71       1.0000000
      0.00000       3.9420000   1.6607849e-71       1.0000000
      0.00000       3.9430000   1.5987841e-71       1.0000000
      0.00000       3.9440000   1.5391128e-71       1.0000000
      0.00000       3.9450000   1.4816828e-71       1.0000000
      0.00000       3.9460000   1.4264096e-71       1.0000000
      0.00000       3.9470000   1.3732115e-71       1.0000000
      0.00000       3.9480000   1.3220101e-71       1.0000000
      0.00000       3.9490000   1.2727301e-71       1.0000000
      0.00000       3.9500000   1.2252989e-71       1.0000000
      0.00000       3.9510000   1.1796466e-71       1.0000000
      0.00000       3.9520000   1.1357062e-71       1.0000000
      0.00000       3.9530000   1.0934130e-71       1.0000000
      0.00000       3.9540000   1.0527049e-71       1.0000000
      0.00000       3.9550000   1.0135221e-71       1.0000000
      0.00000       3.9560000   9.7580704e-72       1.0000000
      0.00000       3.9570000   9.3950446e-72       1.0000000
      0.00000       3.9580000   9.0456110e-72       1.0000000
      0.00000       3.9590000   8.7092573e-72       1.0000000
      0.00000       3.9600000   8.3854910e-72       1.0000000
      0.00000       3.9610000   8.0738379e-72       1.0000000
      0.00000       3.9620000   7.7738419e-72       1.0000000
      0.00000       3.9630000   7.4850643e-72       1.0000000
      0.00000       3.9640000   7.2070828e-72       1.0000000
      0.00000       3.9650000   6.9394913e-72       1.0000000
      0.00000       3.9660000   6.6818990e-72       1.0000000
      0.00000       3.9670000   6.4339297e-72       1.0000000
      0.00000       3.9680000   6.1952219e-72       1.0000000
      0.00000       3.9690000   5.9654272e-72       1.0000000
      0.00000       3.9700000   5.7442108e-72       1.0000000
      0.00000       3.9710000   5.5312505e-72       1.0000000
      0.00000       3.9720000   5.3262361e-72       1.0000000
      0.00000       3.9730000   5.1288692e-72       1.0000000
      0.00000       3.9740000   4.9388629e-72       1.0000000
      0.00000       3.9750000   4.7559408e-72       1.0000000
      0.00000       3.9760000   4.5798371e-72       1.0000000
      0.00000       3.9770000   4.4102960e-72       1.0000000
      0.00000       3.9780000   4.2470715e-72       1.0000000
      0.00000       3.9790000   4.0899266e-72       1.0000000
      0.00000       3.9800000   3.9386335e-72       1.0000000
      0.00000       3.9810000   3.7929730e-72       1.0000000
      0.00000       3.9820000   3.6527339e-72       1.0000000
      0.00000       3.9830000   3.5177132e-72       1.0000000
      0.00000       3.9840000   3.3877154e-72       1.0000000
      0.00000       3.9850000   3.2625526e-72       1.0000000
      0.00000       3.9860000   3.1420438e-72       1.0000000
      0.00000       3.9870000   3.0260147e-72       1.0000000
      0.00000       3.9880000   2.9142979e-72       1.0000000
      0.00000       3.9890000   2.8067320e-72       1.0000000
      0.00000       3.9900000   2.7031617e-72       1.0000000
      0.00000       3.9910000   2.6034379e-72       1.0000000
      0.00000       3.9920000   2.5074166e-72       1.0000000
      0.00000       3.9930000   2.4149595e-72       1.0000000
      0.00000       3.9940000   2.3259336e-72       1.0000000
      0.00000       3.9950000   2.2402106e-72       1.0000000
      0.00000       3.9960000   2.1576672e-72       1.0000000
      0.00000       3.9970000   2.0781847e-72       1.0000000
      0.00000       3.9980000   2.0016490e-72       1.0000000
      0.00000       3.9990000   1.9279500e-72       1.0000000
      0.00000       4.0000000   1.8569820e-72       1.0000000
      0.00000       4.0010000   1.7886430e-72       1.0000000
      0.00000       4.0020000   1.7228352e-72       1.0000000
      0.00000       4.0030000   1.6594641e-72       1.0000000
      0.00000       4.0040000   1.5984390e-72       1.0000000
      0.00000       4.0050000   1.5396724e-72       1.0000000
      0.00000       4.0060000   1.4830802e-72       1.0000000
      0.00000       4.0070000   1.4285815e-72       1.0000000
      0.00000       4.0080000   1.3760983e-72       1.0000000
      0.00000       4.0090000   1.3255556e-72       1.0000000
      0.00000       4.0100000   1.2768812e-72       1.0000000
      0.00000       4.0110000   1.2300056e-72       1.0000000
      0.00000       4.0120000   1.1848619e-72       1.0000000
      0.00000       4.0130000   1.1413857e-72       1.0000000
      0.00000       4.0140000   1.0995150e-72       1.0000000
      0.00000       4.0150000   1.0591902e-72       1.0000000
      0.00000       4.0160000   1.0203538e-72       1.0000000
      0.00000       4.0170000   9.8295045e-73       1.0000000
      0.00000       4.0180000   9.4692705e-73       1.0000000
      0.00000       4.0190000   9.1223232e-73       1.0000000
      0.00000       4.0200000   8.7881695e-73       1.0000000
      0.00000       4.0210000   8.4663344e-73       1.0000000
      0.00000       4.0220000   8.1563611e-73       1.0000000
      0.00000       4.0230000   7.8578096e-73       1.0000000
      0.00000       4.0240000   7.5702562e-73       1.0000000
      0.00000       4.0250000   7.2932933e-73       1.0000000
      0.00000       4.0260000   7.0265283e-73       1.0000000
      0.00000       4.0270000   6.7695834e-73       1.0000000
      0.00000       4.0280000   6.5220947e-73       1.0000000
      0.00000       4.0290000   6.2837121e-73       1.0000000
      0.00000       4.0300000   6.0540982e-73       1.0000000
      0.00000       4.0310000   5.8329286e-73       1.0000000
      0.00000       4.0320000   5.6198907e-73       1.0000000
      0.00000       4.0330000   5.4146836e-73       1.0000000
      0.00000       4.0340000   5.2170176e-73       1.0000000
      0.00000       4.0350000   5.0266139e-73       1.0000000
      0.00000       4.0360000   4.8432039e-73       1.0000000
      0.00000       4.0370000   4.6665291e-73       1.0000000
      0.00000       4.0380000   4.4963405e-73       1.0000000
      0.00000       4.0390000   4.3323986e-73       1.0000000
      0.00000       4.0400000   4.1744726e-73       1.0000000
      0.00000       4.0410000   4.0223404e-73       1.0000000
      0.00000       4.0420000   3.8757880e-73       1.0000000
      0.00000       4.0430000   3.7346094e-73       1.0000000
      0.00000       4.0440000   3.5986064e-73       1.0000000
      0.00000       4.0450000   3.4675880e-73       1.0000000
      0.00000       4.0460000   3.3413704e-73       1.0000000
      0.00000       4.0470000   3.2197765e-73       1.0000000
      0.00000       4.0480000   3.1026359e-73       1.0000000
      0.00000       4.0490000   2.9897844e-73       1.0000000
      0.00000       4.0500000   2.8810640e-73       1.0000000
      0.00000       4.0510000   2.7763225e-73       1.0000000
      0.00000       4.0520000   2.6754133e-73       1.0000000
      0.00000       4.0530000   2.5781954e-73       1.0000000
      0.00000       4.0540000   2.4845328e-73       1.0000000
      0.00000       4.0550000   2.3942947e-73       1.0000000
      0.00000       4.0560000   2.3073551e-73       1.0000000
      0.00000       4.0570000   2.2235927e-73       1.0000000
      0.00000       4.0580000   2.1428905e-73       1.0000000
      0.00000       4.0590000   2.0651361e-73       1.0000000
      0.00000       4.0600000   1.9902212e-73       1.0000000
      0.00000       4.0610000   1.9180413e-73       1.0000000
      0.00000       4.0620000   1.8484960e-73       1.0000000
      0.00000       4.0630000   1.7814886e-73       1.0000000
      0.00000       4.0640000   1.7169257e-73       1.0000000
      0.00000       4.0650000   1.6547176e-73       1.0000000
      0.00000       4.0660000   1.5947780e-73       1.0000000
      0.00000       4.0670000   1.5370236e-73       1.0000000
      0.00000       4.0680000   1.4813741e-73       1.0000000
      0.00000       4.0690000   1.4277524e-73       1.0000000
      0.00000       4.0700000   1.3760842e-73       1.0000000
      0.00000       4.0710000   1.3262977e-73       1.0000000
      0.00000       4.0720000   1.2783241e-73       1.0000000
      0.00000       4.0730000   1.2320969e-73       1.0000000
      0.00000       4.0740000   1.1875521e-73       1.0000000
      0.00000       4.0750000   1.1446282e-73       1.0000000
      0.00000       4.0760000   1.1032656e-73       1.0000000
      0.00000       4.0770000   1.0634074e-73       1.0000000
      0.00000       4.0780000   1.0249984e-73       1.0000000
      0.00000       4.0790000   9.8798554e-74       1.0000000
      0.00000       4.0800000   9.5231784e-74       1.0000000
      0.00000       4.0810000   9.1794608e-74       1.0000000
      0.00000       4.0820000   8.8482285e-74       1.0000000
      0.00000       4.0830000   8.5290252e-74       1.0000000
      0.00000       4.0840000   8.2214113e-74       1.0000000
      0.00000       4.0850000   7.9249632e-74       1.0000000
      0.00000       4.0860000   7.6392732e-74       1.0000000
      0.00000       4.0870000   7.3639483e-74       1.0000000
      0.00000       4.0880000   7.0986100e-74       1.0000000
      0.00000       4.0890000   6.8428938e-74       1.0000000
      0.00000       4.0900000   6.5964486e-74       1.0000000
      0.00000       4.0910000   6.3589361e-74       1.0000000
      0.00000       4.0920000   6.1300304e-74       1.0000000
      0.00000       4.0930000   5.9094177e-74       1.0000000
      0.00000       4.0940000   5.6967956e-74       1.0000000
      0.00000       4.0950000   5.4918728e-74       1.0000000
      0.00000       4.0960000   5.2943688e-74       1.0000000
      0.00000       4.0970000   5.1040132e-74       1.0000000
      0.00000       4.0980000   4.9205458e-74       1.0000000
      0.00000       4.0990000   4.7437155e-74       1.0000000
      0.00000       4.1000000   4.5732809e-74       1.0000000
      0.00000       4.1010000   4.4090091e-74       1.0000000
      0.00000       4.1020000   4.2506758e-74       1.0000000
      0.00000       4.1030000   4.0980650e-74       1.0000000
      0.00000       4.1040000   3.9509685e-74       1.0000000
      0.00000       4.1050000   3.8091859e-74       1.0000000
      0.00000       4.1060000   3.6725239e-74       1.0000000
      0.00000       4.1070000   3.5407964e-74       1.0000000
      0.00000       4.1080000   3.4138242e-74       1.0000000
      0.00000       4.1090000   3.2914343e-74       1.0000000
      0.00000       4.1100000   3.1734606e-74       1.0000000
      0.00000       4.1110000   3.0597424e-74       1.0000000
      0.00000       4.1120000   2.9501255e-74       1.0000000
      0.00000       4.1130000   2.8444608e-74       1.0000000
      0.00000       4.1140000   2.7426051e-74       1.0000000
      0.00000       4.1150000   2.6444201e-74       1.0000000
      0.00000       4.1160000   2.5497727e-74       1.0000000
      0.00000       4.1170000   2.4585347e-74       1.0000000
      0.00000       4.1180000   2.3705823e-74       1.0000000
      0.00000       4.1190000   2.2857967e-74       1.0000000
      0.00000       4.1200000   2.2040629e-74       1.0000000
      0.00000       4.1210000   2.1252705e-74       1.0000000
      0.00000       4.1220000   2.0493129e-74       1.0000000
      0.00000       4.1230000   1.9760875e-74       1.0000000
      0.00000       4.1240000   1.9054954e-74       1.0000000
      0.00000       4.1250000   1.8374412e-74       1.0000000
      0.00000       4.1260000   1.7718332e-74       1.0000000
      0.00000       4.1270000   1.7085829e-74       1.0000000
      0.00000       4.1280000   1.6476050e-74       1.0000000
      0.00000       4.1290000   1.5888173e-74       1.0000000
      0.00000       4.1300000   1.5321407e-74       1.0000000
      0.00000       4.1310000   1.4774988e-74       1.0000000
      0.00000       4.1320000   1.4248182e-74       1.0000000
      0.00000       4.1330000   1.3740280e-74       1.0000000
      0.00000       4.1340000   1.3250600e-74       1.0000000
      0.00000       4.1350000   1.2778483e-74       1.0000000
      0.00000       4.1360000   1.2323296e-74       1.0000000
      0.00000       4.1370000   1.1884427e-74       1.0000000
      0.00000       4.1380000   1.1461288e-74       1.0000000
      0.00000       4.1390000   1.1053312e-74       1.0000000
      0.00000       4.1400000   1.0659951e-74       1.0000000
      0.00000       4.1410000   1.0280679e-74       1.0000000
      0.00000       4.1420000   9.9149882e-75       1.0000000
      0.00000       4.1430000   9.5623886e-75       1.0000000
      0.00000       4.1440000   9.2224089e-75       1.0000000
      0.00000       4.1450000   8.8945945e-75       1.0000000
      0.00000       4.1460000   8.5785072e-75       1.0000000
      0.00000       4.1470000   8.2737250e-75       1.0000000
      0.00000       4.1480000   7.9798408e-75       1.0000000
      0.00000       4.1490000   7.6964626e-75       1.0000000
      0.00000       4.1500000   7.4232123e-75       1.0000000
      0.00000       4.1510000   7.1597256e-75       1.0000000
      0.00000       4.1520000   6.9056515e-75       1.0000000
      0.00000       4.1530000   6.6606516e-75       1.0000000
      0.00000       4.1540000   6.4243997e-75       1.0000000
      0.00000       4.1550000   6.1965815e-75       1.0000000
      0.00000       4.1560000   5.9768940e-75       1.0000000
      0.00000       4.1570000   5.7650451e-75       1.0000000
      0.00000       4.1580000   5.5607534e-75       1.0000000
      0.00000       4.1590000   5.3637476e-75       1.0000000
      0.00000       4.1600000   5.1737661e-75       1.0000000
      0.00000       4.1610000   4.9905570e-75       1.0000000
      0.00000       4.1620000   4.8138772e-75       1.0000000
      0.00000       4.1630000   4.6434925e-75       1.0000000
      0.00000       4.1640000   4.4791774e-75       1.0000000
      0.00000       4.1650000   4.3207140e-75       1.0000000
      0.00000       4.1660000   4.1678928e-75       1.0000000
      0.00000       4.1670000   4.0205116e-75       1.0000000
      0.00000       4.1680000   3.8783754e-75       1.0000000
      0.00000       4.1690000   3.7412964e-75       1.0000000
      0.00000       4.1700000   3.6090936e-75       1.0000000
      0.00000       4.1710000   3.4815923e-75       1.0000000
      0.00000       4.1720000   3.3586243e-75       1.0000000
      0.00000       4.1730000   3.2400274e-75       1.0000000
      0.00000       4.1740000   3.1256452e-75       1.0000000
      0.00000       4.1750000   3.0153270e-75       1.0000000
      0.00000       4.1760000   2.9089274e-75       1.0000000
      0.00000       4.1770000   2.8063065e-75       1.0000000
      0.00000       4.1780000   2.7073290e-75       1.0000000
      0.00000       4.1790000   2.6118649e-75       1.0000000
      0.00000       4.1800000   2.5197887e-75       1.0000000
      0.00000       4.1810000   2.4309793e-75       1.0000000
      0.00000       4.1820000   2.3453200e-75       1.0000000
      0.00000       4.1830000   2.2626986e-75       1.0000000
      0.00000       4.1840000   2.1830064e-75       1.0000000
      0.00000       4.1850000   2.1061390e-75       1.0000000
      0.00000       4.1860000   2.0319957e-75       1.0000000
      0.00000       4.1870000   1.9604793e-75       1.0000000
      0.00000       4.1880000   1.8914960e-75       1.0000000
      0.00000       4.1890000   1.8249557e-75       1.0000000
      0.00000       4.1900000   1.7607713e-75       1.0000000
      0.00000       4.1910000   1.6988587e-75       1.0000000
      0.00000       4.1920000   1.6391371e-75       1.0000000
      0.00000       4.1930000   1.5815285e-75       1.0000000
      0.00000       4.1940000   1.5259576e-75       1.0000000
      0.00000       4.1950000   1.4723519e-75       1.0000000
      0.00000       4.1960000   1.4206414e-75       1.0000000
      0.00000       4.1970000   1.3707587e-75       1.0000000
      0.00000       4.1980000   1.3226388e-75       1.0000000
      0.00000       4.1990000   1.2762190e-75       1.0000000
      0.00000       4.2000000   1.2314388e-75       1.0000000
      0.00000       4.2010000   1.1882400e-75       1.0000000
      0.00000       4.2020000   1.1465663e-75       1.0000000
      0.00000       4.2030000   1.1063636e-75       1.0000000
      0.00000       4.2040000   1.0675796e-75       1.0000000
      0.00000       4.2050000   1.0301640e-75       1.0000000
      0.00000       4.2060000   9.9406809e-76       1.0000000
      0.00000       4.2070000   9.5924509e-76       1.0000000
      0.00000       4.2080000   9.2564980e-76       1.0000000
      0.00000       4.2090000   8.9323868e-76       1.0000000
      0.00000       4.2100000   8.6196972e-76       1.0000000
      0.00000       4.2110000   8.3180241e-76       1.0000000
      0.00000       4.2120000   8.0269768e-76       1.0000000
      0.00000       4.2130000   7.7461788e-76       1.0000000
      0.00000       4.2140000   7.4752668e-76       1.0000000
      0.00000       4.2150000   7.2138904e-76       1.0000000
      0.00000       4.2160000   6.9617120e-76       1.0000000
      0.00000       4.2170000   6.7184058e-76       1.0000000
      0.00000       4.2180000   6.4836576e-76       1.0000000
      0.00000       4.2190000   6.2571646e-76       1.0000000
      0.00000       4.2200000   6.0386345e-76       1.0000000
      0.00000       4.2210000   5.8277856e-76       1.0000000
      0.00000       4.2220000   5.6243461e-76       1.0000000
      0.00000       4.2230000   5.4280542e-76       1.0000000
      0.00000       4.2240000   5.2386569e-76       1.0000000
      0.00000       4.2250000   5.0559107e-76       1.0000000
      0.00000       4.2260000   4.8795804e-76       1.0000000
      0.00000       4.2270000   4.7094394e-76       1.0000000
      0.00000       4.2280000   4.5452690e-76       1.0000000
      0.00000       4.2290000   4.3868584e-76       1.0000000
      0.00000       4.2300000   4.2340042e-76       1.0000000
      0.00000       4.2310000   4.0865102e-76       1.0000000
      0.00000       4.2320000   3.9441873e-76       1.0000000
      0.00000       4.2330000   3.8068531e-76       1.0000000
      0.00000       4.2340000   3.6743315e-76       1.0000000
      0.00000       4.2350000   3.5464528e-76       1.0000000
      0.00000       4.2360000   3.4230534e-76       1.0000000
      0.00000       4.2370000   3.3039753e-76       1.0000000
      0.00000       4.2380000   3.1890662e-76       1.0000000
      0.00000       4.2390000   3.0781792e-76       1.0000000
      0.00000       4.2400000   2.9711727e-76       1.0000000
      0.00000       4.2410000   2.8679100e-76       1.0000000
      0.00000       4.2420000   2.7682592e-76       1.0000000
      0.00000       4.2430000   2.6720933e-76       1.0000000
      0.00000       4.2440000   2.5792896e-76       1.0000000
      0.00000       4.2450000   2.4897297e-76       1.0000000
      0.00000       4.2460000   2.4032996e-76       1.0000000
      0.00000       4.2470000   2.3198892e-76       1.0000000
      0.00000       4.2480000   2.2393923e-76       1.0000000
      0.00000       4.2490000   2.1617065e-76       1.0000000
      0.00000       4.2500000   2.0867330e-76       1.0000000
      0.00000       4.2510000   2.0143765e-76       1.0000000
      0.00000       4.2520000   1.9445450e-76       1.0000000
      0.00000       4.2530000   1.8771500e-76       1.0000000
      0.00000       4.2540000   1.8121058e-76       1.0000000
      0.00000       4.2550000   1.7493299e-76       1.0000000
      0.00000       4.2560000   1.6887427e-76       1.0000000
      0.00000       4.2570000   1.6302675e-76       1.0000000
      0.00000       4.2580000   1.5738300e-76       1.0000000
      0.00000       4.2590000   1.5193589e-76       1.0000000
      0.00000       4.2600000   1.4667852e-76       1.0000000
      0.00000       4.2610000   1.4160424e-76       1.0000000
      0.00000       4.2620000   1.3670663e-76       1.0000000
      0.00000       4.2630000   1.3197950e-76       1.0000000
      0.00000       4.2640000   1.2741688e-76       1.0000000
      0.00000       4.2650000   1.2301301e-76       1.0000000
      0.00000       4.2660000   1.1876233e-76       1.0000000
      0.00000       4.2670000   1.1465948e-76       1.0000000
      0.00000       4.2680000   1.1069927e-76       1.0000000
      0.00000       4.2690000   1.0687673e-76       1.0000000
      0.00000       4.2700000   1.0318703e-76       1.0000000
      0.00000       4.2710000   9.9625536e-77       1.0000000
      0.00000       4.2720000   9.6187754e-77       1.0000000
      0.00000       4.2730000   9.2869362e-77       1.0000000
      0.00000       4.2740000   8.9666189e-77       1.0000000
      0.00000       4.2750000   8.6574208e-77       1.0000000
      0.00000       4.2760000   8.3589534e-77       1.0000000
      0.00000       4.2770000   8.0708420e-77       1.0000000
      0.00000       4.2780000   7.7927250e-77       1.0000000
      0.00000       4.2790000   7.5242534e-77       1.0000000
      0.00000       4.2800000   7.2650906e-77       1.0000000
      0.00000       4.2810000   7.0149117e-77       1.0000000
      0.00000       4.2820000   6.7734034e-77       1.0000000
      0.00000       4.2830000   6.5402632e-77       1.0000000
      0.00000       4.2840000   6.3151993e-77       1.0000000
      0.00000       4.2850000   6.0979302e-77       1.0000000
      0.00000       4.2860000   5.8881841e-77       1.0000000
      0.00000       4.2870000   5.6856989e-77       1.0000000
      0.00000       4.2880000   5.4902217e-77       1.0000000
      0.00000       4.2890000   5.3015084e-77       1.0000000
      0.00000       4.2900000   5.1193233e-77       1.0000000
      0.00000       4.2910000   4.9434393e-77       1.0000000
      0.00000       4.2920000   4.7736370e-77       1.0000000
      0.00000       4.2930000   4.6097048e-77       1.0000000
      0.00000       4.2940000   4.4514384e-77       1.0000000
      0.00000       4.2950000   4.2986408e-77       1.0000000
      0.00000       4.2960000   4.1511219e-77       1.0000000
      0.00000       4.2970000   4.0086979e-77       1.0000000
      0.00000       4.2980000   3.8711920e-77       1.0000000
      0.00000       4.2990000   3.7384331e-77       1.0000000
      0.00000       4.3000000   3.6102564e-77       1.0000000
      0.00000       4.3010000   3.4865027e-77       1.0000000
      0.00000       4.3020000   3.3670183e-77       1.0000000
      0.00000       4.3030000   3.2516551e-77       1.0000000
      0.00000       4.3040000   3.1402700e-77       1.0000000
      0.00000       4.3050000   3.0327249e-77       1.0000000
      0.00000       4.3060000   2.9288866e-77       1.0000000
      0.00000       4.3070000   2.8286266e-77       1.0000000
      0.00000       4.3080000   2.7318207e-77       1.0000000
      0.00000       4.3090000   2.6383492e-77       1.0000000
      0.00000       4.3100000   2.5480964e-77       1.0000000
      0.00000       4.3110000   2.4609509e-77       1.0000000
      0.00000       4.3120000   2.3768050e-77       1.0000000
      0.00000       4.3130000   2.2955548e-77       1.0000000
      0.00000       4.3140000   2.2170999e-77       1.0000000
      0.00000       4.3150000   2.1413437e-77       1.0000000
      0.00000       4.3160000   2.0681926e-77       1.0000000
      0.00000       4.3170000   1.9975566e-77       1.0000000
      0.00000       4.3180000   1.9293485e-77       1.0000000
      0.00000       4.3190000   1.8634845e-77       1.0000000
      0.00000       4.3200000   1.7998834e-77       1.0000000
      0.00000       4.3210000   1.7384670e-77       1.0000000
      0.00000       4.3220000   1.6791597e-77       1.0000000
      0.00000       4.3230000   1.6218887e-77       1.0000000
      0.00000       4.3240000   1.5665837e-77       1.0000000
      0.00000       4.3250000   1.5131766e-77       1.0000000
      0.00000       4.3260000   1.4616020e-77       1.0000000
      0.00000       4.3270000   1.4117965e-77       1.0000000
      0.00000       4.3280000   1.3636992e-77       1.0000000
      0.00000       4.3290000   1.3172509e-77       1.0000000
      0.00000       4.3300000   1.2723949e-77       1.0000000
      0.00000       4.3310000   1.2290762e-77       1.0000000
      0.00000       4.3320000   1.1872418e-77       1.0000000
      0.00000       4.3330000   1.1468405e-77       1.0000000
      0.00000       4.3340000   1.1078229e-77       1.0000000
      0.00000       4.3350000   1.0701413e-77       1.0000000
      0.00000       4.3360000   1.0337496e-77       1.0000000
      0.00000       4.3370000   9.9860345e-78       1.0000000
      0.00000       4.3380000   9.6465992e-78       1.0000000
      0.00000       4.3390000   9.3187759e-78       1.0000000
      0.00000       4.3400000   9.0021648e-78       1.0000000
      0.00000       4.3410000   8.6963800e-78       1.0000000
      0.00000       4.3420000   8.4010490e-78       1.0000000
      0.00000       4.3430000   8.1158121e-78       1.0000000
      0.00000       4.3440000   7.8403220e-78       1.0000000
      0.00000       4.3450000   7.5742436e-78       1.0000000
      0.00000       4.3460000   7.3172533e-78       1.0000000
      0.00000       4.3470000   7.0690387e-78       1.0000000
      0.00000       4.3480000   6.8292982e-78       1.0000000
      0.00000       4.3490000   6.5977406e-78       1.0000000
      0.00000       4.3500000   6.3740849e-78       1.0000000
      0.00000       4.3510000   6.1580597e-78       1.0000000
      0.00000       4.3520000   5.9494029e-78       1.0000000
      0.00000       4.3530000   5.7478617e-78       1.0000000
      0.00000       4.3540000   5.5531919e-78       1.0000000
      0.00000       4.3550000   5.3651576e-78       1.0000000
      0.00000       4.3560000   5.1835313e-78       1.0000000
      0.00000       4.3570000   5.0080931e-78       1.0000000
      0.00000       4.3580000   4.8386310e-78       1.0000000
      0.00000       4.3590000   4.6749399e-78       1.0000000
      0.00000       4.3600000   4.5168222e-78       1.0000000
      0.00000       4.3610000   4.3640868e-78       1.0000000
      0.00000       4.3620000   4.2165495e-78       1.0000000
      0.00000       4.3630000   4.0740320e-78       1.0000000
      0.00000       4.3640000   3.9363626e-78       1.0000000
      0.00000       4.3650000   3.8033753e-78       1.0000000
      0.00000       4.3660000   3.6749098e-78       1.0000000
      0.00000       4.3670000   3.5508113e-78       1.0000000
      0.00000       4.3680000   3.4309306e-78       1.0000000
      0.00000       4.3690000   3.3151232e-78       1.0000000
      0.00000       4.3700000   3.2032500e-78       1.0000000
      0.00000       4.3710000   3.0951764e-78       1.0000000
      0.00000       4.3720000   2.9907726e-78       1.0000000
      0.00000       4.3730000   2.8899131e-78       1.0000000
      0.00000       4.3740000   2.7924768e-78       1.0000000
      0.00000       4.3750000   2.6983469e-78       1.0000000
      0.00000       4.3760000   2.6074104e-78       1.0000000
      0.00000       4.3770000   2.5195582e-78       1.0000000
      0.00000       4.3780000   2.4346851e-78       1.0000000
      0.00000       4.3790000   2.3526895e-78       1.0000000
      0.00000       4.3800000   2.2734730e-78       1.0000000
      0.00000       4.3810000   2.1969411e-78       1.0000000
      0.00000       4.3820000   2.1230020e-78       1.0000000
      0.00000       4.3830000   2.0515674e-78       1.0000000
      0.00000       4.3840000   1.9825519e-78       1.0000000
      0.00000       4.3850000   1.9158731e-78       1.0000000
      0.00000       4.3860000   1.8514513e-78       1.0000000
      0.00000       4.3870000   1.7892096e-78       1.0000000
      0.00000       4.3880000   1.7290739e-78       1.0000000
      0.00000       4.3890000   1.6709723e-78       1.0000000
      0.00000       4.3900000   1.6148357e-78       1.0000000
      0.00000       4.3910000   1.5605972e-78       1.0000000
      0.00000       4.3920000   1.5081921e-78       1.0000000
      0.00000       4.3930000   1.4575582e-78       1.0000000
      0.00000       4.3940000   1.4086351e-78       1.0000000
      0.00000       4.3950000   1.3613647e-78       1.0000000
      0.00000       4.3960000   1.3156908e-78       1.0000000
      0.00000       4.3970000   1.2715591e-78       1.0000000
      0.00000       4.3980000   1.2289172e-78       1.0000000
      0.00000       4.3990000   1.1877146e-78       1.0000000
      0.00000       4.4000000   1.1479023e-78       1.0000000
      0.00000       4.4010000   1.1094331e-78       1.0000000
      0.00000       4.4020000   1.0722614e-78       1.0000000
      0.00000       4.4030000   1.0363431e-78       1.0000000
      0.00000       4.4040000   1.0016358e-78       1.0000000
      0.00000       4.4050000   9.6809834e-79       1.0000000
      0.00000       4.4060000   9.3569102e-79       1.0000000
      0.00000       4.4070000   9.0437554e-79       1.0000000
      0.00000       4.4080000   8.7411487e-79       1.0000000
      0.00000       4.4090000   8.4487325e-79       1.0000000
      0.00000       4.4100000   8.1661615e-79       1.0000000
      0.00000       4.4110000   7.8931021e-79       1.0000000
      0.00000       4.4120000   7.6292320e-79       1.0000000
      0.00000       4.4130000   7.3742400e-79       1.0000000
      0.00000       4.4140000   7.1278255e-79       1.0000000
      0.00000       4.4150000   6.8896982e-79       1.0000000
      0.00000       4.4160000   6.6595775e-79       1.0000000
      0.00000       4.4170000   6.4371925e-79       1.0000000
      0.00000       4.4180000   6.2222815e-79       1.0000000
      0.00000       4.4190000   6.0145917e-79       1.0000000
      0.00000       4.4200000   5.8138789e-79       1.0000000
      0.00000       4.4210000   5.6199073e-79       1.0000000
      0.00000       4.4220000   5.4324489e-79       1.0000000
      0.00000       4.4230000   5.2512837e-79       1.0000000
      0.00000       4.4240000   5.0761990e-79       1.0000000
      0.00000       4.4250000   4.9069895e-79       1.0000000
      0.00000       4.4260000   4.7434568e-79       1.0000000
      0.00000       4.4270000   4.5854091e-79       1.0000000
      0.00000       4.4280000   4.4326614e-79       1.0000000
      0.00000       4.4290000   4.2850347e-79       1.0000000
      0.00000       4.4300000   4.1423563e-79       1.0000000
      0.00000       4.4310000   4.0044593e-79       1.0000000
      0.00000       4.4320000   3.8711823e-79       1.0000000
      0.00000       4.4330000   3.7423697e-79       1.0000000
      0.00000       4.4340000   3.6178709e-79       1.0000000
      0.00000       4.4350000   3.4975406e-79       1.0000000
      0.00000       4.4360000   3.3812382e-79       1.0000000
      0.00000       4.4370000   3.2688281e-79       1.0000000
      0.00000       4.4380000   3.1601791e-79       1.0000000
      0.00000       4.4390000   3.0551647e-79       1.0000000
      0.00000       4.4400000   2.9536625e-79       1.0000000
      0.00000       4.4410000   2.8555542e-79       1.0000000
      0.00000       4.4420000   2.7607257e-79       1.0000000
      0.00000       4.4430000   2.6690665e-79       1.0000000
      0.00000       4.4440000   2.5804702e-79       1.0000000
      0.00000       4.4450000   2.4948336e-79       1.0000000
      0.00000       4.4460000   2.4120574e-79       1.0000000
      0.00000       4.4470000   2.3320452e-79       1.0000000
      0.00000       4.4480000   2.2547043e-79       1.0000000
      0.00000       4.4490000   2.1799449e-79       1.0000000
      0.00000       4.4500000   2.1076803e-79       1.0000000
      0.00000       4.4510000   2.0378267e-79       1.0000000
      0.00000       4.4520000   1.9703031e-79       1.0000000
      0.00000       4.4530000   1.9050313e-79       1.0000000
      0.00000       4.4540000   1.8419358e-79       1.0000000
      0.00000       4.4550000   1.7809435e-79       1.0000000
      0.00000       4.4560000   1.7219838e-79       1.0000000
      0.00000       4.4570000   1.6649886e-79       1.0000000
      0.00000       4.4580000   1.6098921e-79       1.0000000
      0.00000       4.4590000   1.5566305e-79       1.0000000
      0.00000       4.4600000   1.5051424e-79       1.0000000
      0.00000       4.4610000   1.4553683e-79       1.0000000
      0.00000       4.4620000   1.4072508e-79       1.0000000
      0.00000       4.4630000   1.3607344e-79       1.0000000
      0.00000       4.4640000   1.3157655e-79       1.0000000
      0.00000       4.4650000   1.2722923e-79       1.0000000
      0.00000       4.4660000   1.2302647e-79       1.0000000
      0.00000       4.4670000   1.1896344e-79       1.0000000
      0.00000       4.4680000   1.1503546e-79       1.0000000
      0.00000       4.4690000   1.1123800e-79       1.0000000
      0.00000       4.4700000   1.0756672e-79       1.0000000
      0.00000       4.4710000   1.0401738e-79       1.0000000
      0.00000       4.4720000   1.0058591e-79       1.0000000
      0.00000       4.4730000   9.7268375e-80       1.0000000
      0.00000       4.4740000   9.4060963e-80       1.0000000
      0.00000       4.4750000   9.0959997e-80       1.0000000
      0.00000       4.4760000   8.7961921e-80       1.0000000
      0.00000       4.4770000   8.5063300e-80       1.0000000
      0.00000       4.4780000   8.2260813e-80       1.0000000
      0.00000       4.4790000   7.9551252e-80       1.0000000
      0.00000       4.4800000   7.6931515e-80       1.0000000
      0.00000       4.4810000   7.4398606e-80       1.0000000
      0.00000       4.4820000   7.1949628e-80       1.0000000
      0.00000       4.4830000   6.9581783e-80       1.0000000
      0.00000       4.4840000   6.7292366e-80       1.0000000
      0.00000       4.4850000   6.5078761e-80       1.0000000
      0.00000       4.4860000   6.2938444e-80       1.0000000
      0.00000       4.4870000   6.0868970e-80       1.0000000
      0.00000       4.4880000   5.8867982e-80       1.0000000
      0.00000       4.4890000   5.6933197e-80       1.0000000
      0.00000       4.4900000   5.5062412e-80       1.0000000
      0.00000       4.4910000   5.3253496e-80       1.0000000
      0.00000       4.4920000   5.1504390e-80       1.0000000
      0.00000       4.4930000   4.9813103e-80       1.0000000
      0.00000       4.4940000   4.8177712e-80       1.0000000
      0.00000       4.4950000   4.6596358e-80       1.0000000
      0.00000       4.4960000   4.5067244e-80       1.0000000
      0.00000       4.4970000   4.3588633e-80       1.0000000
      0.00000       4.4980000   4.2158847e-80       1.0000000
      0.00000       4.4990000   4.0776262e-80       1.0000000
      0.00000       4.5000000   3.9439311e-80       1.0000000
      0.00000       4.5010000   3.8146478e-80       1.0000000
      0.00000       4.5020000   3.6896297e-80       1.0000000
      0.00000       4.5030000   3.5687353e-80       1.0000000
      0.00000       4.5040000   3.4518277e-80       1.0000000
      0.00000       4.5050000   3.3387745e-80       1.0000000
      0.00000       4.5060000   3.2294479e-80       1.0000000
      0.00000       4.5070000   3.1237241e-80       1.0000000
      0.00000       4.5080000   3.0214839e-80       1.0000000
      0.00000       4.5090000   2.9226115e-80       1.0000000
      0.00000       4.5100000   2.8269954e-80       1.0000000
      0.00000       4.5110000   2.7345277e-80       1.0000000
      0.00000       4.5120000   2.6451039e-80       1.0000000
      0.00000       4.5130000   2.5586233e-80       1.0000000
      0.00000       4.5140000   2.4749884e-80       1.0000000
      0.00000       4.5150000   2.3941050e-80       1.0000000
      0.00000       4.5160000   2.3158818e-80       1.0000000
      0.00000       4.5170000   2.2402310e-80       1.0000000
      0.00000       4.5180000   2.1670673e-80       1.0000000
      0.00000       4.5190000   2.0963085e-80       1.0000000
      0.00000       4.5200000   2.0278749e-80       1.0000000
      0.00000       4.5210000   1.9616898e-80       1.0000000
      0.00000       4.5220000   1.8976787e-80       1.0000000
      0.00000       4.5230000   1.8357698e-80       1.0000000
      0.00000       4.5240000   1.7758936e-80       1.0000000
      0.00000       4.5250000   1.7179830e-80       1.0000000
      0.00000       4.5260000   1.6619729e-80       1.0000000
      0.00000       4.5270000   1.6078007e-80       1.0000000
      0.00000       4.5280000   1.5554056e-80       1.0000000
      0.00000       4.5290000   1.5047290e-80       1.0000000
      0.00000       4.5300000   1.4557141e-80       1.0000000
      0.00000       4.5310000   1.4083061e-80       1.0000000
      0.00000       4.5320000   1.3624520e-80       1.0000000
      0.00000       4.5330000   1.3181005e-80       1.0000000
      0.00000       4.5340000   1.2752021e-80       1.0000000
      0.00000       4.5350000   1.2337088e-80       1.0000000
      0.00000       4.5360000   1.1935744e-80       1.0000000
      0.00000       4.5370000   1.1547541e-80       1.0000000
      0.00000       4.5380000   1.1172044e-80       1.0000000
      0.00000       4.5390000   1.0808837e-80       1.0000000
      0.00000       4.5400000   1.0457514e-80       1.0000000
      0.00000       4.5410000   1.0117684e-80       1.0000000
      0.00000       4.5420000   9.7889679e-81       1.0000000
      0.00000       4.5430000   9.4710006e-81       1.0000000
      0.00000       4.5440000   9.1634282e-81       1.0000000
      0.00000       4.5450000   8.8659086e-81       1.0000000
      0.00000       4.5460000   8.5781113e-81       1.0000000
      0.00000       4.5470000   8.2997164e-81       1.0000000
      0.00000       4.5480000   8.0304149e-81       1.0000000
      0.00000       4.5490000   7.7699077e-81       1.0000000
      0.00000       4.5500000   7.5179059e-81       1.0000000
      0.00000       4.5510000   7.2741300e-81       1.0000000
      0.00000       4.5520000   7.0383098e-81       1.0000000
      0.00000       4.5530000   6.8101839e-81       1.0000000
      0.00000       4.5540000   6.5894997e-81       1.0000000
      0.00000       4.5550000   6.3760129e-81       1.0000000
      0.00000       4.5560000   6.1694873e-81       1.0000000
      0.00000       4.5570000   5.9696944e-81       1.0000000
      0.00000       4.5580000   5.7764133e-81       1.0000000
      0.00000       4.5590000   5.5894304e-81       1.0000000
      0.00000       4.5600000   5.4085393e-81       1.0000000
      0.00000       4.5610000   5.2335400e-81       1.0000000
      0.00000       4.5620000   5.0642396e-81       1.0000000
      0.00000       4.5630000   4.9004512e-81       1.0000000
      0.00000       4.5640000   4.7419943e-81       1.0000000
      0.00000       4.5650000   4.5886941e-81       1.0000000
      0.00000       4.5660000   4.4403818e-81       1.0000000
      0.00000       4.5670000   4.2968940e-81       1.0000000
      0.00000       4.5680000   4.1580729e-81       1.0000000
      0.00000       4.5690000   4.0237656e-81       1.0000000
      0.00000       4.5700000   3.8938245e-81       1.0000000
      0.00000       4.5710000   3.7681067e-81       1.0000000
      0.00000       4.5720000   3.6464740e-81       1.0000000
      0.00000       4.5730000   3.5287930e-81       1.0000000
      0.00000       4.5740000   3.4149342e-81       1.0000000
      0.00000       4.5750000   3.3047729e-81       1.0000000
      0.00000       4.5760000   3.1981882e-81       1.0000000
      0.00000       4.5770000   3.0950632e-81       1.0000000
      0.00000       4.5780000   2.9952849e-81       1.0000000
      0.00000       4.5790000   2.8987440e-81       1.0000000
      0.00000       4.5800000   2.8053347e-81       1.0000000
      0.00000       4.5810000   2.7149549e-81       1.0000000
      0.00000       4.5820000   2.6275056e-81       1.0000000
      0.00000       4.5830000   2.5428913e-81       1.0000000
      0.00000       4.5840000   2.4610194e-81       1.0000000
      0.00000       4.5850000   2.3818005e-81       1.0000000
      0.00000       4.5860000   2.3051481e-81       1.0000000
      0.00000       4.5870000   2.2309784e-81       1.0000000
      0.00000       4.5880000   2.1592106e-81       1.0000000
      0.00000       4.5890000   2.0897663e-81       1.0000000
      0.00000       4.5900000   2.0225700e-81       1.0000000
      0.00000       4.5910000   1.9575482e-81       1.0000000
      0.00000       4.5920000   1.8946303e-81       1.0000000
      0.00000       4.5930000   1.8337477e-81       1.0000000
      0.00000       4.5940000   1.7748341e-81       1.0000000
      0.00000       4.5950000   1.7178254e-81       1.0000000
      0.00000       4.5960000   1.6626597e-81       1.0000000
      0.00000       4.5970000   1.6092771e-81       1.0000000
      0.00000       4.5980000   1.5576194e-81       1.0000000
      0.00000       4.5990000   1.5076306e-81       1.0000000
      0.00000       4.6000000   1.4592565e-81       1.0000000
      0.00000       4.6010000   1.4124445e-81       1.0000000
      0.00000       4.6020000   1.3671439e-81       1.0000000
      0.00000       4.6030000   1.3233056e-81       1.0000000
      0.00000       4.6040000   1.2808821e-81       1.0000000
      0.00000       4.6050000   1.2398273e-81       1.0000000
      0.00000       4.6060000   1.2000970e-81       1.0000000
      0.00000       4.6070000   1.1616480e-81       1.0000000
      0.00000       4.6080000   1.1244388e-81       1.0000000
      0.00000       4.6090000   1.0884292e-81       1.0000000
      0.00000       4.6100000   1.0535801e-81       1.0000000
      0.00000       4.6110000   1.0198541e-81       1.0000000
      0.00000       4.6120000   9.8721465e-82       1.0000000
      0.00000       4.6130000   9.5562652e-82       1.0000000
      0.00000       4.6140000   9.2505565e-82       1.0000000
      0.00000       4.6150000   8.9546905e-82       1.0000000
      0.00000       4.6160000   8.6683485e-82       1.0000000
      0.00000       4.6170000   8.3912218e-82       1.0000000
      0.00000       4.6180000   8.1230121e-82       1.0000000
      0.00000       4.6190000   7.8634304e-82       1.0000000
      0.00000       4.6200000   7.6121976e-82       1.0000000
      0.00000       4.6210000   7.3690433e-82       1.0000000
      0.00000       4.6220000   7.1337061e-82       1.0000000
      0.00000       4.6230000   6.9059331e-82       1.0000000
      0.00000       4.6240000   6.6854797e-82       1.0000000
      0.00000       4.6250000   6.4721090e-82       1.0000000
      0.00000       4.6260000   6.2655921e-82       1.0000000
      0.00000       4.6270000   6.0657075e-82       1.0000000
      0.00000       4.6280000   5.8722406e-82       1.0000000
      0.00000       4.6290000   5.6849843e-82       1.0000000
      0.00000       4.6300000   5.5037378e-82       1.0000000
      0.00000       4.6310000   5.3283070e-82       1.0000000
      0.00000       4.6320000   5.1585041e-82       1.0000000
      0.00000       4.6330000   4.9941474e-82       1.0000000
      0.00000       4.6340000   4.8350611e-82       1.0000000
      0.00000       4.6350000   4.6810752e-82       1.0000000
      0.00000       4.6360000   4.5320249e-82       1.0000000
      0.00000       4.6370000   4.3877513e-82       1.0000000
      0.00000       4.6380000   4.2481001e-82       1.0000000
      0.00000       4.6390000   4.1129223e-82       1.0000000
      0.00000       4.6400000   3.9820738e-82       1.0000000
      0.00000       4.6410000   3.8554149e-82       1.0000000
      0.00000       4.6420000   3.7328107e-82       1.0000000
      0.00000       4.6430000   3.6141305e-82       1.0000000
      0.00000       4.6440000   3.4992480e-82       1.0000000
      0.00000       4.6450000   3.3880408e-82       1.0000000
      0.00000       4.6460000   3.2803907e-82       1.0000000
      0.00000       4.6470000   3.1761830e-82       1.0000000
      0.00000       4.6480000   3.0753070e-82       1.0000000
      0.00000       4.6490000   2.9776556e-82       1.0000000
      0.00000       4.6500000   2.8831249e-82       1.0000000
      0.00000       4.6510000   2.7916146e-82       1.0000000
      0.00000       4.6520000   2.7030276e-82       1.0000000
      0.00000       4.6530000   2.6172699e-82       1.0000000
      0.00000       4.6540000   2.5342505e-82       1.0000000
      0.00000       4.6550000   2.4538815e-82       1.0000000
      0.00000       4.6560000   2.3760777e-82       1.0000000
      0.00000       4.6570000   2.3007567e-82       1.0000000
      0.00000       4.6580000   2.2278388e-82       1.0000000
      0.00000       4.6590000   2.1572467e-82       1.0000000
      0.00000       4.6600000   2.0889059e-82       1.0000000
      0.00000       4.6610000   2.0227441e-82       1.0000000
      0.00000       4.6620000   1.9586914e-82       1.0000000
      0.00000       4.6630000   1.8966800e-82       1.0000000
      0.00000       4.6640000   1.8366446e-82       1.0000000
      0.00000       4.6650000   1.7785217e-82       1.0000000
      0.00000       4.6660000   1.7222501e-82       1.0000000
      0.00000       4.6670000   1.6677704e-82       1.0000000
      0.00000       4.6680000   1.6150251e-82       1.0000000
      0.00000       4.6690000   1.5639588e-82       1.0000000
      0.00000       4.6700000   1.5145175e-82       1.0000000
      0.00000       4.6710000   1.4666493e-82       1.0000000
      0.00000       4.6720000   1.4203039e-82       1.0000000
      0.00000       4.6730000   1.3754323e-82       1.0000000
      0.00000       4.6740000   1.3319876e-82       1.0000000
      0.00000       4.6750000   1.2899239e-82       1.0000000
      0.00000       4.6760000   1.2491972e-82       1.0000000
      0.00000       4.6770000   1.2097647e-82       1.0000000
      0.00000       4.6780000   1.1715849e-82       1.0000000
      0.00000       4.6790000   1.1346178e-82       1.0000000
      0.00000       4.6800000   1.0988247e-82       1.0000000
      0.00000       4.6810000   1.0641681e-82       1.0000000
      0.00000       4.6820000   1.0306115e-82       1.0000000
      0.00000       4.6830000   9.9811991e-83       1.0000000
      0.00000       4.6840000   9.6665928e-83       1.0000000
      0.00000       4.6850000   9.3619669e-83       1.0000000
      0.00000       4.6860000   9.0670027e-83       1.0000000
      0.00000       4.6870000   8.7813919e-83       1.0000000
      0.00000       4.6880000   8.5048358e-83       1.0000000
      0.00000       4.6890000   8.2370457e-83       1.0000000
      0.00000       4.6900000   7.9777418e-83       1.0000000
      0.00000       4.6910000   7.7266536e-83       1.0000000
      0.00000       4.6920000   7.4835191e-83       1.0000000
      0.00000       4.6930000   7.2480846e-83       1.0000000
      0.00000       4.6940000   7.0201048e-83       1.0000000
      0.00000       4.6950000   6.7993421e-83       1.0000000
      0.00000       4.6960000   6.5855667e-83       1.0000000
      0.00000       4.6970000   6.3785558e-83       1.0000000
      0.00000       4.6980000   6.1780941e-83       1.0000000
      0.00000       4.6990000   5.9839731e-83       1.0000000
      0.00000       4.7000000   5.7959909e-83       1.0000000
      0.00000       4.7010000   5.6139522e-83       1.0000000
      0.00000       4.7020000   5.4376677e-83       1.0000000
      0.00000       4.7030000   5.2669546e-83       1.0000000
      0.00000       4.7040000   5.1016355e-83       1.0000000
      0.00000       4.7050000   4.9415389e-83       1.0000000
      0.00000       4.7060000   4.7864989e-83       1.0000000
      0.00000       4.7070000   4.6363545e-83       1.0000000
      0.00000       4.7080000   4.4909504e-83       1.0000000
      0.00000       4.7090000   4.3501358e-83       1.0000000
      0.00000       4.7100000   4.2137650e-83       1.0000000
      0.00000       4.7110000   4.0816969e-83       1.0000000
      0.00000       4.7120000   3.9537947e-83       1.0000000
      0.00000       4.7130000   3.8299263e-83       1.0000000
      0.00000       4.7140000   3.7099637e-83       1.0000000
      0.00000       4.7150000   3.5937828e-83       1.0000000
      0.00000       4.7160000   3.4812637e-83       1.0000000
      0.00000       4.7170000   3.3722903e-83       1.0000000
      0.00000       4.7180000   3.2667500e-83       1.0000000
      0.00000       4.7190000   3.1645341e-83       1.0000000
      0.00000       4.7200000   3.0655372e-83       1.0000000
      0.00000       4.7210000   2.9696572e-83       1.0000000
      0.00000       4.7220000   2.8767954e-83       1.0000000
      0.00000       4.7230000   2.7868561e-83       1.0000000
      0.00000       4.7240000   2.6997469e-83       1.0000000
      0.00000       4.7250000   2.6153780e-83       1.0000000
      0.00000       4.7260000   2.5336627e-83       1.0000000
      0.00000       4.7270000   2.4545170e-83       1.0000000
      0.00000       4.7280000   2.3778596e-83       1.0000000
      0.00000       4.7290000   2.3036117e-83       1.0000000
      0.00000       4.7300000   2.2316972e-83       1.0000000
      0.00000       4.7310000   2.1620423e-83       1.0000000
      0.00000       4.7320000   2.0945754e-83       1.0000000
      0.00000       4.7330000   2.0292274e-83       1.0000000
      0.00000       4.7340000   1.9659313e-83       1.0000000
      0.00000       4.7350000   1.9046224e-83       1.0000000
      0.00000       4.7360000   1.8452377e-83       1.0000000
      0.00000       4.7370000   1.7877166e-83       1.0000000
      0.00000       4.7380000   1.7320002e-83       1.0000000
      0.00000       4.7390000   1.6780314e-83       1.0000000
      0.00000       4.7400000   1.6257551e-83       1.0000000
      0.00000       4.7410000   1.5751180e-83       1.0000000
      0.00000       4.7420000   1.5260682e-83       1.0000000
      0.00000       4.7430000   1.4785557e-83       1.0000000
      0.00000       4.7440000   1.4325320e-83       1.0000000
      0.00000       4.7450000   1.3879502e-83       1.0000000
      0.00000       4.7460000   1.3447647e-83       1.0000000
      0.00000       4.7470000   1.3029316e-83       1.0000000
      0.00000       4.7480000   1.2624083e-83       1.0000000
      0.00000       4.7490000   1.2231535e-83       1.0000000
      0.00000       4.7500000   1.1851271e-83       1.0000000
      0.00000       4.7510000   1.1482906e-83       1.0000000
      0.00000       4.7520000   1.1126065e-83       1.0000000
      0.00000       4.7530000   1.0780384e-83       1.0000000
      0.00000       4.7540000   1.0445513e-83       1.0000000
      0.00000       4.7550000   1.0121111e-83       1.0000000
      0.00000       4.7560000   9.8068491e-84       1.0000000
      0.00000       4.7570000   9.5024080e-84       1.0000000
      0.00000       4.7580000   9.2074789e-84       1.0000000
      0.00000       4.7590000   8.9217627e-84       1.0000000
      0.00000       4.7600000   8.6449697e-84       1.0000000
      0.00000       4.7610000   8.3768196e-84       1.0000000
      0.00000       4.7620000   8.1170407e-84       1.0000000
      0.00000       4.7630000   7.8653700e-84       1.0000000
      0.00000       4.7640000   7.6215528e-84       1.0000000
      0.00000       4.7650000   7.3853425e-84       1.0000000
      0.00000       4.7660000   7.1565001e-84       1.0000000
      0.00000       4.7670000   6.9347945e-84       1.0000000
      0.00000       4.7680000   6.7200016e-84       1.0000000
      0.00000       4.7690000   6.5119045e-84       1.0000000
      0.00000       4.7700000   6.3102931e-84       1.0000000
      0.00000       4.7710000   6.1149640e-84       1.0000000
      0.00000       4.7720000   5.9257201e-84       1.0000000
      0.00000       4.7730000   5.7423708e-84       1.0000000
      0.00000       4.7740000   5.5647311e-84       1.0000000
      0.00000       4.7750000   5.3926222e-84       1.0000000
      0.00000       4.7760000   5.2258708e-84       1.0000000
      0.00000       4.7770000   5.0643090e-84       1.0000000
      0.00000       4.7780000   4.9077742e-84       1.0000000
      0.00000       4.7790000   4.7561091e-84       1.0000000
      0.00000       4.7800000   4.6091612e-84       1.0000000
      0.00000       4.7810000   4.4667828e-84       1.0000000
      0.00000       4.7820000   4.3288309e-84       1.0000000
      0.00000       4.7830000   4.1951670e-84       1.0000000
      0.00000       4.7840000   4.0656570e-84       1.0000000
      0.00000       4.7850000   3.9401710e-84       1.0000000
      0.00000       4.7860000   3.8185831e-84       1.0000000
      0.00000       4.7870000   3.7007714e-84       1.0000000
      0.00000       4.7880000   3.5866180e-84       1.0000000
      0.00000       4.7890000   3.4760085e-84       1.0000000
      0.00000       4.7900000   3.3688322e-84       1.0000000
      0.00000       4.7910000   3.2649817e-84       1.0000000
      0.00000       4.7920000   3.1643534e-84       1.0000000
      0.00000       4.7930000   3.0668465e-84       1.0000000
      0.00000       4.7940000   2.9723636e-84       1.0000000
      0.00000       4.7950000   2.8808103e-84       1.0000000
      0.00000       4.7960000   2.7920952e-84       1.0000000
      0.00000       4.7970000   2.7061298e-84       1.0000000
      0.00000       4.7980000   2.6228282e-84       1.0000000
      0.00000       4.7990000   2.5421074e-84       1.0000000
      0.00000       4.8000000   2.4638870e-84       1.0000000
      0.00000       4.8010000   2.3880889e-84       1.0000000
      0.00000       4.8020000   2.3146377e-84       1.0000000
      0.00000       4.8030000   2.2434603e-84       1.0000000
      0.00000       4.8040000   2.1744858e-84       1.0000000
      0.00000       4.8050000   2.1076456e-84       1.0000000
      0.00000       4.8060000   2.0428732e-84       1.0000000
      0.00000       4.8070000   1.9801043e-84       1.0000000
      0.00000       4.8080000   1.9192765e-84       1.0000000
      0.00000       4.8090000   1.8603293e-84       1.0000000
      0.00000       4.8100000   1.8032043e-84       1.0000000
      0.00000       4.8110000   1.7478447e-84       1.0000000
      0.00000       4.8120000   1.6941957e-84       1.0000000
      0.00000       4.8130000   1.6422041e-84       1.0000000
      0.00000       4.8140000   1.5918183e-84       1.0000000
      0.00000       4.8150000   1.5429884e-84       1.0000000
      0.00000       4.8160000   1.4956661e-84       1.0000000
      0.00000       4.8170000   1.4498045e-84       1.0000000
      0.00000       4.8180000   1.4053582e-84       1.0000000
      0.00000       4.8190000   1.3622833e-84       1.0000000
      0.00000       4.8200000   1.3205372e-84       1.0000000
      0.00000       4.8210000   1.2800787e-84       1.0000000
      0.00000       4.8220000   1.2408677e-84       1.0000000
      0.00000       4.8230000   1.2028656e-84       1.0000000
      0.00000       4.8240000   1.1660348e-84       1.0000000
      0.00000       4.8250000   1.1303391e-84       1.0000000
      0.00000       4.8260000   1.0957431e-84       1.0000000
      0.00000       4.8270000   1.0622129e-84       1.0000000
      0.00000       4.8280000   1.0297153e-84       1.0000000
      0.00000       4.8290000   9.9821841e-85       1.0000000
      0.00000       4.8300000   9.6769116e-85       1.0000000
      0.00000       4.8310000   9.3810351e-85       1.0000000
      0.00000       4.8320000   9.0942637e-85       1.0000000
      0.00000       4.8330000   8.8163153e-85       1.0000000
      0.00000       4.8340000   8.5469168e-85       1.0000000
      0.00000       4.8350000   8.2858034e-85       1.0000000
      0.00000       4.8360000   8.0327187e-85       1.0000000
      0.00000       4.8370000   7.7874142e-85       1.0000000
      0.00000       4.8380000   7.5496494e-85       1.0000000
      0.00000       4.8390000   7.3191908e-85       1.0000000
      0.00000       4.8400000   7.0958126e-85       1.0000000
      0.00000       4.8410000   6.8792959e-85       1.0000000
      0.00000       4.8420000   6.6694285e-85       1.0000000
      0.00000       4.8430000   6.4660049e-85       1.0000000
      0.00000       4.8440000   6.2688260e-85       1.0000000
      0.00000       4.8450000   6.0776989e-85       1.0000000
      0.00000       4.8460000   5.8924366e-85       1.0000000
      0.00000       4.8470000   5.7128580e-85       1.0000000
      0.00000       4.8480000   5.5387876e-85       1.0000000
      0.00000       4.8490000   5.3700554e-85       1.0000000
      0.00000       4.8500000   5.2064967e-85       1.0000000
      0.00000       4.8510000   5.0479517e-85       1.0000000
      0.00000       4.8520000   4.8942659e-85       1.0000000
      0.00000       4.8530000   4.7452892e-85       1.0000000
      0.00000       4.8540000   4.6008766e-85       1.0000000
      0.00000       4.8550000   4.4608873e-85       1.0000000
      0.00000       4.8560000   4.3251849e-85       1.0000000
      0.00000       4.8570000   4.1936373e-85       1.0000000
      0.00000       4.8580000   4.0661165e-85       1.0000000
      0.00000       4.8590000   3.9424984e-85       1.0000000
      0.00000       4.8600000   3.8226629e-85       1.0000000
      0.00000       4.8610000   3.7064933e-85       1.0000000
      0.00000       4.8620000   3.5938770e-85       1.0000000
      0.00000       4.8630000   3.4847045e-85       1.0000000
      0.00000       4.8640000   3.3788697e-85       1.0000000
      0.00000       4.8650000   3.2762701e-85       1.0000000
      0.00000       4.8660000   3.1768060e-85       1.0000000
      0.00000       4.8670000   3.0803811e-85       1.0000000
      0.00000       4.8680000   2.9869019e-85       1.0000000
      0.00000       4.8690000   2.8962777e-85       1.0000000
      0.00000       4.8700000   2.8084209e-85       1.0000000
      0.00000       4.8710000   2.7232465e-85       1.0000000
      0.00000       4.8720000   2.6406719e-85       1.0000000
      0.00000       4.8730000   2.5606173e-85       1.0000000
      0.00000       4.8740000   2.4830054e-85       1.0000000
      0.00000       4.8750000   2.4077610e-85       1.0000000
      0.00000       4.8760000   2.3348116e-85       1.0000000
      0.00000       4.8770000   2.2640867e-85       1.0000000
      0.00000       4.8780000   2.1955179e-85       1.0000000
      0.00000       4.8790000   2.1290393e-85       1.0000000
      0.00000       4.8800000   2.0645865e-85       1.0000000
      0.00000       4.8810000   2.0020976e-85       1.0000000
      0.00000       4.8820000   1.9415122e-85       1.0000000
      0.00000       4.8830000   1.8827721e-85       1.0000000
      0.00000       4.8840000   1.8258206e-85       1.0000000
      0.00000       4.8850000   1.7706029e-85       1.0000000
      0.00000       4.8860000   1.7170660e-85       1.0000000
      0.00000       4.8870000   1.6651583e-85       1.0000000
      0.00000       4.8880000   1.6148300e-85       1.0000000
      0.00000       4.8890000   1.5660326e-85       1.0000000
      0.00000       4.8900000   1.5187193e-85       1.0000000
      0.00000       4.8910000   1.4728447e-85       1.0000000
      0.00000       4.8920000   1.4283648e-85       1.0000000
      0.00000       4.8930000   1.3852368e-85       1.0000000
      0.00000       4.8940000   1.3434195e-85       1.0000000
      0.00000       4.8950000   1.3028726e-85       1.0000000
      0.00000       4.8960000   1.2635575e-85       1.0000000
      0.00000       4.8970000   1.2254364e-85       1.0000000
      0.00000       4.8980000   1.1884729e-85       1.0000000
      0.00000       4.8990000   1.1526315e-85       1.0000000
      0.00000       4.9000000   1.1178779e-85       1.0000000
      0.00000       4.9010000   1.0841790e-85       1.0000000
      0.00000       4.9020000   1.0515026e-85       1.0000000
      0.00000       4.9030000   1.0198174e-85       1.0000000
      0.00000       4.9040000   9.8909307e-86       1.0000000
      0.00000       4.9050000   9.5930041e-86       1.0000000
      0.00000       4.9060000   9.3041093e-86       1.0000000
      0.00000       4.9070000   9.0239709e-86       1.0000000
      0.00000       4.9080000   8.7523218e-86       1.0000000
      0.00000       4.9090000   8.4889030e-86       1.0000000
      0.00000       4.9100000   8.2334636e-86       1.0000000
      0.00000       4.9110000   7.9857602e-86       1.0000000
      0.00000       4.9120000   7.7455572e-86       1.0000000
      0.00000       4.9130000   7.5126259e-86       1.0000000
      0.00000       4.9140000   7.2867449e-86       1.0000000
      0.00000       4.9150000   7.0676992e-86       1.0000000
      0.00000       4.9160000   6.8552809e-86       1.0000000
      0.00000       4.9170000   6.6492880e-86       1.0000000
      0.00000       4.9180000   6.4495249e-86       1.0000000
      0.00000       4.9190000   6.2558021e-86       1.0000000
      0.00000       4.9200000   6.0679357e-86       1.0000000
      0.00000       4.9210000   5.8857476e-86       1.0000000
      0.00000       4.9220000   5.7090649e-86       1.0000000
      0.00000       4.9230000   5.5377203e-86       1.0000000
      0.00000       4.9240000   5.3715515e-86       1.0000000
      0.00000       4.9250000   5.2104011e-86       1.0000000
      0.00000       4.9260000   5.0541166e-86       1.0000000
      0.00000       4.9270000   4.9025501e-86       1.0000000
      0.00000       4.9280000   4.7555583e-86       1.0000000
      0.00000       4.9290000   4.6130022e-86       1.0000000
      0.00000       4.9300000   4.4747471e-86       1.0000000
      0.00000       4.9310000   4.3406624e-86       1.0000000
      0.00000       4.9320000   4.2106214e-86       1.0000000
      0.00000       4.9330000   4.0845016e-86       1.0000000
      0.00000       4.9340000   3.9621838e-86       1.0000000
      0.00000       4.9350000   3.8435527e-86       1.0000000
      0.00000       4.9360000   3.7284964e-86       1.0000000
      0.00000       4.9370000   3.6169067e-86       1.0000000
      0.00000       4.9380000   3.5086783e-86       1.0000000
      0.00000       4.9390000   3.4037093e-86       1.0000000
      0.00000       4.9400000   3.3019010e-86       1.0000000
      0.00000       4.9410000   3.2031576e-86       1.0000000
      0.00000       4.9420000   3.1073862e-86       1.0000000
      0.00000       4.9430000   3.0144967e-86       1.0000000
      0.00000       4.9440000   2.9244020e-86       1.0000000
      0.00000       4.9450000   2.8370174e-86       1.0000000
      0.00000       4.9460000   2.7522608e-86       1.0000000
      0.00000       4.9470000   2.6700527e-86       1.0000000
      0.00000       4.9480000   2.5903160e-86       1.0000000
      0.00000       4.9490000   2.5129758e-86       1.0000000
      0.00000       4.9500000   2.4379598e-86       1.0000000
      0.00000       4.9510000   2.3651976e-86       1.0000000
      0.00000       4.9520000   2.2946211e-86       1.0000000
      0.00000       4.9530000   2.2261642e-86       1.0000000
      0.00000       4.9540000   2.1597628e-86       1.0000000
      0.00000       4.9550000   2.0953548e-86       1.0000000
      0.00000       4.9560000   2.0328799e-86       1.0000000
      0.00000       4.9570000   1.9722799e-86       1.0000000
      0.00000       4.9580000   1.9134980e-86       1.0000000
      0.00000       4.9590000   1.8564794e-86       1.0000000
      0.00000       4.9600000   1.8011709e-86       1.0000000
      0.00000       4.9610000   1.7475207e-86       1.0000000
      0.00000       4.9620000   1.6954789e-86       1.0000000
      0.00000       4.9630000   1.6449970e-86       1.0000000
      0.00000       4.9640000   1.5960278e-86       1.0000000
      0.00000       4.9650000   1.5485259e-86       1.0000000
      0.00000       4.9660000   1.5024468e-86       1.0000000
      0.00000       4.9670000   1.4577478e-86       1.0000000
      0.00000       4.9680000   1.4143872e-86       1.0000000
      0.00000       4.9690000   1.3723247e-86       1.0000000
      0.00000       4.9700000   1.3315212e-86       1.0000000
      0.00000       4.9710000   1.2919387e-86       1.0000000
      0.00000       4.9720000   1.2535406e-86       1.0000000
      0.00000       4.9730000   1.2162910e-86       1.0000000
      0.00000       4.9740000   1.1801555e-86       1.0000000
      0.00000       4.9750000   1.1451006e-86       1.0000000
      0.00000       4.9760000   1.1110936e-86       1.0000000
      0.00000       4.9770000   1.0781030e-86       1.0000000
      0.00000       4.9780000   1.0460984e-86       1.0000000
      0.00000       4.9790000   1.0150500e-86       1.0000000
      0.00000       4.9800000   9.8492911e-87       1.0000000
      0.00000       4.9810000   9.5570779e-87       1.0000000
      0.00000       4.9820000   9.2735903e-87       1.0000000
      0.00000       4.9830000   8.9985661e-87       1.0000000
      0.00000       4.9840000   8.7317509e-87       1.0000000
      0.00000       4.9850000   8.4728982e-87       1.0000000
      0.00000       4.9860000   8.2217688e-87       1.0000000
      0.00000       4.9870000   7.9781308e-87       1.0000000
      0.00000       4.9880000   7.7417593e-87       1.0000000
      0.00000       4.9890000   7.5124362e-87       1.0000000
      0.00000       4.9900000   7.2899499e-87       1.0000000
      0.00000       4.9910000   7.0740953e-87       1.0000000
      0.00000       4.9920000   6.8646735e-87       1.0000000
      0.00000       4.9930000   6.6614915e-87       1.0000000
      0.00000       4.9940000   6.4643622e-87       1.0000000
      0.00000       4.9950000   6.2731042e-87       1.0000000
      0.00000       4.9960000   6.0875414e-87       1.0000000
      0.00000       4.9970000   5.9075033e-87       1.0000000
      0.00000       4.9980000   5.7328241e-87       1.0000000
      0.00000       4.9990000   5.5633435e-87       1.0000000
      0.00000       5.0000000   5.3989056e-87       1.0000000
      0.00000       5.0010000   5.2393596e-87       1.0000000
      0.00000       5.0020000   5.0845588e-87       1.0000000
      0.00000       5.0030000   4.9343614e-87       1.0000000
      0.00000       5.0040000   4.7886295e-87       1.0000000
      0.00000       5.0050000   4.6472294e-87       1.0000000
      0.00000       5.0060000   4.5100317e-87       1.0000000
      0.00000       5.0070000   4.3769106e-87       1.0000000
      0.00000       5.0080000   4.2477442e-87       1.0000000
      0.00000       5.0090000   4.1224143e-87       1.0000000
      0.00000       5.0100000   4.0008061e-87       1.0000000
      0.00000       5.0110000   3.8828085e-87       1.0000000
      0.00000       5.0120000   3.7683136e-87       1.0000000
      0.00000       5.0130000   3.6572167e-87       1.0000000
      0.00000       5.0140000   3.5494163e-87       1.0000000
      0.00000       5.0150000   3.4448140e-87       1.0000000
      0.00000       5.0160000   3.3433143e-87       1.0000000
      0.00000       5.0170000   3.2448246e-87       1.0000000
      0.00000       5.0180000   3.1492551e-87       1.0000000
      0.00000       5.0190000   3.0565185e-87       1.0000000
      0.00000       5.0200000   2.9665305e-87       1.0000000
      0.00000       5.0210000   2.8792089e-87       1.0000000
      0.00000       5.0220000   2.7944744e-87       1.0000000
      0.00000       5.0230000   2.7122496e-87       1.0000000
      0.00000       5.0240000   2.6324600e-87       1.0000000
      0.00000       5.0250000   2.5550328e-87       1.0000000
      0.00000       5.0260000   2.4798976e-87       1.0000000
      0.00000       5.0270000   2.4069862e-87       1.0000000
      0.00000       5.0280000   2.3362324e-87       1.0000000
      0.00000       5.0290000   2.2675718e-87       1.0000000
      0.00000       5.0300000   2.2009421e-87       1.0000000
      0.00000       5.0310000   2.1362830e-87       1.0000000
      0.00000       5.0320000   2.0735357e-87       1.0000000
      0.00000       5.0330000   2.0126434e-87       1.0000000
      0.00000       5.0340000   1.9535508e-87       1.0000000
      0.00000       5.0350000   1.8962044e-87       1.0000000
      0.00000       5.0360000   1.8405523e-87       1.0000000
      0.00000       5.0370000   1.7865442e-87       1.0000000
      0.00000       5.0380000   1.7341310e-87       1.0000000
      0.00000       5.0390000   1.6832655e-87       1.0000000
      0.00000       5.0400000   1.6339017e-87       1.0000000
      0.00000       5.0410000   1.5859948e-87       1.0000000
      0.00000       5.0420000   1.5395017e-87       1.0000000
      0.00000       5.0430000   1.4943804e-87       1.0000000
      0.00000       5.0440000   1.4505901e-87       1.0000000
      0.00000       5.0450000   1.4080912e-87       1.0000000
      0.00000       5.0460000   1.3668456e-87       1.0000000
      0.00000       5.0470000   1.3268159e-87       1.0000000
      0.00000       5.0480000   1.2879662e-87       1.0000000
      0.00000       5.0490000   1.2502613e-87       1.0000000
      0.00000       5.0500000   1.2136673e-87       1.0000000
      0.00000       5.0510000   1.1781514e-87       1.0000000
      0.00000       5.0520000   1.1436815e-87       1.0000000
      0.00000       5.0530000   1.1102267e-87       1.0000000
      0.00000       5.0540000   1.0777567e-87       1.0000000
      0.00000       5.0550000   1.0462426e-87       1.0000000
      0.00000       5.0560000   1.0156559e-87       1.0000000
      0.00000       5.0570000   9.8596918e-88       1.0000000
      0.00000       5.0580000   9.5715580e-88       1.0000000
      0.00000       5.0590000   9.2918989e-88       1.0000000
      0.00000       5.0600000   9.0204636e-88       1.0000000
      0.00000       5.0610000   8.7570089e-88       1.0000000
      0.00000       5.0620000   8.5012984e-88       1.0000000
      0.00000       5.0630000   8.2531032e-88       1.0000000
      0.00000       5.0640000   8.0122010e-88       1.0000000
      0.00000       5.0650000   7.7783760e-88       1.0000000
      0.00000       5.0660000   7.5514190e-88       1.0000000
      0.00000       5.0670000   7.3311270e-88       1.0000000
      0.00000       5.0680000   7.1173030e-88       1.0000000
      0.00000       5.0690000   6.9097558e-88       1.0000000
      0.00000       5.0700000   6.7083001e-88       1.0000000
      0.00000       5.0710000   6.5127559e-88       1.0000000
      0.00000       5.0720000   6.3229486e-88       1.0000000
      0.00000       5.0730000   6.1387089e-88       1.0000000
      0.00000       5.0740000   5.9598723e-88       1.0000000
      0.00000       5.0750000   5.7862794e-88       1.0000000
      0.00000       5.0760000   5.6177754e-88       1.0000000
      0.00000       5.0770000   5.4542102e-88       1.0000000
      0.00000       5.0780000   5.2954382e-88       1.0000000
      0.00000       5.0790000   5.1413179e-88       1.0000000
      0.00000       5.0800000   4.9917123e-88       1.0000000
      0.00000       5.0810000   4.8464881e-88       1.0000000
      0.00000       5.0820000   4.7055163e-88       1.0000000
      0.00000       5.0830000   4.5686715e-88       1.0000000
      0.00000       5.0840000   4.4358321e-88       1.0000000
      0.00000       5.0850000   4.3068803e-88       1.0000000
      0.00000       5.0860000   4.1817013e-88       1.0000000
      0.00000       5.0870000   4.0601842e-88       1.0000000
      0.00000       5.0880000   3.9422212e-88       1.0000000
      0.00000       5.0890000   3.8277076e-88       1.0000000
      0.00000       5.0900000   3.7165419e-88       1.0000000
      0.00000       5.0910000   3.6086256e-88       1.0000000
      0.00000       5.0920000   3.5038632e-88       1.0000000
      0.00000       5.0930000   3.4021618e-88       1.0000000
      0.00000       5.0940000   3.3034314e-88       1.0000000
      0.00000       5.0950000   3.2075847e-88       1.0000000
      0.00000       5.0960000   3.1145369e-88       1.0000000
      0.00000       5.0970000   3.0242058e-88       1.0000000
      0.00000       5.0980000   2.9365116e-88       1.0000000
      0.00000       5.0990000   2.8513767e-88       1.0000000
      0.00000       5.1000000   2.7687259e-88       1.0000000
      0.00000       5.1010000   2.6884865e-88       1.0000000
      0.00000       5.1020000   2.6105874e-88       1.0000000
      0.00000       5.1030000   2.5349601e-88       1.0000000
      0.00000       5.1040000   2.4615379e-88       1.0000000
      0.00000       5.1050000   2.3902560e-88       1.0000000
      0.00000       5.1060000   2.3210517e-88       1.0000000
      0.00000       5.1070000   2.2538640e-88       1.0000000
      0.00000       5.1080000   2.1886338e-88       1.0000000
      0.00000       5.1090000   2.1253036e-88       1.0000000
      0.00000       5.1100000   2.0638179e-88       1.0000000
      0.00000       5.1110000   2.0041224e-88       1.0000000
      0.00000       5.1120000   1.9461648e-88       1.0000000
      0.00000       5.1130000   1.8898941e-88       1.0000000
      0.00000       5.1140000   1.8352610e-88       1.0000000
      0.00000       5.1150000   1.7822174e-88       1.0000000
      0.00000       5.1160000   1.7307168e-88       1.0000000
      0.00000       5.1170000   1.6807141e-88       1.0000000
      0.00000       5.1180000   1.6321653e-88       1.0000000
      0.00000       5.1190000   1.5850281e-88       1.0000000
      0.00000       5.1200000   1.5392609e-88       1.0000000
      0.00000       5.1210000   1.4948238e-88       1.0000000
      0.00000       5.1220000   1.4516779e-88       1.0000000
      0.00000       5.1230000   1.4097854e-88       1.0000000
      0.00000       5.1240000   1.3691096e-88       1.0000000
      0.00000       5.1250000   1.3296151e-88       1.0000000
      0.00000       5.1260000   1.2912672e-88       1.0000000
      0.00000       5.1270000   1.2540324e-88       1.0000000
      0.00000       5.1280000   1.2178783e-88       1.0000000
      0.00000       5.1290000   1.1827733e-88       1.0000000
      0.00000       5.1300000   1.1486868e-88       1.0000000
      0.00000       5.1310000   1.1155889e-88       1.0000000
      0.00000       5.1320000   1.0834509e-88       1.0000000
      0.00000       5.1330000   1.0522447e-88       1.0000000
      0.00000       5.1340000   1.0219431e-88       1.0000000
      0.00000       5.1350000   9.9251984e-89       1.0000000
      0.00000       5.1360000   9.6394915e-89       1.0000000
      0.00000       5.1370000   9.3620623e-89       1.0000000
      0.00000       5.1380000   9.0926693e-89       1.0000000
      0.00000       5.1390000   8.8310782e-89       1.0000000
      0.00000       5.1400000   8.5770617e-89       1.0000000
      0.00000       5.1410000   8.3303990e-89       1.0000000
      0.00000       5.1420000   8.0908759e-89       1.0000000
      0.00000       5.1430000   7.8582843e-89       1.0000000
      0.00000       5.1440000   7.6324224e-89       1.0000000
      0.00000       5.1450000   7.4130942e-89       1.0000000
      0.00000       5.1460000   7.2001096e-89       1.0000000
      0.00000       5.1470000   6.9932837e-89       1.0000000
      0.00000       5.1480000   6.7924375e-89       1.0000000
      0.00000       5.1490000   6.5973969e-89       1.0000000
      0.00000       5.1500000   6.4079930e-89       1.0000000
      0.00000       5.1510000   6.2240619e-89       1.0000000
      0.00000       5.1520000   6.0454444e-89       1.0000000
      0.00000       5.1530000   5.8719861e-89       1.0000000
      0.00000       5.1540000   5.7035369e-89       1.0000000
      0.00000       5.1550000   5.5399512e-89       1.0000000
      0.00000       5.1560000   5.3810879e-89       1.0000000
      0.00000       5.1570000   5.2268095e-89       1.0000000
      0.00000       5.1580000   5.0769831e-89       1.0000000
      0.00000       5.1590000   4.9314792e-89       1.0000000
      0.00000       5.1600000   4.7901724e-89       1.0000000
      0.00000       5.1610000   4.6529408e-89       1.0000000
      0.00000       5.1620000   4.5196661e-89       1.0000000
      0.00000       5.1630000   4.3902336e-89       1.0000000
      0.00000       5.1640000   4.2645317e-89       1.0000000
      0.00000       5.1650000   4.1424522e-89       1.0000000
      0.00000       5.1660000   4.0238901e-89       1.0000000
      0.00000       5.1670000   3.9087433e-89       1.0000000
      0.00000       5.1680000   3.7969129e-89       1.0000000
      0.00000       5.1690000   3.6883027e-89       1.0000000
      0.00000       5.1700000   3.5828194e-89       1.0000000
      0.00000       5.1710000   3.4803724e-89       1.0000000
      0.00000       5.1720000   3.3808738e-89       1.0000000
      0.00000       5.1730000   3.2842380e-89       1.0000000
      0.00000       5.1740000   3.1903823e-89       1.0000000
      0.00000       5.1750000   3.0992261e-89       1.0000000
      0.00000       5.1760000   3.0106914e-89       1.0000000
      0.00000       5.1770000   2.9247021e-89       1.0000000
      0.00000       5.1780000   2.8411847e-89       1.0000000
      0.00000       5.1790000   2.7600677e-89       1.0000000
      0.00000       5.1800000   2.6812816e-89       1.0000000
      0.00000       5.1810000   2.6047590e-89       1.0000000
      0.00000       5.1820000   2.5304344e-89       1.0000000
      0.00000       5.1830000   2.4582444e-89       1.0000000
      0.00000       5.1840000   2.3881272e-89       1.0000000
      0.00000       5.1850000   2.3200229e-89       1.0000000
      0.00000       5.1860000   2.2538734e-89       1.0000000
      0.00000       5.1870000   2.1896222e-89       1.0000000
      0.00000       5.1880000   2.1272144e-89       1.0000000
      0.00000       5.1890000   2.0665969e-89       1.0000000
      0.00000       5.1900000   2.0077180e-89       1.0000000
      0.00000       5.1910000   1.9505274e-89       1.0000000
      0.00000       5.1920000   1.8949764e-89       1.0000000
      0.00000       5.1930000   1.8410178e-89       1.0000000
      0.00000       5.1940000   1.7886056e-89       1.0000000
      0.00000       5.1950000   1.7376952e-89       1.0000000
      0.00000       5.1960000   1.6882433e-89       1.0000000
      0.00000       5.1970000   1.6402078e-89       1.0000000
      0.00000       5.1980000   1.5935479e-89       1.0000000
      0.00000       5.1990000   1.5482239e-89       1.0000000
      0.00000       5.2000000   1.5041974e-89       1.0000000
      0.00000       5.2010000   1.4614310e-89       1.0000000
      0.00000       5.2020000   1.4198884e-89       1.0000000
      0.00000       5.2030000   1.3795343e-89       1.0000000
      0.00000       5.2040000   1.3403345e-89       1.0000000
      0.00000       5.2050000   1.3022558e-89       1.0000000
      0.00000       5.2060000   1.2652659e-89       1.0000000
      0.00000       5.2070000   1.2293336e-89       1.0000000
      0.00000       5.2080000   1.1944282e-89       1.0000000
      0.00000       5.2090000   1.1605204e-89       1.0000000
      0.00000       5.2100000   1.1275814e-89       1.0000000
      0.00000       5.2110000   1.0955833e-89       1.0000000
      0.00000       5.2120000   1.0644992e-89       1.0000000
      0.00000       5.2130000   1.0343027e-89       1.0000000
      0.00000       5.2140000   1.0049683e-89       1.0000000
      0.00000       5.2150000   9.7647127e-90       1.0000000
      0.00000       5.2160000   9.4878755e-90       1.0000000
      0.00000       5.2170000   9.2189376e-90       1.0000000
      0.00000       5.2180000   8.9576723e-90       1.0000000
      0.00000       5.2190000   8.7038592e-90       1.0000000
      0.00000       5.2200000   8.4572844e-90       1.0000000
      0.00000       5.2210000   8.2177401e-90       1.0000000
      0.00000       5.2220000   7.9850247e-90       1.0000000
      0.00000       5.2230000   7.7589421e-90       1.0000000
      0.00000       5.2240000   7.5393021e-90       1.0000000
      0.00000       5.2250000   7.3259199e-90       1.0000000
      0.00000       5.2260000   7.1186162e-90       1.0000000
      0.00000       5.2270000   6.9172165e-90       1.0000000
      0.00000       5.2280000   6.7215518e-90       1.0000000
      0.00000       5.2290000   6.5314576e-90       1.0000000
      0.00000       5.2300000   6.3467743e-90       1.0000000
      0.00000       5.2310000   6.1673470e-90       1.0000000
      0.00000       5.2320000   5.9930250e-90       1.0000000
      0.00000       5.2330000   5.8236622e-90       1.0000000
      0.00000       5.2340000   5.6591166e-90       1.0000000
      0.00000       5.2350000   5.4992503e-90       1.0000000
      0.00000       5.2360000   5.3439293e-90       1.0000000
      0.00000       5.2370000   5.1930237e-90       1.0000000
      0.00000       5.2380000   5.0464070e-90       1.0000000
      0.00000       5.2390000   4.9039566e-90       1.0000000
      0.00000       5.2400000   4.7655534e-90       1.0000000
      0.00000       5.2410000   4.6310816e-90       1.0000000
      0.00000       5.2420000   4.5004288e-90       1.0000000
      0.00000       5.2430000   4.3734859e-90       1.0000000
      0.00000       5.2440000   4.2501468e-90       1.0000000
      0.00000       5.2450000   4.1303086e-90       1.0000000
      0.00000       5.2460000   4.0138713e-90       1.0000000
      0.00000       5.2470000   3.9007378e-90       1.0000000
      0.00000       5.2480000   3.7908136e-90       1.0000000
      0.00000       5.2490000   3.6840072e-90       1.0000000
      0.00000       5.2500000   3.5802296e-90       1.0000000
      0.00000       5.2510000   3.4793943e-90       1.0000000
      0.00000       5.2520000   3.3814173e-90       1.0000000
      0.00000       5.2530000   3.2862172e-90       1.0000000
      0.00000       5.2540000   3.1937147e-90       1.0000000
      0.00000       5.2550000   3.1038329e-90       1.0000000
      0.00000       5.2560000   3.0164970e-90       1.0000000
      0.00000       5.2570000   2.9316346e-90       1.0000000
      0.00000       5.2580000   2.8491750e-90       1.0000000
      0.00000       5.2590000   2.7690498e-90       1.0000000
      0.00000       5.2600000   2.6911925e-90       1.0000000
      0.00000       5.2610000   2.6155385e-90       1.0000000
      0.00000       5.2620000   2.5420250e-90       1.0000000
      0.00000       5.2630000   2.4705912e-90       1.0000000
      0.00000       5.2640000   2.4011777e-90       1.0000000
      0.00000       5.2650000   2.3337270e-90       1.0000000
      0.00000       5.2660000   2.2681834e-90       1.0000000
      0.00000       5.2670000   2.2044925e-90       1.0000000
      0.00000       5.2680000   2.1426017e-90       1.0000000
      0.00000       5.2690000   2.0824597e-90       1.0000000
      0.00000       5.2700000   2.0240168e-90       1.0000000
      0.00000       5.2710000   1.9672246e-90       1.0000000
      0.00000       5.2720000   1.9120364e-90       1.0000000
      0.00000       5.2730000   1.8584064e-90       1.0000000
      0.00000       5.2740000   1.8062904e-90       1.0000000
      0.00000       5.2750000   1.7556453e-90       1.0000000
      0.00000       5.2760000   1.7064295e-90       1.0000000
      0.00000       5.2770000   1.6586023e-90       1.0000000
      0.00000       5.2780000   1.6121242e-90       1.0000000
      0.00000       5.2790000   1.5669570e-90       1.0000000
      0.00000       5.2800000   1.5230635e-90       1.0000000
      0.00000       5.2810000   1.4804075e-90       1.0000000
      0.00000       5.2820000   1.4389538e-90       1.0000000
      0.00000       5.2830000   1.3986685e-90       1.0000000
      0.00000       5.2840000   1.3595183e-90       1.0000000
      0.00000       5.2850000   1.3214710e-90       1.0000000
      0.00000       5.2860000   1.2844954e-90       1.0000000
      0.00000       5.2870000   1.2485612e-90       1.0000000
      0.00000       5.2880000   1.2136387e-90       1.0000000
      0.00000       5.2890000   1.1796993e-90       1.0000000
      0.00000       5.2900000   1.1467152e-90       1.0000000
      0.00000       5.2910000   1.1146593e-90       1.0000000
      0.00000       5.2920000   1.0835053e-90       1.0000000
      0.00000       5.2930000   1.0532277e-90       1.0000000
      0.00000       5.2940000   1.0238017e-90       1.0000000
      0.00000       5.2950000   9.9520310e-91       1.0000000
      0.00000       5.2960000   9.6740855e-91       1.0000000
      0.00000       5.2970000   9.4039529e-91       1.0000000
      0.00000       5.2980000   9.1414122e-91       1.0000000
      0.00000       5.2990000   8.8862486e-91       1.0000000
      0.00000       5.3000000   8.6382535e-91       1.0000000
      0.00000       5.3010000   8.3972243e-91       1.0000000
      0.00000       5.3020000   8.1629639e-91       1.0000000
      0.00000       5.3030000   7.9352811e-91       1.0000000
      0.00000       5.3040000   7.7139901e-91       1.0000000
      0.00000       5.3050000   7.4989102e-91       1.0000000
      0.00000       5.3060000   7.2898659e-91       1.0000000
      0.00000       5.3070000   7.0866868e-91       1.0000000
      0.00000       5.3080000   6.8892074e-91       1.0000000
      0.00000       5.3090000   6.6972666e-91       1.0000000
      0.00000       5.3100000   6.5107081e-91       1.0000000
      0.00000       5.3110000   6.3293800e-91       1.0000000
      0.00000       5.3120000   6.1531348e-91       1.0000000
      0.00000       5.3130000   5.9818291e-91       1.0000000
      0.00000       5.3140000   5.8153234e-91       1.0000000
      0.00000       5.3150000   5.6534826e-91       1.0000000
      0.00000       5.3160000   5.4961749e-91       1.0000000
      0.00000       5.3170000   5.3432727e-91       1.0000000
      0.00000       5.3180000   5.1946517e-91       1.0000000
      0.00000       5.3190000   5.0501914e-91       1.0000000
      0.00000       5.3200000   4.9097744e-91       1.0000000
      0.00000       5.3210000   4.7732870e-91       1.0000000
      0.00000       5.3220000   4.6406184e-91       1.0000000
      0.00000       5.3230000   4.5116610e-91       1.0000000
      0.00000       5.3240000   4.3863104e-91       1.0000000
      0.00000       5.3250000   4.2644651e-91       1.0000000
      0.00000       5.3260000   4.1460265e-91       1.0000000
      0.00000       5.3270000   4.0308986e-91       1.0000000
      0.00000       5.3280000   3.9189882e-91       1.0000000
      0.00000       5.3290000   3.8102051e-91       1.0000000
      0.00000       5.3300000   3.7044610e-91       1.0000000
      0.00000       5.3310000   3.6016707e-91       1.0000000
      0.00000       5.3320000   3.5017511e-91       1.0000000
      0.00000       5.3330000   3.4046215e-91       1.0000000
      0.00000       5.3340000   3.3102034e-91       1.0000000
      0.00000       5.3350000   3.2184208e-91       1.0000000
      0.00000       5.3360000   3.1291995e-91       1.0000000
      0.00000       5.3370000   3.0424676e-91       1.0000000
      0.00000       5.3380000   2.9581553e-91       1.0000000
      0.00000       5.3390000   2.8761945e-91       1.0000000
      0.00000       5.3400000   2.7965194e-91       1.0000000
      0.00000       5.3410000   2.7190656e-91       1.0000000
      0.00000       5.3420000   2.6437710e-91       1.0000000
      0.00000       5.3430000   2.5705749e-91       1.0000000
      0.00000       5.3440000   2.4994184e-91       1.0000000
      0.00000       5.3450000   2.4302444e-91       1.0000000
      0.00000       5.3460000   2.3629973e-91       1.0000000
      0.00000       5.3470000   2.2976230e-91       1.0000000
      0.00000       5.3480000   2.2340691e-91       1.0000000
      0.00000       5.3490000   2.1722845e-91       1.0000000
      0.00000       5.3500000   2.1122197e-91       1.0000000
      0.00000       5.3510000   2.0538264e-91       1.0000000
      0.00000       5.3520000   1.9970580e-91       1.0000000
      0.00000       5.3530000   1.9418688e-91       1.0000000
      0.00000       5.3540000   1.8882146e-91       1.0000000
      0.00000       5.3550000   1.8360526e-91       1.0000000
      0.00000       5.3560000   1.7853408e-91       1.0000000
      0.00000       5.3570000   1.7360388e-91       1.0000000
      0.00000       5.3580000   1.6881071e-91       1.0000000
      0.00000       5.3590000   1.6415073e-91       1.0000000
      0.00000       5.3600000   1.5962023e-91       1.0000000
      0.00000       5.3610000   1.5521558e-91       1.0000000
      0.00000       5.3620000   1.5093326e-91       1.0000000
      0.00000       5.3630000   1.4676985e-91       1.0000000
      0.00000       5.3640000   1.4272203e-91       1.0000000
      0.00000       5.3650000   1.3878657e-91       1.0000000
      0.00000       5.3660000   1.3496033e-91       1.0000000
      0.00000       5.3670000   1.3124026e-91       1.0000000
      0.00000       5.3680000   1.2762340e-91       1.0000000
      0.00000       5.3690000   1.2410686e-91       1.0000000
      0.00000       5.3700000   1.2068784e-91       1.0000000
      0.00000       5.3710000   1.1736363e-91       1.0000000
      0.00000       5.3720000   1.1413157e-91       1.0000000
      0.00000       5.3730000   1.1098909e-91       1.0000000
      0.00000       5.3740000   1.0793370e-91       1.0000000
      0.00000       5.3750000   1.0496297e-91       1.0000000
      0.00000       5.3760000   1.0207453e-91       1.0000000
      0.00000       5.3770000   9.9266090e-92       1.0000000
      0.00000       5.3780000   9.6535423e-92       1.0000000
      0.00000       5.3790000   9.3880359e-92       1.0000000
      0.00000       5.3800000   9.1298793e-92       1.0000000
      0.00000       5.3810000   8.8788676e-92       1.0000000
      0.00000       5.3820000   8.6348018e-92       1.0000000
      0.00000       5.3830000   8.3974884e-92       1.0000000
      0.00000       5.3840000   8.1667395e-92       1.0000000
      0.00000       5.3850000   7.9423723e-92       1.0000000
      0.00000       5.3860000   7.7242091e-92       1.0000000
      0.00000       5.3870000   7.5120774e-92       1.0000000
      0.00000       5.3880000   7.3058092e-92       1.0000000
      0.00000       5.3890000   7.1052415e-92       1.0000000
      0.00000       5.3900000   6.9102158e-92       1.0000000
      0.00000       5.3910000   6.7205778e-92       1.0000000
      0.00000       5.3920000   6.5361778e-92       1.0000000
      0.00000       5.3930000   6.3568702e-92       1.0000000
      0.00000       5.3940000   6.1825134e-92       1.0000000
      0.00000       5.3950000   6.0129699e-92       1.0000000
      0.00000       5.3960000   5.8481060e-92       1.0000000
      0.00000       5.3970000   5.6877916e-92       1.0000000
      0.00000       5.3980000   5.5319004e-92       1.0000000
      0.00000       5.3990000   5.3803096e-92       1.0000000
      0.00000       5.4000000   5.2328997e-92       1.0000000
      0.00000       5.4010000   5.0895548e-92       1.0000000
      0.00000       5.4020000   4.9501620e-92       1.0000000
      0.00000       5.4030000   4.8146116e-92       1.0000000
      0.00000       5.4040000   4.6827970e-92       1.0000000
      0.00000       5.4050000   4.5546147e-92       1.0000000
      0.00000       5.4060000   4.4299638e-92       1.0000000
      0.00000       5.4070000   4.3087466e-92       1.0000000
      0.00000       5.4080000   4.1908676e-92       1.0000000
      0.00000       5.4090000   4.0762346e-92       1.0000000
      0.00000       5.4100000   3.9647574e-92       1.0000000
      0.00000       5.4110000   3.8563487e-92       1.0000000
      0.00000       5.4120000   3.7509234e-92       1.0000000
      0.00000       5.4130000   3.6483989e-92       1.0000000
      0.00000       5.4140000   3.5486950e-92       1.0000000
      0.00000       5.4150000   3.4517334e-92       1.0000000
      0.00000       5.4160000   3.3574383e-92       1.0000000
      0.00000       5.4170000   3.2657358e-92       1.0000000
      0.00000       5.4180000   3.1765543e-92       1.0000000
      0.00000       5.4190000   3.0898239e-92       1.0000000
      0.00000       5.4200000   3.0054770e-92       1.0000000
      0.00000       5.4210000   2.9234475e-92       1.0000000
      0.00000       5.4220000   2.8436713e-92       1.0000000
      0.00000       5.4230000   2.7660863e-92       1.0000000
      0.00000       5.4240000   2.6906317e-92       1.0000000
      0.00000       5.4250000   2.6172488e-92       1.0000000
      0.00000       5.4260000   2.5458802e-92       1.0000000
      0.00000       5.4270000   2.4764704e-92       1.0000000
      0.00000       5.4280000   2.4089653e-92       1.0000000
      0.00000       5.4290000   2.3433121e-92       1.0000000
      0.00000       5.4300000   2.2794599e-92       1.0000000
      0.00000       5.4310000   2.2173588e-92       1.0000000
      0.00000       5.4320000   2.1569605e-92       1.0000000
      0.00000       5.4330000   2.0982181e-92       1.0000000
      0.00000       5.4340000   2.0410859e-92       1.0000000
      0.00000       5.4350000   1.9855193e-92       1.0000000
      0.00000       5.4360000   1.9314754e-92       1.0000000
      0.00000       5.4370000   1.8789120e-92       1.0000000
      0.00000       5.4380000   1.8277883e-92       1.0000000
      0.00000       5.4390000   1.7780647e-92       1.0000000
      0.00000       5.4400000   1.7297026e-92       1.0000000
      0.00000       5.4410000   1.6826644e-92       1.0000000
      0.00000       5.4420000   1.6369136e-92       1.0000000
      0.00000       5.4430000   1.5924149e-92       1.0000000
      0.00000       5.4440000   1.5491337e-92       1.0000000
      0.00000       5.4450000   1.5070365e-92       1.0000000
      0.00000       5.4460000   1.4660907e-92       1.0000000
      0.00000       5.4470000   1.4262646e-92       1.0000000
      0.00000       5.4480000   1.3875273e-92       1.0000000
      0.00000       5.4490000   1.3498490e-92       1.0000000
      0.00000       5.4500000   1.3132005e-92       1.0000000
      0.00000       5.4510000   1.2775535e-92       1.0000000
      0.00000       5.4520000   1.2428803e-92       1.0000000
      0.00000       5.4530000   1.2091543e-92       1.0000000
      0.00000       5.4540000   1.1763494e-92       1.0000000
      0.00000       5.4550000   1.1444403e-92       1.0000000
      0.00000       5.4560000   1.1134024e-92       1.0000000
      0.00000       5.4570000   1.0832116e-92       1.0000000
      0.00000       5.4580000   1.0538449e-92       1.0000000
      0.00000       5.4590000   1.0252794e-92       1.0000000
      0.00000       5.4600000   9.9749328e-93       1.0000000
      0.00000       5.4610000   9.7046506e-93       1.0000000
      0.00000       5.4620000   9.4417395e-93       1.0000000
      0.00000       5.4630000   9.1859972e-93       1.0000000
      0.00000       5.4640000   8.9372269e-93       1.0000000
      0.00000       5.4650000   8.6952374e-93       1.0000000
      0.00000       5.4660000   8.4598426e-93       1.0000000
      0.00000       5.4670000   8.2308617e-93       1.0000000
      0.00000       5.4680000   8.0081187e-93       1.0000000
      0.00000       5.4690000   7.7914427e-93       1.0000000
      0.00000       5.4700000   7.5806673e-93       1.0000000
      0.00000       5.4710000   7.3756308e-93       1.0000000
      0.00000       5.4720000   7.1761760e-93       1.0000000
      0.00000       5.4730000   6.9821498e-93       1.0000000
      0.00000       5.4740000   6.7934037e-93       1.0000000
      0.00000       5.4750000   6.6097930e-93       1.0000000
      0.00000       5.4760000   6.4311771e-93       1.0000000
      0.00000       5.4770000   6.2574191e-93       1.0000000
      0.00000       5.4780000   6.0883863e-93       1.0000000
      0.00000       5.4790000   5.9239491e-93       1.0000000
      0.00000       5.4800000   5.7639820e-93       1.0000000
      0.00000       5.4810000   5.6083625e-93       1.0000000
      0.00000       5.4820000   5.4569717e-93       1.0000000
      0.00000       5.4830000   5.3096941e-93       1.0000000
      0.00000       5.4840000   5.1664171e-93       1.0000000
      0.00000       5.4850000   5.0270314e-93       1.0000000
      0.00000       5.4860000   4.8914306e-93       1.0000000
      0.00000       5.4870000   4.7595112e-93       1.0000000
      0.00000       5.4880000   4.6311727e-93       1.0000000
      0.00000       5.4890000   4.5063173e-93       1.0000000
      0.00000       5.4900000   4.3848498e-93       1.0000000
      0.00000       5.4910000   4.2666776e-93       1.0000000
      0.00000       5.4920000   4.1517109e-93       1.0000000
      0.00000       5.4930000   4.0398620e-93       1.0000000
      0.00000       5.4940000   3.9310460e-93       1.0000000
      0.00000       5.4950000   3.8251800e-93       1.0000000
      0.00000       5.4960000   3.7221835e-93       1.0000000
      0.00000       5.4970000   3.6219783e-93       1.0000000
      0.00000       5.4980000   3.5244882e-93       1.0000000
      0.00000       5.4990000   3.4296392e-93       1.0000000
      0.00000       5.5000000   3.3373593e-93       1.0000000
      0.00000       5.5010000   3.2475784e-93       1.0000000
      0.00000       5.5020000   3.1602284e-93       1.0000000
      0.00000       5.5030000   3.0752432e-93       1.0000000
      0.00000       5.5040000   2.9925582e-93       1.0000000
      0.00000       5.5050000   2.9121108e-93       1.0000000
      0.00000       5.5060000   2.8338400e-93       1.0000000
      0.00000       5.5070000   2.7576866e-93       1.0000000
      0.00000       5.5080000   2.6835930e-93       1.0000000
      0.00000       5.5090000   2.6115030e-93       1.0000000
      0.00000       5.5100000   2.5413622e-93       1.0000000
      0.00000       5.5110000   2.4731174e-93       1.0000000
      0.00000       5.5120000   2.4067171e-93       1.0000000
      0.00000       5.5130000   2.3421112e-93       1.0000000
      0.00000       5.5140000   2.2792508e-93       1.0000000
      0.00000       5.5150000   2.2180885e-93       1.0000000
      0.00000       5.5160000   2.1585781e-93       1.0000000
      0.00000       5.5170000   2.1006746e-93       1.0000000
      0.00000       5.5180000   2.0443345e-93       1.0000000
      0.00000       5.5190000   1.9895153e-93       1.0000000
      0.00000       5.5200000   1.9361755e-93       1.0000000
      0.00000       5.5210000   1.8842751e-93       1.0000000
      0.00000       5.5220000   1.8337750e-93       1.0000000
      0.00000       5.5230000   1.7846370e-93       1.0000000
      0.00000       5.5240000   1.7368244e-93       1.0000000
      0.00000       5.5250000   1.6903009e-93       1.0000000
      0.00000       5.5260000   1.6450318e-93       1.0000000
      0.00000       5.5270000   1.6009829e-93       1.0000000
      0.00000       5.5280000   1.5581212e-93       1.0000000
      0.00000       5.5290000   1.5164144e-93       1.0000000
      0.00000       5.5300000   1.4758312e-93       1.0000000
      0.00000       5.5310000   1.4363412e-93       1.0000000
      0.00000       5.5320000   1.3979147e-93       1.0000000
      0.00000       5.5330000   1.3605229e-93       1.0000000
      0.00000       5.5340000   1.3241377e-93       1.0000000
      0.00000       5.5350000   1.2887320e-93       1.0000000
      0.00000       5.5360000   1.2542790e-93       1.0000000
      0.00000       5.5370000   1.2207532e-93       1.0000000
      0.00000       5.5380000   1.1881292e-93       1.0000000
      0.00000       5.5390000   1.1563828e-93       1.0000000
      0.00000       5.5400000   1.1254901e-93       1.0000000
      0.00000       5.5410000   1.0954281e-93       1.0000000
      0.00000       5.5420000   1.0661742e-93       1.0000000
      0.00000       5.5430000   1.0377066e-93       1.0000000
      0.00000       5.5440000   1.0100041e-93       1.0000000
      0.00000       5.5450000   9.8304594e-94       1.0000000
      0.00000       5.5460000   9.5681197e-94       1.0000000
      0.00000       5.5470000   9.3128263e-94       1.0000000
      0.00000       5.5480000   9.0643888e-94       1.0000000
      0.00000       5.5490000   8.8226218e-94       1.0000000
      0.00000       5.5500000   8.5873451e-94       1.0000000
      0.00000       5.5510000   8.3583834e-94       1.0000000
      0.00000       5.5520000   8.1355659e-94       1.0000000
      0.00000       5.5530000   7.9187269e-94       1.0000000
      0.00000       5.5540000   7.7077048e-94       1.0000000
      0.00000       5.5550000   7.5023426e-94       1.0000000
      0.00000       5.5560000   7.3024876e-94       1.0000000
      0.00000       5.5570000   7.1079910e-94       1.0000000
      0.00000       5.5580000   6.9187083e-94       1.0000000
      0.00000       5.5590000   6.7344988e-94       1.0000000
      0.00000       5.5600000   6.5552257e-94       1.0000000
      0.00000       5.5610000   6.3807558e-94       1.0000000
      0.00000       5.5620000   6.2109596e-94       1.0000000
      0.00000       5.5630000   6.0457112e-94       1.0000000
      0.00000       5.5640000   5.8848878e-94       1.0000000
      0.00000       5.5650000   5.7283703e-94       1.0000000
      0.00000       5.5660000   5.5760426e-94       1.0000000
      0.00000       5.5670000   5.4277919e-94       1.0000000
      0.00000       5.5680000   5.2835083e-94       1.0000000
      0.00000       5.5690000   5.1430850e-94       1.0000000
      0.00000       5.5700000   5.0064180e-94       1.0000000
      0.00000       5.5710000   4.8734063e-94       1.0000000
      0.00000       5.5720000   4.7439513e-94       1.0000000
      0.00000       5.5730000   4.6179575e-94       1.0000000
      0.00000       5.5740000   4.4953316e-94       1.0000000
      0.00000       5.5750000   4.3759830e-94       1.0000000
      0.00000       5.5760000   4.2598237e-94       1.0000000
      0.00000       5.5770000   4.1467677e-94       1.0000000
      0.00000       5.5780000   4.0367318e-94       1.0000000
      0.00000       5.5790000   3.9296346e-94       1.0000000
      0.00000       5.5800000   3.8253973e-94       1.0000000
      0.00000       5.5810000   3.7239429e-94       1.0000000
      0.00000       5.5820000   3.6251966e-94       1.0000000
      0.00000       5.5830000   3.5290857e-94       1.0000000
      0.00000       5.5840000   3.4355395e-94       1.0000000
      0.00000       5.5850000   3.3444890e-94       1.0000000
      0.00000       5.5860000   3.2558672e-94       1.0000000
      0.00000       5.5870000   3.1696089e-94       1.0000000
      0.00000       5.5880000   3.0856508e-94       1.0000000
      0.00000       5.5890000   3.0039309e-94       1.0000000
      0.00000       5.5900000   2.9243894e-94       1.0000000
      0.00000       5.5910000   2.8469677e-94       1.0000000
      0.00000       5.5920000   2.7716091e-94       1.0000000
      0.00000       5.5930000   2.6982581e-94       1.0000000
      0.00000       5.5940000   2.6268609e-94       1.0000000
      0.00000       5.5950000   2.5573652e-94       1.0000000
      0.00000       5.5960000   2.4897200e-94       1.0000000
      0.00000       5.5970000   2.4238757e-94       1.0000000
      0.00000       5.5980000   2.3597841e-94       1.0000000
      0.00000       5.5990000   2.2973981e-94       1.0000000
      0.00000       5.6000000   2.2366722e-94       1.0000000
      0.00000       5.6010000   2.1775618e-94       1.0000000
      0.00000       5.6020000   2.1200237e-94       1.0000000
      0.00000       5.6030000   2.0640158e-94       1.0000000
      0.00000       5.6040000   2.0094971e-94       1.0000000
      0.00000       5.6050000   1.9564279e-94       1.0000000
      0.00000       5.6060000   1.9047693e-94       1.0000000
      0.00000       5.6070000   1.8544835e-94       1.0000000
      0.00000       5.6080000   1.8055339e-94       1.0000000
      0.00000       5.6090000   1.7578847e-94       1.0000000
      0.00000       5.6100000   1.7115012e-94       1.0000000
      0.00000       5.6110000   1.6663494e-94       1.0000000
      0.00000       5.6120000   1.6223966e-94       1.0000000
      0.00000       5.6130000   1.5796106e-94       1.0000000
      0.00000       5.6140000   1.5379604e-94       1.0000000
      0.00000       5.6150000   1.4974154e-94       1.0000000
      0.00000       5.6160000   1.4579463e-94       1.0000000
      0.00000       5.6170000   1.4195242e-94       1.0000000
      0.00000       5.6180000   1.3821213e-94       1.0000000
      0.00000       5.6190000   1.3457103e-94       1.0000000
      0.00000       5.6200000   1.3102647e-94       1.0000000
      0.00000       5.6210000   1.2757589e-94       1.0000000
      0.00000       5.6220000   1.2421676e-94       1.0000000
      0.00000       5.6230000   1.2094665e-94       1.0000000
      0.00000       5.6240000   1.1776320e-94       1.0000000
      0.00000       5.6250000   1.1466407e-94       1.0000000
      0.00000       5.6260000   1.1164704e-94       1.0000000
      0.00000       5.6270000   1.0870990e-94       1.0000000
      0.00000       5.6280000   1.0585054e-94       1.0000000
      0.00000       5.6290000   1.0306687e-94       1.0000000
      0.00000       5.6300000   1.0035688e-94       1.0000000
      0.00000       5.6310000   9.7718611e-95       1.0000000
      0.00000       5.6320000   9.5150147e-95       1.0000000
      0.00000       5.6330000   9.2649632e-95       1.0000000
      0.00000       5.6340000   9.0215256e-95       1.0000000
      0.00000       5.6350000   8.7845259e-95       1.0000000
      0.00000       5.6360000   8.5537927e-95       1.0000000
      0.00000       5.6370000   8.3291592e-95       1.0000000
      0.00000       5.6380000   8.1104631e-95       1.0000000
      0.00000       5.6390000   7.8975466e-95       1.0000000
      0.00000       5.6400000   7.6902558e-95       1.0000000
      0.00000       5.6410000   7.4884412e-95       1.0000000
      0.00000       5.6420000   7.2919572e-95       1.0000000
      0.00000       5.6430000   7.1006621e-95       1.0000000
      0.00000       5.6440000   6.9144179e-95       1.0000000
      0.00000       5.6450000   6.7330904e-95       1.0000000
      0.00000       5.6460000   6.5565490e-95       1.0000000
      0.00000       5.6470000   6.3846666e-95       1.0000000
      0.00000       5.6480000   6.2173194e-95       1.0000000
      0.00000       5.6490000   6.0543870e-95       1.0000000
      0.00000       5.6500000   5.8957521e-95       1.0000000
      0.00000       5.6510000   5.7413007e-95       1.0000000
      0.00000       5.6520000   5.5909217e-95       1.0000000
      0.00000       5.6530000   5.4445071e-95       1.0000000
      0.00000       5.6540000   5.3019516e-95       1.0000000
      0.00000       5.6550000   5.1631530e-95       1.0000000
      0.00000       5.6560000   5.0280116e-95       1.0000000
      0.00000       5.6570000   4.8964303e-95       1.0000000
      0.00000       5.6580000   4.7683148e-95       1.0000000
      0.00000       5.6590000   4.6435732e-95       1.0000000
      0.00000       5.6600000   4.5221161e-95       1.0000000
      0.00000       5.6610000   4.4038564e-95       1.0000000
      0.00000       5.6620000   4.2887095e-95       1.0000000
      0.00000       5.6630000   4.1765929e-95       1.0000000
      0.00000       5.6640000   4.0674262e-95       1.0000000
      0.00000       5.6650000   3.9611315e-95       1.0000000
      0.00000       5.6660000   3.8576326e-95       1.0000000
      0.00000       5.6670000   3.7568555e-95       1.0000000
      0.00000       5.6680000   3.6587282e-95       1.0000000
      0.00000       5.6690000   3.5631806e-95       1.0000000
      0.00000       5.6700000   3.4701444e-95       1.0000000
      0.00000       5.6710000   3.3795532e-95       1.0000000
      0.00000       5.6720000   3.2913424e-95       1.0000000
      0.00000       5.6730000   3.2054488e-95       1.0000000
      0.00000       5.6740000   3.1218114e-95       1.0000000
      0.00000       5.6750000   3.0403705e-95       1.0000000
      0.00000       5.6760000   2.9610679e-95       1.0000000
      0.00000       5.6770000   2.8838472e-95       1.0000000
      0.00000       5.6780000   2.8086535e-95       1.0000000
      0.00000       5.6790000   2.7354330e-95       1.0000000
      0.00000       5.6800000   2.6641338e-95       1.0000000
      0.00000       5.6810000   2.5947050e-95       1.0000000
      0.00000       5.6820000   2.5270974e-95       1.0000000
      0.00000       5.6830000   2.4612628e-95       1.0000000
      0.00000       5.6840000   2.3971543e-95       1.0000000
      0.00000       5.6850000   2.3347266e-95       1.0000000
      0.00000       5.6860000   2.2739352e-95       1.0000000
      0.00000       5.6870000   2.2147369e-95       1.0000000
      0.00000       5.6880000   2.1570898e-95       1.0000000
      0.00000       5.6890000   2.1009529e-95       1.0000000
      0.00000       5.6900000   2.0462864e-95       1.0000000
      0.00000       5.6910000   1.9930516e-95       1.0000000
      0.00000       5.6920000   1.9412107e-95       1.0000000
      0.00000       5.6930000   1.8907269e-95       1.0000000
      0.00000       5.6940000   1.8415646e-95       1.0000000
      0.00000       5.6950000   1.7936889e-95       1.0000000
      0.00000       5.6960000   1.7470659e-95       1.0000000
      0.00000       5.6970000   1.7016627e-95       1.0000000
      0.00000       5.6980000   1.6574470e-95       1.0000000
      0.00000       5.6990000   1.6143877e-95       1.0000000
      0.00000       5.7000000   1.5724543e-95       1.0000000
      0.00000       5.7010000   1.5316172e-95       1.0000000
      0.00000       5.7020000   1.4918475e-95       1.0000000
      0.00000       5.7030000   1.4531172e-95       1.0000000
      0.00000       5.7040000   1.4153989e-95       1.0000000
      0.00000       5.7050000   1.3786660e-95       1.0000000
      0.00000       5.7060000   1.3428926e-95       1.0000000
      0.00000       5.7070000   1.3080535e-95       1.0000000
      0.00000       5.7080000   1.2741241e-95       1.0000000
      0.00000       5.7090000   1.2410805e-95       1.0000000
      0.00000       5.7100000   1.2088994e-95       1.0000000
      0.00000       5.7110000   1.1775581e-95       1.0000000
      0.00000       5.7120000   1.1470347e-95       1.0000000
      0.00000       5.7130000   1.1173077e-95       1.0000000
      0.00000       5.7140000   1.0883560e-95       1.0000000
      0.00000       5.7150000   1.0601594e-95       1.0000000
      0.00000       5.7160000   1.0326981e-95       1.0000000
      0.00000       5.7170000   1.0059527e-95       1.0000000
      0.00000       5.7180000   9.7990446e-96       1.0000000
      0.00000       5.7190000   9.5453510e-96       1.0000000
      0.00000       5.7200000   9.2982682e-96       1.0000000
      0.00000       5.7210000   9.0576226e-96       1.0000000
      0.00000       5.7220000   8.8232455e-96       1.0000000
      0.00000       5.7230000   8.5949727e-96       1.0000000
      0.00000       5.7240000   8.3726439e-96       1.0000000
      0.00000       5.7250000   8.1561036e-96       1.0000000
      0.00000       5.7260000   7.9452000e-96       1.0000000
      0.00000       5.7270000   7.7397854e-96       1.0000000
      0.00000       5.7280000   7.5397161e-96       1.0000000
      0.00000       5.7290000   7.3448520e-96       1.0000000
      0.00000       5.7300000   7.1550569e-96       1.0000000
      0.00000       5.7310000   6.9701980e-96       1.0000000
      0.00000       5.7320000   6.7901462e-96       1.0000000
      0.00000       5.7330000   6.6147757e-96       1.0000000
      0.00000       5.7340000   6.4439638e-96       1.0000000
      0.00000       5.7350000   6.2775915e-96       1.0000000
      0.00000       5.7360000   6.1155425e-96       1.0000000
      0.00000       5.7370000   5.9577037e-96       1.0000000
      0.00000       5.7380000   5.8039652e-96       1.0000000
      0.00000       5.7390000   5.6542196e-96       1.0000000
      0.00000       5.7400000   5.5083627e-96       1.0000000
      0.00000       5.7410000   5.3662927e-96       1.0000000
      0.00000       5.7420000   5.2279107e-96       1.0000000
      0.00000       5.7430000   5.0931204e-96       1.0000000
      0.00000       5.7440000   4.9618279e-96       1.0000000
      0.00000       5.7450000   4.8339420e-96       1.0000000
      0.00000       5.7460000   4.7093735e-96       1.0000000
      0.00000       5.7470000   4.5880360e-96       1.0000000
      0.00000       5.7480000   4.4698450e-96       1.0000000
      0.00000       5.7490000   4.3547185e-96       1.0000000
      0.00000       5.7500000   4.2425765e-96       1.0000000
      0.00000       5.7510000   4.1333411e-96       1.0000000
      0.00000       5.7520000   4.0269365e-96       1.0000000
      0.00000       5.7530000   3.9232888e-96       1.0000000
      0.00000       5.7540000   3.8223262e-96       1.0000000
      0.00000       5.7550000   3.7239787e-96       1.0000000
      0.00000       5.7560000   3.6281781e-96       1.0000000
      0.00000       5.7570000   3.5348580e-96       1.0000000
      0.00000       5.7580000   3.4439537e-96       1.0000000
      0.00000       5.7590000   3.3554024e-96       1.0000000
      0.00000       5.7600000   3.2691427e-96       1.0000000
      0.00000       5.7610000   3.1851149e-96       1.0000000
      0.00000       5.7620000   3.1032609e-96       1.0000000
      0.00000       5.7630000   3.0235242e-96       1.0000000
      0.00000       5.7640000   2.9458496e-96       1.0000000
      0.00000       5.7650000   2.8701834e-96       1.0000000
      0.00000       5.7660000   2.7964733e-96       1.0000000
      0.00000       5.7670000   2.7246685e-96       1.0000000
      0.00000       5.7680000   2.6547194e-96       1.0000000
      0.00000       5.7690000   2.5865778e-96       1.0000000
      0.00000       5.7700000   2.5201965e-96       1.0000000
      0.00000       5.7710000   2.4555300e-96       1.0000000
      0.00000       5.7720000   2.3925335e-96       1.0000000
      0.00000       5.7730000   2.3311636e-96       1.0000000
      0.00000       5.7740000   2.2713782e-96       1.0000000
      0.00000       5.7750000   2.2131360e-96       1.0000000
      0.00000       5.7760000   2.1563969e-96       1.0000000
      0.00000       5.7770000   2.1011219e-96       1.0000000
      0.00000       5.7780000   2.0472730e-96       1.0000000
      0.00000       5.7790000   1.9948131e-96       1.0000000
      0.00000       5.7800000   1.9437062e-96       1.0000000
      0.00000       5.7810000   1.8939172e-96       1.0000000
      0.00000       5.7820000   1.8454118e-96       1.0000000
      0.00000       5.7830000   1.7981567e-96       1.0000000
      0.00000       5.7840000   1.7521196e-96       1.0000000
      0.00000       5.7850000   1.7072688e-96       1.0000000
      0.00000       5.7860000   1.6635735e-96       1.0000000
      0.00000       5.7870000   1.6210038e-96       1.0000000
      0.00000       5.7880000   1.5795305e-96       1.0000000
      0.00000       5.7890000   1.5391252e-96       1.0000000
      0.00000       5.7900000   1.4997602e-96       1.0000000
      0.00000       5.7910000   1.4614086e-96       1.0000000
      0.00000       5.7920000   1.4240440e-96       1.0000000
      0.00000       5.7930000   1.3876410e-96       1.0000000
      0.00000       5.7940000   1.3521745e-96       1.0000000
      0.00000       5.7950000   1.3176205e-96       1.0000000
      0.00000       5.7960000   1.2839552e-96       1.0000000
      0.00000       5.7970000   1.2511556e-96       1.0000000
      0.00000       5.7980000   1.2191994e-96       1.0000000
      0.00000       5.7990000   1.1880646e-96       1.0000000
      0.00000       5.8000000   1.1577302e-96       1.0000000
      0.00000       5.8010000   1.1281752e-96       1.0000000
      0.00000       5.8020000   1.0993797e-96       1.0000000
      0.00000       5.8030000   1.0713239e-96       1.0000000
      0.00000       5.8040000   1.0439888e-96       1.0000000
      0.00000       5.8050000   1.0173556e-96       1.0000000
      0.00000       5.8060000   9.9140627e-97       1.0000000
      0.00000       5.8070000   9.6612313e-97       1.0000000
      0.00000       5.8080000   9.4148896e-97       1.0000000
      0.00000       5.8090000   9.1748699e-97       1.0000000
      0.00000       5.8100000   8.9410089e-97       1.0000000
      0.00000       5.8110000   8.7131476e-97       1.0000000
      0.00000       5.8120000   8.4911310e-97       1.0000000
      0.00000       5.8130000   8.2748083e-97       1.0000000
      0.00000       5.8140000   8.0640325e-97       1.0000000
      0.00000       5.8150000   7.8586605e-97       1.0000000
      0.00000       5.8160000   7.6585528e-97       1.0000000
      0.00000       5.8170000   7.4635735e-97       1.0000000
      0.00000       5.8180000   7.2735905e-97       1.0000000
      0.00000       5.8190000   7.0884749e-97       1.0000000
      0.00000       5.8200000   6.9081012e-97       1.0000000
      0.00000       5.8210000   6.7323470e-97       1.0000000
      0.00000       5.8220000   6.5610934e-97       1.0000000
      0.00000       5.8230000   6.3942243e-97       1.0000000
      0.00000       5.8240000   6.2316269e-97       1.0000000
      0.00000       5.8250000   6.0731909e-97       1.0000000
      0.00000       5.8260000   5.9188092e-97       1.0000000
      0.00000       5.8270000   5.7683775e-97       1.0000000
      0.00000       5.8280000   5.6217939e-97       1.0000000
      0.00000       5.8290000   5.4789595e-97       1.0000000
      0.00000       5.8300000   5.3397776e-97       1.0000000
      0.00000       5.8310000   5.2041544e-97       1.0000000
      0.00000       5.8320000   5.0719982e-97       1.0000000
      0.00000       5.8330000   4.9432198e-97       1.0000000
      0.00000       5.8340000   4.8177323e-97       1.0000000
      0.00000       5.8350000   4.6954512e-97       1.0000000
      0.00000       5.8360000   4.5762938e-97       1.0000000
      0.00000       5.8370000   4.4601800e-97       1.0000000
      0.00000       5.8380000   4.3470315e-97       1.0000000
      0.00000       5.8390000   4.2367720e-97       1.0000000
      0.00000       5.8400000   4.1293274e-97       1.0000000
      0.00000       5.8410000   4.0246253e-97       1.0000000
      0.00000       5.8420000   3.9225952e-97       1.0000000
      0.00000       5.8430000   3.8231685e-97       1.0000000
      0.00000       5.8440000   3.7262784e-97       1.0000000
      0.00000       5.8450000   3.6318597e-97       1.0000000
      0.00000       5.8460000   3.5398490e-97       1.0000000
      0.00000       5.8470000   3.4501844e-97       1.0000000
      0.00000       5.8480000   3.3628058e-97       1.0000000
      0.00000       5.8490000   3.2776546e-97       1.0000000
      0.00000       5.8500000   3.1946735e-97       1.0000000
      0.00000       5.8510000   3.1138068e-97       1.0000000
      0.00000       5.8520000   3.0350005e-97       1.0000000
      0.00000       5.8530000   2.9582016e-97       1.0000000
      0.00000       5.8540000   2.8833587e-97       1.0000000
      0.00000       5.8550000   2.8104216e-97       1.0000000
      0.00000       5.8560000   2.7393415e-97       1.0000000
      0.00000       5.8570000   2.6700708e-97       1.0000000
      0.00000       5.8580000   2.6025632e-97       1.0000000
      0.00000       5.8590000   2.5367735e-97       1.0000000
      0.00000       5.8600000   2.4726576e-97       1.0000000
      0.00000       5.8610000   2.4101728e-97       1.0000000
      0.00000       5.8620000   2.3492772e-97       1.0000000
      0.00000       5.8630000   2.2899303e-97       1.0000000
      0.00000       5.8640000   2.2320923e-97       1.0000000
      0.00000       5.8650000   2.1757246e-97       1.0000000
      0.00000       5.8660000   2.1207896e-97       1.0000000
      0.00000       5.8670000   2.0672507e-97       1.0000000
      0.00000       5.8680000   2.0150722e-97       1.0000000
      0.00000       5.8690000   1.9642192e-97       1.0000000
      0.00000       5.8700000   1.9146579e-97       1.0000000
      0.00000       5.8710000   1.8663553e-97       1.0000000
      0.00000       5.8720000   1.8192792e-97       1.0000000
      0.00000       5.8730000   1.7733982e-97       1.0000000
      0.00000       5.8740000   1.7286818e-97       1.0000000
      0.00000       5.8750000   1.6851003e-97       1.0000000
      0.00000       5.8760000   1.6426246e-97       1.0000000
      0.00000       5.8770000   1.6012265e-97       1.0000000
      0.00000       5.8780000   1.5608786e-97       1.0000000
      0.00000       5.8790000   1.5215540e-97       1.0000000
      0.00000       5.8800000   1.4832265e-97       1.0000000
      0.00000       5.8810000   1.4458708e-97       1.0000000
      0.00000       5.8820000   1.4094620e-97       1.0000000
      0.00000       5.8830000   1.3739759e-97       1.0000000
      0.00000       5.8840000   1.3393892e-97       1.0000000
      0.00000       5.8850000   1.3056787e-97       1.0000000
      0.00000       5.8860000   1.2728221e-97       1.0000000
      0.00000       5.8870000   1.2407978e-97       1.0000000
      0.00000       5.8880000   1.2095844e-97       1.0000000
      0.00000       5.8890000   1.1791614e-97       1.0000000
      0.00000       5.8900000   1.1495084e-97       1.0000000
      0.00000       5.8910000   1.1206061e-97       1.0000000
      0.00000       5.8920000   1.0924351e-97       1.0000000
      0.00000       5.8930000   1.0649770e-97       1.0000000
      0.00000       5.8940000   1.0382135e-97       1.0000000
      0.00000       5.8950000   1.0121269e-97       1.0000000
      0.00000       5.8960000   9.8670007e-98       1.0000000
      0.00000       5.8970000   9.6191616e-98       1.0000000
      0.00000       5.8980000   9.3775881e-98       1.0000000
      0.00000       5.8990000   9.1421209e-98       1.0000000
      0.00000       5.9000000   8.9126046e-98       1.0000000
      0.00000       5.9010000   8.6888878e-98       1.0000000
      0.00000       5.9020000   8.4708231e-98       1.0000000
      0.00000       5.9030000   8.2582667e-98       1.0000000
      0.00000       5.9040000   8.0510785e-98       1.0000000
      0.00000       5.9050000   7.8491222e-98       1.0000000
      0.00000       5.9060000   7.6522648e-98       1.0000000
      0.00000       5.9070000   7.4603767e-98       1.0000000
      0.00000       5.9080000   7.2733316e-98       1.0000000
      0.00000       5.9090000   7.0910066e-98       1.0000000
      0.00000       5.9100000   6.9132817e-98       1.0000000
      0.00000       5.9110000   6.7400401e-98       1.0000000
      0.00000       5.9120000   6.5711681e-98       1.0000000
      0.00000       5.9130000   6.4065547e-98       1.0000000
      0.00000       5.9140000   6.2460917e-98       1.0000000
      0.00000       5.9150000   6.0896740e-98       1.0000000
      0.00000       5.9160000   5.9371987e-98       1.0000000
      0.00000       5.9170000   5.7885661e-98       1.0000000
      0.00000       5.9180000   5.6436785e-98       1.0000000
      0.00000       5.9190000   5.5024409e-98       1.0000000
      0.00000       5.9200000   5.3647610e-98       1.0000000
      0.00000       5.9210000   5.2305484e-98       1.0000000
      0.00000       5.9220000   5.0997153e-98       1.0000000
      0.00000       5.9230000   4.9721760e-98       1.0000000
      0.00000       5.9240000   4.8478470e-98       1.0000000
      0.00000       5.9250000   4.7266472e-98       1.0000000
      0.00000       5.9260000   4.6084971e-98       1.0000000
      0.00000       5.9270000   4.4933195e-98       1.0000000
      0.00000       5.9280000   4.3810392e-98       1.0000000
      0.00000       5.9290000   4.2715828e-98       1.0000000
      0.00000       5.9300000   4.1648789e-98       1.0000000
      0.00000       5.9310000   4.0608578e-98       1.0000000
      0.00000       5.9320000   3.9594515e-98       1.0000000
      0.00000       5.9330000   3.8605940e-98       1.0000000
      0.00000       5.9340000   3.7642208e-98       1.0000000
      0.00000       5.9350000   3.6702690e-98       1.0000000
      0.00000       5.9360000   3.5786774e-98       1.0000000
      0.00000       5.9370000   3.4893863e-98       1.0000000
      0.00000       5.9380000   3.4023375e-98       1.0000000
      0.00000       5.9390000   3.3174745e-98       1.0000000
      0.00000       5.9400000   3.2347419e-98       1.0000000
      0.00000       5.9410000   3.1540860e-98       1.0000000
      0.00000       5.9420000   3.0754542e-98       1.0000000
      0.00000       5.9430000   2.9987955e-98       1.0000000
      0.00000       5.9440000   2.9240600e-98       1.0000000
      0.00000       5.9450000   2.8511991e-98       1.0000000
      0.00000       5.9460000   2.7801655e-98       1.0000000
      0.00000       5.9470000   2.7109132e-98       1.0000000
      0.00000       5.9480000   2.6433971e-98       1.0000000
      0.00000       5.9490000   2.5775734e-98       1.0000000
      0.00000       5.9500000   2.5133995e-98       1.0000000
      0.00000       5.9510000   2.4508337e-98       1.0000000
      0.00000       5.9520000   2.3898355e-98       1.0000000
      0.00000       5.9530000   2.3303653e-98       1.0000000
      0.00000       5.9540000   2.2723846e-98       1.0000000
      0.00000       5.9550000   2.2158559e-98       1.0000000
      0.00000       5.9560000   2.1607425e-98       1.0000000
      0.00000       5.9570000   2.1070089e-98       1.0000000
      0.00000       5.9580000   2.0546202e-98       1.0000000
      0.00000       5.9590000   2.0035426e-98       1.0000000
      0.00000       5.9600000   1.9537430e-98       1.0000000
      0.00000       5.9610000   1.9051892e-98       1.0000000
      0.00000       5.9620000   1.8578499e-98       1.0000000
      0.00000       5.9630000   1.8116946e-98       1.0000000
      0.00000       5.9640000   1.7666933e-98       1.0000000
      0.00000       5.9650000   1.7228171e-98       1.0000000
      0.00000       5.9660000   1.6800377e-98       1.0000000
      0.00000       5.9670000   1.6383275e-98       1.0000000
      0.00000       5.9680000   1.5976595e-98       1.0000000
      0.00000       5.9690000   1.5580075e-98       1.0000000
      0.00000       5.9700000   1.5193461e-98       1.0000000
      0.00000       5.9710000   1.4816503e-98       1.0000000
      0.00000       5.9720000   1.4448958e-98       1.0000000
      0.00000       5.9730000   1.4090590e-98       1.0000000
      0.00000       5.9740000   1.3741168e-98       1.0000000
      0.00000       5.9750000   1.3400467e-98       1.0000000
      0.00000       5.9760000   1.3068269e-98       1.0000000
      0.00000       5.9770000   1.2744359e-98       1.0000000
      0.00000       5.9780000   1.2428530e-98       1.0000000
      0.00000       5.9790000   1.2120579e-98       1.0000000
      0.00000       5.9800000   1.1820308e-98       1.0000000
      0.00000       5.9810000   1.1527524e-98       1.0000000
      0.00000       5.9820000   1.1242039e-98       1.0000000
      0.00000       5.9830000   1.0963670e-98       1.0000000
      0.00000       5.9840000   1.0692239e-98       1.0000000
      0.00000       5.9850000   1.0427571e-98       1.0000000
      0.00000       5.9860000   1.0169498e-98       1.0000000
      0.00000       5.9870000   9.9178529e-99       1.0000000
      0.00000       5.9880000   9.6724754e-99       1.0000000
      0.00000       5.9890000   9.4332083e-99       1.0000000
      0.00000       5.9900000   9.1998983e-99       1.0000000
      0.00000       5.9910000   8.9723963e-99       1.0000000
      0.00000       5.9920000   8.7505567e-99       1.0000000
      0.00000       5.9930000   8.5342376e-99       1.0000000
      0.00000       5.9940000   8.3233009e-99       1.0000000
      0.00000       5.9950000   8.1176116e-99       1.0000000
      0.00000       5.9960000   7.9170385e-99       1.0000000
      0.00000       5.9970000   7.7214535e-99       1.0000000
      0.00000       5.9980000   7.5307316e-99       1.0000000
      0.00000       5.9990000   7.3447513e-99       1.0000000
