      0.00000       0.0000000       0.0000000       1.0000000
      0.00000    0.0010000000       0.0000000       1.0000000
      0.00000    0.0020000000       0.0000000       1.0000000
      0.00000    0.0030000000       0.0000000       1.0000000
      0.00000    0.0040000000       0.0000000       1.0000000
      0.00000    0.0050000000       0.0000000       1.0000000
      0.00000    0.0060000000       0.0000000       1.0000000
      0.00000    0.0070000000       0.0000000       1.0000000
      0.00000    0.0080000000       0.0000000       1.0000000
      0.00000    0.0090000000       0.0000000       1.0000000
      0.00000     0.010000000       0.0000000       1.0000000
      0.00000     0.011000000       0.0000000       1.0000000
      0.00000     0.012000000       0.0000000       1.0000000
      0.00000     0.013000000       0.0000000       1.0000000
      0.00000     0.014000000       0.0000000       1.0000000
      0.00000     0.015000000       0.0000000       1.0000000
      0.00000     0.016000000       0.0000000       1.0000000
      0.00000     0.017000000       0.0000000       1.0000000
      0.00000     0.018000000       0.0000000       1.0000000
      0.00000     0.019000000       0.0000000       1.0000000
      0.00000     0.020000000       0.0000000       1.0000000
      0.00000     0.021000000       0.0000000       1.0000000
      0.00000     0.022000000       0.0000000       1.0000000
      0.00000     0.023000000       0.0000000       1.0000000
      0.00000     0.024000000       0.0000000       1.0000000
      0.00000     0.025000000       0.0000000       1.0000000
      0.00000     0.026000000       0.0000000       1.0000000
      0.00000     0.027000000       0.0000000       1.0000000
      0.00000     0.028000000       0.0000000       1.0000000
      0.00000     0.029000000       0.0000000       1.0000000
      0.00000     0.030000000       0.0000000       1.0000000
      0.00000     0.031000000       0.0000000       1.0000000
      0.00000     0.032000000       0.0000000       1.0000000
      0.00000     0.033000000       0.0000000       1.0000000
      0.00000     0.034000000       0.0000000       1.0000000
      0.00000     0.035000000       0.0000000       1.0000000
      0.00000     0.036000000       0.0000000       1.0000000
      0.00000     0.037000000       0.0000000       1.0000000
      0.00000     0.038000000       0.0000000       1.0000000
      0.00000     0.039000000       0.0000000       1.0000000
      0.00000     0.040000000       0.0000000       1.0000000
      0.00000     0.041000000       0.0000000       1.0000000
      0.00000     0.042000000       0.0000000       1.0000000
      0.00000     0.043000000       0.0000000       1.0000000
      0.00000     0.044000000       0.0000000       1.0000000
      0.00000     0.045000000       0.0000000       1.0000000
      0.00000     0.046000000       0.0000000       1.0000000
      0.00000     0.047000000       0.0000000       1.0000000
      0.00000     0.048000000       0.0000000       1.0000000
      0.00000     0.049000000       0.0000000       1.0000000
      0.00000     0.050000000       0.0000000       1.0000000
      0.00000     0.051000000       0.0000000       1.0000000
      0.00000     0.052000000       0.0000000       1.0000000
      0.00000     0.053000000       0.0000000       1.0000000
      0.00000     0.054000000       0.0000000       1.0000000
      0.00000     0.055000000       0.0000000       1.0000000
      0.00000     0.056000000       0.0000000       1.0000000
      0.00000     0.057000000       0.0000000       1.0000000
      0.00000     0.058000000       0.0000000       1.0000000
      0.00000     0.059000000       0.0000000       1.0000000
      0.00000     0.060000000       0.0000000       1.0000000
      0.00000     0.061000000       0.0000000       1.0000000
      0.00000     0.062000000       0.0000000       1.0000000
      0.00000     0.063000000       0.0000000       1.0000000
      0.00000     0.064000000       0.0000000       1.0000000
      0.00000     0.065000000       0.0000000       1.0000000
      0.00000     0.066000000       0.0000000       1.0000000
      0.00000     0.067000000       0.0000000       1.0000000
      0.00000     0.068000000       0.0000000       1.0000000
      0.00000     0.069000000       0.0000000       1.0000000
      0.00000     0.070000000       0.0000000       1.0000000
      0.00000     0.071000000       0.0000000       1.0000000
      0.00000     0.072000000       0.0000000       1.0000000
      0.00000     0.073000000       0.0000000       1.0000000
      0.00000     0.074000000       0.0000000       1.0000000
      0.00000     0.075000000       0.0000000       1.0000000
      0.00000     0.076000000       0.0000000       1.0000000
      0.00000     0.077000000       0.0000000       1.0000000
      0.00000     0.078000000       0.0000000       1.0000000
      0.00000     0.079000000       0.0000000       1.0000000
      0.00000     0.080000000       0.0000000       1.0000000
      0.00000     0.081000000       0.0000000       1.0000000
      0.00000     0.082000000       0.0000000       1.0000000
      0.00000     0.083000000       0.0000000       1.0000000
      0.00000     0.084000000       0.0000000       1.0000000
      0.00000     0.085000000       0.0000000       1.0000000
      0.00000     0.086000000       0.0000000       1.0000000
      0.00000     0.087000000       0.0000000       1.0000000
      0.00000     0.088000000       0.0000000       1.0000000
      0.00000     0.089000000       0.0000000       1.0000000
      0.00000     0.090000000       0.0000000       1.0000000
      0.00000     0.091000000       0.0000000       1.0000000
      0.00000     0.092000000       0.0000000       1.0000000
      0.00000     0.093000000       0.0000000       1.0000000
      0.00000     0.094000000       0.0000000       1.0000000
      0.00000     0.095000000       0.0000000       1.0000000
      0.00000     0.096000000       0.0000000       1.0000000
      0.00000     0.097000000       0.0000000       1.0000000
      0.00000     0.098000000       0.0000000       1.0000000
      0.00000     0.099000000       0.0000000       1.0000000
      0.00000      0.10000000       0.0000000       1.0000000
      0.00000      0.10100000       0.0000000       1.0000000
      0.00000      0.10200000       0.0000000       1.0000000
      0.00000      0.10300000       0.0000000       1.0000000
      0.00000      0.10400000       0.0000000       1.0000000
      0.00000      0.10500000       0.0000000       1.0000000
      0.00000      0.10600000       0.0000000       1.0000000
      0.00000      0.10700000       0.0000000       1.0000000
      0.00000      0.10800000       0.0000000       1.0000000
      0.00000      0.10900000       0.0000000       1.0000000
      0.00000      0.11000000       0.0000000       1.0000000
      0.00000      0.11100000       0.0000000       1.0000000
      0.00000      0.11200000       0.0000000       1.0000000
      0.00000      0.11300000       0.0000000       1.0000000
      0.00000      0.11400000       0.0000000       1.0000000
      0.00000      0.11500000       0.0000000       1.0000000
      0.00000      0.11600000       0.0000000       1.0000000
      0.00000      0.11700000       0.0000000       1.0000000
      0.00000      0.11800000       0.0000000       1.0000000
      0.00000      0.11900000       0.0000000       1.0000000
      0.00000      0.12000000       0.0000000       1.0000000
      0.00000      0.12100000       0.0000000       1.0000000
      0.00000      0.12200000       0.0000000       1.0000000
      0.00000      0.12300000       0.0000000       1.0000000
      0.00000      0.12400000       0.0000000       1.0000000
      0.00000      0.12500000       0.0000000       1.0000000
      0.00000      0.12600000       0.0000000       1.0000000
      0.00000      0.12700000       0.0000000       1.0000000
      0.00000      0.12800000       0.0000000       1.0000000
      0.00000      0.12900000       0.0000000       1.0000000
      0.00000      0.13000000       0.0000000       1.0000000
      0.00000      0.13100000       0.0000000       1.0000000
      0.00000      0.13200000       0.0000000       1.0000000
      0.00000      0.13300000       0.0000000       1.0000000
      0.00000      0.13400000       0.0000000       1.0000000
      0.00000      0.13500000       0.0000000       1.0000000
      0.00000      0.13600000       0.0000000       1.0000000
      0.00000      0.13700000       0.0000000       1.0000000
      0.00000      0.13800000       0.0000000       1.0000000
      0.00000      0.13900000       0.0000000       1.0000000
      0.00000      0.14000000       0.0000000       1.0000000
      0.00000      0.14100000       0.0000000       1.0000000
      0.00000      0.14200000       0.0000000       1.0000000
      0.00000      0.14300000       0.0000000       1.0000000
      0.00000      0.14400000       0.0000000       1.0000000
      0.00000      0.14500000       0.0000000       1.0000000
      0.00000      0.14600000       0.0000000       1.0000000
      0.00000      0.14700000       0.0000000       1.0000000
      0.00000      0.14800000       0.0000000       1.0000000
      0.00000      0.14900000       0.0000000       1.0000000
      0.00000      0.15000000       0.0000000       1.0000000
      0.00000      0.15100000       0.0000000       1.0000000
      0.00000      0.15200000       0.0000000       1.0000000
      0.00000      0.15300000       0.0000000       1.0000000
      0.00000      0.15400000       0.0000000       1.0000000
      0.00000      0.15500000       0.0000000       1.0000000
      0.00000      0.15600000       0.0000000       1.0000000
      0.00000      0.15700000       0.0000000       1.0000000
      0.00000      0.15800000       0.0000000       1.0000000
      0.00000      0.15900000       0.0000000       1.0000000
      0.00000      0.16000000       0.0000000       1.0000000
      0.00000      0.16100000       0.0000000       1.0000000
      0.00000      0.16200000       0.0000000       1.0000000
      0.00000      0.16300000       0.0000000       1.0000000
      0.00000      0.16400000       0.0000000       1.0000000
      0.00000      0.16500000       0.0000000       1.0000000
      0.00000      0.16600000       0.0000000       1.0000000
      0.00000      0.16700000       0.0000000       1.0000000
      0.00000      0.16800000       0.0000000       1.0000000
      0.00000      0.16900000       0.0000000       1.0000000
      0.00000      0.17000000       0.0000000       1.0000000
      0.00000      0.17100000       0.0000000       1.0000000
      0.00000      0.17200000       0.0000000       1.0000000
      0.00000      0.17300000       0.0000000       1.0000000
      0.00000      0.17400000       0.0000000       1.0000000
      0.00000      0.17500000       0.0000000       1.0000000
      0.00000      0.17600000       0.0000000       1.0000000
      0.00000      0.17700000       0.0000000       1.0000000
      0.00000      0.17800000       0.0000000       1.0000000
      0.00000      0.17900000       0.0000000       1.0000000
      0.00000      0.18000000       0.0000000       1.0000000
      0.00000      0.18100000       0.0000000       1.0000000
      0.00000      0.18200000       0.0000000       1.0000000
      0.00000      0.18300000       0.0000000       1.0000000
      0.00000      0.18400000       0.0000000       1.0000000
      0.00000      0.18500000       0.0000000       1.0000000
      0.00000      0.18600000       0.0000000       1.0000000
      0.00000      0.18700000       0.0000000       1.0000000
      0.00000      0.18800000       0.0000000       1.0000000
      0.00000      0.18900000       0.0000000       1.0000000
      0.00000      0.19000000       0.0000000       1.0000000
      0.00000      0.19100000       0.0000000       1.0000000
      0.00000      0.19200000       0.0000000       1.0000000
      0.00000      0.19300000       0.0000000       1.0000000
      0.00000      0.19400000       0.0000000       1.0000000
      0.00000      0.19500000       0.0000000       1.0000000
      0.00000      0.19600000       0.0000000       1.0000000
      0.00000      0.19700000       0.0000000       1.0000000
      0.00000      0.19800000       0.0000000       1.0000000
      0.00000      0.19900000       0.0000000       1.0000000
      0.00000      0.20000000       0.0000000       1.0000000
      0.00000      0.20100000       0.0000000       1.0000000
      0.00000      0.20200000       0.0000000       1.0000000
      0.00000      0.20300000       0.0000000       1.0000000
      0.00000      0.20400000       0.0000000       1.0000000
      0.00000      0.20500000       0.0000000       1.0000000
      0.00000      0.20600000       0.0000000       1.0000000
      0.00000      0.20700000       0.0000000       1.0000000
      0.00000      0.20800000       0.0000000       1.0000000
      0.00000      0.20900000       0.0000000       1.0000000
      0.00000      0.21000000       0.0000000       1.0000000
      0.00000      0.21100000       0.0000000       1.0000000
      0.00000      0.21200000       0.0000000       1.0000000
      0.00000      0.21300000       0.0000000       1.0000000
      0.00000      0.21400000       0.0000000       1.0000000
      0.00000      0.21500000       0.0000000       1.0000000
      0.00000      0.21600000       0.0000000       1.0000000
      0.00000      0.21700000       0.0000000       1.0000000
      0.00000      0.21800000       0.0000000       1.0000000
      0.00000      0.21900000       0.0000000       1.0000000
      0.00000      0.22000000       0.0000000       1.0000000
      0.00000      0.22100000       0.0000000       1.0000000
      0.00000      0.22200000       0.0000000       1.0000000
      0.00000      0.22300000       0.0000000       1.0000000
      0.00000      0.22400000       0.0000000       1.0000000
      0.00000      0.22500000       0.0000000       1.0000000
      0.00000      0.22600000       0.0000000       1.0000000
      0.00000      0.22700000       0.0000000       1.0000000
      0.00000      0.22800000       0.0000000       1.0000000
      0.00000      0.22900000       0.0000000       1.0000000
      0.00000      0.23000000       0.0000000       1.0000000
      0.00000      0.23100000       0.0000000       1.0000000
      0.00000      0.23200000       0.0000000       1.0000000
      0.00000      0.23300000       0.0000000       1.0000000
      0.00000      0.23400000       0.0000000       1.0000000
      0.00000      0.23500000       0.0000000       1.0000000
      0.00000      0.23600000       0.0000000       1.0000000
      0.00000      0.23700000       0.0000000       1.0000000
      0.00000      0.23800000       0.0000000       1.0000000
      0.00000      0.23900000       0.0000000       1.0000000
      0.00000      0.24000000       0.0000000       1.0000000
      0.00000      0.24100000       0.0000000       1.0000000
      0.00000      0.24200000       0.0000000       1.0000000
      0.00000      0.24300000       0.0000000       1.0000000
      0.00000      0.24400000       0.0000000       1.0000000
      0.00000      0.24500000       0.0000000       1.0000000
      0.00000      0.24600000       0.0000000       1.0000000
      0.00000      0.24700000       0.0000000       1.0000000
      0.00000      0.24800000       0.0000000       1.0000000
      0.00000      0.24900000       0.0000000       1.0000000
      0.00000      0.25000000       0.0000000       1.0000000
      0.00000      0.25100000       0.0000000       1.0000000
      0.00000      0.25200000       0.0000000       1.0000000
      0.00000      0.25300000       0.0000000       1.0000000
      0.00000      0.25400000       0.0000000       1.0000000
      0.00000      0.25500000       0.0000000       1.0000000
      0.00000      0.25600000       0.0000000       1.0000000
      0.00000      0.25700000       0.0000000       1.0000000
      0.00000      0.25800000       0.0000000       1.0000000
      0.00000      0.25900000       0.0000000       1.0000000
      0.00000      0.26000000       0.0000000       1.0000000
      0.00000      0.26100000       0.0000000       1.0000000
      0.00000      0.26200000       0.0000000       1.0000000
      0.00000      0.26300000       0.0000000       1.0000000
      0.00000      0.26400000       0.0000000       1.0000000
      0.00000      0.26500000       0.0000000       1.0000000
      0.00000      0.26600000       0.0000000       1.0000000
      0.00000      0.26700000       0.0000000       1.0000000
      0.00000      0.26800000       0.0000000       1.0000000
      0.00000      0.26900000       0.0000000       1.0000000
      0.00000      0.27000000       0.0000000       1.0000000
      0.00000      0.27100000       0.0000000       1.0000000
      0.00000      0.27200000       0.0000000       1.0000000
      0.00000      0.27300000       0.0000000       1.0000000
      0.00000      0.27400000       0.0000000       1.0000000
      0.00000      0.27500000       0.0000000       1.0000000
      0.00000      0.27600000       0.0000000       1.0000000
      0.00000      0.27700000       0.0000000       1.0000000
      0.00000      0.27800000       0.0000000       1.0000000
      0.00000      0.27900000       0.0000000       1.0000000
      0.00000      0.28000000       0.0000000       1.0000000
      0.00000      0.28100000       0.0000000       1.0000000
      0.00000      0.28200000       0.0000000       1.0000000
      0.00000      0.28300000       0.0000000       1.0000000
      0.00000      0.28400000       0.0000000       1.0000000
      0.00000      0.28500000       0.0000000       1.0000000
      0.00000      0.28600000       0.0000000       1.0000000
      0.00000      0.28700000       0.0000000       1.0000000
      0.00000      0.28800000       0.0000000       1.0000000
      0.00000      0.28900000       0.0000000       1.0000000
      0.00000      0.29000000       0.0000000       1.0000000
      0.00000      0.29100000       0.0000000       1.0000000
      0.00000      0.29200000       0.0000000       1.0000000
      0.00000      0.29300000       0.0000000       1.0000000
      0.00000      0.29400000       0.0000000       1.0000000
      0.00000      0.29500000       0.0000000       1.0000000
      0.00000      0.29600000       0.0000000       1.0000000
      0.00000      0.29700000       0.0000000       1.0000000
      0.00000      0.29800000       0.0000000       1.0000000
      0.00000      0.29900000       0.0000000       1.0000000
      0.00000      0.30000000       0.0000000       1.0000000
      0.00000      0.30100000       0.0000000       1.0000000
      0.00000      0.30200000       0.0000000       1.0000000
      0.00000      0.30300000       0.0000000       1.0000000
      0.00000      0.30400000       0.0000000       1.0000000
      0.00000      0.30500000       0.0000000       1.0000000
      0.00000      0.30600000       0.0000000       1.0000000
      0.00000      0.30700000       0.0000000       1.0000000
      0.00000      0.30800000       0.0000000       1.0000000
      0.00000      0.30900000       0.0000000       1.0000000
      0.00000      0.31000000       0.0000000       1.0000000
      0.00000      0.31100000       0.0000000       1.0000000
      0.00000      0.31200000       0.0000000       1.0000000
      0.00000      0.31300000       0.0000000       1.0000000
      0.00000      0.31400000       0.0000000       1.0000000
      0.00000      0.31500000       0.0000000       1.0000000
      0.00000      0.31600000       0.0000000       1.0000000
      0.00000      0.31700000       0.0000000       1.0000000
      0.00000      0.31800000       0.0000000       1.0000000
      0.00000      0.31900000       0.0000000       1.0000000
      0.00000      0.32000000       0.0000000       1.0000000
      0.00000      0.32100000       0.0000000       1.0000000
      0.00000      0.32200000       0.0000000       1.0000000
      0.00000      0.32300000       0.0000000       1.0000000
      0.00000      0.32400000       0.0000000       1.0000000
      0.00000      0.32500000       0.0000000       1.0000000
      0.00000      0.32600000       0.0000000       1.0000000
      0.00000      0.32700000       0.0000000       1.0000000
      0.00000      0.32800000       0.0000000       1.0000000
      0.00000      0.32900000       0.0000000       1.0000000
      0.00000      0.33000000       0.0000000       1.0000000
      0.00000      0.33100000       0.0000000       1.0000000
      0.00000      0.33200000       0.0000000       1.0000000
      0.00000      0.33300000       0.0000000       1.0000000
      0.00000      0.33400000       0.0000000       1.0000000
      0.00000      0.33500000       0.0000000       1.0000000
      0.00000      0.33600000       0.0000000       1.0000000
      0.00000      0.33700000       0.0000000       1.0000000
      0.00000      0.33800000       0.0000000       1.0000000
      0.00000      0.33900000       0.0000000       1.0000000
      0.00000      0.34000000       0.0000000       1.0000000
      0.00000      0.34100000       0.0000000       1.0000000
      0.00000      0.34200000       0.0000000       1.0000000
      0.00000      0.34300000       0.0000000       1.0000000
      0.00000      0.34400000       0.0000000       1.0000000
      0.00000      0.34500000       0.0000000       1.0000000
      0.00000      0.34600000       0.0000000       1.0000000
      0.00000      0.34700000       0.0000000       1.0000000
      0.00000      0.34800000       0.0000000       1.0000000
      0.00000      0.34900000       0.0000000       1.0000000
      0.00000      0.35000000       0.0000000       1.0000000
      0.00000      0.35100000       0.0000000       1.0000000
      0.00000      0.35200000       0.0000000       1.0000000
      0.00000      0.35300000       0.0000000       1.0000000
      0.00000      0.35400000       0.0000000       1.0000000
      0.00000      0.35500000       0.0000000       1.0000000
      0.00000      0.35600000       0.0000000       1.0000000
      0.00000      0.35700000       0.0000000       1.0000000
      0.00000      0.35800000       0.0000000       1.0000000
      0.00000      0.35900000       0.0000000       1.0000000
      0.00000      0.36000000       0.0000000       1.0000000
      0.00000      0.36100000       0.0000000       1.0000000
      0.00000      0.36200000       0.0000000       1.0000000
      0.00000      0.36300000       0.0000000       1.0000000
      0.00000      0.36400000       0.0000000       1.0000000
      0.00000      0.36500000       0.0000000       1.0000000
      0.00000      0.36600000       0.0000000       1.0000000
      0.00000      0.36700000       0.0000000       1.0000000
      0.00000      0.36800000       0.0000000       1.0000000
      0.00000      0.36900000       0.0000000       1.0000000
      0.00000      0.37000000       0.0000000       1.0000000
      0.00000      0.37100000       0.0000000       1.0000000
      0.00000      0.37200000       0.0000000       1.0000000
      0.00000      0.37300000       0.0000000       1.0000000
      0.00000      0.37400000       0.0000000       1.0000000
      0.00000      0.37500000       0.0000000       1.0000000
      0.00000      0.37600000       0.0000000       1.0000000
      0.00000      0.37700000       0.0000000       1.0000000
      0.00000      0.37800000       0.0000000       1.0000000
      0.00000      0.37900000       0.0000000       1.0000000
      0.00000      0.38000000       0.0000000       1.0000000
      0.00000      0.38100000       0.0000000       1.0000000
      0.00000      0.38200000       0.0000000       1.0000000
      0.00000      0.38300000       0.0000000       1.0000000
      0.00000      0.38400000       0.0000000       1.0000000
      0.00000      0.38500000       0.0000000       1.0000000
      0.00000      0.38600000       0.0000000       1.0000000
      0.00000      0.38700000       0.0000000       1.0000000
      0.00000      0.38800000       0.0000000       1.0000000
      0.00000      0.38900000       0.0000000       1.0000000
      0.00000      0.39000000       0.0000000       1.0000000
      0.00000      0.39100000       0.0000000       1.0000000
      0.00000      0.39200000       0.0000000       1.0000000
      0.00000      0.39300000       0.0000000       1.0000000
      0.00000      0.39400000       0.0000000       1.0000000
      0.00000      0.39500000       0.0000000       1.0000000
      0.00000      0.39600000       0.0000000       1.0000000
      0.00000      0.39700000       0.0000000       1.0000000
      0.00000      0.39800000       0.0000000       1.0000000
      0.00000      0.39900000       0.0000000       1.0000000
      0.00000      0.40000000       0.0000000       1.0000000
      0.00000      0.40100000       0.0000000       1.0000000
      0.00000      0.40200000       0.0000000       1.0000000
      0.00000      0.40300000       0.0000000       1.0000000
      0.00000      0.40400000       0.0000000       1.0000000
      0.00000      0.40500000       0.0000000       1.0000000
      0.00000      0.40600000       0.0000000       1.0000000
      0.00000      0.40700000       0.0000000       1.0000000
      0.00000      0.40800000       0.0000000       1.0000000
      0.00000      0.40900000       0.0000000       1.0000000
      0.00000      0.41000000       0.0000000       1.0000000
      0.00000      0.41100000       0.0000000       1.0000000
      0.00000      0.41200000       0.0000000       1.0000000
      0.00000      0.41300000       0.0000000       1.0000000
      0.00000      0.41400000       0.0000000       1.0000000
      0.00000      0.41500000       0.0000000       1.0000000
      0.00000      0.41600000       0.0000000       1.0000000
      0.00000      0.41700000       0.0000000       1.0000000
      0.00000      0.41800000       0.0000000       1.0000000
      0.00000      0.41900000       0.0000000       1.0000000
      0.00000      0.42000000       0.0000000       1.0000000
      0.00000      0.42100000       0.0000000       1.0000000
      0.00000      0.42200000       0.0000000       1.0000000
      0.00000      0.42300000       0.0000000       1.0000000
      0.00000      0.42400000       0.0000000       1.0000000
      0.00000      0.42500000       0.0000000       1.0000000
      0.00000      0.42600000       0.0000000       1.0000000
      0.00000      0.42700000       0.0000000       1.0000000
      0.00000      0.42800000       0.0000000       1.0000000
      0.00000      0.42900000       0.0000000       1.0000000
      0.00000      0.43000000       0.0000000       1.0000000
      0.00000      0.43100000       0.0000000       1.0000000
      0.00000      0.43200000       0.0000000       1.0000000
      0.00000      0.43300000       0.0000000       1.0000000
      0.00000      0.43400000       0.0000000       1.0000000
      0.00000      0.43500000       0.0000000       1.0000000
      0.00000      0.43600000       0.0000000       1.0000000
      0.00000      0.43700000       0.0000000       1.0000000
      0.00000      0.43800000       0.0000000       1.0000000
      0.00000      0.43900000       0.0000000       1.0000000
      0.00000      0.44000000       0.0000000       1.0000000
      0.00000      0.44100000       0.0000000       1.0000000
      0.00000      0.44200000       0.0000000       1.0000000
      0.00000      0.44300000       0.0000000       1.0000000
      0.00000      0.44400000       0.0000000       1.0000000
      0.00000      0.44500000       0.0000000       1.0000000
      0.00000      0.44600000       0.0000000       1.0000000
      0.00000      0.44700000       0.0000000       1.0000000
      0.00000      0.44800000       0.0000000       1.0000000
      0.00000      0.44900000       0.0000000       1.0000000
      0.00000      0.45000000       0.0000000       1.0000000
      0.00000      0.45100000       0.0000000       1.0000000
      0.00000      0.45200000       0.0000000       1.0000000
      0.00000      0.45300000       0.0000000       1.0000000
      0.00000      0.45400000       0.0000000       1.0000000
      0.00000      0.45500000       0.0000000       1.0000000
      0.00000      0.45600000       0.0000000       1.0000000
      0.00000      0.45700000       0.0000000       1.0000000
      0.00000      0.45800000       0.0000000       1.0000000
      0.00000      0.45900000       0.0000000       1.0000000
      0.00000      0.46000000       0.0000000       1.0000000
      0.00000      0.46100000       0.0000000       1.0000000
      0.00000      0.46200000       0.0000000       1.0000000
      0.00000      0.46300000       0.0000000       1.0000000
      0.00000      0.46400000       0.0000000       1.0000000
      0.00000      0.46500000       0.0000000       1.0000000
      0.00000      0.46600000       0.0000000       1.0000000
      0.00000      0.46700000       0.0000000       1.0000000
      0.00000      0.46800000       0.0000000       1.0000000
      0.00000      0.46900000       0.0000000       1.0000000
      0.00000      0.47000000       0.0000000       1.0000000
      0.00000      0.47100000       0.0000000       1.0000000
      0.00000      0.47200000       0.0000000       1.0000000
      0.00000      0.47300000       0.0000000       1.0000000
      0.00000      0.47400000       0.0000000       1.0000000
      0.00000      0.47500000       0.0000000       1.0000000
      0.00000      0.47600000       0.0000000       1.0000000
      0.00000      0.47700000       0.0000000       1.0000000
      0.00000      0.47800000       0.0000000       1.0000000
      0.00000      0.47900000       0.0000000       1.0000000
      0.00000      0.48000000       0.0000000       1.0000000
      0.00000      0.48100000       0.0000000       1.0000000
      0.00000      0.48200000       0.0000000       1.0000000
      0.00000      0.48300000       0.0000000       1.0000000
      0.00000      0.48400000       0.0000000       1.0000000
      0.00000      0.48500000       0.0000000       1.0000000
      0.00000      0.48600000       0.0000000       1.0000000
      0.00000      0.48700000       0.0000000       1.0000000
      0.00000      0.48800000       0.0000000       1.0000000
      0.00000      0.48900000       0.0000000       1.0000000
      0.00000      0.49000000       0.0000000       1.0000000
      0.00000      0.49100000       0.0000000       1.0000000
      0.00000      0.49200000       0.0000000       1.0000000
      0.00000      0.49300000       0.0000000       1.0000000
      0.00000      0.49400000       0.0000000       1.0000000
      0.00000      0.49500000       0.0000000       1.0000000
      0.00000      0.49600000       0.0000000       1.0000000
      0.00000      0.49700000       0.0000000       1.0000000
      0.00000      0.49800000       0.0000000       1.0000000
      0.00000      0.49900000       0.0000000       1.0000000
      0.00000      0.50000000       0.0000000       1.0000000
      0.00000      0.50100000       0.0000000       1.0000000
      0.00000      0.50200000       0.0000000       1.0000000
      0.00000      0.50300000       0.0000000       1.0000000
      0.00000      0.50400000       0.0000000       1.0000000
      0.00000      0.50500000       0.0000000       1.0000000
      0.00000      0.50600000       0.0000000       1.0000000
      0.00000      0.50700000       0.0000000       1.0000000
      0.00000      0.50800000       0.0000000       1.0000000
      0.00000      0.50900000       0.0000000       1.0000000
      0.00000      0.51000000       0.0000000       1.0000000
      0.00000      0.51100000       0.0000000       1.0000000
      0.00000      0.51200000       0.0000000       1.0000000
      0.00000      0.51300000       0.0000000       1.0000000
      0.00000      0.51400000       0.0000000       1.0000000
      0.00000      0.51500000       0.0000000       1.0000000
      0.00000      0.51600000       0.0000000       1.0000000
      0.00000      0.51700000       0.0000000       1.0000000
      0.00000      0.51800000       0.0000000       1.0000000
      0.00000      0.51900000       0.0000000       1.0000000
      0.00000      0.52000000       0.0000000       1.0000000
      0.00000      0.52100000       0.0000000       1.0000000
      0.00000      0.52200000       0.0000000       1.0000000
      0.00000      0.52300000       0.0000000       1.0000000
      0.00000      0.52400000       0.0000000       1.0000000
      0.00000      0.52500000       0.0000000       1.0000000
      0.00000      0.52600000       0.0000000       1.0000000
      0.00000      0.52700000       0.0000000       1.0000000
      0.00000      0.52800000       0.0000000       1.0000000
      0.00000      0.52900000       0.0000000       1.0000000
      0.00000      0.53000000       0.0000000       1.0000000
      0.00000      0.53100000       0.0000000       1.0000000
      0.00000      0.53200000       0.0000000       1.0000000
      0.00000      0.53300000       0.0000000       1.0000000
      0.00000      0.53400000       0.0000000       1.0000000
      0.00000      0.53500000       0.0000000       1.0000000
      0.00000      0.53600000       0.0000000       1.0000000
      0.00000      0.53700000       0.0000000       1.0000000
      0.00000      0.53800000       0.0000000       1.0000000
      0.00000      0.53900000       0.0000000       1.0000000
      0.00000      0.54000000       0.0000000       1.0000000
      0.00000      0.54100000       0.0000000       1.0000000
      0.00000      0.54200000       0.0000000       1.0000000
      0.00000      0.54300000       0.0000000       1.0000000
      0.00000      0.54400000       0.0000000       1.0000000
      0.00000      0.54500000       0.0000000       1.0000000
      0.00000      0.54600000       0.0000000       1.0000000
      0.00000      0.54700000       0.0000000       1.0000000
      0.00000      0.54800000       0.0000000       1.0000000
      0.00000      0.54900000       0.0000000       1.0000000
      0.00000      0.55000000       0.0000000       1.0000000
      0.00000      0.55100000       0.0000000       1.0000000
      0.00000      0.55200000       0.0000000       1.0000000
      0.00000      0.55300000       0.0000000       1.0000000
      0.00000      0.55400000       0.0000000       1.0000000
      0.00000      0.55500000       0.0000000       1.0000000
      0.00000      0.55600000       0.0000000       1.0000000
      0.00000      0.55700000       0.0000000       1.0000000
      0.00000      0.55800000       0.0000000       1.0000000
      0.00000      0.55900000       0.0000000       1.0000000
      0.00000      0.56000000       0.0000000       1.0000000
      0.00000      0.56100000       0.0000000       1.0000000
      0.00000      0.56200000       0.0000000       1.0000000
      0.00000      0.56300000       0.0000000       1.0000000
      0.00000      0.56400000       0.0000000       1.0000000
      0.00000      0.56500000       0.0000000       1.0000000
      0.00000      0.56600000       0.0000000       1.0000000
      0.00000      0.56700000       0.0000000       1.0000000
      0.00000      0.56800000       0.0000000       1.0000000
      0.00000      0.56900000       0.0000000       1.0000000
      0.00000      0.57000000       0.0000000       1.0000000
      0.00000      0.57100000       0.0000000       1.0000000
      0.00000      0.57200000       0.0000000       1.0000000
      0.00000      0.57300000       0.0000000       1.0000000
      0.00000      0.57400000       0.0000000       1.0000000
      0.00000      0.57500000       0.0000000       1.0000000
      0.00000      0.57600000       0.0000000       1.0000000
      0.00000      0.57700000       0.0000000       1.0000000
      0.00000      0.57800000       0.0000000       1.0000000
      0.00000      0.57900000       0.0000000       1.0000000
      0.00000      0.58000000       0.0000000       1.0000000
      0.00000      0.58100000       0.0000000       1.0000000
      0.00000      0.58200000       0.0000000       1.0000000
      0.00000      0.58300000       0.0000000       1.0000000
      0.00000      0.58400000       0.0000000       1.0000000
      0.00000      0.58500000       0.0000000       1.0000000
      0.00000      0.58600000       0.0000000       1.0000000
      0.00000      0.58700000       0.0000000       1.0000000
      0.00000      0.58800000       0.0000000       1.0000000
      0.00000      0.58900000       0.0000000       1.0000000
      0.00000      0.59000000       0.0000000       1.0000000
      0.00000      0.59100000       0.0000000       1.0000000
      0.00000      0.59200000       0.0000000       1.0000000
      0.00000      0.59300000       0.0000000       1.0000000
      0.00000      0.59400000       0.0000000       1.0000000
      0.00000      0.59500000       0.0000000       1.0000000
      0.00000      0.59600000       0.0000000       1.0000000
      0.00000      0.59700000       0.0000000       1.0000000
      0.00000      0.59800000       0.0000000       1.0000000
      0.00000      0.59900000       0.0000000       1.0000000
      0.00000      0.60000000       0.0000000       1.0000000
      0.00000      0.60100000       0.0000000       1.0000000
      0.00000      0.60200000       0.0000000       1.0000000
      0.00000      0.60300000       0.0000000       1.0000000
      0.00000      0.60400000       0.0000000       1.0000000
      0.00000      0.60500000       0.0000000       1.0000000
      0.00000      0.60600000       0.0000000       1.0000000
      0.00000      0.60700000       0.0000000       1.0000000
      0.00000      0.60800000       0.0000000       1.0000000
      0.00000      0.60900000       0.0000000       1.0000000
      0.00000      0.61000000       0.0000000       1.0000000
      0.00000      0.61100000       0.0000000       1.0000000
      0.00000      0.61200000       0.0000000       1.0000000
      0.00000      0.61300000       0.0000000       1.0000000
      0.00000      0.61400000       0.0000000       1.0000000
      0.00000      0.61500000       0.0000000       1.0000000
      0.00000      0.61600000       0.0000000       1.0000000
      0.00000      0.61700000       0.0000000       1.0000000
      0.00000      0.61800000       0.0000000       1.0000000
      0.00000      0.61900000       0.0000000       1.0000000
      0.00000      0.62000000       0.0000000       1.0000000
      0.00000      0.62100000       0.0000000       1.0000000
      0.00000      0.62200000       0.0000000       1.0000000
      0.00000      0.62300000       0.0000000       1.0000000
      0.00000      0.62400000       0.0000000       1.0000000
      0.00000      0.62500000       0.0000000       1.0000000
      0.00000      0.62600000       0.0000000       1.0000000
      0.00000      0.62700000       0.0000000       1.0000000
      0.00000      0.62800000       0.0000000       1.0000000
      0.00000      0.62900000       0.0000000       1.0000000
      0.00000      0.63000000       0.0000000       1.0000000
      0.00000      0.63100000       0.0000000       1.0000000
      0.00000      0.63200000       0.0000000       1.0000000
      0.00000      0.63300000       0.0000000       1.0000000
      0.00000      0.63400000       0.0000000       1.0000000
      0.00000      0.63500000       0.0000000       1.0000000
      0.00000      0.63600000       0.0000000       1.0000000
      0.00000      0.63700000       0.0000000       1.0000000
      0.00000      0.63800000       0.0000000       1.0000000
      0.00000      0.63900000       0.0000000       1.0000000
      0.00000      0.64000000       0.0000000       1.0000000
      0.00000      0.64100000       0.0000000       1.0000000
      0.00000      0.64200000       0.0000000       1.0000000
      0.00000      0.64300000       0.0000000       1.0000000
      0.00000      0.64400000       0.0000000       1.0000000
      0.00000      0.64500000       0.0000000       1.0000000
      0.00000      0.64600000       0.0000000       1.0000000
      0.00000      0.64700000       0.0000000       1.0000000
      0.00000      0.64800000       0.0000000       1.0000000
      0.00000      0.64900000       0.0000000       1.0000000
      0.00000      0.65000000       0.0000000       1.0000000
      0.00000      0.65100000       0.0000000       1.0000000
      0.00000      0.65200000       0.0000000       1.0000000
      0.00000      0.65300000       0.0000000       1.0000000
      0.00000      0.65400000       0.0000000       1.0000000
      0.00000      0.65500000       0.0000000       1.0000000
      0.00000      0.65600000       0.0000000       1.0000000
      0.00000      0.65700000       0.0000000       1.0000000
      0.00000      0.65800000       0.0000000       1.0000000
      0.00000      0.65900000       0.0000000       1.0000000
      0.00000      0.66000000       0.0000000       1.0000000
      0.00000      0.66100000       0.0000000       1.0000000
      0.00000      0.66200000       0.0000000       1.0000000
      0.00000      0.66300000       0.0000000       1.0000000
      0.00000      0.66400000       0.0000000       1.0000000
      0.00000      0.66500000       0.0000000       1.0000000
      0.00000      0.66600000       0.0000000       1.0000000
      0.00000      0.66700000       0.0000000       1.0000000
      0.00000      0.66800000       0.0000000       1.0000000
      0.00000      0.66900000       0.0000000       1.0000000
      0.00000      0.67000000       0.0000000       1.0000000
      0.00000      0.67100000       0.0000000       1.0000000
      0.00000      0.67200000       0.0000000       1.0000000
      0.00000      0.67300000       0.0000000       1.0000000
      0.00000      0.67400000       0.0000000       1.0000000
      0.00000      0.67500000       0.0000000       1.0000000
      0.00000      0.67600000       0.0000000       1.0000000
      0.00000      0.67700000       0.0000000       1.0000000
      0.00000      0.67800000       0.0000000       1.0000000
      0.00000      0.67900000       0.0000000       1.0000000
      0.00000      0.68000000       0.0000000       1.0000000
      0.00000      0.68100000       0.0000000       1.0000000
      0.00000      0.68200000       0.0000000       1.0000000
      0.00000      0.68300000       0.0000000       1.0000000
      0.00000      0.68400000       0.0000000       1.0000000
      0.00000      0.68500000       0.0000000       1.0000000
      0.00000      0.68600000       0.0000000       1.0000000
      0.00000      0.68700000       0.0000000       1.0000000
      0.00000      0.68800000       0.0000000       1.0000000
      0.00000      0.68900000       0.0000000       1.0000000
      0.00000      0.69000000       0.0000000       1.0000000
      0.00000      0.69100000       0.0000000       1.0000000
      0.00000      0.69200000       0.0000000       1.0000000
      0.00000      0.69300000       0.0000000       1.0000000
      0.00000      0.69400000       0.0000000       1.0000000
      0.00000      0.69500000       0.0000000       1.0000000
      0.00000      0.69600000       0.0000000       1.0000000
      0.00000      0.69700000       0.0000000       1.0000000
      0.00000      0.69800000       0.0000000       1.0000000
      0.00000      0.69900000       0.0000000       1.0000000
      0.00000      0.70000000       0.0000000       1.0000000
      0.00000      0.70100000       0.0000000       1.0000000
      0.00000      0.70200000       0.0000000       1.0000000
      0.00000      0.70300000       0.0000000       1.0000000
      0.00000      0.70400000       0.0000000       1.0000000
      0.00000      0.70500000       0.0000000       1.0000000
      0.00000      0.70600000       0.0000000       1.0000000
      0.00000      0.70700000       0.0000000       1.0000000
      0.00000      0.70800000       0.0000000       1.0000000
      0.00000      0.70900000       0.0000000       1.0000000
      0.00000      0.71000000       0.0000000       1.0000000
      0.00000      0.71100000       0.0000000       1.0000000
      0.00000      0.71200000       0.0000000       1.0000000
      0.00000      0.71300000       0.0000000       1.0000000
      0.00000      0.71400000       0.0000000       1.0000000
      0.00000      0.71500000       0.0000000       1.0000000
      0.00000      0.71600000       0.0000000       1.0000000
      0.00000      0.71700000       0.0000000       1.0000000
      0.00000      0.71800000       0.0000000       1.0000000
      0.00000      0.71900000       0.0000000       1.0000000
      0.00000      0.72000000       0.0000000       1.0000000
      0.00000      0.72100000       0.0000000       1.0000000
      0.00000      0.72200000       0.0000000       1.0000000
      0.00000      0.72300000       0.0000000       1.0000000
      0.00000      0.72400000       0.0000000       1.0000000
      0.00000      0.72500000       0.0000000       1.0000000
      0.00000      0.72600000       0.0000000       1.0000000
      0.00000      0.72700000       0.0000000       1.0000000
      0.00000      0.72800000       0.0000000       1.0000000
      0.00000      0.72900000       0.0000000       1.0000000
      0.00000      0.73000000       0.0000000       1.0000000
      0.00000      0.73100000       0.0000000       1.0000000
      0.00000      0.73200000       0.0000000       1.0000000
      0.00000      0.73300000       0.0000000       1.0000000
      0.00000      0.73400000       0.0000000       1.0000000
      0.00000      0.73500000       0.0000000       1.0000000
      0.00000      0.73600000       0.0000000       1.0000000
      0.00000      0.73700000       0.0000000       1.0000000
      0.00000      0.73800000       0.0000000       1.0000000
      0.00000      0.73900000       0.0000000       1.0000000
      0.00000      0.74000000       0.0000000       1.0000000
      0.00000      0.74100000       0.0000000       1.0000000
      0.00000      0.74200000       0.0000000       1.0000000
      0.00000      0.74300000       0.0000000       1.0000000
      0.00000      0.74400000       0.0000000       1.0000000
      0.00000      0.74500000       0.0000000       1.0000000
      0.00000      0.74600000       0.0000000       1.0000000
      0.00000      0.74700000       0.0000000       1.0000000
      0.00000      0.74800000       0.0000000       1.0000000
      0.00000      0.74900000       0.0000000       1.0000000
      0.00000      0.75000000       0.0000000       1.0000000
      0.00000      0.75100000       0.0000000       1.0000000
      0.00000      0.75200000       0.0000000       1.0000000
      0.00000      0.75300000       0.0000000       1.0000000
      0.00000      0.75400000       0.0000000       1.0000000
      0.00000      0.75500000       0.0000000       1.0000000
      0.00000      0.75600000       0.0000000       1.0000000
      0.00000      0.75700000       0.0000000       1.0000000
      0.00000      0.75800000       0.0000000       1.0000000
      0.00000      0.75900000       0.0000000       1.0000000
      0.00000      0.76000000       0.0000000       1.0000000
      0.00000      0.76100000       0.0000000       1.0000000
      0.00000      0.76200000       0.0000000       1.0000000
      0.00000      0.76300000       0.0000000       1.0000000
      0.00000      0.76400000       0.0000000       1.0000000
      0.00000      0.76500000       0.0000000       1.0000000
      0.00000      0.76600000       0.0000000       1.0000000
      0.00000      0.76700000       0.0000000       1.0000000
      0.00000      0.76800000       0.0000000       1.0000000
      0.00000      0.76900000       0.0000000       1.0000000
      0.00000      0.77000000       0.0000000       1.0000000
      0.00000      0.77100000       0.0000000       1.0000000
      0.00000      0.77200000       0.0000000       1.0000000
      0.00000      0.77300000       0.0000000       1.0000000
      0.00000      0.77400000       0.0000000       1.0000000
      0.00000      0.77500000       0.0000000       1.0000000
      0.00000      0.77600000       0.0000000       1.0000000
      0.00000      0.77700000       0.0000000       1.0000000
      0.00000      0.77800000       0.0000000       1.0000000
      0.00000      0.77900000       0.0000000       1.0000000
      0.00000      0.78000000       0.0000000       1.0000000
      0.00000      0.78100000       0.0000000       1.0000000
      0.00000      0.78200000       0.0000000       1.0000000
      0.00000      0.78300000       0.0000000       1.0000000
      0.00000      0.78400000       0.0000000       1.0000000
      0.00000      0.78500000       0.0000000       1.0000000
      0.00000      0.78600000       0.0000000       1.0000000
      0.00000      0.78700000       0.0000000       1.0000000
      0.00000      0.78800000       0.0000000       1.0000000
      0.00000      0.78900000       0.0000000       1.0000000
      0.00000      0.79000000       0.0000000       1.0000000
      0.00000      0.79100000       0.0000000       1.0000000
      0.00000      0.79200000       0.0000000       1.0000000
      0.00000      0.79300000       0.0000000       1.0000000
      0.00000      0.79400000       0.0000000       1.0000000
      0.00000      0.79500000       0.0000000       1.0000000
      0.00000      0.79600000       0.0000000       1.0000000
      0.00000      0.79700000       0.0000000       1.0000000
      0.00000      0.79800000       0.0000000       1.0000000
      0.00000      0.79900000       0.0000000       1.0000000
      0.00000      0.80000000       0.0000000       1.0000000
      0.00000      0.80100000       0.0000000       1.0000000
      0.00000      0.80200000       0.0000000       1.0000000
      0.00000      0.80300000       0.0000000       1.0000000
      0.00000      0.80400000       0.0000000       1.0000000
      0.00000      0.80500000       0.0000000       1.0000000
      0.00000      0.80600000       0.0000000       1.0000000
      0.00000      0.80700000       0.0000000       1.0000000
      0.00000      0.80800000       0.0000000       1.0000000
      0.00000      0.80900000       0.0000000       1.0000000
      0.00000      0.81000000       0.0000000       1.0000000
      0.00000      0.81100000       0.0000000       1.0000000
      0.00000      0.81200000       0.0000000       1.0000000
      0.00000      0.81300000       0.0000000       1.0000000
      0.00000      0.81400000       0.0000000       1.0000000
      0.00000      0.81500000       0.0000000       1.0000000
      0.00000      0.81600000       0.0000000       1.0000000
      0.00000      0.81700000       0.0000000       1.0000000
      0.00000      0.81800000       0.0000000       1.0000000
      0.00000      0.81900000       0.0000000       1.0000000
      0.00000      0.82000000       0.0000000       1.0000000
      0.00000      0.82100000       0.0000000       1.0000000
      0.00000      0.82200000       0.0000000       1.0000000
      0.00000      0.82300000       0.0000000       1.0000000
      0.00000      0.82400000       0.0000000       1.0000000
      0.00000      0.82500000       0.0000000       1.0000000
      0.00000      0.82600000       0.0000000       1.0000000
      0.00000      0.82700000       0.0000000       1.0000000
      0.00000      0.82800000       0.0000000       1.0000000
      0.00000      0.82900000       0.0000000       1.0000000
      0.00000      0.83000000       0.0000000       1.0000000
      0.00000      0.83100000       0.0000000       1.0000000
      0.00000      0.83200000       0.0000000       1.0000000
      0.00000      0.83300000       0.0000000       1.0000000
      0.00000      0.83400000       0.0000000       1.0000000
      0.00000      0.83500000       0.0000000       1.0000000
      0.00000      0.83600000       0.0000000       1.0000000
      0.00000      0.83700000       0.0000000       1.0000000
      0.00000      0.83800000       0.0000000       1.0000000
      0.00000      0.83900000       0.0000000       1.0000000
      0.00000      0.84000000       0.0000000       1.0000000
      0.00000      0.84100000       0.0000000       1.0000000
      0.00000      0.84200000       0.0000000       1.0000000
      0.00000      0.84300000       0.0000000       1.0000000
      0.00000      0.84400000       0.0000000       1.0000000
      0.00000      0.84500000       0.0000000       1.0000000
      0.00000      0.84600000       0.0000000       1.0000000
      0.00000      0.84700000       0.0000000       1.0000000
      0.00000      0.84800000       0.0000000       1.0000000
      0.00000      0.84900000       0.0000000       1.0000000
      0.00000      0.85000000       0.0000000       1.0000000
      0.00000      0.85100000       0.0000000       1.0000000
      0.00000      0.85200000       0.0000000       1.0000000
      0.00000      0.85300000       0.0000000       1.0000000
      0.00000      0.85400000       0.0000000       1.0000000
      0.00000      0.85500000       0.0000000       1.0000000
      0.00000      0.85600000       0.0000000       1.0000000
      0.00000      0.85700000       0.0000000       1.0000000
      0.00000      0.85800000       0.0000000       1.0000000
      0.00000      0.85900000       0.0000000       1.0000000
      0.00000      0.86000000       0.0000000       1.0000000
      0.00000      0.86100000       0.0000000       1.0000000
      0.00000      0.86200000       0.0000000       1.0000000
      0.00000      0.86300000       0.0000000       1.0000000
      0.00000      0.86400000       0.0000000       1.0000000
      0.00000      0.86500000       0.0000000       1.0000000
      0.00000      0.86600000       0.0000000       1.0000000
      0.00000      0.86700000       0.0000000       1.0000000
      0.00000      0.86800000       0.0000000       1.0000000
      0.00000      0.86900000       0.0000000       1.0000000
      0.00000      0.87000000       0.0000000       1.0000000
      0.00000      0.87100000       0.0000000       1.0000000
      0.00000      0.87200000       0.0000000       1.0000000
      0.00000      0.87300000       0.0000000       1.0000000
      0.00000      0.87400000       0.0000000       1.0000000
      0.00000      0.87500000       0.0000000       1.0000000
      0.00000      0.87600000       0.0000000       1.0000000
      0.00000      0.87700000       0.0000000       1.0000000
      0.00000      0.87800000       0.0000000       1.0000000
      0.00000      0.87900000       0.0000000       1.0000000
      0.00000      0.88000000       0.0000000       1.0000000
      0.00000      0.88100000       0.0000000       1.0000000
      0.00000      0.88200000       0.0000000       1.0000000
      0.00000      0.88300000       0.0000000       1.0000000
      0.00000      0.88400000       0.0000000       1.0000000
      0.00000      0.88500000       0.0000000       1.0000000
      0.00000      0.88600000       0.0000000       1.0000000
      0.00000      0.88700000       0.0000000       1.0000000
      0.00000      0.88800000       0.0000000       1.0000000
      0.00000      0.88900000       0.0000000       1.0000000
      0.00000      0.89000000       0.0000000       1.0000000
      0.00000      0.89100000       0.0000000       1.0000000
      0.00000      0.89200000       0.0000000       1.0000000
      0.00000      0.89300000       0.0000000       1.0000000
      0.00000      0.89400000       0.0000000       1.0000000
      0.00000      0.89500000       0.0000000       1.0000000
      0.00000      0.89600000       0.0000000       1.0000000
      0.00000      0.89700000       0.0000000       1.0000000
      0.00000      0.89800000       0.0000000       1.0000000
      0.00000      0.89900000       0.0000000       1.0000000
      0.00000      0.90000000       0.0000000       1.0000000
      0.00000      0.90100000       0.0000000       1.0000000
      0.00000      0.90200000       0.0000000       1.0000000
      0.00000      0.90300000       0.0000000       1.0000000
      0.00000      0.90400000       0.0000000       1.0000000
      0.00000      0.90500000       0.0000000       1.0000000
      0.00000      0.90600000       0.0000000       1.0000000
      0.00000      0.90700000       0.0000000       1.0000000
      0.00000      0.90800000       0.0000000       1.0000000
      0.00000      0.90900000       0.0000000       1.0000000
      0.00000      0.91000000       0.0000000       1.0000000
      0.00000      0.91100000       0.0000000       1.0000000
      0.00000      0.91200000       0.0000000       1.0000000
      0.00000      0.91300000       0.0000000       1.0000000
      0.00000      0.91400000       0.0000000       1.0000000
      0.00000      0.91500000       0.0000000       1.0000000
      0.00000      0.91600000       0.0000000       1.0000000
      0.00000      0.91700000       0.0000000       1.0000000
      0.00000      0.91800000       0.0000000       1.0000000
      0.00000      0.91900000       0.0000000       1.0000000
      0.00000      0.92000000       0.0000000       1.0000000
      0.00000      0.92100000       0.0000000       1.0000000
      0.00000      0.92200000       0.0000000       1.0000000
      0.00000      0.92300000       0.0000000       1.0000000
      0.00000      0.92400000       0.0000000       1.0000000
      0.00000      0.92500000       0.0000000       1.0000000
      0.00000      0.92600000       0.0000000       1.0000000
      0.00000      0.92700000       0.0000000       1.0000000
      0.00000      0.92800000       0.0000000       1.0000000
      0.00000      0.92900000       0.0000000       1.0000000
      0.00000      0.93000000       0.0000000       1.0000000
      0.00000      0.93100000       0.0000000       1.0000000
      0.00000      0.93200000       0.0000000       1.0000000
      0.00000      0.93300000       0.0000000       1.0000000
      0.00000      0.93400000       0.0000000       1.0000000
      0.00000      0.93500000       0.0000000       1.0000000
      0.00000      0.93600000       0.0000000       1.0000000
      0.00000      0.93700000       0.0000000       1.0000000
      0.00000      0.93800000       0.0000000       1.0000000
      0.00000      0.93900000       0.0000000       1.0000000
      0.00000      0.94000000       0.0000000       1.0000000
      0.00000      0.94100000       0.0000000       1.0000000
      0.00000      0.94200000       0.0000000       1.0000000
      0.00000      0.94300000       0.0000000       1.0000000
      0.00000      0.94400000       0.0000000       1.0000000
      0.00000      0.94500000       0.0000000       1.0000000
      0.00000      0.94600000       0.0000000       1.0000000
      0.00000      0.94700000       0.0000000       1.0000000
      0.00000      0.94800000       0.0000000       1.0000000
      0.00000      0.94900000       0.0000000       1.0000000
      0.00000      0.95000000       0.0000000       1.0000000
      0.00000      0.95100000       0.0000000       1.0000000
      0.00000      0.95200000       0.0000000       1.0000000
      0.00000      0.95300000       0.0000000       1.0000000
      0.00000      0.95400000       0.0000000       1.0000000
      0.00000      0.95500000       0.0000000       1.0000000
      0.00000      0.95600000       0.0000000       1.0000000
      0.00000      0.95700000       0.0000000       1.0000000
      0.00000      0.95800000       0.0000000       1.0000000
      0.00000      0.95900000       0.0000000       1.0000000
      0.00000      0.96000000       0.0000000       1.0000000
      0.00000      0.96100000       0.0000000       1.0000000
      0.00000      0.96200000       0.0000000       1.0000000
      0.00000      0.96300000       0.0000000       1.0000000
      0.00000      0.96400000       0.0000000       1.0000000
      0.00000      0.96500000       0.0000000       1.0000000
      0.00000      0.96600000       0.0000000       1.0000000
      0.00000      0.96700000       0.0000000       1.0000000
      0.00000      0.96800000       0.0000000       1.0000000
      0.00000      0.96900000       0.0000000       1.0000000
      0.00000      0.97000000       0.0000000       1.0000000
      0.00000      0.97100000       0.0000000       1.0000000
      0.00000      0.97200000       0.0000000       1.0000000
      0.00000      0.97300000       0.0000000       1.0000000
      0.00000      0.97400000       0.0000000       1.0000000
      0.00000      0.97500000       0.0000000       1.0000000
      0.00000      0.97600000       0.0000000       1.0000000
      0.00000      0.97700000       0.0000000       1.0000000
      0.00000      0.97800000       0.0000000       1.0000000
      0.00000      0.97900000       0.0000000       1.0000000
      0.00000      0.98000000       0.0000000       1.0000000
      0.00000      0.98100000       0.0000000       1.0000000
      0.00000      0.98200000       0.0000000       1.0000000
      0.00000      0.98300000       0.0000000       1.0000000
      0.00000      0.98400000       0.0000000       1.0000000
      0.00000      0.98500000       0.0000000       1.0000000
      0.00000      0.98600000       0.0000000       1.0000000
      0.00000      0.98700000       0.0000000       1.0000000
      0.00000      0.98800000       0.0000000       1.0000000
      0.00000      0.98900000       0.0000000       1.0000000
      0.00000      0.99000000       0.0000000       1.0000000
      0.00000      0.99100000       0.0000000       1.0000000
      0.00000      0.99200000       0.0000000       1.0000000
      0.00000      0.99300000       0.0000000       1.0000000
      0.00000      0.99400000       0.0000000       1.0000000
      0.00000      0.99500000       0.0000000       1.0000000
      0.00000      0.99600000       0.0000000       1.0000000
      0.00000      0.99700000       0.0000000       1.0000000
      0.00000      0.99800000       0.0000000       1.0000000
      0.00000      0.99900000       0.0000000       1.0000000
      0.00000       1.0000000       0.0000000       1.0000000
      0.00000       1.0010000       0.0000000       1.0000000
      0.00000       1.0020000       0.0000000       1.0000000
      0.00000       1.0030000       0.0000000       1.0000000
      0.00000       1.0040000       0.0000000       1.0000000
      0.00000       1.0050000       0.0000000       1.0000000
      0.00000       1.0060000       0.0000000       1.0000000
      0.00000       1.0070000       0.0000000       1.0000000
      0.00000       1.0080000       0.0000000       1.0000000
      0.00000       1.0090000       0.0000000       1.0000000
      0.00000       1.0100000       0.0000000       1.0000000
      0.00000       1.0110000       0.0000000       1.0000000
      0.00000       1.0120000       0.0000000       1.0000000
      0.00000       1.0130000       0.0000000       1.0000000
      0.00000       1.0140000       0.0000000       1.0000000
      0.00000       1.0150000       0.0000000       1.0000000
      0.00000       1.0160000       0.0000000       1.0000000
      0.00000       1.0170000       0.0000000       1.0000000
      0.00000       1.0180000       0.0000000       1.0000000
      0.00000       1.0190000       0.0000000       1.0000000
      0.00000       1.0200000       0.0000000       1.0000000
      0.00000       1.0210000       0.0000000       1.0000000
      0.00000       1.0220000       0.0000000       1.0000000
      0.00000       1.0230000       0.0000000       1.0000000
      0.00000       1.0240000       0.0000000       1.0000000
      0.00000       1.0250000       0.0000000       1.0000000
      0.00000       1.0260000       0.0000000       1.0000000
      0.00000       1.0270000       0.0000000       1.0000000
      0.00000       1.0280000       0.0000000       1.0000000
      0.00000       1.0290000       0.0000000       1.0000000
      0.00000       1.0300000       0.0000000       1.0000000
      0.00000       1.0310000       0.0000000       1.0000000
      0.00000       1.0320000       0.0000000       1.0000000
      0.00000       1.0330000       0.0000000       1.0000000
      0.00000       1.0340000       0.0000000       1.0000000
      0.00000       1.0350000       0.0000000       1.0000000
      0.00000       1.0360000       0.0000000       1.0000000
      0.00000       1.0370000       0.0000000       1.0000000
      0.00000       1.0380000       0.0000000       1.0000000
      0.00000       1.0390000       0.0000000       1.0000000
      0.00000       1.0400000       0.0000000       1.0000000
      0.00000       1.0410000       0.0000000       1.0000000
      0.00000       1.0420000       0.0000000       1.0000000
      0.00000       1.0430000       0.0000000       1.0000000
      0.00000       1.0440000       0.0000000       1.0000000
      0.00000       1.0450000       0.0000000       1.0000000
      0.00000       1.0460000       0.0000000       1.0000000
      0.00000       1.0470000       0.0000000       1.0000000
      0.00000       1.0480000       0.0000000       1.0000000
      0.00000       1.0490000       0.0000000       1.0000000
      0.00000       1.0500000       0.0000000       1.0000000
      0.00000       1.0510000       0.0000000       1.0000000
      0.00000       1.0520000       0.0000000       1.0000000
      0.00000       1.0530000       0.0000000       1.0000000
      0.00000       1.0540000       0.0000000       1.0000000
      0.00000       1.0550000       0.0000000       1.0000000
      0.00000       1.0560000       0.0000000       1.0000000
      0.00000       1.0570000       0.0000000       1.0000000
      0.00000       1.0580000       0.0000000       1.0000000
      0.00000       1.0590000       0.0000000       1.0000000
      0.00000       1.0600000       0.0000000       1.0000000
      0.00000       1.0610000       0.0000000       1.0000000
      0.00000       1.0620000       0.0000000       1.0000000
      0.00000       1.0630000       0.0000000       1.0000000
      0.00000       1.0640000       0.0000000       1.0000000
      0.00000       1.0650000       0.0000000       1.0000000
      0.00000       1.0660000       0.0000000       1.0000000
      0.00000       1.0670000       0.0000000       1.0000000
      0.00000       1.0680000       0.0000000       1.0000000
      0.00000       1.0690000       0.0000000       1.0000000
      0.00000       1.0700000       0.0000000       1.0000000
      0.00000       1.0710000       0.0000000       1.0000000
      0.00000       1.0720000       0.0000000       1.0000000
      0.00000       1.0730000       0.0000000       1.0000000
      0.00000       1.0740000       0.0000000       1.0000000
      0.00000       1.0750000       0.0000000       1.0000000
      0.00000       1.0760000       0.0000000       1.0000000
      0.00000       1.0770000       0.0000000       1.0000000
      0.00000       1.0780000       0.0000000       1.0000000
      0.00000       1.0790000       0.0000000       1.0000000
      0.00000       1.0800000       0.0000000       1.0000000
      0.00000       1.0810000       0.0000000       1.0000000
      0.00000       1.0820000       0.0000000       1.0000000
      0.00000       1.0830000       0.0000000       1.0000000
      0.00000       1.0840000       0.0000000       1.0000000
      0.00000       1.0850000       0.0000000       1.0000000
      0.00000       1.0860000       0.0000000       1.0000000
      0.00000       1.0870000       0.0000000       1.0000000
      0.00000       1.0880000       0.0000000       1.0000000
      0.00000       1.0890000       0.0000000       1.0000000
      0.00000       1.0900000       0.0000000       1.0000000
      0.00000       1.0910000       0.0000000       1.0000000
      0.00000       1.0920000       0.0000000       1.0000000
      0.00000       1.0930000       0.0000000       1.0000000
      0.00000       1.0940000       0.0000000       1.0000000
      0.00000       1.0950000       0.0000000       1.0000000
      0.00000       1.0960000       0.0000000       1.0000000
      0.00000       1.0970000       0.0000000       1.0000000
      0.00000       1.0980000       0.0000000       1.0000000
      0.00000       1.0990000       0.0000000       1.0000000
      0.00000       1.1000000       0.0000000       1.0000000
      0.00000       1.1010000       0.0000000       1.0000000
      0.00000       1.1020000       0.0000000       1.0000000
      0.00000       1.1030000       0.0000000       1.0000000
      0.00000       1.1040000       0.0000000       1.0000000
      0.00000       1.1050000       0.0000000       1.0000000
      0.00000       1.1060000       0.0000000       1.0000000
      0.00000       1.1070000       0.0000000       1.0000000
      0.00000       1.1080000       0.0000000       1.0000000
      0.00000       1.1090000       0.0000000       1.0000000
      0.00000       1.1100000       0.0000000       1.0000000
      0.00000       1.1110000       0.0000000       1.0000000
      0.00000       1.1120000       0.0000000       1.0000000
      0.00000       1.1130000       0.0000000       1.0000000
      0.00000       1.1140000       0.0000000       1.0000000
      0.00000       1.1150000       0.0000000       1.0000000
      0.00000       1.1160000       0.0000000       1.0000000
      0.00000       1.1170000       0.0000000       1.0000000
      0.00000       1.1180000       0.0000000       1.0000000
      0.00000       1.1190000       0.0000000       1.0000000
      0.00000       1.1200000       0.0000000       1.0000000
      0.00000       1.1210000       0.0000000       1.0000000
      0.00000       1.1220000       0.0000000       1.0000000
      0.00000       1.1230000       0.0000000       1.0000000
      0.00000       1.1240000       0.0000000       1.0000000
      0.00000       1.1250000       0.0000000       1.0000000
      0.00000       1.1260000       0.0000000       1.0000000
      0.00000       1.1270000       0.0000000       1.0000000
      0.00000       1.1280000       0.0000000       1.0000000
      0.00000       1.1290000       0.0000000       1.0000000
      0.00000       1.1300000       0.0000000       1.0000000
      0.00000       1.1310000       0.0000000       1.0000000
      0.00000       1.1320000       0.0000000       1.0000000
      0.00000       1.1330000       0.0000000       1.0000000
      0.00000       1.1340000       0.0000000       1.0000000
      0.00000       1.1350000       0.0000000       1.0000000
      0.00000       1.1360000       0.0000000       1.0000000
      0.00000       1.1370000       0.0000000       1.0000000
      0.00000       1.1380000       0.0000000       1.0000000
      0.00000       1.1390000       0.0000000       1.0000000
      0.00000       1.1400000       0.0000000       1.0000000
      0.00000       1.1410000       0.0000000       1.0000000
      0.00000       1.1420000       0.0000000       1.0000000
      0.00000       1.1430000       0.0000000       1.0000000
      0.00000       1.1440000       0.0000000       1.0000000
      0.00000       1.1450000       0.0000000       1.0000000
      0.00000       1.1460000       0.0000000       1.0000000
      0.00000       1.1470000       0.0000000       1.0000000
      0.00000       1.1480000       0.0000000       1.0000000
      0.00000       1.1490000       0.0000000       1.0000000
      0.00000       1.1500000       0.0000000       1.0000000
      0.00000       1.1510000       0.0000000       1.0000000
      0.00000       1.1520000       0.0000000       1.0000000
      0.00000       1.1530000       0.0000000       1.0000000
      0.00000       1.1540000       0.0000000       1.0000000
      0.00000       1.1550000       0.0000000       1.0000000
      0.00000       1.1560000       0.0000000       1.0000000
      0.00000       1.1570000       0.0000000       1.0000000
      0.00000       1.1580000       0.0000000       1.0000000
      0.00000       1.1590000       0.0000000       1.0000000
      0.00000       1.1600000       0.0000000       1.0000000
      0.00000       1.1610000       0.0000000       1.0000000
      0.00000       1.1620000       0.0000000       1.0000000
      0.00000       1.1630000       0.0000000       1.0000000
      0.00000       1.1640000       0.0000000       1.0000000
      0.00000       1.1650000       0.0000000       1.0000000
      0.00000       1.1660000       0.0000000       1.0000000
      0.00000       1.1670000       0.0000000       1.0000000
      0.00000       1.1680000       0.0000000       1.0000000
      0.00000       1.1690000       0.0000000       1.0000000
      0.00000       1.1700000       0.0000000       1.0000000
      0.00000       1.1710000       0.0000000       1.0000000
      0.00000       1.1720000       0.0000000       1.0000000
      0.00000       1.1730000       0.0000000       1.0000000
      0.00000       1.1740000       0.0000000       1.0000000
      0.00000       1.1750000       0.0000000       1.0000000
      0.00000       1.1760000       0.0000000       1.0000000
      0.00000       1.1770000       0.0000000       1.0000000
      0.00000       1.1780000       0.0000000       1.0000000
      0.00000       1.1790000       0.0000000       1.0000000
      0.00000       1.1800000       0.0000000       1.0000000
      0.00000       1.1810000       0.0000000       1.0000000
      0.00000       1.1820000       0.0000000       1.0000000
      0.00000       1.1830000       0.0000000       1.0000000
      0.00000       1.1840000       0.0000000       1.0000000
      0.00000       1.1850000       0.0000000       1.0000000
      0.00000       1.1860000       0.0000000       1.0000000
      0.00000       1.1870000       0.0000000       1.0000000
      0.00000       1.1880000       0.0000000       1.0000000
      0.00000       1.1890000       0.0000000       1.0000000
      0.00000       1.1900000       0.0000000       1.0000000
      0.00000       1.1910000       0.0000000       1.0000000
      0.00000       1.1920000       0.0000000       1.0000000
      0.00000       1.1930000       0.0000000       1.0000000
      0.00000       1.1940000       0.0000000       1.0000000
      0.00000       1.1950000       0.0000000       1.0000000
      0.00000       1.1960000       0.0000000       1.0000000
      0.00000       1.1970000       0.0000000       1.0000000
      0.00000       1.1980000       0.0000000       1.0000000
      0.00000       1.1990000       0.0000000       1.0000000
      0.00000       1.2000000       0.0000000       1.0000000
      0.00000       1.2010000       0.0000000       1.0000000
      0.00000       1.2020000       0.0000000       1.0000000
      0.00000       1.2030000       0.0000000       1.0000000
      0.00000       1.2040000       0.0000000       1.0000000
      0.00000       1.2050000       0.0000000       1.0000000
      0.00000       1.2060000       0.0000000       1.0000000
      0.00000       1.2070000       0.0000000       1.0000000
      0.00000       1.2080000       0.0000000       1.0000000
      0.00000       1.2090000       0.0000000       1.0000000
      0.00000       1.2100000       0.0000000       1.0000000
      0.00000       1.2110000       0.0000000       1.0000000
      0.00000       1.2120000       0.0000000       1.0000000
      0.00000       1.2130000       0.0000000       1.0000000
      0.00000       1.2140000       0.0000000       1.0000000
      0.00000       1.2150000       0.0000000       1.0000000
      0.00000       1.2160000       0.0000000       1.0000000
      0.00000       1.2170000       0.0000000       1.0000000
      0.00000       1.2180000       0.0000000       1.0000000
      0.00000       1.2190000       0.0000000       1.0000000
      0.00000       1.2200000       0.0000000       1.0000000
      0.00000       1.2210000       0.0000000       1.0000000
      0.00000       1.2220000       0.0000000       1.0000000
      0.00000       1.2230000       0.0000000       1.0000000
      0.00000       1.2240000       0.0000000       1.0000000
      0.00000       1.2250000       0.0000000       1.0000000
      0.00000       1.2260000       0.0000000       1.0000000
      0.00000       1.2270000       0.0000000       1.0000000
      0.00000       1.2280000       0.0000000       1.0000000
      0.00000       1.2290000       0.0000000       1.0000000
      0.00000       1.2300000       0.0000000       1.0000000
      0.00000       1.2310000       0.0000000       1.0000000
      0.00000       1.2320000       0.0000000       1.0000000
      0.00000       1.2330000       0.0000000       1.0000000
      0.00000       1.2340000       0.0000000       1.0000000
      0.00000       1.2350000       0.0000000       1.0000000
      0.00000       1.2360000       0.0000000       1.0000000
      0.00000       1.2370000       0.0000000       1.0000000
      0.00000       1.2380000       0.0000000       1.0000000
      0.00000       1.2390000       0.0000000       1.0000000
      0.00000       1.2400000       0.0000000       1.0000000
      0.00000       1.2410000       0.0000000       1.0000000
      0.00000       1.2420000       0.0000000       1.0000000
      0.00000       1.2430000       0.0000000       1.0000000
      0.00000       1.2440000       0.0000000       1.0000000
      0.00000       1.2450000       0.0000000       1.0000000
      0.00000       1.2460000       0.0000000       1.0000000
      0.00000       1.2470000       0.0000000       1.0000000
      0.00000       1.2480000       0.0000000       1.0000000
      0.00000       1.2490000       0.0000000       1.0000000
      0.00000       1.2500000       0.0000000       1.0000000
      0.00000       1.2510000       0.0000000       1.0000000
      0.00000       1.2520000       0.0000000       1.0000000
      0.00000       1.2530000       0.0000000       1.0000000
      0.00000       1.2540000       0.0000000       1.0000000
      0.00000       1.2550000       0.0000000       1.0000000
      0.00000       1.2560000       0.0000000       1.0000000
      0.00000       1.2570000       0.0000000       1.0000000
      0.00000       1.2580000       0.0000000       1.0000000
      0.00000       1.2590000       0.0000000       1.0000000
      0.00000       1.2600000       0.0000000       1.0000000
      0.00000       1.2610000       0.0000000       1.0000000
      0.00000       1.2620000       0.0000000       1.0000000
      0.00000       1.2630000       0.0000000       1.0000000
      0.00000       1.2640000       0.0000000       1.0000000
      0.00000       1.2650000       0.0000000       1.0000000
      0.00000       1.2660000       0.0000000       1.0000000
      0.00000       1.2670000       0.0000000       1.0000000
      0.00000       1.2680000       0.0000000       1.0000000
      0.00000       1.2690000       0.0000000       1.0000000
      0.00000       1.2700000       0.0000000       1.0000000
      0.00000       1.2710000       0.0000000       1.0000000
      0.00000       1.2720000       0.0000000       1.0000000
      0.00000       1.2730000       0.0000000       1.0000000
      0.00000       1.2740000       0.0000000       1.0000000
      0.00000       1.2750000       0.0000000       1.0000000
      0.00000       1.2760000       0.0000000       1.0000000
      0.00000       1.2770000       0.0000000       1.0000000
      0.00000       1.2780000       0.0000000       1.0000000
      0.00000       1.2790000       0.0000000       1.0000000
      0.00000       1.2800000       0.0000000       1.0000000
      0.00000       1.2810000       0.0000000       1.0000000
      0.00000       1.2820000       0.0000000       1.0000000
      0.00000       1.2830000       0.0000000       1.0000000
      0.00000       1.2840000       0.0000000       1.0000000
      0.00000       1.2850000       0.0000000       1.0000000
      0.00000       1.2860000       0.0000000       1.0000000
      0.00000       1.2870000       0.0000000       1.0000000
      0.00000       1.2880000       0.0000000       1.0000000
      0.00000       1.2890000       0.0000000       1.0000000
      0.00000       1.2900000       0.0000000       1.0000000
      0.00000       1.2910000       0.0000000       1.0000000
      0.00000       1.2920000       0.0000000       1.0000000
      0.00000       1.2930000       0.0000000       1.0000000
      0.00000       1.2940000       0.0000000       1.0000000
      0.00000       1.2950000       0.0000000       1.0000000
      0.00000       1.2960000       0.0000000       1.0000000
      0.00000       1.2970000       0.0000000       1.0000000
      0.00000       1.2980000       0.0000000       1.0000000
      0.00000       1.2990000       0.0000000       1.0000000
      0.00000       1.3000000       0.0000000       1.0000000
      0.00000       1.3010000       0.0000000       1.0000000
      0.00000       1.3020000       0.0000000       1.0000000
      0.00000       1.3030000       0.0000000       1.0000000
      0.00000       1.3040000       0.0000000       1.0000000
      0.00000       1.3050000       0.0000000       1.0000000
      0.00000       1.3060000       0.0000000       1.0000000
      0.00000       1.3070000       0.0000000       1.0000000
      0.00000       1.3080000       0.0000000       1.0000000
      0.00000       1.3090000       0.0000000       1.0000000
      0.00000       1.3100000       0.0000000       1.0000000
      0.00000       1.3110000       0.0000000       1.0000000
      0.00000       1.3120000       0.0000000       1.0000000
      0.00000       1.3130000       0.0000000       1.0000000
      0.00000       1.3140000       0.0000000       1.0000000
      0.00000       1.3150000       0.0000000       1.0000000
      0.00000       1.3160000       0.0000000       1.0000000
      0.00000       1.3170000       0.0000000       1.0000000
      0.00000       1.3180000       0.0000000       1.0000000
      0.00000       1.3190000       0.0000000       1.0000000
      0.00000       1.3200000       0.0000000       1.0000000
      0.00000       1.3210000       0.0000000       1.0000000
      0.00000       1.3220000       0.0000000       1.0000000
      0.00000       1.3230000       0.0000000       1.0000000
      0.00000       1.3240000       0.0000000       1.0000000
      0.00000       1.3250000       0.0000000       1.0000000
      0.00000       1.3260000       0.0000000       1.0000000
      0.00000       1.3270000       0.0000000       1.0000000
      0.00000       1.3280000       0.0000000       1.0000000
      0.00000       1.3290000       0.0000000       1.0000000
      0.00000       1.3300000       0.0000000       1.0000000
      0.00000       1.3310000       0.0000000       1.0000000
      0.00000       1.3320000       0.0000000       1.0000000
      0.00000       1.3330000       0.0000000       1.0000000
      0.00000       1.3340000       0.0000000       1.0000000
      0.00000       1.3350000       0.0000000       1.0000000
      0.00000       1.3360000       0.0000000       1.0000000
      0.00000       1.3370000       0.0000000       1.0000000
      0.00000       1.3380000       0.0000000       1.0000000
      0.00000       1.3390000       0.0000000       1.0000000
      0.00000       1.3400000       0.0000000       1.0000000
      0.00000       1.3410000       0.0000000       1.0000000
      0.00000       1.3420000       0.0000000       1.0000000
      0.00000       1.3430000       0.0000000       1.0000000
      0.00000       1.3440000       0.0000000       1.0000000
      0.00000       1.3450000       0.0000000       1.0000000
      0.00000       1.3460000       0.0000000       1.0000000
      0.00000       1.3470000       0.0000000       1.0000000
      0.00000       1.3480000       0.0000000       1.0000000
      0.00000       1.3490000       0.0000000       1.0000000
      0.00000       1.3500000       0.0000000       1.0000000
      0.00000       1.3510000       0.0000000       1.0000000
      0.00000       1.3520000       0.0000000       1.0000000
      0.00000       1.3530000       0.0000000       1.0000000
      0.00000       1.3540000       0.0000000       1.0000000
      0.00000       1.3550000       0.0000000       1.0000000
      0.00000       1.3560000       0.0000000       1.0000000
      0.00000       1.3570000       0.0000000       1.0000000
      0.00000       1.3580000       0.0000000       1.0000000
      0.00000       1.3590000       0.0000000       1.0000000
      0.00000       1.3600000       0.0000000       1.0000000
      0.00000       1.3610000       0.0000000       1.0000000
      0.00000       1.3620000       0.0000000       1.0000000
      0.00000       1.3630000       0.0000000       1.0000000
      0.00000       1.3640000       0.0000000       1.0000000
      0.00000       1.3650000       0.0000000       1.0000000
      0.00000       1.3660000       0.0000000       1.0000000
      0.00000       1.3670000       0.0000000       1.0000000
      0.00000       1.3680000       0.0000000       1.0000000
      0.00000       1.3690000       0.0000000       1.0000000
      0.00000       1.3700000       0.0000000       1.0000000
      0.00000       1.3710000       0.0000000       1.0000000
      0.00000       1.3720000       0.0000000       1.0000000
      0.00000       1.3730000       0.0000000       1.0000000
      0.00000       1.3740000       0.0000000       1.0000000
      0.00000       1.3750000       0.0000000       1.0000000
      0.00000       1.3760000       0.0000000       1.0000000
      0.00000       1.3770000       0.0000000       1.0000000
      0.00000       1.3780000       0.0000000       1.0000000
      0.00000       1.3790000       0.0000000       1.0000000
      0.00000       1.3800000       0.0000000       1.0000000
      0.00000       1.3810000       0.0000000       1.0000000
      0.00000       1.3820000       0.0000000       1.0000000
      0.00000       1.3830000       0.0000000       1.0000000
      0.00000       1.3840000       0.0000000       1.0000000
      0.00000       1.3850000       0.0000000       1.0000000
      0.00000       1.3860000       0.0000000       1.0000000
      0.00000       1.3870000       0.0000000       1.0000000
      0.00000       1.3880000       0.0000000       1.0000000
      0.00000       1.3890000       0.0000000       1.0000000
      0.00000       1.3900000       0.0000000       1.0000000
      0.00000       1.3910000       0.0000000       1.0000000
      0.00000       1.3920000       0.0000000       1.0000000
      0.00000       1.3930000       0.0000000       1.0000000
      0.00000       1.3940000   8.5404416e-05      0.99991460
      0.00000       1.3950000   8.5403972e-05      0.99991460
      0.00000       1.3960000   8.5403477e-05      0.99991460
      0.00000       1.3970000   8.5402926e-05      0.99991460
      0.00000       1.3980000   8.5402313e-05      0.99991460
      0.00000       1.3990000   8.5401632e-05      0.99991460
      0.00000       1.4000000   8.5400874e-05      0.99991460
      0.00000       1.4010000   8.5400030e-05      0.99991460
      0.00000       1.4020000   8.5399093e-05      0.99991460
      0.00000       1.4030000   8.5398050e-05      0.99991460
      0.00000       1.4040000   0.00017079378      0.99982921
      0.00000       1.4050000   0.00017079120      0.99982921
      0.00000       1.4060000   0.00017078833      0.99982921
      0.00000       1.4070000   0.00017078514      0.99982921
      0.00000       1.4080000   0.00017078160      0.99982922
      0.00000       1.4090000   0.00025616649      0.99974383
      0.00000       1.4100000   0.00025615992      0.99974384
      0.00000       1.4110000   0.00025615262      0.99974385
      0.00000       1.4120000   0.00034152601      0.99965847
      0.00000       1.4130000   0.00034151399      0.99965849
      0.00000       1.4140000   0.00042687580      0.99957312
      0.00000       1.4150000   0.00042685725      0.99957314
      0.00000       1.4160000   0.00051220397      0.99948780
      0.00000       1.4170000   0.00051217650      0.99948782
      0.00000       1.4180000   0.00059750366      0.99940250
      0.00000       1.4190000   0.00068281614      0.99931718
      0.00000       1.4200000   0.00076811171      0.99923189
      0.00000       1.4210000   0.00085338780      0.99914661
      0.00000       1.4220000   0.00093864151      0.99906136
      0.00000       1.4230000    0.0010238695      0.99897613
      0.00000       1.4240000    0.0011090681      0.99889093
      0.00000       1.4250000    0.0012795352      0.99872046
      0.00000       1.4260000    0.0013646496      0.99863535
      0.00000       1.4270000    0.0015349962      0.99846500
      0.00000       1.4280000    0.0017052621      0.99829474
      0.00000       1.4290000    0.0018754352      0.99812456
      0.00000       1.4300000    0.0021307313      0.99786927
      0.00000       1.4310000    0.0023006565      0.99769934
      0.00000       1.4320000    0.0025556277      0.99744437
      0.00000       1.4330000    0.0028955519      0.99710445
      0.00000       1.4340000    0.0031500448      0.99684996
      0.00000       1.4350000    0.0035744718      0.99642553
      0.00000       1.4360000    0.0039133743      0.99608663
      0.00000       1.4370000    0.0043368688      0.99566313
      0.00000       1.4380000    0.0048447697      0.99515523
      0.00000       1.4390000    0.0053519055      0.99464809
      0.00000       1.4400000    0.0059430657      0.99405693
      0.00000       1.4410000    0.0066179585      0.99338204
      0.00000       1.4420000    0.0072914552      0.99270854
      0.00000       1.4430000    0.0081327877      0.99186721
      0.00000       1.4440000    0.0089719952      0.99102800
      0.00000       1.4450000    0.0099778893      0.99002211
      0.00000       1.4460000     0.011065108      0.98893489
      0.00000       1.4470000     0.012232898      0.98776710
      0.00000       1.4480000     0.013564639      0.98643536
      0.00000       1.4490000     0.014974818      0.98502518
      0.00000       1.4500000     0.016630205      0.98336979
      0.00000       1.4510000     0.018360817      0.98163918
      0.00000       1.4520000     0.020332297      0.97966770
      0.00000       1.4530000     0.022458099      0.97754190
      0.00000       1.4540000     0.024901832      0.97509817
      0.00000       1.4550000     0.027492615      0.97250738
      0.00000       1.4560000     0.030392007      0.96960799
      0.00000       1.4570000     0.033593710      0.96640629
      0.00000       1.4580000     0.037090430      0.96290957
      0.00000       1.4590000     0.040955661      0.95904434
      0.00000       1.4600000     0.045178644      0.95482136
      0.00000       1.4610000     0.049828155      0.95017184
      0.00000       1.4620000     0.054888713      0.94511129
      0.00000       1.4630000     0.060503078      0.93949692
      0.00000       1.4640000     0.066568210      0.93343179
      0.00000       1.4650000     0.073217513      0.92678249
      0.00000       1.4660000     0.080497619      0.91950238
      0.00000       1.4670000     0.088370386      0.91162961
      0.00000       1.4680000     0.096947041      0.90305296
      0.00000       1.4690000      0.10632723      0.89367277
      0.00000       1.4700000      0.11637099      0.88362901
      0.00000       1.4710000      0.12730736      0.87269264
      0.00000       1.4720000      0.13904791      0.86095209
      0.00000       1.4730000      0.15171239      0.84828761
      0.00000       1.4740000      0.16525481      0.83474519
      0.00000       1.4750000      0.17982383      0.82017617
      0.00000       1.4760000      0.19526135      0.80473865
      0.00000       1.4770000      0.21173387      0.78826613
      0.00000       1.4780000      0.22916964      0.77083036
      0.00000       1.4790000      0.24760084      0.75239916
      0.00000       1.4800000      0.26695965      0.73304035
      0.00000       1.4810000      0.28726903      0.71273097
      0.00000       1.4820000      0.30838946      0.69161054
      0.00000       1.4830000      0.33038142      0.66961858
      0.00000       1.4840000      0.35313807      0.64686193
      0.00000       1.4850000      0.37656655      0.62343345
      0.00000       1.4860000      0.40053066      0.59946934
      0.00000       1.4870000      0.42500299      0.57499701
      0.00000       1.4880000      0.44980415      0.55019585
      0.00000       1.4890000      0.47485482      0.52514518
      0.00000       1.4900000      0.49998062      0.50001938
      0.00000       1.4910000      0.52513438      0.47486562
      0.00000       1.4920000      0.55013233      0.44986767
      0.00000       1.4930000      0.57486755      0.42513245
      0.00000       1.4940000      0.59922120      0.40077880
      0.00000       1.4950000      0.62306431      0.37693569
      0.00000       1.4960000      0.64629051      0.35370949
      0.00000       1.4970000      0.66886607      0.33113393
      0.00000       1.4980000      0.69067382      0.30932618
      0.00000       1.4990000      0.71163605      0.28836395
      0.00000       1.5000000      0.73172526      0.26827474
      0.00000       1.5010000      0.75088235      0.24911765
      0.00000       1.5020000      0.76910402      0.23089598
      0.00000       1.5030000      0.78634848      0.21365152
      0.00000       1.5040000      0.80263047      0.19736953
      0.00000       1.5050000      0.81795169      0.18204831
      0.00000       1.5060000      0.83231553      0.16768447
      0.00000       1.5070000      0.84576230      0.15423770
      0.00000       1.5080000      0.85830211      0.14169789
      0.00000       1.5090000      0.86996542      0.13003458
      0.00000       1.5100000      0.88080066      0.11919934
      0.00000       1.5110000      0.89084242      0.10915758
      0.00000       1.5120000      0.90012732     0.099872685
      0.00000       1.5130000      0.90869481     0.091305185
      0.00000       1.5140000      0.91658674     0.083413260
      0.00000       1.5150000      0.92385905     0.076140953
      0.00000       1.5160000      0.93053300     0.069467004
      0.00000       1.5170000      0.93666161     0.063338387
      0.00000       1.5180000      0.94228028     0.057719719
      0.00000       1.5190000      0.94742416     0.052575842
      0.00000       1.5200000      0.95212927     0.047870729
      0.00000       1.5210000      0.95643226     0.043567740
      0.00000       1.5220000      0.96035920     0.039640802
      0.00000       1.5230000      0.96394420     0.036055801
      0.00000       1.5240000      0.96721598     0.032784024
      0.00000       1.5250000      0.97019507     0.029804935
      0.00000       1.5260000      0.97291091     0.027089094
      0.00000       1.5270000      0.97538456     0.024615439
      0.00000       1.5280000      0.97763628     0.022363723
      0.00000       1.5290000      0.97968391     0.020316091
      0.00000       1.5300000      0.98154788     0.018452125
      0.00000       1.5310000      0.98324150     0.016758499
      0.00000       1.5320000      0.98478124     0.015218758
      0.00000       1.5330000      0.98618078     0.013819216
      0.00000       1.5340000      0.98745269     0.012547309
      0.00000       1.5350000      0.98860877     0.011391226
      0.00000       1.5360000      0.98965794     0.010342060
      0.00000       1.5370000      0.99061106    0.0093889351
      0.00000       1.5380000      0.99147703    0.0085229663
      0.00000       1.5390000      0.99226273    0.0077372675
      0.00000       1.5400000      0.99297622    0.0070237770
      0.00000       1.5410000      0.99362395    0.0063760456
      0.00000       1.5420000      0.99421221    0.0057877909
      0.00000       1.5430000      0.99474596    0.0052540360
      0.00000       1.5440000      0.99523063    0.0047693653
      0.00000       1.5450000      0.99567018    0.0043298209
      0.00000       1.5460000      0.99606962    0.0039303779
      0.00000       1.5470000      0.99643179    0.0035682084
      0.00000       1.5480000      0.99676067    0.0032393296
      0.00000       1.5490000      0.99705905    0.0029409542
      0.00000       1.5500000      0.99733016    0.0026698412
      0.00000       1.5510000      0.99757593    0.0024240732
      0.00000       1.5520000      0.99779909    0.0022009106
      0.00000       1.5530000      0.99800170    0.0019982972
      0.00000       1.5540000      0.99818566    0.0018143409
      0.00000       1.5550000      0.99835257    0.0016474285
      0.00000       1.5560000      0.99850407    0.0014959261
      0.00000       1.5570000      0.99864154    0.0013584554
      0.00000       1.5580000      0.99876648    0.0012335214
      0.00000       1.5590000      0.99887984    0.0011201576
      0.00000       1.5600000      0.99898270    0.0010173016
      0.00000       1.5610000      0.99907616   0.00092384200
      0.00000       1.5620000      0.99916102   0.00083898023
      0.00000       1.5630000      0.99923804   0.00076196322
      0.00000       1.5640000      0.99930801   0.00069199277
      0.00000       1.5650000      0.99937150   0.00062850091
      0.00000       1.5660000      0.99942921   0.00057078614
      0.00000       1.5670000      0.99948160   0.00051840000
      0.00000       1.5680000      0.99952918   0.00047081615
      0.00000       1.5690000      0.99957240   0.00042759582
      0.00000       1.5700000      0.99961164   0.00038836261
      0.00000       1.5710000      0.99964730   0.00035269730
      0.00000       1.5720000      0.99967969   0.00032031457
      0.00000       1.5730000      0.99970910   0.00029090220
      0.00000       1.5740000      0.99973584   0.00026416206
      0.00000       1.5750000      0.99976013   0.00023986973
      0.00000       1.5760000      0.99978220   0.00021780050
      0.00000       1.5770000      0.99980225   0.00019775242
      0.00000       1.5780000      0.99982049   0.00017951219
      0.00000       1.5790000      0.99983704   0.00016296133
      0.00000       1.5800000      0.99985210   0.00014790258
      0.00000       1.5810000      0.99986577   0.00013422659
      0.00000       1.5820000      0.99987821   0.00012179426
      0.00000       1.5830000      0.99988951   0.00011049407
      0.00000       1.5840000      0.99989977   0.00010022625
      0.00000       1.5850000      0.99990911   9.0886226e-05
      0.00000       1.5860000      0.99991761   8.2393052e-05
      0.00000       1.5870000      0.99992533   7.4673174e-05
      0.00000       1.5880000      0.99993234   6.7656796e-05
      0.00000       1.5890000      0.99993872   6.1282202e-05
      0.00000       1.5900000      0.99994452   5.5478129e-05
      0.00000       1.5910000      0.99994980   5.0199833e-05
      0.00000       1.5920000      0.99995459   4.5407333e-05
      0.00000       1.5930000      0.99995896   4.1044919e-05
      0.00000       1.5940000      0.99996292   3.7081195e-05
      0.00000       1.5950000      0.99996653   3.3472397e-05
      0.00000       1.5960000      0.99996981   3.0193277e-05
      0.00000       1.5970000      0.99997279   2.7210118e-05
      0.00000       1.5980000      0.99997550   2.4498844e-05
      0.00000       1.5990000      0.99997797   2.2033394e-05
      0.00000       1.6000000      0.99998021   1.9791850e-05
      0.00000       1.6010000      0.99998225   1.7752487e-05
      0.00000       1.6020000      0.99998410   1.5901700e-05
      0.00000       1.6030000      0.99998578   1.4217515e-05
      0.00000       1.6040000      0.99998731   1.2687835e-05
      0.00000       1.6050000      0.99998870   1.1298148e-05
      0.00000       1.6060000      0.99998996   1.0036069e-05
      0.00000       1.6070000      0.99999111   8.8909773e-06
      0.00000       1.6080000      0.99999215   7.8518645e-06
      0.00000       1.6090000      0.99999309   6.9101835e-06
      0.00000       1.6100000      0.99999394   6.0576318e-06
      0.00000       1.6110000      0.99999471   5.2859257e-06
      0.00000       1.6120000      0.99999541   4.5881903e-06
      0.00000       1.6130000      0.99999604   3.9586575e-06
      0.00000       1.6140000      0.99999661   3.3923442e-06
      0.00000       1.6150000      0.99999712   2.8827142e-06
      0.00000       1.6160000      0.99999757   2.4265652e-06
      0.00000       1.6170000      0.99999798   2.0192308e-06
      0.00000       1.6180000      0.99999834   1.6576856e-06
      0.00000       1.6190000      0.99999866   1.3379816e-06
      0.00000       1.6200000      0.99999894   1.0578517e-06
      0.00000       1.6210000      0.99999919   8.1448428e-07
      0.00000       1.6220000      0.99999939   6.0621380e-07
      0.00000       1.6230000      0.99999957   4.3050118e-07
      0.00000       1.6240000      0.99999971   2.8646228e-07
      0.00000       1.6250000      0.99999983   1.7242497e-07
      0.00000       1.6260000      0.99999991   8.7364383e-08
      0.00000       1.6270000      0.99999997   3.0461532e-08
      0.00000       1.6280000       1.0000000   1.5453027e-09
      0.00000       1.6290000       1.0000000       0.0000000
      0.00000       1.6300000      0.99999997   2.5700906e-08
      0.00000       1.6310000      0.99999992   7.9138823e-08
      0.00000       1.6320000      0.99999984   1.6036493e-07
      0.00000       1.6330000      0.99999973   2.7030299e-07
      0.00000       1.6340000      0.99999959   4.0962564e-07
      0.00000       1.6350000      0.99999942   5.7950535e-07
      0.00000       1.6360000      0.99999922   7.8131706e-07
      0.00000       1.6370000      0.99999898   1.0167764e-06
      0.00000       1.6380000      0.99999871   1.2877703e-06
      0.00000       1.6390000      0.99999840   1.5963995e-06
      0.00000       1.6400000      0.99999805   1.9453047e-06
      0.00000       1.6410000      0.99999766   2.3372492e-06
      0.00000       1.6420000      0.99999722   2.7755015e-06
      0.00000       1.6430000      0.99999674   3.2635924e-06
      0.00000       1.6440000      0.99999619   3.8055173e-06
      0.00000       1.6450000      0.99999559   4.4056679e-06
      0.00000       1.6460000      0.99999493   5.0689671e-06
      0.00000       1.6470000      0.99999420   5.8007492e-06
      0.00000       1.6480000      0.99999339   6.6070264e-06
      0.00000       1.6490000      0.99999251   7.4943087e-06
      0.00000       1.6500000      0.99999153   8.4698065e-06
      0.00000       1.6510000      0.99999046   9.5414254e-06
      0.00000       1.6520000      0.99998928   1.0717807e-05
      0.00000       1.6530000      0.99998799   1.2008501e-05
      0.00000       1.6540000      0.99998658   1.3423911e-05
      0.00000       1.6550000      0.99998502   1.4975466e-05
      0.00000       1.6560000      0.99998332   1.6675658e-05
      0.00000       1.6570000      0.99998146   1.8538163e-05
      0.00000       1.6580000      0.99997942   2.0577967e-05
      0.00000       1.6590000      0.99997719   2.2811447e-05
      0.00000       1.6600000      0.99997474   2.5256511e-05
      0.00000       1.6610000      0.99997207   2.7932747e-05
      0.00000       1.6620000      0.99996914   3.0861558e-05
      0.00000       1.6630000      0.99996593   3.4066357e-05
      0.00000       1.6640000      0.99996243   3.7572716e-05
      0.00000       1.6650000      0.99995859   4.1408588e-05
      0.00000       1.6660000      0.99995440   4.5604517e-05
      0.00000       1.6670000      0.99994981   5.0193868e-05
      0.00000       1.6680000      0.99994479   5.5213089e-05
      0.00000       1.6690000      0.99993930   6.0702003e-05
      0.00000       1.6700000      0.99993330   6.6704092e-05
      0.00000       1.6710000      0.99992673   7.3266859e-05
      0.00000       1.6720000      0.99991956   8.0442171e-05
      0.00000       1.6730000      0.99991171   8.8286671e-05
      0.00000       1.6740000      0.99990314   9.6862203e-05
      0.00000       1.6750000      0.99989376   0.00010623629
      0.00000       1.6760000      0.99988352   0.00011648267
      0.00000       1.6770000      0.99987232   0.00012768180
      0.00000       1.6780000      0.99986008   0.00013992156
      0.00000       1.6790000      0.99984670   0.00015329782
      0.00000       1.6800000      0.99983208   0.00016791527
      0.00000       1.6810000      0.99981611   0.00018388814
      0.00000       1.6820000      0.99979866   0.00020134108
      0.00000       1.6830000      0.99977959   0.00022041015
      0.00000       1.6840000      0.99975876   0.00024124379
      0.00000       1.6850000      0.99973600   0.00026400398
      0.00000       1.6860000      0.99971113   0.00028886741
      0.00000       1.6870000      0.99968397   0.00031602690
      0.00000       1.6880000      0.99965431   0.00034569273
      0.00000       1.6890000      0.99962191   0.00037809432
      0.00000       1.6900000      0.99958652   0.00041348188
      0.00000       1.6910000      0.99954787   0.00045212830
      0.00000       1.6920000      0.99950567   0.00049433120
      0.00000       1.6930000      0.99945958   0.00054041508
      0.00000       1.6940000      0.99940927   0.00059073382
      0.00000       1.6950000      0.99935433   0.00064567322
      0.00000       1.6960000      0.99929435   0.00070565387
      0.00000       1.6970000      0.99922887   0.00077113426
      0.00000       1.6980000      0.99915739   0.00084261415
      0.00000       1.6990000      0.99907936   0.00092063819
      0.00000       1.7000000      0.99899420    0.0010057999
      0.00000       1.7010000      0.99890125    0.0010987462
      0.00000       1.7020000      0.99879982    0.0012001816
      0.00000       1.7030000      0.99868913    0.0013108739
      0.00000       1.7040000      0.99856834    0.0014316592
      0.00000       1.7050000      0.99843655    0.0015634483
      0.00000       1.7060000      0.99829277    0.0017072329
      0.00000       1.7070000      0.99813591    0.0018640930
      0.00000       1.7080000      0.99796480    0.0020352041
      0.00000       1.7090000      0.99777815    0.0022218458
      0.00000       1.7100000      0.99757459    0.0024254107
      0.00000       1.7110000      0.99735259    0.0026474141
      0.00000       1.7120000      0.99711050    0.0028895043
      0.00000       1.7130000      0.99684653    0.0031534743
      0.00000       1.7140000      0.99655873    0.0034412736
      0.00000       1.7150000      0.99624498    0.0037550218
      0.00000       1.7160000      0.99590298    0.0040970224
      0.00000       1.7170000      0.99553022    0.0044697785
      0.00000       1.7180000      0.99512399    0.0048760090
      0.00000       1.7190000      0.99468133    0.0053186664
      0.00000       1.7200000      0.99419904    0.0058009557
      0.00000       1.7210000      0.99367365    0.0063263548
      0.00000       1.7220000      0.99310136    0.0068986361
      0.00000       1.7230000      0.99247811    0.0075218898
      0.00000       1.7240000      0.99179945    0.0082005487
      0.00000       1.7250000      0.99106059    0.0089394142
      0.00000       1.7260000      0.99025632    0.0097436844
      0.00000       1.7270000      0.98938102     0.010618983
      0.00000       1.7280000      0.98842861     0.011571392
      0.00000       1.7290000      0.98739252     0.012607482
      0.00000       1.7300000      0.98626565     0.013734348
      0.00000       1.7310000      0.98504036     0.014959643
      0.00000       1.7320000      0.98370838     0.016291617
      0.00000       1.7330000      0.98226084     0.017739155
      0.00000       1.7340000      0.98068819     0.019311813
      0.00000       1.7350000      0.97898014     0.021019858
      0.00000       1.7360000      0.97712569     0.022874309
      0.00000       1.7370000      0.97511303     0.024886975
      0.00000       1.7380000      0.97292951     0.027070490
      0.00000       1.7390000      0.97056165     0.029438354
      0.00000       1.7400000      0.96799504     0.032004960
      0.00000       1.7410000      0.96521437     0.034785629
      0.00000       1.7420000      0.96220337     0.037796631
      0.00000       1.7430000      0.95894479     0.041055206
      0.00000       1.7440000      0.95542043     0.044579570
      0.00000       1.7450000      0.95161108     0.048388919
      0.00000       1.7460000      0.94749658     0.052503416
      0.00000       1.7470000      0.94305583     0.056944166
      0.00000       1.7480000      0.93826683     0.061733173
      0.00000       1.7490000      0.93310672     0.066893279
      0.00000       1.7500000      0.92755192     0.072448081
      0.00000       1.7510000      0.92157818     0.078421821
      0.00000       1.7520000      0.91516075     0.084839253
      0.00000       1.7530000      0.90827453     0.091725475
      0.00000       1.7540000      0.90089428     0.099105724
      0.00000       1.7550000      0.89299485      0.10700515
      0.00000       1.7560000      0.88455147      0.11544853
      0.00000       1.7570000      0.87554004      0.12445996
      0.00000       1.7580000      0.86593748      0.13406252
      0.00000       1.7590000      0.85572215      0.14427785
      0.00000       1.7600000      0.84487424      0.15512576
      0.00000       1.7610000      0.83337628      0.16662372
      0.00000       1.7620000      0.82121356      0.17878644
      0.00000       1.7630000      0.80837467      0.19162533
      0.00000       1.7640000      0.79485201      0.20514799
      0.00000       1.7650000      0.78064231      0.21935769
      0.00000       1.7660000      0.76574710      0.23425290
      0.00000       1.7670000      0.75017318      0.24982682
      0.00000       1.7680000      0.73393303      0.26606697
      0.00000       1.7690000      0.71704513      0.28295487
      0.00000       1.7700000      0.69953425      0.30046575
      0.00000       1.7710000      0.68143157      0.31856843
      0.00000       1.7720000      0.66277473      0.33722527
      0.00000       1.7730000      0.64360769      0.35639231
      0.00000       1.7740000      0.62398053      0.37601947
      0.00000       1.7750000      0.60394904      0.39605096
      0.00000       1.7760000      0.58357420      0.41642580
      0.00000       1.7770000      0.56292147      0.43707853
      0.00000       1.7780000      0.54206005      0.45793995
      0.00000       1.7790000      0.52106195      0.47893805
      0.00000       1.7800000      0.50000101      0.49999899
      0.00000       1.7810000      0.47895189      0.52104811
      0.00000       1.7820000      0.45798899      0.54201101
      0.00000       1.7830000      0.43718541      0.56281459
      0.00000       1.7840000      0.41661195      0.58338805
      0.00000       1.7850000      0.39633617      0.60366383
      0.00000       1.7860000      0.37642154      0.62357846
      0.00000       1.7870000      0.35692672      0.64307328
      0.00000       1.7880000      0.33790497      0.66209503
      0.00000       1.7890000      0.31940366      0.68059634
      0.00000       1.7900000      0.30146400      0.69853600
      0.00000       1.7910000      0.28412084      0.71587916
      0.00000       1.7920000      0.26740267      0.73259733
      0.00000       1.7930000      0.25133166      0.74866834
      0.00000       1.7940000      0.23592390      0.76407610
      0.00000       1.7950000      0.22118968      0.77881032
      0.00000       1.7960000      0.20713386      0.79286614
      0.00000       1.7970000      0.19375629      0.80624371
      0.00000       1.7980000      0.18105231      0.81894769
      0.00000       1.7990000      0.16901320      0.83098680
      0.00000       1.8000000      0.15762670      0.84237330
      0.00000       1.8010000      0.14687754      0.85312246
      0.00000       1.8020000      0.13674787      0.86325213
      0.00000       1.8030000      0.12721777      0.87278223
      0.00000       1.8040000      0.11826566      0.88173434
      0.00000       1.8050000      0.10986871      0.89013129
      0.00000       1.8060000      0.10200319      0.89799681
      0.00000       1.8070000     0.094644841      0.90535516
      0.00000       1.8080000     0.087769109      0.91223089
      0.00000       1.8090000     0.081351431      0.91864857
      0.00000       1.8100000     0.075367441      0.92463256
      0.00000       1.8110000     0.069793149      0.93020685
      0.00000       1.8120000     0.064605099      0.93539490
      0.00000       1.8130000     0.059780485      0.94021951
      0.00000       1.8140000     0.055297252      0.94470275
      0.00000       1.8150000     0.051134166      0.94886583
      0.00000       1.8160000     0.047270869      0.95272913
      0.00000       1.8170000     0.043687914      0.95631209
      0.00000       1.8180000     0.040366788      0.95963321
      0.00000       1.8190000     0.037289917      0.96271008
      0.00000       1.8200000     0.034440664      0.96555934
      0.00000       1.8210000     0.031803321      0.96819668
      0.00000       1.8220000     0.029363083      0.97063692
      0.00000       1.8230000     0.027106032      0.97289397
      0.00000       1.8240000     0.025019104      0.97498090
      0.00000       1.8250000     0.023090054      0.97690995
      0.00000       1.8260000     0.021307429      0.97869257
      0.00000       1.8270000     0.019660525      0.98033947
      0.00000       1.8280000     0.018139356      0.98186064
      0.00000       1.8290000     0.016734612      0.98326539
      0.00000       1.8300000     0.015437625      0.98456237
      0.00000       1.8310000     0.014240332      0.98575967
      0.00000       1.8320000     0.013135238      0.98686476
      0.00000       1.8330000     0.012115384      0.98788462
      0.00000       1.8340000     0.011174311      0.98882569
      0.00000       1.8350000     0.010306029      0.98969397
      0.00000       1.8360000    0.0095049859      0.99049501
      0.00000       1.8370000    0.0087660398      0.99123396
      0.00000       1.8380000    0.0080844292      0.99191557
      0.00000       1.8390000    0.0074557477      0.99254425
      0.00000       1.8400000    0.0068759193      0.99312408
      0.00000       1.8410000    0.0063411748      0.99365883
      0.00000       1.8420000    0.0058480302      0.99415197
      0.00000       1.8430000    0.0053932658      0.99460673
      0.00000       1.8440000    0.0049739071      0.99502609
      0.00000       1.8450000    0.0045872071      0.99541279
      0.00000       1.8460000    0.0042306292      0.99576937
      0.00000       1.8470000    0.0039018317      0.99609817
      0.00000       1.8480000    0.0035986531      0.99640135
      0.00000       1.8490000    0.0033190987      0.99668090
      0.00000       1.8500000    0.0030613282      0.99693867
      0.00000       1.8510000    0.0028236435      0.99717636
      0.00000       1.8520000    0.0026044784      0.99739552
      0.00000       1.8530000    0.0024023883      0.99759761
      0.00000       1.8540000    0.0022160408      0.99778396
      0.00000       1.8550000    0.0020442072      0.99795579
      0.00000       1.8560000    0.0018857546      0.99811425
      0.00000       1.8570000    0.0017396383      0.99826036
      0.00000       1.8580000    0.0016048953      0.99839510
      0.00000       1.8590000    0.0014806374      0.99851936
      0.00000       1.8600000    0.0013660462      0.99863395
      0.00000       1.8610000    0.0012603670      0.99873963
      0.00000       1.8620000    0.0011629040      0.99883710
      0.00000       1.8630000    0.0010730160      0.99892698
      0.00000       1.8640000   0.00099011191      0.99900989
      0.00000       1.8650000   0.00091364674      0.99908635
      0.00000       1.8660000   0.00084311822      0.99915688
      0.00000       1.8670000   0.00077806337      0.99922194
      0.00000       1.8680000   0.00071805541      0.99928194
      0.00000       1.8690000   0.00066270095      0.99933730
      0.00000       1.8700000   0.00061163737      0.99938836
      0.00000       1.8710000   0.00056453040      0.99943547
      0.00000       1.8720000   0.00052107194      0.99947893
      0.00000       1.8730000   0.00048097794      0.99951902
      0.00000       1.8740000   0.00044398659      0.99955601
      0.00000       1.8750000   0.00040985653      0.99959014
      0.00000       1.8760000   0.00037836525      0.99962163
      0.00000       1.8770000   0.00034930764      0.99965069
      0.00000       1.8780000   0.00032249459      0.99967751
      0.00000       1.8790000   0.00029775177      0.99970225
      0.00000       1.8800000   0.00027491846      0.99972508
      0.00000       1.8810000   0.00025384646      0.99974615
      0.00000       1.8820000   0.00023439915      0.99976560
      0.00000       1.8830000   0.00021645055      0.99978355
      0.00000       1.8840000   0.00019988450      0.99980012
      0.00000       1.8850000   0.00018459390      0.99981541
      0.00000       1.8860000   0.00017047998      0.99982952
      0.00000       1.8870000   0.00015745168      0.99984255
      0.00000       1.8880000   0.00014542499      0.99985458
      0.00000       1.8890000   0.00013432247      0.99986568
      0.00000       1.8900000   0.00012407269      0.99987593
      0.00000       1.8910000   0.00011460976      0.99988539
      0.00000       1.8920000   0.00010587292      0.99989413
      0.00000       1.8930000   9.7806142e-05      0.99990219
      0.00000       1.8940000   9.0357719e-05      0.99990964
      0.00000       1.8950000   8.3479973e-05      0.99991652
      0.00000       1.8960000   7.7128920e-05      0.99992287
      0.00000       1.8970000   7.1263987e-05      0.99992874
      0.00000       1.8980000   6.5847742e-05      0.99993415
      0.00000       1.8990000   6.0845654e-05      0.99993915
      0.00000       1.9000000   5.6225864e-05      0.99994377
      0.00000       1.9010000   5.1958979e-05      0.99994804
      0.00000       1.9020000   4.8017877e-05      0.99995198
      0.00000       1.9030000   4.4377536e-05      0.99995562
      0.00000       1.9040000   4.1014864e-05      0.99995899
      0.00000       1.9050000   3.7908555e-05      0.99996209
      0.00000       1.9060000   3.5038946e-05      0.99996496
      0.00000       1.9070000   3.2387892e-05      0.99996761
      0.00000       1.9080000   2.9938645e-05      0.99997006
      0.00000       1.9090000   2.7675751e-05      0.99997232
      0.00000       1.9100000   2.5584946e-05      0.99997442
      0.00000       1.9110000   2.3653062e-05      0.99997635
      0.00000       1.9120000   2.1867947e-05      0.99997813
      0.00000       1.9130000   2.0218383e-05      0.99997978
      0.00000       1.9140000   1.8694014e-05      0.99998131
      0.00000       1.9150000   1.7285281e-05      0.99998271
      0.00000       1.9160000   1.5983359e-05      0.99998402
      0.00000       1.9170000   1.4780099e-05      0.99998522
      0.00000       1.9180000   1.3667980e-05      0.99998633
      0.00000       1.9190000   1.2640056e-05      0.99998736
      0.00000       1.9200000   1.1689914e-05      0.99998831
      0.00000       1.9210000   1.0811633e-05      0.99998919
      0.00000       1.9220000   9.9997435e-06      0.99999000
      0.00000       1.9230000   9.2491974e-06      0.99999075
      0.00000       1.9240000   8.5553313e-06      0.99999144
      0.00000       1.9250000   7.9138386e-06      0.99999209
      0.00000       1.9260000   7.3207420e-06      0.99999268
      0.00000       1.9270000   6.7723682e-06      0.99999323
      0.00000       1.9280000   6.2653241e-06      0.99999373
      0.00000       1.9290000   5.7964759e-06      0.99999420
      0.00000       1.9300000   5.3629287e-06      0.99999464
      0.00000       1.9310000   4.9620082e-06      0.99999504
      0.00000       1.9320000   4.5912442e-06      0.99999541
      0.00000       1.9330000   4.2483545e-06      0.99999575
      0.00000       1.9340000   3.9312307e-06      0.99999607
      0.00000       1.9350000   3.6379248e-06      0.99999636
      0.00000       1.9360000   3.3666370e-06      0.99999663
      0.00000       1.9370000   3.1157043e-06      0.99999688
      0.00000       1.9380000   2.8835902e-06      0.99999712
      0.00000       1.9390000   2.6688747e-06      0.99999733
      0.00000       1.9400000   2.4702456e-06      0.99999753
      0.00000       1.9410000   2.2864905e-06      0.99999771
      0.00000       1.9420000   2.1164887e-06      0.99999788
      0.00000       1.9430000   1.9592045e-06      0.99999804
      0.00000       1.9440000   1.8136807e-06      0.99999819
      0.00000       1.9450000   1.6790326e-06      0.99999832
      0.00000       1.9460000   1.5544424e-06      0.99999845
      0.00000       1.9470000   1.4391543e-06      0.99999856
      0.00000       1.9480000   1.3324694e-06      0.99999867
      0.00000       1.9490000   1.2337419e-06      0.99999877
      0.00000       1.9500000   1.1423745e-06      0.99999886
      0.00000       1.9510000   1.0578153e-06      0.99999894
      0.00000       1.9520000   9.7955376e-07      0.99999902
      0.00000       1.9530000   9.0711806e-07      0.99999909
      0.00000       1.9540000   8.4007184e-07      0.99999916
      0.00000       1.9550000   7.7801166e-07      0.99999922
      0.00000       1.9560000   7.2056443e-07      0.99999928
      0.00000       1.9570000   6.6738519e-07      0.99999933
      0.00000       1.9580000   6.1815489e-07      0.99999938
      0.00000       1.9590000   5.7257852e-07      0.99999943
      0.00000       1.9600000   5.3038321e-07      0.99999947
      0.00000       1.9610000   4.9131660e-07      0.99999951
      0.00000       1.9620000   4.5514528e-07      0.99999954
      0.00000       1.9630000   4.2165337e-07      0.99999958
      0.00000       1.9640000   3.9064117e-07      0.99999961
      0.00000       1.9650000   3.6192396e-07      0.99999964
      0.00000       1.9660000   3.3533087e-07      0.99999966
      0.00000       1.9670000   3.1070381e-07      0.99999969
      0.00000       1.9680000   2.8789655e-07      0.99999971
      0.00000       1.9690000   2.6677379e-07      0.99999973
      0.00000       1.9700000   2.4721036e-07      0.99999975
      0.00000       1.9710000   2.2909044e-07      0.99999977
      0.00000       1.9720000   2.1230686e-07      0.99999979
      0.00000       1.9730000   1.9676046e-07      0.99999980
      0.00000       1.9740000   1.8235949e-07      0.99999982
      0.00000       1.9750000   1.6901904e-07      0.99999983
      0.00000       1.9760000   1.5666053e-07      0.99999984
      0.00000       1.9770000   1.4521124e-07      0.99999985
      0.00000       1.9780000   1.3460387e-07      0.99999987
      0.00000       1.9790000   1.2477613e-07      0.99999988
      0.00000       1.9800000   1.1567037e-07      0.99999988
      0.00000       1.9810000   1.0723321e-07      0.99999989
      0.00000       1.9820000   9.9415279e-08      0.99999990
      0.00000       1.9830000   9.2170837e-08      0.99999991
      0.00000       1.9840000   8.5457560e-08      0.99999991
      0.00000       1.9850000   7.9236266e-08      0.99999992
      0.00000       1.9860000   7.3470678e-08      0.99999993
      0.00000       1.9870000   6.8127210e-08      0.99999993
      0.00000       1.9880000   6.3174769e-08      0.99999994
      0.00000       1.9890000   5.8584565e-08      0.99999994
      0.00000       1.9900000   5.4329939e-08      0.99999995
      0.00000       1.9910000   5.0386208e-08      0.99999995
      0.00000       1.9920000   4.6730515e-08      0.99999995
      0.00000       1.9930000   4.3341694e-08      0.99999996
      0.00000       1.9940000   4.0200142e-08      0.99999996
      0.00000       1.9950000   3.7287707e-08      0.99999996
      0.00000       1.9960000   3.4587577e-08      0.99999997
      0.00000       1.9970000   3.2084181e-08      0.99999997
      0.00000       1.9980000   2.9763096e-08      0.99999997
      0.00000       1.9990000   2.7610964e-08      0.99999997
      0.00000       2.0000000   2.5615412e-08      0.99999997
      0.00000       2.0010000   2.3764977e-08      0.99999998
      0.00000       2.0020000   2.2049042e-08      0.99999998
      0.00000       2.0030000   2.0457770e-08      0.99999998
      0.00000       2.0040000   1.8982050e-08      0.99999998
      0.00000       2.0050000   1.7613439e-08      0.99999998
      0.00000       2.0060000   1.6344114e-08      0.99999998
      0.00000       2.0070000   1.5166830e-08      0.99999998
      0.00000       2.0080000   1.4074871e-08      0.99999999
      0.00000       2.0090000   1.3062015e-08      0.99999999
      0.00000       2.0100000   1.2122497e-08      0.99999999
      0.00000       2.0110000   1.1250974e-08      0.99999999
      0.00000       2.0120000   1.0442494e-08      0.99999999
      0.00000       2.0130000   9.6924700e-09      0.99999999
      0.00000       2.0140000   8.9966487e-09      0.99999999
      0.00000       2.0150000   8.3510893e-09      0.99999999
      0.00000       2.0160000   7.7521386e-09      0.99999999
      0.00000       2.0170000   7.1964111e-09      0.99999999
      0.00000       2.0180000   6.6807683e-09      0.99999999
      0.00000       2.0190000   6.2023013e-09      0.99999999
      0.00000       2.0200000   5.7583132e-09      0.99999999
      0.00000       2.0210000   5.3463043e-09      0.99999999
      0.00000       2.0220000   4.9639570e-09       1.0000000
      0.00000       2.0230000   4.6091228e-09       1.0000000
      0.00000       2.0240000   4.2798098e-09       1.0000000
      0.00000       2.0250000   3.9741712e-09       1.0000000
      0.00000       2.0260000   3.6904944e-09       1.0000000
      0.00000       2.0270000   3.4271917e-09       1.0000000
      0.00000       2.0280000   3.1827908e-09       1.0000000
      0.00000       2.0290000   2.9559266e-09       1.0000000
      0.00000       2.0300000   2.7453329e-09       1.0000000
      0.00000       2.0310000   2.5498357e-09       1.0000000
      0.00000       2.0320000   2.3683460e-09       1.0000000
      0.00000       2.0330000   2.1998542e-09       1.0000000
      0.00000       2.0340000   2.0434236e-09       1.0000000
      0.00000       2.0350000   1.8981856e-09       1.0000000
      0.00000       2.0360000   1.7633343e-09       1.0000000
      0.00000       2.0370000   1.6381224e-09       1.0000000
      0.00000       2.0380000   1.5218567e-09       1.0000000
      0.00000       2.0390000   1.4138939e-09       1.0000000
      0.00000       2.0400000   1.3136376e-09       1.0000000
      0.00000       2.0410000   1.2205343e-09       1.0000000
      0.00000       2.0420000   1.1340705e-09       1.0000000
      0.00000       2.0430000   1.0537697e-09       1.0000000
      0.00000       2.0440000   9.7919003e-10       1.0000000
      0.00000       2.0450000   9.0992134e-10       1.0000000
      0.00000       2.0460000   8.4558310e-10       1.0000000
      0.00000       2.0470000   7.8582221e-10       1.0000000
      0.00000       2.0480000   7.3031102e-10       1.0000000
      0.00000       2.0490000   6.7874546e-10       1.0000000
      0.00000       2.0500000   6.3084337e-10       1.0000000
      0.00000       2.0510000   5.8634287e-10       1.0000000
      0.00000       2.0520000   5.4500092e-10       1.0000000
      0.00000       2.0530000   5.0659196e-10       1.0000000
      0.00000       2.0540000   4.7090664e-10       1.0000000
      0.00000       2.0550000   4.3775062e-10       1.0000000
      0.00000       2.0560000   4.0694353e-10       1.0000000
      0.00000       2.0570000   3.7831795e-10       1.0000000
      0.00000       2.0580000   3.5171844e-10       1.0000000
      0.00000       2.0590000   3.2700072e-10       1.0000000
      0.00000       2.0600000   3.0403084e-10       1.0000000
      0.00000       2.0610000   2.8268446e-10       1.0000000
      0.00000       2.0620000   2.6284611e-10       1.0000000
      0.00000       2.0630000   2.4440861e-10       1.0000000
      0.00000       2.0640000   2.2727243e-10       1.0000000
      0.00000       2.0650000   2.1134516e-10       1.0000000
      0.00000       2.0660000   1.9654098e-10       1.0000000
      0.00000       2.0670000   1.8278022e-10       1.0000000
      0.00000       2.0680000   1.6998889e-10       1.0000000
      0.00000       2.0690000   1.5809826e-10       1.0000000
      0.00000       2.0700000   1.4704453e-10       1.0000000
      0.00000       2.0710000   1.3676843e-10       1.0000000
      0.00000       2.0720000   1.2721492e-10       1.0000000
      0.00000       2.0730000   1.1833287e-10       1.0000000
      0.00000       2.0740000   1.1007480e-10       1.0000000
      0.00000       2.0750000   1.0239660e-10       1.0000000
      0.00000       2.0760000   9.5257312e-11       1.0000000
      0.00000       2.0770000   8.8618873e-11       1.0000000
      0.00000       2.0780000   8.2445929e-11       1.0000000
      0.00000       2.0790000   7.6705641e-11       1.0000000
      0.00000       2.0800000   7.1367496e-11       1.0000000
      0.00000       2.0810000   6.6403148e-11       1.0000000
      0.00000       2.0820000   6.1786262e-11       1.0000000
      0.00000       2.0830000   5.7492370e-11       1.0000000
      0.00000       2.0840000   5.3498734e-11       1.0000000
      0.00000       2.0850000   4.9784231e-11       1.0000000
      0.00000       2.0860000   4.6329231e-11       1.0000000
      0.00000       2.0870000   4.3115491e-11       1.0000000
      0.00000       2.0880000   4.0126063e-11       1.0000000
      0.00000       2.0890000   3.7345193e-11       1.0000000
      0.00000       2.0900000   3.4758241e-11       1.0000000
      0.00000       2.0910000   3.2351601e-11       1.0000000
      0.00000       2.0920000   3.0112629e-11       1.0000000
      0.00000       2.0930000   2.8029571e-11       1.0000000
      0.00000       2.0940000   2.6091503e-11       1.0000000
      0.00000       2.0950000   2.4288271e-11       1.0000000
      0.00000       2.0960000   2.2610437e-11       1.0000000
      0.00000       2.0970000   2.1049226e-11       1.0000000
      0.00000       2.0980000   1.9596482e-11       1.0000000
      0.00000       2.0990000   1.8244624e-11       1.0000000
      0.00000       2.1000000   1.6986601e-11       1.0000000
      0.00000       2.1010000   1.5815861e-11       1.0000000
      0.00000       2.1020000   1.4726310e-11       1.0000000
      0.00000       2.1030000   1.3712284e-11       1.0000000
      0.00000       2.1040000   1.2768515e-11       1.0000000
      0.00000       2.1050000   1.1890105e-11       1.0000000
      0.00000       2.1060000   1.1072500e-11       1.0000000
      0.00000       2.1070000   1.0311465e-11       1.0000000
      0.00000       2.1080000   9.6030617e-12       1.0000000
      0.00000       2.1090000   8.9436283e-12       1.0000000
      0.00000       2.1100000   8.3297584e-12       1.0000000
      0.00000       2.1110000   7.7582846e-12       1.0000000
      0.00000       2.1120000   7.2262606e-12       1.0000000
      0.00000       2.1130000   6.7309466e-12       1.0000000
      0.00000       2.1140000   6.2697938e-12       1.0000000
      0.00000       2.1150000   5.8404316e-12       1.0000000
      0.00000       2.1160000   5.4406551e-12       1.0000000
      0.00000       2.1170000   5.0684130e-12       1.0000000
      0.00000       2.1180000   4.7217973e-12       1.0000000
      0.00000       2.1190000   4.3990327e-12       1.0000000
      0.00000       2.1200000   4.0984681e-12       1.0000000
      0.00000       2.1210000   3.8185671e-12       1.0000000
      0.00000       2.1220000   3.5579002e-12       1.0000000
      0.00000       2.1230000   3.3151377e-12       1.0000000
      0.00000       2.1240000   3.0890422e-12       1.0000000
      0.00000       2.1250000   2.8784623e-12       1.0000000
      0.00000       2.1260000   2.6823267e-12       1.0000000
      0.00000       2.1270000   2.4996386e-12       1.0000000
      0.00000       2.1280000   2.3294702e-12       1.0000000
      0.00000       2.1290000   2.1709583e-12       1.0000000
      0.00000       2.1300000   2.0232996e-12       1.0000000
      0.00000       2.1310000   1.8857462e-12       1.0000000
      0.00000       2.1320000   1.7576024e-12       1.0000000
      0.00000       2.1330000   1.6382206e-12       1.0000000
      0.00000       2.1340000   1.5269979e-12       1.0000000
      0.00000       2.1350000   1.4233732e-12       1.0000000
      0.00000       2.1360000   1.3268244e-12       1.0000000
      0.00000       2.1370000   1.2368652e-12       1.0000000
      0.00000       2.1380000   1.1530432e-12       1.0000000
      0.00000       2.1390000   1.0749370e-12       1.0000000
      0.00000       2.1400000   1.0021545e-12       1.0000000
      0.00000       2.1410000   9.3433067e-13       1.0000000
      0.00000       2.1420000   8.7112550e-13       1.0000000
      0.00000       2.1430000   8.1222255e-13       1.0000000
      0.00000       2.1440000   7.5732719e-13       1.0000000
      0.00000       2.1450000   7.0616506e-13       1.0000000
      0.00000       2.1460000   6.5848071e-13       1.0000000
      0.00000       2.1470000   6.1403629e-13       1.0000000
      0.00000       2.1480000   5.7261029e-13       1.0000000
      0.00000       2.1490000   5.3399646e-13       1.0000000
      0.00000       2.1500000   4.9800272e-13       1.0000000
      0.00000       2.1510000   4.6445019e-13       1.0000000
      0.00000       2.1520000   4.3317227e-13       1.0000000
      0.00000       2.1530000   4.0401383e-13       1.0000000
      0.00000       2.1540000   3.7683034e-13       1.0000000
      0.00000       2.1550000   3.5148721e-13       1.0000000
      0.00000       2.1560000   3.2785909e-13       1.0000000
      0.00000       2.1570000   3.0582919e-13       1.0000000
      0.00000       2.1580000   2.8528875e-13       1.0000000
      0.00000       2.1590000   2.6613644e-13       1.0000000
      0.00000       2.1600000   2.4827788e-13       1.0000000
      0.00000       2.1610000   2.3162513e-13       1.0000000
      0.00000       2.1620000   2.1609626e-13       1.0000000
      0.00000       2.1630000   2.0161497e-13       1.0000000
      0.00000       2.1640000   1.8811015e-13       1.0000000
      0.00000       2.1650000   1.7551555e-13       1.0000000
      0.00000       2.1660000   1.6376944e-13       1.0000000
      0.00000       2.1670000   1.5281430e-13       1.0000000
      0.00000       2.1680000   1.4259655e-13       1.0000000
      0.00000       2.1690000   1.3306624e-13       1.0000000
      0.00000       2.1700000   1.2417685e-13       1.0000000
      0.00000       2.1710000   1.1588499e-13       1.0000000
      0.00000       2.1720000   1.0815026e-13       1.0000000
      0.00000       2.1730000   1.0093499e-13       1.0000000
      0.00000       2.1740000   9.4204086e-14       1.0000000
      0.00000       2.1750000   8.7924824e-14       1.0000000
      0.00000       2.1760000   8.2066715e-14       1.0000000
      0.00000       2.1770000   7.6601336e-14       1.0000000
      0.00000       2.1780000   7.1502197e-14       1.0000000
      0.00000       2.1790000   6.6744605e-14       1.0000000
      0.00000       2.1800000   6.2305539e-14       1.0000000
      0.00000       2.1810000   5.8163544e-14       1.0000000
      0.00000       2.1820000   5.4298616e-14       1.0000000
      0.00000       2.1830000   5.0692107e-14       1.0000000
      0.00000       2.1840000   4.7326632e-14       1.0000000
      0.00000       2.1850000   4.4185981e-14       1.0000000
      0.00000       2.1860000   4.1255044e-14       1.0000000
      0.00000       2.1870000   3.8519731e-14       1.0000000
      0.00000       2.1880000   3.5966904e-14       1.0000000
      0.00000       2.1890000   3.3584313e-14       1.0000000
      0.00000       2.1900000   3.1360536e-14       1.0000000
      0.00000       2.1910000   2.9284922e-14       1.0000000
      0.00000       2.1920000   2.7347538e-14       1.0000000
      0.00000       2.1930000   2.5539121e-14       1.0000000
      0.00000       2.1940000   2.3851034e-14       1.0000000
      0.00000       2.1950000   2.2275221e-14       1.0000000
      0.00000       2.1960000   2.0804167e-14       1.0000000
      0.00000       2.1970000   1.9430866e-14       1.0000000
      0.00000       2.1980000   1.8148782e-14       1.0000000
      0.00000       2.1990000   1.6951819e-14       1.0000000
      0.00000       2.2000000   1.5834289e-14       1.0000000
      0.00000       2.2010000   1.4790890e-14       1.0000000
      0.00000       2.2020000   1.3816674e-14       1.0000000
      0.00000       2.2030000   1.2907024e-14       1.0000000
      0.00000       2.2040000   1.2057636e-14       1.0000000
      0.00000       2.2050000   1.1264493e-14       1.0000000
      0.00000       2.2060000   1.0523846e-14       1.0000000
      0.00000       2.2070000   9.8322005e-15       1.0000000
      0.00000       2.2080000   9.1862940e-15       1.0000000
      0.00000       2.2090000   8.5830832e-15       1.0000000
      0.00000       2.2100000   8.0197282e-15       1.0000000
      0.00000       2.2110000   7.4935794e-15       1.0000000
      0.00000       2.2120000   7.0021644e-15       1.0000000
      0.00000       2.2130000   6.5431761e-15       1.0000000
      0.00000       2.2140000   6.1144616e-15       1.0000000
      0.00000       2.2150000   5.7140116e-15       1.0000000
      0.00000       2.2160000   5.3399513e-15       1.0000000
      0.00000       2.2170000   4.9905307e-15       1.0000000
      0.00000       2.2180000   4.6641169e-15       1.0000000
      0.00000       2.2190000   4.3591857e-15       1.0000000
      0.00000       2.2200000   4.0743143e-15       1.0000000
      0.00000       2.2210000   3.8081752e-15       1.0000000
      0.00000       2.2220000   3.5595288e-15       1.0000000
      0.00000       2.2230000   3.3272183e-15       1.0000000
      0.00000       2.2240000   3.1101638e-15       1.0000000
      0.00000       2.2250000   2.9073573e-15       1.0000000
      0.00000       2.2260000   2.7178576e-15       1.0000000
      0.00000       2.2270000   2.5407863e-15       1.0000000
      0.00000       2.2280000   2.3753233e-15       1.0000000
      0.00000       2.2290000   2.2207027e-15       1.0000000
      0.00000       2.2300000   2.0762098e-15       1.0000000
      0.00000       2.2310000   1.9411771e-15       1.0000000
      0.00000       2.2320000   1.8149813e-15       1.0000000
      0.00000       2.2330000   1.6970406e-15       1.0000000
      0.00000       2.2340000   1.5868117e-15       1.0000000
      0.00000       2.2350000   1.4837871e-15       1.0000000
      0.00000       2.2360000   1.3874931e-15       1.0000000
      0.00000       2.2370000   1.2974872e-15       1.0000000
      0.00000       2.2380000   1.2133564e-15       1.0000000
      0.00000       2.2390000   1.1347147e-15       1.0000000
      0.00000       2.2400000   1.0612017e-15       1.0000000
      0.00000       2.2410000   9.9248104e-16       1.0000000
      0.00000       2.2420000   9.2823825e-16       1.0000000
      0.00000       2.2430000   8.6817977e-16       1.0000000
      0.00000       2.2440000   8.1203138e-16       1.0000000
      0.00000       2.2450000   7.5953694e-16       1.0000000
      0.00000       2.2460000   7.1045719e-16       1.0000000
      0.00000       2.2470000   6.6456863e-16       1.0000000
      0.00000       2.2480000   6.2166249e-16       1.0000000
      0.00000       2.2490000   5.8154374e-16       1.0000000
      0.00000       2.2500000   5.4403017e-16       1.0000000
      0.00000       2.2510000   5.0895156e-16       1.0000000
      0.00000       2.2520000   4.7614889e-16       1.0000000
      0.00000       2.2530000   4.4547357e-16       1.0000000
      0.00000       2.2540000   4.1678679e-16       1.0000000
      0.00000       2.2550000   3.8995884e-16       1.0000000
      0.00000       2.2560000   3.6486853e-16       1.0000000
      0.00000       2.2570000   3.4140261e-16       1.0000000
      0.00000       2.2580000   3.1945527e-16       1.0000000
      0.00000       2.2590000   2.9892763e-16       1.0000000
      0.00000       2.2600000   2.7972728e-16       1.0000000
      0.00000       2.2610000   2.6176788e-16       1.0000000
      0.00000       2.2620000   2.4496871e-16       1.0000000
      0.00000       2.2630000   2.2925436e-16       1.0000000
      0.00000       2.2640000   2.1455435e-16       1.0000000
      0.00000       2.2650000   2.0080279e-16       1.0000000
      0.00000       2.2660000   1.8793812e-16       1.0000000
      0.00000       2.2670000   1.7590277e-16       1.0000000
      0.00000       2.2680000   1.6464296e-16       1.0000000
      0.00000       2.2690000   1.5410840e-16       1.0000000
      0.00000       2.2700000   1.4425209e-16       1.0000000
      0.00000       2.2710000   1.3503009e-16       1.0000000
      0.00000       2.2720000   1.2640133e-16       1.0000000
      0.00000       2.2730000   1.1832741e-16       1.0000000
      0.00000       2.2740000   1.1077242e-16       1.0000000
      0.00000       2.2750000   1.0370282e-16       1.0000000
      0.00000       2.2760000   9.7087215e-17       1.0000000
      0.00000       2.2770000   9.0896280e-17       1.0000000
      0.00000       2.2780000   8.5102583e-17       1.0000000
      0.00000       2.2790000   7.9680477e-17       1.0000000
      0.00000       2.2800000   7.4605982e-17       1.0000000
      0.00000       2.2810000   6.9856675e-17       1.0000000
      0.00000       2.2820000   6.5411587e-17       1.0000000
      0.00000       2.2830000   6.1251112e-17       1.0000000
      0.00000       2.2840000   5.7356912e-17       1.0000000
      0.00000       2.2850000   5.3711841e-17       1.0000000
      0.00000       2.2860000   5.0299862e-17       1.0000000
      0.00000       2.2870000   4.7105976e-17       1.0000000
      0.00000       2.2880000   4.4116158e-17       1.0000000
      0.00000       2.2890000   4.1317287e-17       1.0000000
      0.00000       2.2900000   3.8697094e-17       1.0000000
      0.00000       2.2910000   3.6244100e-17       1.0000000
      0.00000       2.2920000   3.3947571e-17       1.0000000
      0.00000       2.2930000   3.1797465e-17       1.0000000
      0.00000       2.2940000   2.9784387e-17       1.0000000
      0.00000       2.2950000   2.7899551e-17       1.0000000
      0.00000       2.2960000   2.6134737e-17       1.0000000
      0.00000       2.2970000   2.4482255e-17       1.0000000
      0.00000       2.2980000   2.2934910e-17       1.0000000
      0.00000       2.2990000   2.1485972e-17       1.0000000
      0.00000       2.3000000   2.0129144e-17       1.0000000
      0.00000       2.3010000   1.8858533e-17       1.0000000
      0.00000       2.3020000   1.7668627e-17       1.0000000
      0.00000       2.3030000   1.6554269e-17       1.0000000
      0.00000       2.3040000   1.5510632e-17       1.0000000
      0.00000       2.3050000   1.4533200e-17       1.0000000
      0.00000       2.3060000   1.3617747e-17       1.0000000
      0.00000       2.3070000   1.2760319e-17       1.0000000
      0.00000       2.3080000   1.1957215e-17       1.0000000
      0.00000       2.3090000   1.1204972e-17       1.0000000
      0.00000       2.3100000   1.0500349e-17       1.0000000
      0.00000       2.3110000   9.8403122e-18       1.0000000
      0.00000       2.3120000   9.2220238e-18       1.0000000
      0.00000       2.3130000   8.6428263e-18       1.0000000
      0.00000       2.3140000   8.1002329e-18       1.0000000
      0.00000       2.3150000   7.5919161e-18       1.0000000
      0.00000       2.3160000   7.1156969e-18       1.0000000
      0.00000       2.3170000   6.6695362e-18       1.0000000
      0.00000       2.3180000   6.2515248e-18       1.0000000
      0.00000       2.3190000   5.8598757e-18       1.0000000
      0.00000       2.3200000   5.4929161e-18       1.0000000
      0.00000       2.3210000   5.1490799e-18       1.0000000
      0.00000       2.3220000   4.8269010e-18       1.0000000
      0.00000       2.3230000   4.5250067e-18       1.0000000
      0.00000       2.3240000   4.2421121e-18       1.0000000
      0.00000       2.3250000   3.9770140e-18       1.0000000
      0.00000       2.3260000   3.7285858e-18       1.0000000
      0.00000       2.3270000   3.4957729e-18       1.0000000
      0.00000       2.3280000   3.2775876e-18       1.0000000
      0.00000       2.3290000   3.0731052e-18       1.0000000
      0.00000       2.3300000   2.8814597e-18       1.0000000
      0.00000       2.3310000   2.7018403e-18       1.0000000
      0.00000       2.3320000   2.5334876e-18       1.0000000
      0.00000       2.3330000   2.3756906e-18       1.0000000
      0.00000       2.3340000   2.2277833e-18       1.0000000
      0.00000       2.3350000   2.0891420e-18       1.0000000
      0.00000       2.3360000   1.9591827e-18       1.0000000
      0.00000       2.3370000   1.8373582e-18       1.0000000
      0.00000       2.3380000   1.7231563e-18       1.0000000
      0.00000       2.3390000   1.6160970e-18       1.0000000
      0.00000       2.3400000   1.5157308e-18       1.0000000
      0.00000       2.3410000   1.4216368e-18       1.0000000
      0.00000       2.3420000   1.3334204e-18       1.0000000
      0.00000       2.3430000   1.2507123e-18       1.0000000
      0.00000       2.3440000   1.1731664e-18       1.0000000
      0.00000       2.3450000   1.1004584e-18       1.0000000
      0.00000       2.3460000   1.0322848e-18       1.0000000
      0.00000       2.3470000   9.6836094e-19       1.0000000
      0.00000       2.3480000   9.0842027e-19       1.0000000
      0.00000       2.3490000   8.5221306e-19       1.0000000
      0.00000       2.3500000   7.9950532e-19       1.0000000
      0.00000       2.3510000   7.5007784e-19       1.0000000
      0.00000       2.3520000   7.0372518e-19       1.0000000
      0.00000       2.3530000   6.6025489e-19       1.0000000
      0.00000       2.3540000   6.1948661e-19       1.0000000
      0.00000       2.3550000   5.8125136e-19       1.0000000
      0.00000       2.3560000   5.4539077e-19       1.0000000
      0.00000       2.3570000   5.1175645e-19       1.0000000
      0.00000       2.3580000   4.8020932e-19       1.0000000
      0.00000       2.3590000   4.5061907e-19       1.0000000
      0.00000       2.3600000   4.2286355e-19       1.0000000
      0.00000       2.3610000   3.9682830e-19       1.0000000
      0.00000       2.3620000   3.7240603e-19       1.0000000
      0.00000       2.3630000   3.4949620e-19       1.0000000
      0.00000       2.3640000   3.2800455e-19       1.0000000
      0.00000       2.3650000   3.0784276e-19       1.0000000
      0.00000       2.3660000   2.8892802e-19       1.0000000
      0.00000       2.3670000   2.7118272e-19       1.0000000
      0.00000       2.3680000   2.5453411e-19       1.0000000
      0.00000       2.3690000   2.3891400e-19       1.0000000
      0.00000       2.3700000   2.2425844e-19       1.0000000
      0.00000       2.3710000   2.1050751e-19       1.0000000
      0.00000       2.3720000   1.9760503e-19       1.0000000
      0.00000       2.3730000   1.8549831e-19       1.0000000
      0.00000       2.3740000   1.7413798e-19       1.0000000
      0.00000       2.3750000   1.6347773e-19       1.0000000
      0.00000       2.3760000   1.5347416e-19       1.0000000
      0.00000       2.3770000   1.4408655e-19       1.0000000
      0.00000       2.3780000   1.3527675e-19       1.0000000
      0.00000       2.3790000   1.2700897e-19       1.0000000
      0.00000       2.3800000   1.1924966e-19       1.0000000
      0.00000       2.3810000   1.1196735e-19       1.0000000
      0.00000       2.3820000   1.0513253e-19       1.0000000
      0.00000       2.3830000   9.8717546e-20       1.0000000
      0.00000       2.3840000   9.2696437e-20       1.0000000
      0.00000       2.3850000   8.7044873e-20       1.0000000
      0.00000       2.3860000   8.1740032e-20       1.0000000
      0.00000       2.3870000   7.6760510e-20       1.0000000
      0.00000       2.3880000   7.2086233e-20       1.0000000
      0.00000       2.3890000   6.7698374e-20       1.0000000
      0.00000       2.3900000   6.3579273e-20       1.0000000
      0.00000       2.3910000   5.9712367e-20       1.0000000
      0.00000       2.3920000   5.6082118e-20       1.0000000
      0.00000       2.3930000   5.2673953e-20       1.0000000
      0.00000       2.3940000   4.9474201e-20       1.0000000
      0.00000       2.3950000   4.6470039e-20       1.0000000
      0.00000       2.3960000   4.3649437e-20       1.0000000
      0.00000       2.3970000   4.1001108e-20       1.0000000
      0.00000       2.3980000   3.8514467e-20       1.0000000
      0.00000       2.3990000   3.6179579e-20       1.0000000
      0.00000       2.4000000   3.3987126e-20       1.0000000
      0.00000       2.4010000   3.1928366e-20       1.0000000
      0.00000       2.4020000   2.9995095e-20       1.0000000
      0.00000       2.4030000   2.8179617e-20       1.0000000
      0.00000       2.4040000   2.6474709e-20       1.0000000
      0.00000       2.4050000   2.4873597e-20       1.0000000
      0.00000       2.4060000   2.3369921e-20       1.0000000
      0.00000       2.4070000   2.1957716e-20       1.0000000
      0.00000       2.4080000   2.0631382e-20       1.0000000
      0.00000       2.4090000   1.9385665e-20       1.0000000
      0.00000       2.4100000   1.8215635e-20       1.0000000
      0.00000       2.4110000   1.7116665e-20       1.0000000
      0.00000       2.4120000   1.6084412e-20       1.0000000
      0.00000       2.4130000   1.5114800e-20       1.0000000
      0.00000       2.4140000   1.4204006e-20       1.0000000
      0.00000       2.4150000   1.3348438e-20       1.0000000
      0.00000       2.4160000   1.2544727e-20       1.0000000
      0.00000       2.4170000   1.1789710e-20       1.0000000
      0.00000       2.4180000   1.1080420e-20       1.0000000
      0.00000       2.4190000   1.0414069e-20       1.0000000
      0.00000       2.4200000   9.7880415e-21       1.0000000
      0.00000       2.4210000   9.1998826e-21       1.0000000
      0.00000       2.4220000   8.6472871e-21       1.0000000
      0.00000       2.4230000   8.1280914e-21       1.0000000
      0.00000       2.4240000   7.6402642e-21       1.0000000
      0.00000       2.4250000   7.1818985e-21       1.0000000
      0.00000       2.4260000   6.7512038e-21       1.0000000
      0.00000       2.4270000   6.3464995e-21       1.0000000
      0.00000       2.4280000   5.9662073e-21       1.0000000
      0.00000       2.4290000   5.6088455e-21       1.0000000
      0.00000       2.4300000   5.2730229e-21       1.0000000
      0.00000       2.4310000   4.9574332e-21       1.0000000
      0.00000       2.4320000   4.6608498e-21       1.0000000
      0.00000       2.4330000   4.3821210e-21       1.0000000
      0.00000       2.4340000   4.1201651e-21       1.0000000
      0.00000       2.4350000   3.8739666e-21       1.0000000
      0.00000       2.4360000   3.6425717e-21       1.0000000
      0.00000       2.4370000   3.4250848e-21       1.0000000
      0.00000       2.4380000   3.2206647e-21       1.0000000
      0.00000       2.4390000   3.0285214e-21       1.0000000
      0.00000       2.4400000   2.8479132e-21       1.0000000
      0.00000       2.4410000   2.6781432e-21       1.0000000
      0.00000       2.4420000   2.5185569e-21       1.0000000
      0.00000       2.4430000   2.3685396e-21       1.0000000
      0.00000       2.4440000   2.2275141e-21       1.0000000
      0.00000       2.4450000   2.0949380e-21       1.0000000
      0.00000       2.4460000   1.9703020e-21       1.0000000
      0.00000       2.4470000   1.8531275e-21       1.0000000
      0.00000       2.4480000   1.7429651e-21       1.0000000
      0.00000       2.4490000   1.6393925e-21       1.0000000
      0.00000       2.4500000   1.5420130e-21       1.0000000
      0.00000       2.4510000   1.4504542e-21       1.0000000
      0.00000       2.4520000   1.3643658e-21       1.0000000
      0.00000       2.4530000   1.2834190e-21       1.0000000
      0.00000       2.4540000   1.2073048e-21       1.0000000
      0.00000       2.4550000   1.1357330e-21       1.0000000
      0.00000       2.4560000   1.0684306e-21       1.0000000
      0.00000       2.4570000   1.0051416e-21       1.0000000
      0.00000       2.4580000   9.4562494e-22       1.0000000
      0.00000       2.4590000   8.8965452e-22       1.0000000
      0.00000       2.4600000   8.3701769e-22       1.0000000
      0.00000       2.4610000   7.8751466e-22       1.0000000
      0.00000       2.4620000   7.4095769e-22       1.0000000
      0.00000       2.4630000   6.9717038e-22       1.0000000
      0.00000       2.4640000   6.5598692e-22       1.0000000
      0.00000       2.4650000   6.1725151e-22       1.0000000
      0.00000       2.4660000   5.8081773e-22       1.0000000
      0.00000       2.4670000   5.4654796e-22       1.0000000
      0.00000       2.4680000   5.1431288e-22       1.0000000
      0.00000       2.4690000   4.8399092e-22       1.0000000
      0.00000       2.4700000   4.5546783e-22       1.0000000
      0.00000       2.4710000   4.2863624e-22       1.0000000
      0.00000       2.4720000   4.0339521e-22       1.0000000
      0.00000       2.4730000   3.7964986e-22       1.0000000
      0.00000       2.4740000   3.5731102e-22       1.0000000
      0.00000       2.4750000   3.3629485e-22       1.0000000
      0.00000       2.4760000   3.1652254e-22       1.0000000
      0.00000       2.4770000   2.9792004e-22       1.0000000
      0.00000       2.4780000   2.8041768e-22       1.0000000
      0.00000       2.4790000   2.6395001e-22       1.0000000
      0.00000       2.4800000   2.4845548e-22       1.0000000
      0.00000       2.4810000   2.3387622e-22       1.0000000
      0.00000       2.4820000   2.2015783e-22       1.0000000
      0.00000       2.4830000   2.0724915e-22       1.0000000
      0.00000       2.4840000   1.9510211e-22       1.0000000
      0.00000       2.4850000   1.8367149e-22       1.0000000
      0.00000       2.4860000   1.7291476e-22       1.0000000
      0.00000       2.4870000   1.6279194e-22       1.0000000
      0.00000       2.4880000   1.5326546e-22       1.0000000
      0.00000       2.4890000   1.4429996e-22       1.0000000
      0.00000       2.4900000   1.3586220e-22       1.0000000
      0.00000       2.4910000   1.2792092e-22       1.0000000
      0.00000       2.4920000   1.2044673e-22       1.0000000
      0.00000       2.4930000   1.1341198e-22       1.0000000
      0.00000       2.4940000   1.0679067e-22       1.0000000
      0.00000       2.4950000   1.0055837e-22       1.0000000
      0.00000       2.4960000   9.4692057e-23       1.0000000
      0.00000       2.4970000   8.9170119e-23       1.0000000
      0.00000       2.4980000   8.3972212e-23       1.0000000
      0.00000       2.4990000   7.9079203e-23       1.0000000
      0.00000       2.5000000   7.4473095e-23       1.0000000
      0.00000       2.5010000   7.0136961e-23       1.0000000
      0.00000       2.5020000   6.6054878e-23       1.0000000
      0.00000       2.5030000   6.2211871e-23       1.0000000
      0.00000       2.5040000   5.8593848e-23       1.0000000
      0.00000       2.5050000   5.5187557e-23       1.0000000
      0.00000       2.5060000   5.1980530e-23       1.0000000
      0.00000       2.5070000   4.8961037e-23       1.0000000
      0.00000       2.5080000   4.6118044e-23       1.0000000
      0.00000       2.5090000   4.3441169e-23       1.0000000
      0.00000       2.5100000   4.0920646e-23       1.0000000
      0.00000       2.5110000   3.8547285e-23       1.0000000
      0.00000       2.5120000   3.6312441e-23       1.0000000
      0.00000       2.5130000   3.4207979e-23       1.0000000
      0.00000       2.5140000   3.2226245e-23       1.0000000
      0.00000       2.5150000   3.0360037e-23       1.0000000
      0.00000       2.5160000   2.8602578e-23       1.0000000
      0.00000       2.5170000   2.6947493e-23       1.0000000
      0.00000       2.5180000   2.5388780e-23       1.0000000
      0.00000       2.5190000   2.3920793e-23       1.0000000
      0.00000       2.5200000   2.2538218e-23       1.0000000
      0.00000       2.5210000   2.1236055e-23       1.0000000
      0.00000       2.5220000   2.0009598e-23       1.0000000
      0.00000       2.5230000   1.8854418e-23       1.0000000
      0.00000       2.5240000   1.7766346e-23       1.0000000
      0.00000       2.5250000   1.6741460e-23       1.0000000
      0.00000       2.5260000   1.5776068e-23       1.0000000
      0.00000       2.5270000   1.4866694e-23       1.0000000
      0.00000       2.5280000   1.4010069e-23       1.0000000
      0.00000       2.5290000   1.3203112e-23       1.0000000
      0.00000       2.5300000   1.2442926e-23       1.0000000
      0.00000       2.5310000   1.1726784e-23       1.0000000
      0.00000       2.5320000   1.1052118e-23       1.0000000
      0.00000       2.5330000   1.0416510e-23       1.0000000
      0.00000       2.5340000   9.8176856e-24       1.0000000
      0.00000       2.5350000   9.2535026e-24       1.0000000
      0.00000       2.5360000   8.7219445e-24       1.0000000
      0.00000       2.5370000   8.2211130e-24       1.0000000
      0.00000       2.5380000   7.7492208e-24       1.0000000
      0.00000       2.5390000   7.3045854e-24       1.0000000
      0.00000       2.5400000   6.8856225e-24       1.0000000
      0.00000       2.5410000   6.4908406e-24       1.0000000
      0.00000       2.5420000   6.1188354e-24       1.0000000
      0.00000       2.5430000   5.7682845e-24       1.0000000
      0.00000       2.5440000   5.4379430e-24       1.0000000
      0.00000       2.5450000   5.1266386e-24       1.0000000
      0.00000       2.5460000   4.8332672e-24       1.0000000
      0.00000       2.5470000   4.5567894e-24       1.0000000
      0.00000       2.5480000   4.2962263e-24       1.0000000
      0.00000       2.5490000   4.0506562e-24       1.0000000
      0.00000       2.5500000   3.8192109e-24       1.0000000
      0.00000       2.5510000   3.6010729e-24       1.0000000
      0.00000       2.5520000   3.3954723e-24       1.0000000
      0.00000       2.5530000   3.2016841e-24       1.0000000
      0.00000       2.5540000   3.0190254e-24       1.0000000
      0.00000       2.5550000   2.8468529e-24       1.0000000
      0.00000       2.5560000   2.6845610e-24       1.0000000
      0.00000       2.5570000   2.5315791e-24       1.0000000
      0.00000       2.5580000   2.3873697e-24       1.0000000
      0.00000       2.5590000   2.2514267e-24       1.0000000
      0.00000       2.5600000   2.1232733e-24       1.0000000
      0.00000       2.5610000   2.0024604e-24       1.0000000
      0.00000       2.5620000   1.8885648e-24       1.0000000
      0.00000       2.5630000   1.7811881e-24       1.0000000
      0.00000       2.5640000   1.6799547e-24       1.0000000
      0.00000       2.5650000   1.5845111e-24       1.0000000
      0.00000       2.5660000   1.4945240e-24       1.0000000
      0.00000       2.5670000   1.4096796e-24       1.0000000
      0.00000       2.5680000   1.3296820e-24       1.0000000
      0.00000       2.5690000   1.2542527e-24       1.0000000
      0.00000       2.5700000   1.1831293e-24       1.0000000
      0.00000       2.5710000   1.1160643e-24       1.0000000
      0.00000       2.5720000   1.0528247e-24       1.0000000
      0.00000       2.5730000   9.9319099e-25       1.0000000
      0.00000       2.5740000   9.3695626e-25       1.0000000
      0.00000       2.5750000   8.8392556e-25       1.0000000
      0.00000       2.5760000   8.3391522e-25       1.0000000
      0.00000       2.5770000   7.8675211e-25       1.0000000
      0.00000       2.5780000   7.4227315e-25       1.0000000
      0.00000       2.5790000   7.0032460e-25       1.0000000
      0.00000       2.5800000   6.6076162e-25       1.0000000
      0.00000       2.5810000   6.2344769e-25       1.0000000
      0.00000       2.5820000   5.8825417e-25       1.0000000
      0.00000       2.5830000   5.5505980e-25       1.0000000
      0.00000       2.5840000   5.2375032e-25       1.0000000
      0.00000       2.5850000   4.9421803e-25       1.0000000
      0.00000       2.5860000   4.6636142e-25       1.0000000
      0.00000       2.5870000   4.4008482e-25       1.0000000
      0.00000       2.5880000   4.1529806e-25       1.0000000
      0.00000       2.5890000   3.9191613e-25       1.0000000
      0.00000       2.5900000   3.6985891e-25       1.0000000
      0.00000       2.5910000   3.4905089e-25       1.0000000
      0.00000       2.5920000   3.2942088e-25       1.0000000
      0.00000       2.5930000   3.1090176e-25       1.0000000
      0.00000       2.5940000   2.9343029e-25       1.0000000
      0.00000       2.5950000   2.7694681e-25       1.0000000
      0.00000       2.5960000   2.6139512e-25       1.0000000
      0.00000       2.5970000   2.4672222e-25       1.0000000
      0.00000       2.5980000   2.3287812e-25       1.0000000
      0.00000       2.5990000   2.1981573e-25       1.0000000
      0.00000       2.6000000   2.0749064e-25       1.0000000
      0.00000       2.6010000   1.9586096e-25       1.0000000
      0.00000       2.6020000   1.8488721e-25       1.0000000
      0.00000       2.6030000   1.7453217e-25       1.0000000
      0.00000       2.6040000   1.6476073e-25       1.0000000
      0.00000       2.6050000   1.5553981e-25       1.0000000
      0.00000       2.6060000   1.4683818e-25       1.0000000
      0.00000       2.6070000   1.3862643e-25       1.0000000
      0.00000       2.6080000   1.3087679e-25       1.0000000
      0.00000       2.6090000   1.2356311e-25       1.0000000
      0.00000       2.6100000   1.1666071e-25       1.0000000
      0.00000       2.6110000   1.1014630e-25       1.0000000
      0.00000       2.6120000   1.0399796e-25       1.0000000
      0.00000       2.6130000   9.8194970e-26       1.0000000
      0.00000       2.6140000   9.2717821e-26       1.0000000
      0.00000       2.6150000   8.7548099e-26       1.0000000
      0.00000       2.6160000   8.2668442e-26       1.0000000
      0.00000       2.6170000   7.8062473e-26       1.0000000
      0.00000       2.6180000   7.3714745e-26       1.0000000
      0.00000       2.6190000   6.9610690e-26       1.0000000
      0.00000       2.6200000   6.5736564e-26       1.0000000
      0.00000       2.6210000   6.2079407e-26       1.0000000
      0.00000       2.6220000   5.8626990e-26       1.0000000
      0.00000       2.6230000   5.5367780e-26       1.0000000
      0.00000       2.6240000   5.2290897e-26       1.0000000
      0.00000       2.6250000   4.9386078e-26       1.0000000
      0.00000       2.6260000   4.6643640e-26       1.0000000
      0.00000       2.6270000   4.4054450e-26       1.0000000
      0.00000       2.6280000   4.1609890e-26       1.0000000
      0.00000       2.6290000   3.9301831e-26       1.0000000
      0.00000       2.6300000   3.7122604e-26       1.0000000
      0.00000       2.6310000   3.5064971e-26       1.0000000
      0.00000       2.6320000   3.3122107e-26       1.0000000
      0.00000       2.6330000   3.1287570e-26       1.0000000
      0.00000       2.6340000   2.9555282e-26       1.0000000
      0.00000       2.6350000   2.7919509e-26       1.0000000
      0.00000       2.6360000   2.6374839e-26       1.0000000
      0.00000       2.6370000   2.4916167e-26       1.0000000
      0.00000       2.6380000   2.3538675e-26       1.0000000
      0.00000       2.6390000   2.2237818e-26       1.0000000
      0.00000       2.6400000   2.1009304e-26       1.0000000
      0.00000       2.6410000   1.9849086e-26       1.0000000
      0.00000       2.6420000   1.8753344e-26       1.0000000
      0.00000       2.6430000   1.7718471e-26       1.0000000
      0.00000       2.6440000   1.6741065e-26       1.0000000
      0.00000       2.6450000   1.5817915e-26       1.0000000
      0.00000       2.6460000   1.4945991e-26       1.0000000
      0.00000       2.6470000   1.4122432e-26       1.0000000
      0.00000       2.6480000   1.3344539e-26       1.0000000
      0.00000       2.6490000   1.2609764e-26       1.0000000
      0.00000       2.6500000   1.1915701e-26       1.0000000
      0.00000       2.6510000   1.1260082e-26       1.0000000
      0.00000       2.6520000   1.0640762e-26       1.0000000
      0.00000       2.6530000   1.0055721e-26       1.0000000
      0.00000       2.6540000   9.5030480e-27       1.0000000
      0.00000       2.6550000   8.9809419e-27       1.0000000
      0.00000       2.6560000   8.4877015e-27       1.0000000
      0.00000       2.6570000   8.0217208e-27       1.0000000
      0.00000       2.6580000   7.5814838e-27       1.0000000
      0.00000       2.6590000   7.1655594e-27       1.0000000
      0.00000       2.6600000   6.7725966e-27       1.0000000
      0.00000       2.6610000   6.4013197e-27       1.0000000
      0.00000       2.6620000   6.0505246e-27       1.0000000
      0.00000       2.6630000   5.7190743e-27       1.0000000
      0.00000       2.6640000   5.4058953e-27       1.0000000
      0.00000       2.6650000   5.1099741e-27       1.0000000
      0.00000       2.6660000   4.8303538e-27       1.0000000
      0.00000       2.6670000   4.5661308e-27       1.0000000
      0.00000       2.6680000   4.3164520e-27       1.0000000
      0.00000       2.6690000   4.0805118e-27       1.0000000
      0.00000       2.6700000   3.8575494e-27       1.0000000
      0.00000       2.6710000   3.6468466e-27       1.0000000
      0.00000       2.6720000   3.4477251e-27       1.0000000
      0.00000       2.6730000   3.2595443e-27       1.0000000
      0.00000       2.6740000   3.0816993e-27       1.0000000
      0.00000       2.6750000   2.9136189e-27       1.0000000
      0.00000       2.6760000   2.7547636e-27       1.0000000
      0.00000       2.6770000   2.6046239e-27       1.0000000
      0.00000       2.6780000   2.4627187e-27       1.0000000
      0.00000       2.6790000   2.3285934e-27       1.0000000
      0.00000       2.6800000   2.2018189e-27       1.0000000
      0.00000       2.6810000   2.0819898e-27       1.0000000
      0.00000       2.6820000   1.9687233e-27       1.0000000
      0.00000       2.6830000   1.8616576e-27       1.0000000
      0.00000       2.6840000   1.7604511e-27       1.0000000
      0.00000       2.6850000   1.6647813e-27       1.0000000
      0.00000       2.6860000   1.5743433e-27       1.0000000
      0.00000       2.6870000   1.4888493e-27       1.0000000
      0.00000       2.6880000   1.4080272e-27       1.0000000
      0.00000       2.6890000   1.3316202e-27       1.0000000
      0.00000       2.6900000   1.2593855e-27       1.0000000
      0.00000       2.6910000   1.1910940e-27       1.0000000
      0.00000       2.6920000   1.1265290e-27       1.0000000
      0.00000       2.6930000   1.0654859e-27       1.0000000
      0.00000       2.6940000   1.0077713e-27       1.0000000
      0.00000       2.6950000   9.5320272e-28       1.0000000
      0.00000       2.6960000   9.0160751e-28       1.0000000
      0.00000       2.6970000   8.5282266e-28       1.0000000
      0.00000       2.6980000   8.0669414e-28       1.0000000
      0.00000       2.6990000   7.6307639e-28       1.0000000
      0.00000       2.7000000   7.2183191e-28       1.0000000
      0.00000       2.7010000   6.8283075e-28       1.0000000
      0.00000       2.7020000   6.4595014e-28       1.0000000
      0.00000       2.7030000   6.1107406e-28       1.0000000
      0.00000       2.7040000   5.7809287e-28       1.0000000
      0.00000       2.7050000   5.4690297e-28       1.0000000
      0.00000       2.7060000   5.1740648e-28       1.0000000
      0.00000       2.7070000   4.8951086e-28       1.0000000
      0.00000       2.7080000   4.6312870e-28       1.0000000
      0.00000       2.7090000   4.3817737e-28       1.0000000
      0.00000       2.7100000   4.1457878e-28       1.0000000
      0.00000       2.7110000   3.9225913e-28       1.0000000
      0.00000       2.7120000   3.7114868e-28       1.0000000
      0.00000       2.7130000   3.5118151e-28       1.0000000
      0.00000       2.7140000   3.3229530e-28       1.0000000
      0.00000       2.7150000   3.1443118e-28       1.0000000
      0.00000       2.7160000   2.9753349e-28       1.0000000
      0.00000       2.7170000   2.8154962e-28       1.0000000
      0.00000       2.7180000   2.6642983e-28       1.0000000
      0.00000       2.7190000   2.5212712e-28       1.0000000
      0.00000       2.7200000   2.3859706e-28       1.0000000
      0.00000       2.7210000   2.2579766e-28       1.0000000
      0.00000       2.7220000   2.1368920e-28       1.0000000
      0.00000       2.7230000   2.0223415e-28       1.0000000
      0.00000       2.7240000   1.9139704e-28       1.0000000
      0.00000       2.7250000   1.8114432e-28       1.0000000
      0.00000       2.7260000   1.7144427e-28       1.0000000
      0.00000       2.7270000   1.6226693e-28       1.0000000
      0.00000       2.7280000   1.5358394e-28       1.0000000
      0.00000       2.7290000   1.4536851e-28       1.0000000
      0.00000       2.7300000   1.3759531e-28       1.0000000
      0.00000       2.7310000   1.3024039e-28       1.0000000
      0.00000       2.7320000   1.2328109e-28       1.0000000
      0.00000       2.7330000   1.1669599e-28       1.0000000
      0.00000       2.7340000   1.1046487e-28       1.0000000
      0.00000       2.7350000   1.0456855e-28       1.0000000
      0.00000       2.7360000   9.8988956e-29       1.0000000
      0.00000       2.7370000   9.3708954e-29       1.0000000
      0.00000       2.7380000   8.8712360e-29       1.0000000
      0.00000       2.7390000   8.3983866e-29       1.0000000
      0.00000       2.7400000   7.9508998e-29       1.0000000
      0.00000       2.7410000   7.5274065e-29       1.0000000
      0.00000       2.7420000   7.1266123e-29       1.0000000
      0.00000       2.7430000   6.7472929e-29       1.0000000
      0.00000       2.7440000   6.3882903e-29       1.0000000
      0.00000       2.7450000   6.0485097e-29       1.0000000
      0.00000       2.7460000   5.7269154e-29       1.0000000
      0.00000       2.7470000   5.4225278e-29       1.0000000
      0.00000       2.7480000   5.1344206e-29       1.0000000
      0.00000       2.7490000   4.8617176e-29       1.0000000
      0.00000       2.7500000   4.6035899e-29       1.0000000
      0.00000       2.7510000   4.3592537e-29       1.0000000
      0.00000       2.7520000   4.1279675e-29       1.0000000
      0.00000       2.7530000   3.9090299e-29       1.0000000
      0.00000       2.7540000   3.7017775e-29       1.0000000
      0.00000       2.7550000   3.5055827e-29       1.0000000
      0.00000       2.7560000   3.3198519e-29       1.0000000
      0.00000       2.7570000   3.1440235e-29       1.0000000
      0.00000       2.7580000   2.9775662e-29       1.0000000
      0.00000       2.7590000   2.8199774e-29       1.0000000
      0.00000       2.7600000   2.6707817e-29       1.0000000
      0.00000       2.7610000   2.5295292e-29       1.0000000
      0.00000       2.7620000   2.3957945e-29       1.0000000
      0.00000       2.7630000   2.2691749e-29       1.0000000
      0.00000       2.7640000   2.1492894e-29       1.0000000
      0.00000       2.7650000   2.0357777e-29       1.0000000
      0.00000       2.7660000   1.9282988e-29       1.0000000
      0.00000       2.7670000   1.8265301e-29       1.0000000
      0.00000       2.7680000   1.7301662e-29       1.0000000
      0.00000       2.7690000   1.6389184e-29       1.0000000
      0.00000       2.7700000   1.5525133e-29       1.0000000
      0.00000       2.7710000   1.4706924e-29       1.0000000
      0.00000       2.7720000   1.3932107e-29       1.0000000
      0.00000       2.7730000   1.3198369e-29       1.0000000
      0.00000       2.7740000   1.2503517e-29       1.0000000
      0.00000       2.7750000   1.1845478e-29       1.0000000
      0.00000       2.7760000   1.1222289e-29       1.0000000
      0.00000       2.7770000   1.0632092e-29       1.0000000
      0.00000       2.7780000   1.0073131e-29       1.0000000
      0.00000       2.7790000   9.5437419e-30       1.0000000
      0.00000       2.7800000   9.0423500e-30       1.0000000
      0.00000       2.7810000   8.5674656e-30       1.0000000
      0.00000       2.7820000   8.1176786e-30       1.0000000
      0.00000       2.7830000   7.6916542e-30       1.0000000
      0.00000       2.7840000   7.2881292e-30       1.0000000
      0.00000       2.7850000   6.9059078e-30       1.0000000
      0.00000       2.7860000   6.5438583e-30       1.0000000
      0.00000       2.7870000   6.2009095e-30       1.0000000
      0.00000       2.7880000   5.8760474e-30       1.0000000
      0.00000       2.7890000   5.5683120e-30       1.0000000
      0.00000       2.7900000   5.2767948e-30       1.0000000
      0.00000       2.7910000   5.0006358e-30       1.0000000
      0.00000       2.7920000   4.7390207e-30       1.0000000
      0.00000       2.7930000   4.4911788e-30       1.0000000
      0.00000       2.7940000   4.2563804e-30       1.0000000
      0.00000       2.7950000   4.0339347e-30       1.0000000
      0.00000       2.7960000   3.8231879e-30       1.0000000
      0.00000       2.7970000   3.6235207e-30       1.0000000
      0.00000       2.7980000   3.4343470e-30       1.0000000
      0.00000       2.7990000   3.2551120e-30       1.0000000
      0.00000       2.8000000   3.0852901e-30       1.0000000
      0.00000       2.8010000   2.9243839e-30       1.0000000
      0.00000       2.8020000   2.7719223e-30       1.0000000
      0.00000       2.8030000   2.6274595e-30       1.0000000
      0.00000       2.8040000   2.4905732e-30       1.0000000
      0.00000       2.8050000   2.3608634e-30       1.0000000
      0.00000       2.8060000   2.2379516e-30       1.0000000
      0.00000       2.8070000   2.1214793e-30       1.0000000
      0.00000       2.8080000   2.0111070e-30       1.0000000
      0.00000       2.8090000   1.9065132e-30       1.0000000
      0.00000       2.8100000   1.8073935e-30       1.0000000
      0.00000       2.8110000   1.7134596e-30       1.0000000
      0.00000       2.8120000   1.6244384e-30       1.0000000
      0.00000       2.8130000   1.5400715e-30       1.0000000
      0.00000       2.8140000   1.4601139e-30       1.0000000
      0.00000       2.8150000   1.3843338e-30       1.0000000
      0.00000       2.8160000   1.3125115e-30       1.0000000
      0.00000       2.8170000   1.2444391e-30       1.0000000
      0.00000       2.8180000   1.1799195e-30       1.0000000
      0.00000       2.8190000   1.1187662e-30       1.0000000
      0.00000       2.8200000   1.0608023e-30       1.0000000
      0.00000       2.8210000   1.0058606e-30       1.0000000
      0.00000       2.8220000   9.5378236e-31       1.0000000
      0.00000       2.8230000   9.0441755e-31       1.0000000
      0.00000       2.8240000   8.5762384e-31       1.0000000
      0.00000       2.8250000   8.1326649e-31       1.0000000
      0.00000       2.8260000   7.7121785e-31       1.0000000
      0.00000       2.8270000   7.3135701e-31       1.0000000
      0.00000       2.8280000   6.9356941e-31       1.0000000
      0.00000       2.8290000   6.5774656e-31       1.0000000
      0.00000       2.8300000   6.2378564e-31       1.0000000
      0.00000       2.8310000   5.9158928e-31       1.0000000
      0.00000       2.8320000   5.6106522e-31       1.0000000
      0.00000       2.8330000   5.3212605e-31       1.0000000
      0.00000       2.8340000   5.0468897e-31       1.0000000
      0.00000       2.8350000   4.7867552e-31       1.0000000
      0.00000       2.8360000   4.5401136e-31       1.0000000
      0.00000       2.8370000   4.3062608e-31       1.0000000
      0.00000       2.8380000   4.0845295e-31       1.0000000
      0.00000       2.8390000   3.8742873e-31       1.0000000
      0.00000       2.8400000   3.6749353e-31       1.0000000
      0.00000       2.8410000   3.4859058e-31       1.0000000
      0.00000       2.8420000   3.3066609e-31       1.0000000
      0.00000       2.8430000   3.1366911e-31       1.0000000
      0.00000       2.8440000   2.9755133e-31       1.0000000
      0.00000       2.8450000   2.8226699e-31       1.0000000
      0.00000       2.8460000   2.6777273e-31       1.0000000
      0.00000       2.8470000   2.5402744e-31       1.0000000
      0.00000       2.8480000   2.4099218e-31       1.0000000
      0.00000       2.8490000   2.2863005e-31       1.0000000
      0.00000       2.8500000   2.1690607e-31       1.0000000
      0.00000       2.8510000   2.0578708e-31       1.0000000
      0.00000       2.8520000   1.9524167e-31       1.0000000
      0.00000       2.8530000   1.8524008e-31       1.0000000
      0.00000       2.8540000   1.7575407e-31       1.0000000
      0.00000       2.8550000   1.6675690e-31       1.0000000
      0.00000       2.8560000   1.5822323e-31       1.0000000
      0.00000       2.8570000   1.5012902e-31       1.0000000
      0.00000       2.8580000   1.4245150e-31       1.0000000
      0.00000       2.8590000   1.3516909e-31       1.0000000
      0.00000       2.8600000   1.2826133e-31       1.0000000
      0.00000       2.8610000   1.2170881e-31       1.0000000
      0.00000       2.8620000   1.1549317e-31       1.0000000
      0.00000       2.8630000   1.0959696e-31       1.0000000
      0.00000       2.8640000   1.0400367e-31       1.0000000
      0.00000       2.8650000   9.8697637e-32       1.0000000
      0.00000       2.8660000   9.3664020e-32       1.0000000
      0.00000       2.8670000   8.8888742e-32       1.0000000
      0.00000       2.8680000   8.4358462e-32       1.0000000
      0.00000       2.8690000   8.0060531e-32       1.0000000
      0.00000       2.8700000   7.5982957e-32       1.0000000
      0.00000       2.8710000   7.2114372e-32       1.0000000
      0.00000       2.8720000   6.8443997e-32       1.0000000
      0.00000       2.8730000   6.4961613e-32       1.0000000
      0.00000       2.8740000   6.1657531e-32       1.0000000
      0.00000       2.8750000   5.8522564e-32       1.0000000
      0.00000       2.8760000   5.5548002e-32       1.0000000
      0.00000       2.8770000   5.2725586e-32       1.0000000
      0.00000       2.8780000   5.0047485e-32       1.0000000
      0.00000       2.8790000   4.7506274e-32       1.0000000
      0.00000       2.8800000   4.5094911e-32       1.0000000
      0.00000       2.8810000   4.2806721e-32       1.0000000
      0.00000       2.8820000   4.0635371e-32       1.0000000
      0.00000       2.8830000   3.8574859e-32       1.0000000
      0.00000       2.8840000   3.6619490e-32       1.0000000
      0.00000       2.8850000   3.4763867e-32       1.0000000
      0.00000       2.8860000   3.3002868e-32       1.0000000
      0.00000       2.8870000   3.1331639e-32       1.0000000
      0.00000       2.8880000   2.9745575e-32       1.0000000
      0.00000       2.8890000   2.8240308e-32       1.0000000
      0.00000       2.8900000   2.6811696e-32       1.0000000
      0.00000       2.8910000   2.5455812e-32       1.0000000
      0.00000       2.8920000   2.4168929e-32       1.0000000
      0.00000       2.8930000   2.2947515e-32       1.0000000
      0.00000       2.8940000   2.1788217e-32       1.0000000
      0.00000       2.8950000   2.0687856e-32       1.0000000
      0.00000       2.8960000   1.9643419e-32       1.0000000
      0.00000       2.8970000   1.8652044e-32       1.0000000
      0.00000       2.8980000   1.7711018e-32       1.0000000
      0.00000       2.8990000   1.6817770e-32       1.0000000
      0.00000       2.9000000   1.5969857e-32       1.0000000
      0.00000       2.9010000   1.5164964e-32       1.0000000
      0.00000       2.9020000   1.4400895e-32       1.0000000
      0.00000       2.9030000   1.3675567e-32       1.0000000
      0.00000       2.9040000   1.2987002e-32       1.0000000
      0.00000       2.9050000   1.2333325e-32       1.0000000
      0.00000       2.9060000   1.1712759e-32       1.0000000
      0.00000       2.9070000   1.1123615e-32       1.0000000
      0.00000       2.9080000   1.0564291e-32       1.0000000
      0.00000       2.9090000   1.0033270e-32       1.0000000
      0.00000       2.9100000   9.5291103e-33       1.0000000
      0.00000       2.9110000   9.0504440e-33       1.0000000
      0.00000       2.9120000   8.5959742e-33       1.0000000
      0.00000       2.9130000   8.1644702e-33       1.0000000
      0.00000       2.9140000   7.7547640e-33       1.0000000
      0.00000       2.9150000   7.3657477e-33       1.0000000
      0.00000       2.9160000   6.9963698e-33       1.0000000
      0.00000       2.9170000   6.6456327e-33       1.0000000
      0.00000       2.9180000   6.3125898e-33       1.0000000
      0.00000       2.9190000   5.9963428e-33       1.0000000
      0.00000       2.9200000   5.6960394e-33       1.0000000
      0.00000       2.9210000   5.4108707e-33       1.0000000
      0.00000       2.9220000   5.1400691e-33       1.0000000
      0.00000       2.9230000   4.8829064e-33       1.0000000
      0.00000       2.9240000   4.6386912e-33       1.0000000
      0.00000       2.9250000   4.4067675e-33       1.0000000
      0.00000       2.9260000   4.1865129e-33       1.0000000
      0.00000       2.9270000   3.9773365e-33       1.0000000
      0.00000       2.9280000   3.7786776e-33       1.0000000
      0.00000       2.9290000   3.5900041e-33       1.0000000
      0.00000       2.9300000   3.4108109e-33       1.0000000
      0.00000       2.9310000   3.2406187e-33       1.0000000
      0.00000       2.9320000   3.0789725e-33       1.0000000
      0.00000       2.9330000   2.9254404e-33       1.0000000
      0.00000       2.9340000   2.7796126e-33       1.0000000
      0.00000       2.9350000   2.6411001e-33       1.0000000
      0.00000       2.9360000   2.5095336e-33       1.0000000
      0.00000       2.9370000   2.3845626e-33       1.0000000
      0.00000       2.9380000   2.2658543e-33       1.0000000
      0.00000       2.9390000   2.1530930e-33       1.0000000
      0.00000       2.9400000   2.0459788e-33       1.0000000
      0.00000       2.9410000   1.9442272e-33       1.0000000
      0.00000       2.9420000   1.8475680e-33       1.0000000
      0.00000       2.9430000   1.7557448e-33       1.0000000
      0.00000       2.9440000   1.6685140e-33       1.0000000
      0.00000       2.9450000   1.5856445e-33       1.0000000
      0.00000       2.9460000   1.5069170e-33       1.0000000
      0.00000       2.9470000   1.4321230e-33       1.0000000
      0.00000       2.9480000   1.3610649e-33       1.0000000
      0.00000       2.9490000   1.2935548e-33       1.0000000
      0.00000       2.9500000   1.2294144e-33       1.0000000
      0.00000       2.9510000   1.1684746e-33       1.0000000
      0.00000       2.9520000   1.1105746e-33       1.0000000
      0.00000       2.9530000   1.0555618e-33       1.0000000
      0.00000       2.9540000   1.0032913e-33       1.0000000
      0.00000       2.9550000   9.5362564e-34       1.0000000
      0.00000       2.9560000   9.0643412e-34       1.0000000
      0.00000       2.9570000   8.6159272e-34       1.0000000
      0.00000       2.9580000   8.1898369e-34       1.0000000
      0.00000       2.9590000   7.7849518e-34       1.0000000
      0.00000       2.9600000   7.4002100e-34       1.0000000
      0.00000       2.9610000   7.0346030e-34       1.0000000
      0.00000       2.9620000   6.6871732e-34       1.0000000
      0.00000       2.9630000   6.3570112e-34       1.0000000
      0.00000       2.9640000   6.0432534e-34       1.0000000
      0.00000       2.9650000   5.7450795e-34       1.0000000
      0.00000       2.9660000   5.4617108e-34       1.0000000
      0.00000       2.9670000   5.1924073e-34       1.0000000
      0.00000       2.9680000   4.9364667e-34       1.0000000
      0.00000       2.9690000   4.6932216e-34       1.0000000
      0.00000       2.9700000   4.4620384e-34       1.0000000
      0.00000       2.9710000   4.2423152e-34       1.0000000
      0.00000       2.9720000   4.0334803e-34       1.0000000
      0.00000       2.9730000   3.8349907e-34       1.0000000
      0.00000       2.9740000   3.6463309e-34       1.0000000
      0.00000       2.9750000   3.4670108e-34       1.0000000
      0.00000       2.9760000   3.2965652e-34       1.0000000
      0.00000       2.9770000   3.1345522e-34       1.0000000
      0.00000       2.9780000   2.9805519e-34       1.0000000
      0.00000       2.9790000   2.8341656e-34       1.0000000
      0.00000       2.9800000   2.6950144e-34       1.0000000
      0.00000       2.9810000   2.5627385e-34       1.0000000
      0.00000       2.9820000   2.4369961e-34       1.0000000
      0.00000       2.9830000   2.3174624e-34       1.0000000
      0.00000       2.9840000   2.2038289e-34       1.0000000
      0.00000       2.9850000   2.0958026e-34       1.0000000
      0.00000       2.9860000   1.9931051e-34       1.0000000
      0.00000       2.9870000   1.8954717e-34       1.0000000
      0.00000       2.9880000   1.8026513e-34       1.0000000
      0.00000       2.9890000   1.7144051e-34       1.0000000
      0.00000       2.9900000   1.6305062e-34       1.0000000
      0.00000       2.9910000   1.5507391e-34       1.0000000
      0.00000       2.9920000   1.4748991e-34       1.0000000
      0.00000       2.9930000   1.4027917e-34       1.0000000
      0.00000       2.9940000   1.3342318e-34       1.0000000
      0.00000       2.9950000   1.2690440e-34       1.0000000
      0.00000       2.9960000   1.2070614e-34       1.0000000
      0.00000       2.9970000   1.1481252e-34       1.0000000
      0.00000       2.9980000   1.0920850e-34       1.0000000
      0.00000       2.9990000   1.0387974e-34       1.0000000
      0.00000       3.0000000   9.8812638e-35       1.0000000
      0.00000       3.0010000   9.3994272e-35       1.0000000
      0.00000       3.0020000   8.9412351e-35       1.0000000
      0.00000       3.0030000   8.5055200e-35       1.0000000
      0.00000       3.0040000   8.0911723e-35       1.0000000
      0.00000       3.0050000   7.6971376e-35       1.0000000
      0.00000       3.0060000   7.3224137e-35       1.0000000
      0.00000       3.0070000   6.9660484e-35       1.0000000
      0.00000       3.0080000   6.6271365e-35       1.0000000
      0.00000       3.0090000   6.3048178e-35       1.0000000
      0.00000       3.0100000   5.9982748e-35       1.0000000
      0.00000       3.0110000   5.7067306e-35       1.0000000
      0.00000       3.0120000   5.4294467e-35       1.0000000
      0.00000       3.0130000   5.1657210e-35       1.0000000
      0.00000       3.0140000   4.9148866e-35       1.0000000
      0.00000       3.0150000   4.6763093e-35       1.0000000
      0.00000       3.0160000   4.4493864e-35       1.0000000
      0.00000       3.0170000   4.2335449e-35       1.0000000
      0.00000       3.0180000   4.0282404e-35       1.0000000
      0.00000       3.0190000   3.8329552e-35       1.0000000
      0.00000       3.0200000   3.6471973e-35       1.0000000
      0.00000       3.0210000   3.4704989e-35       1.0000000
      0.00000       3.0220000   3.3024154e-35       1.0000000
      0.00000       3.0230000   3.1425242e-35       1.0000000
      0.00000       3.0240000   2.9904234e-35       1.0000000
      0.00000       3.0250000   2.8457311e-35       1.0000000
      0.00000       3.0260000   2.7080841e-35       1.0000000
      0.00000       3.0270000   2.5771373e-35       1.0000000
      0.00000       3.0280000   2.4525625e-35       1.0000000
      0.00000       3.0290000   2.3340476e-35       1.0000000
      0.00000       3.0300000   2.2212960e-35       1.0000000
      0.00000       3.0310000   2.1140256e-35       1.0000000
      0.00000       3.0320000   2.0119684e-35       1.0000000
      0.00000       3.0330000   1.9148694e-35       1.0000000
      0.00000       3.0340000   1.8224861e-35       1.0000000
      0.00000       3.0350000   1.7345882e-35       1.0000000
      0.00000       3.0360000   1.6509565e-35       1.0000000
      0.00000       3.0370000   1.5713825e-35       1.0000000
      0.00000       3.0380000   1.4956682e-35       1.0000000
      0.00000       3.0390000   1.4236253e-35       1.0000000
      0.00000       3.0400000   1.3550745e-35       1.0000000
      0.00000       3.0410000   1.2898455e-35       1.0000000
      0.00000       3.0420000   1.2277763e-35       1.0000000
      0.00000       3.0430000   1.1687129e-35       1.0000000
      0.00000       3.0440000   1.1125089e-35       1.0000000
      0.00000       3.0450000   1.0590249e-35       1.0000000
      0.00000       3.0460000   1.0081284e-35       1.0000000
      0.00000       3.0470000   9.5969353e-36       1.0000000
      0.00000       3.0480000   9.1360044e-36       1.0000000
      0.00000       3.0490000   8.6973520e-36       1.0000000
      0.00000       3.0500000   8.2798944e-36       1.0000000
      0.00000       3.0510000   7.8826012e-36       1.0000000
      0.00000       3.0520000   7.5044922e-36       1.0000000
      0.00000       3.0530000   7.1446352e-36       1.0000000
      0.00000       3.0540000   6.8021435e-36       1.0000000
      0.00000       3.0550000   6.4761741e-36       1.0000000
      0.00000       3.0560000   6.1659247e-36       1.0000000
      0.00000       3.0570000   5.8706325e-36       1.0000000
      0.00000       3.0580000   5.5895718e-36       1.0000000
      0.00000       3.0590000   5.3220525e-36       1.0000000
      0.00000       3.0600000   5.0674180e-36       1.0000000
      0.00000       3.0610000   4.8250438e-36       1.0000000
      0.00000       3.0620000   4.5943359e-36       1.0000000
      0.00000       3.0630000   4.3747293e-36       1.0000000
      0.00000       3.0640000   4.1656863e-36       1.0000000
      0.00000       3.0650000   3.9666956e-36       1.0000000
      0.00000       3.0660000   3.7772708e-36       1.0000000
      0.00000       3.0670000   3.5969492e-36       1.0000000
      0.00000       3.0680000   3.4252905e-36       1.0000000
      0.00000       3.0690000   3.2618759e-36       1.0000000
      0.00000       3.0700000   3.1063070e-36       1.0000000
      0.00000       3.0710000   2.9582048e-36       1.0000000
      0.00000       3.0720000   2.8172085e-36       1.0000000
      0.00000       3.0730000   2.6829752e-36       1.0000000
      0.00000       3.0740000   2.5551784e-36       1.0000000
      0.00000       3.0750000   2.4335075e-36       1.0000000
      0.00000       3.0760000   2.3176670e-36       1.0000000
      0.00000       3.0770000   2.2073757e-36       1.0000000
      0.00000       3.0780000   2.1023663e-36       1.0000000
      0.00000       3.0790000   2.0023840e-36       1.0000000
      0.00000       3.0800000   1.9071868e-36       1.0000000
      0.00000       3.0810000   1.8165441e-36       1.0000000
      0.00000       3.0820000   1.7302368e-36       1.0000000
      0.00000       3.0830000   1.6480561e-36       1.0000000
      0.00000       3.0840000   1.5698035e-36       1.0000000
      0.00000       3.0850000   1.4952901e-36       1.0000000
      0.00000       3.0860000   1.4243360e-36       1.0000000
      0.00000       3.0870000   1.3567701e-36       1.0000000
      0.00000       3.0880000   1.2924298e-36       1.0000000
      0.00000       3.0890000   1.2311599e-36       1.0000000
      0.00000       3.0900000   1.1728130e-36       1.0000000
      0.00000       3.0910000   1.1172489e-36       1.0000000
      0.00000       3.0920000   1.0643339e-36       1.0000000
      0.00000       3.0930000   1.0139410e-36       1.0000000
      0.00000       3.0940000   9.6594922e-37       1.0000000
      0.00000       3.0950000   9.2024337e-37       1.0000000
      0.00000       3.0960000   8.7671391e-37       1.0000000
      0.00000       3.0970000   8.3525656e-37       1.0000000
      0.00000       3.0980000   7.9577206e-37       1.0000000
      0.00000       3.0990000   7.5816593e-37       1.0000000
      0.00000       3.1000000   7.2234825e-37       1.0000000
      0.00000       3.1010000   6.8823343e-37       1.0000000
      0.00000       3.1020000   6.5574000e-37       1.0000000
      0.00000       3.1030000   6.2479042e-37       1.0000000
      0.00000       3.1040000   5.9531087e-37       1.0000000
      0.00000       3.1050000   5.6723109e-37       1.0000000
      0.00000       3.1060000   5.4048419e-37       1.0000000
      0.00000       3.1070000   5.1500650e-37       1.0000000
      0.00000       3.1080000   4.9073743e-37       1.0000000
      0.00000       3.1090000   4.6761926e-37       1.0000000
      0.00000       3.1100000   4.4559709e-37       1.0000000
      0.00000       3.1110000   4.2461862e-37       1.0000000
      0.00000       3.1120000   4.0463408e-37       1.0000000
      0.00000       3.1130000   3.8559607e-37       1.0000000
      0.00000       3.1140000   3.6745949e-37       1.0000000
      0.00000       3.1150000   3.5018138e-37       1.0000000
      0.00000       3.1160000   3.3372086e-37       1.0000000
      0.00000       3.1170000   3.1803899e-37       1.0000000
      0.00000       3.1180000   3.0309870e-37       1.0000000
      0.00000       3.1190000   2.8886471e-37       1.0000000
      0.00000       3.1200000   2.7530341e-37       1.0000000
      0.00000       3.1210000   2.6238282e-37       1.0000000
      0.00000       3.1220000   2.5007247e-37       1.0000000
      0.00000       3.1230000   2.3834336e-37       1.0000000
      0.00000       3.1240000   2.2716788e-37       1.0000000
      0.00000       3.1250000   2.1651972e-37       1.0000000
      0.00000       3.1260000   2.0637384e-37       1.0000000
      0.00000       3.1270000   1.9670641e-37       1.0000000
      0.00000       3.1280000   1.8749472e-37       1.0000000
      0.00000       3.1290000   1.7871715e-37       1.0000000
      0.00000       3.1300000   1.7035311e-37       1.0000000
      0.00000       3.1310000   1.6238300e-37       1.0000000
      0.00000       3.1320000   1.5478814e-37       1.0000000
      0.00000       3.1330000   1.4755077e-37       1.0000000
      0.00000       3.1340000   1.4065393e-37       1.0000000
      0.00000       3.1350000   1.3408152e-37       1.0000000
      0.00000       3.1360000   1.2781817e-37       1.0000000
      0.00000       3.1370000   1.2184926e-37       1.0000000
      0.00000       3.1380000   1.1616086e-37       1.0000000
      0.00000       3.1390000   1.1073970e-37       1.0000000
      0.00000       3.1400000   1.0557315e-37       1.0000000
      0.00000       3.1410000   1.0064918e-37       1.0000000
      0.00000       3.1420000   9.5956322e-38       1.0000000
      0.00000       3.1430000   9.1483664e-38       1.0000000
      0.00000       3.1440000   8.7220806e-38       1.0000000
      0.00000       3.1450000   8.3157846e-38       1.0000000
      0.00000       3.1460000   7.9285352e-38       1.0000000
      0.00000       3.1470000   7.5594337e-38       1.0000000
      0.00000       3.1480000   7.2076244e-38       1.0000000
      0.00000       3.1490000   6.8722920e-38       1.0000000
      0.00000       3.1500000   6.5526600e-38       1.0000000
      0.00000       3.1510000   6.2479885e-38       1.0000000
      0.00000       3.1520000   5.9575731e-38       1.0000000
      0.00000       3.1530000   5.6807423e-38       1.0000000
      0.00000       3.1540000   5.4168568e-38       1.0000000
      0.00000       3.1550000   5.1653073e-38       1.0000000
      0.00000       3.1560000   4.9255136e-38       1.0000000
      0.00000       3.1570000   4.6969227e-38       1.0000000
      0.00000       3.1580000   4.4790081e-38       1.0000000
      0.00000       3.1590000   4.2712679e-38       1.0000000
      0.00000       3.1600000   4.0732241e-38       1.0000000
      0.00000       3.1610000   3.8844213e-38       1.0000000
      0.00000       3.1620000   3.7044255e-38       1.0000000
      0.00000       3.1630000   3.5328233e-38       1.0000000
      0.00000       3.1640000   3.3692208e-38       1.0000000
      0.00000       3.1650000   3.2132428e-38       1.0000000
      0.00000       3.1660000   3.0645317e-38       1.0000000
      0.00000       3.1670000   2.9227468e-38       1.0000000
      0.00000       3.1680000   2.7875635e-38       1.0000000
      0.00000       3.1690000   2.6586724e-38       1.0000000
      0.00000       3.1700000   2.5357788e-38       1.0000000
      0.00000       3.1710000   2.4186019e-38       1.0000000
      0.00000       3.1720000   2.3068742e-38       1.0000000
      0.00000       3.1730000   2.2003405e-38       1.0000000
      0.00000       3.1740000   2.0987579e-38       1.0000000
      0.00000       3.1750000   2.0018948e-38       1.0000000
      0.00000       3.1760000   1.9095307e-38       1.0000000
      0.00000       3.1770000   1.8214551e-38       1.0000000
      0.00000       3.1780000   1.7374678e-38       1.0000000
      0.00000       3.1790000   1.6573778e-38       1.0000000
      0.00000       3.1800000   1.5810030e-38       1.0000000
      0.00000       3.1810000   1.5081701e-38       1.0000000
      0.00000       3.1820000   1.4387138e-38       1.0000000
      0.00000       3.1830000   1.3724765e-38       1.0000000
      0.00000       3.1840000   1.3093081e-38       1.0000000
      0.00000       3.1850000   1.2490655e-38       1.0000000
      0.00000       3.1860000   1.1916123e-38       1.0000000
      0.00000       3.1870000   1.1368186e-38       1.0000000
      0.00000       3.1880000   1.0845605e-38       1.0000000
      0.00000       3.1890000   1.0347199e-38       1.0000000
      0.00000       3.1900000   9.8718431e-39       1.0000000
      0.00000       3.1910000   9.4184638e-39       1.0000000
      0.00000       3.1920000   8.9860390e-39       1.0000000
      0.00000       3.1930000   8.5735941e-39       1.0000000
      0.00000       3.1940000   8.1802002e-39       1.0000000
      0.00000       3.1950000   7.8049716e-39       1.0000000
      0.00000       3.1960000   7.4470643e-39       1.0000000
      0.00000       3.1970000   7.1056737e-39       1.0000000
      0.00000       3.1980000   6.7800327e-39       1.0000000
      0.00000       3.1990000   6.4694102e-39       1.0000000
      0.00000       3.2000000   6.1731091e-39       1.0000000
      0.00000       3.2010000   5.8904650e-39       1.0000000
      0.00000       3.2020000   5.6208444e-39       1.0000000
      0.00000       3.2030000   5.3636435e-39       1.0000000
      0.00000       3.2040000   5.1182865e-39       1.0000000
      0.00000       3.2050000   4.8842246e-39       1.0000000
      0.00000       3.2060000   4.6609345e-39       1.0000000
      0.00000       3.2070000   4.4479174e-39       1.0000000
      0.00000       3.2080000   4.2446976e-39       1.0000000
      0.00000       3.2090000   4.0508218e-39       1.0000000
      0.00000       3.2100000   3.8658575e-39       1.0000000
      0.00000       3.2110000   3.6893925e-39       1.0000000
      0.00000       3.2120000   3.5210339e-39       1.0000000
      0.00000       3.2130000   3.3604069e-39       1.0000000
      0.00000       3.2140000   3.2071542e-39       1.0000000
      0.00000       3.2150000   3.0609350e-39       1.0000000
      0.00000       3.2160000   2.9214247e-39       1.0000000
      0.00000       3.2170000   2.7883133e-39       1.0000000
      0.00000       3.2180000   2.6613055e-39       1.0000000
      0.00000       3.2190000   2.5401198e-39       1.0000000
      0.00000       3.2200000   2.4244875e-39       1.0000000
      0.00000       3.2210000   2.3141525e-39       1.0000000
      0.00000       3.2220000   2.2088707e-39       1.0000000
      0.00000       3.2230000   2.1084091e-39       1.0000000
      0.00000       3.2240000   2.0125456e-39       1.0000000
      0.00000       3.2250000   1.9210685e-39       1.0000000
      0.00000       3.2260000   1.8337758e-39       1.0000000
      0.00000       3.2270000   1.7504749e-39       1.0000000
      0.00000       3.2280000   1.6709821e-39       1.0000000
      0.00000       3.2290000   1.5951222e-39       1.0000000
      0.00000       3.2300000   1.5227281e-39       1.0000000
      0.00000       3.2310000   1.4536404e-39       1.0000000
      0.00000       3.2320000   1.3877073e-39       1.0000000
      0.00000       3.2330000   1.3247838e-39       1.0000000
      0.00000       3.2340000   1.2647316e-39       1.0000000
      0.00000       3.2350000   1.2074188e-39       1.0000000
      0.00000       3.2360000   1.1527198e-39       1.0000000
      0.00000       3.2370000   1.1005146e-39       1.0000000
      0.00000       3.2380000   1.0506886e-39       1.0000000
      0.00000       3.2390000   1.0031330e-39       1.0000000
      0.00000       3.2400000   9.5774340e-40       1.0000000
      0.00000       3.2410000   9.1442069e-40       1.0000000
      0.00000       3.2420000   8.7307012e-40       1.0000000
      0.00000       3.2430000   8.3360133e-40       1.0000000
      0.00000       3.2440000   7.9592816e-40       1.0000000
      0.00000       3.2450000   7.5996839e-40       1.0000000
      0.00000       3.2460000   7.2564361e-40       1.0000000
      0.00000       3.2470000   6.9287901e-40       1.0000000
      0.00000       3.2480000   6.6160323e-40       1.0000000
      0.00000       3.2490000   6.3174818e-40       1.0000000
      0.00000       3.2500000   6.0324892e-40       1.0000000
      0.00000       3.2510000   5.7604349e-40       1.0000000
      0.00000       3.2520000   5.5007279e-40       1.0000000
      0.00000       3.2530000   5.2528042e-40       1.0000000
      0.00000       3.2540000   5.0161257e-40       1.0000000
      0.00000       3.2550000   4.7901793e-40       1.0000000
      0.00000       3.2560000   4.5744751e-40       1.0000000
      0.00000       3.2570000   4.3685460e-40       1.0000000
      0.00000       3.2580000   4.1719463e-40       1.0000000
      0.00000       3.2590000   3.9842505e-40       1.0000000
      0.00000       3.2600000   3.8050528e-40       1.0000000
      0.00000       3.2610000   3.6339662e-40       1.0000000
      0.00000       3.2620000   3.4706210e-40       1.0000000
      0.00000       3.2630000   3.3146649e-40       1.0000000
      0.00000       3.2640000   3.1657615e-40       1.0000000
      0.00000       3.2650000   3.0235897e-40       1.0000000
      0.00000       3.2660000   2.8878434e-40       1.0000000
      0.00000       3.2670000   2.7582303e-40       1.0000000
      0.00000       3.2680000   2.6344716e-40       1.0000000
      0.00000       3.2690000   2.5163011e-40       1.0000000
      0.00000       3.2700000   2.4034650e-40       1.0000000
      0.00000       3.2710000   2.2957209e-40       1.0000000
      0.00000       3.2720000   2.1928375e-40       1.0000000
      0.00000       3.2730000   2.0945942e-40       1.0000000
      0.00000       3.2740000   2.0007805e-40       1.0000000
      0.00000       3.2750000   1.9111952e-40       1.0000000
      0.00000       3.2760000   1.8256467e-40       1.0000000
      0.00000       3.2770000   1.7439519e-40       1.0000000
      0.00000       3.2780000   1.6659360e-40       1.0000000
      0.00000       3.2790000   1.5914324e-40       1.0000000
      0.00000       3.2800000   1.5202820e-40       1.0000000
      0.00000       3.2810000   1.4523328e-40       1.0000000
      0.00000       3.2820000   1.3874399e-40       1.0000000
      0.00000       3.2830000   1.3254651e-40       1.0000000
      0.00000       3.2840000   1.2662762e-40       1.0000000
      0.00000       3.2850000   1.2097472e-40       1.0000000
      0.00000       3.2860000   1.1557578e-40       1.0000000
      0.00000       3.2870000   1.1041933e-40       1.0000000
      0.00000       3.2880000   1.0549439e-40       1.0000000
      0.00000       3.2890000   1.0079052e-40       1.0000000
      0.00000       3.2900000   9.6297721e-41       1.0000000
      0.00000       3.2910000   9.2006468e-41       1.0000000
      0.00000       3.2920000   8.7907660e-41       1.0000000
      0.00000       3.2930000   8.3992613e-41       1.0000000
      0.00000       3.2940000   8.0253037e-41       1.0000000
      0.00000       3.2950000   7.6681017e-41       1.0000000
      0.00000       3.2960000   7.3268997e-41       1.0000000
      0.00000       3.2970000   7.0009767e-41       1.0000000
      0.00000       3.2980000   6.6896440e-41       1.0000000
      0.00000       3.2990000   6.3922444e-41       1.0000000
      0.00000       3.3000000   6.1081504e-41       1.0000000
      0.00000       3.3010000   5.8367629e-41       1.0000000
      0.00000       3.3020000   5.5775101e-41       1.0000000
      0.00000       3.3030000   5.3298458e-41       1.0000000
      0.00000       3.3040000   5.0932489e-41       1.0000000
      0.00000       3.3050000   4.8672217e-41       1.0000000
      0.00000       3.3060000   4.6512889e-41       1.0000000
      0.00000       3.3070000   4.4449969e-41       1.0000000
      0.00000       3.3080000   4.2479126e-41       1.0000000
      0.00000       3.3090000   4.0596223e-41       1.0000000
      0.00000       3.3100000   3.8797312e-41       1.0000000
      0.00000       3.3110000   3.7078622e-41       1.0000000
      0.00000       3.3120000   3.5436554e-41       1.0000000
      0.00000       3.3130000   3.3867670e-41       1.0000000
      0.00000       3.3140000   3.2368687e-41       1.0000000
      0.00000       3.3150000   3.0936472e-41       1.0000000
      0.00000       3.3160000   2.9568032e-41       1.0000000
      0.00000       3.3170000   2.8260509e-41       1.0000000
      0.00000       3.3180000   2.7011173e-41       1.0000000
      0.00000       3.3190000   2.5817420e-41       1.0000000
      0.00000       3.3200000   2.4676760e-41       1.0000000
      0.00000       3.3210000   2.3586818e-41       1.0000000
      0.00000       3.3220000   2.2545324e-41       1.0000000
      0.00000       3.3230000   2.1550111e-41       1.0000000
      0.00000       3.3240000   2.0599109e-41       1.0000000
      0.00000       3.3250000   1.9690342e-41       1.0000000
      0.00000       3.3260000   1.8821922e-41       1.0000000
      0.00000       3.3270000   1.7992047e-41       1.0000000
      0.00000       3.3280000   1.7198995e-41       1.0000000
      0.00000       3.3290000   1.6441121e-41       1.0000000
      0.00000       3.3300000   1.5716856e-41       1.0000000
      0.00000       3.3310000   1.5024700e-41       1.0000000
      0.00000       3.3320000   1.4363219e-41       1.0000000
      0.00000       3.3330000   1.3731047e-41       1.0000000
      0.00000       3.3340000   1.3126876e-41       1.0000000
      0.00000       3.3350000   1.2549458e-41       1.0000000
      0.00000       3.3360000   1.1997601e-41       1.0000000
      0.00000       3.3370000   1.1470166e-41       1.0000000
      0.00000       3.3380000   1.0966066e-41       1.0000000
      0.00000       3.3390000   1.0484261e-41       1.0000000
      0.00000       3.3400000   1.0023760e-41       1.0000000
      0.00000       3.3410000   9.5836149e-42       1.0000000
      0.00000       3.3420000   9.1629194e-42       1.0000000
      0.00000       3.3430000   8.7608090e-42       1.0000000
      0.00000       3.3440000   8.3764574e-42       1.0000000
      0.00000       3.3450000   8.0090755e-42       1.0000000
      0.00000       3.3460000   7.6579091e-42       1.0000000
      0.00000       3.3470000   7.3222381e-42       1.0000000
      0.00000       3.3480000   7.0013744e-42       1.0000000
      0.00000       3.3490000   6.6946607e-42       1.0000000
      0.00000       3.3500000   6.4014690e-42       1.0000000
      0.00000       3.3510000   6.1211994e-42       1.0000000
      0.00000       3.3520000   5.8532788e-42       1.0000000
      0.00000       3.3530000   5.5971595e-42       1.0000000
      0.00000       3.3540000   5.3523186e-42       1.0000000
      0.00000       3.3550000   5.1182562e-42       1.0000000
      0.00000       3.3560000   4.8944949e-42       1.0000000
      0.00000       3.3570000   4.6805783e-42       1.0000000
      0.00000       3.3580000   4.4760706e-42       1.0000000
      0.00000       3.3590000   4.2805554e-42       1.0000000
      0.00000       3.3600000   4.0936348e-42       1.0000000
      0.00000       3.3610000   3.9149285e-42       1.0000000
      0.00000       3.3620000   3.7440732e-42       1.0000000
      0.00000       3.3630000   3.5807220e-42       1.0000000
      0.00000       3.3640000   3.4245431e-42       1.0000000
      0.00000       3.3650000   3.2752195e-42       1.0000000
      0.00000       3.3660000   3.1324486e-42       1.0000000
      0.00000       3.3670000   2.9959409e-42       1.0000000
      0.00000       3.3680000   2.8654199e-42       1.0000000
      0.00000       3.3690000   2.7406215e-42       1.0000000
      0.00000       3.3700000   2.6212930e-42       1.0000000
      0.00000       3.3710000   2.5071933e-42       1.0000000
      0.00000       3.3720000   2.3980918e-42       1.0000000
      0.00000       3.3730000   2.2937682e-42       1.0000000
      0.00000       3.3740000   2.1940118e-42       1.0000000
      0.00000       3.3750000   2.0986215e-42       1.0000000
      0.00000       3.3760000   2.0074050e-42       1.0000000
      0.00000       3.3770000   1.9201785e-42       1.0000000
      0.00000       3.3780000   1.8367664e-42       1.0000000
      0.00000       3.3790000   1.7570007e-42       1.0000000
      0.00000       3.3800000   1.6807211e-42       1.0000000
      0.00000       3.3810000   1.6077743e-42       1.0000000
      0.00000       3.3820000   1.5380137e-42       1.0000000
      0.00000       3.3830000   1.4712993e-42       1.0000000
      0.00000       3.3840000   1.4074972e-42       1.0000000
      0.00000       3.3850000   1.3464795e-42       1.0000000
      0.00000       3.3860000   1.2881239e-42       1.0000000
      0.00000       3.3870000   1.2323135e-42       1.0000000
      0.00000       3.3880000   1.1789366e-42       1.0000000
      0.00000       3.3890000   1.1278864e-42       1.0000000
      0.00000       3.3900000   1.0790609e-42       1.0000000
      0.00000       3.3910000   1.0323625e-42       1.0000000
      0.00000       3.3920000   9.8769797e-43       1.0000000
      0.00000       3.3930000   9.4497812e-43       1.0000000
      0.00000       3.3940000   9.0411777e-43       1.0000000
      0.00000       3.3950000   8.6503546e-43       1.0000000
      0.00000       3.3960000   8.2765333e-43       1.0000000
      0.00000       3.3970000   7.9189695e-43       1.0000000
      0.00000       3.3980000   7.5769517e-43       1.0000000
      0.00000       3.3990000   7.2497998e-43       1.0000000
      0.00000       3.4000000   6.9368634e-43       1.0000000
      0.00000       3.4010000   6.6375210e-43       1.0000000
      0.00000       3.4020000   6.3511784e-43       1.0000000
      0.00000       3.4030000   6.0772673e-43       1.0000000
      0.00000       3.4040000   5.8152446e-43       1.0000000
      0.00000       3.4050000   5.5645912e-43       1.0000000
      0.00000       3.4060000   5.3248105e-43       1.0000000
      0.00000       3.4070000   5.0954280e-43       1.0000000
      0.00000       3.4080000   4.8759898e-43       1.0000000
      0.00000       3.4090000   4.6660621e-43       1.0000000
      0.00000       3.4100000   4.4652302e-43       1.0000000
      0.00000       3.4110000   4.2730974e-43       1.0000000
      0.00000       3.4120000   4.0892845e-43       1.0000000
      0.00000       3.4130000   3.9134290e-43       1.0000000
      0.00000       3.4140000   3.7451842e-43       1.0000000
      0.00000       3.4150000   3.5842187e-43       1.0000000
      0.00000       3.4160000   3.4302154e-43       1.0000000
      0.00000       3.4170000   3.2828715e-43       1.0000000
      0.00000       3.4180000   3.1418970e-43       1.0000000
      0.00000       3.4190000   3.0070149e-43       1.0000000
      0.00000       3.4200000   2.8779603e-43       1.0000000
      0.00000       3.4210000   2.7544797e-43       1.0000000
      0.00000       3.4220000   2.6363309e-43       1.0000000
      0.00000       3.4230000   2.5232822e-43       1.0000000
      0.00000       3.4240000   2.4151121e-43       1.0000000
      0.00000       3.4250000   2.3116087e-43       1.0000000
      0.00000       3.4260000   2.2125694e-43       1.0000000
      0.00000       3.4270000   2.1178005e-43       1.0000000
      0.00000       3.4280000   2.0271165e-43       1.0000000
      0.00000       3.4290000   1.9403404e-43       1.0000000
      0.00000       3.4300000   1.8573027e-43       1.0000000
      0.00000       3.4310000   1.7778413e-43       1.0000000
      0.00000       3.4320000   1.7018012e-43       1.0000000
      0.00000       3.4330000   1.6290341e-43       1.0000000
      0.00000       3.4340000   1.5593984e-43       1.0000000
      0.00000       3.4350000   1.4927583e-43       1.0000000
      0.00000       3.4360000   1.4289842e-43       1.0000000
      0.00000       3.4370000   1.3679521e-43       1.0000000
      0.00000       3.4380000   1.3095433e-43       1.0000000
      0.00000       3.4390000   1.2536443e-43       1.0000000
      0.00000       3.4400000   1.2001466e-43       1.0000000
      0.00000       3.4410000   1.1489465e-43       1.0000000
      0.00000       3.4420000   1.0999446e-43       1.0000000
      0.00000       3.4430000   1.0530459e-43       1.0000000
      0.00000       3.4440000   1.0081596e-43       1.0000000
      0.00000       3.4450000   9.6519878e-44       1.0000000
      0.00000       3.4460000   9.2408035e-44       1.0000000
      0.00000       3.4470000   8.8472478e-44       1.0000000
      0.00000       3.4480000   8.4705601e-44       1.0000000
      0.00000       3.4490000   8.1100129e-44       1.0000000
      0.00000       3.4500000   7.7649102e-44       1.0000000
      0.00000       3.4510000   7.4345863e-44       1.0000000
      0.00000       3.4520000   7.1184042e-44       1.0000000
      0.00000       3.4530000   6.8157546e-44       1.0000000
      0.00000       3.4540000   6.5260548e-44       1.0000000
      0.00000       3.4550000   6.2487470e-44       1.0000000
      0.00000       3.4560000   5.9832979e-44       1.0000000
      0.00000       3.4570000   5.7291972e-44       1.0000000
      0.00000       3.4580000   5.4859565e-44       1.0000000
      0.00000       3.4590000   5.2531088e-44       1.0000000
      0.00000       3.4600000   5.0302073e-44       1.0000000
      0.00000       3.4610000   4.8168243e-44       1.0000000
      0.00000       3.4620000   4.6125509e-44       1.0000000
      0.00000       3.4630000   4.4169956e-44       1.0000000
      0.00000       3.4640000   4.2297841e-44       1.0000000
      0.00000       3.4650000   4.0505580e-44       1.0000000
      0.00000       3.4660000   3.8789747e-44       1.0000000
      0.00000       3.4670000   3.7147060e-44       1.0000000
      0.00000       3.4680000   3.5574383e-44       1.0000000
      0.00000       3.4690000   3.4068713e-44       1.0000000
      0.00000       3.4700000   3.2627176e-44       1.0000000
      0.00000       3.4710000   3.1247023e-44       1.0000000
      0.00000       3.4720000   2.9925625e-44       1.0000000
      0.00000       3.4730000   2.8660463e-44       1.0000000
      0.00000       3.4740000   2.7449130e-44       1.0000000
      0.00000       3.4750000   2.6289321e-44       1.0000000
      0.00000       3.4760000   2.5178829e-44       1.0000000
      0.00000       3.4770000   2.4115546e-44       1.0000000
      0.00000       3.4780000   2.3097451e-44       1.0000000
      0.00000       3.4790000   2.2122611e-44       1.0000000
      0.00000       3.4800000   2.1189178e-44       1.0000000
      0.00000       3.4810000   2.0295381e-44       1.0000000
      0.00000       3.4820000   1.9439527e-44       1.0000000
      0.00000       3.4830000   1.8619994e-44       1.0000000
      0.00000       3.4840000   1.7835231e-44       1.0000000
      0.00000       3.4850000   1.7083755e-44       1.0000000
      0.00000       3.4860000   1.6364144e-44       1.0000000
      0.00000       3.4870000   1.5675038e-44       1.0000000
      0.00000       3.4880000   1.5015136e-44       1.0000000
      0.00000       3.4890000   1.4383192e-44       1.0000000
      0.00000       3.4900000   1.3778015e-44       1.0000000
      0.00000       3.4910000   1.3198464e-44       1.0000000
      0.00000       3.4920000   1.2643446e-44       1.0000000
      0.00000       3.4930000   1.2111916e-44       1.0000000
      0.00000       3.4940000   1.1602875e-44       1.0000000
      0.00000       3.4950000   1.1115364e-44       1.0000000
      0.00000       3.4960000   1.0648467e-44       1.0000000
      0.00000       3.4970000   1.0201308e-44       1.0000000
      0.00000       3.4980000   9.7730457e-45       1.0000000
      0.00000       3.4990000   9.3628772e-45       1.0000000
      0.00000       3.5000000   8.9700332e-45       1.0000000
      0.00000       3.5010000   8.5937771e-45       1.0000000
      0.00000       3.5020000   8.2334042e-45       1.0000000
      0.00000       3.5030000   7.8882398e-45       1.0000000
      0.00000       3.5040000   7.5576378e-45       1.0000000
      0.00000       3.5050000   7.2409801e-45       1.0000000
      0.00000       3.5060000   6.9376748e-45       1.0000000
      0.00000       3.5070000   6.6471552e-45       1.0000000
      0.00000       3.5080000   6.3688790e-45       1.0000000
      0.00000       3.5090000   6.1023269e-45       1.0000000
      0.00000       3.5100000   5.8470018e-45       1.0000000
      0.00000       3.5110000   5.6024280e-45       1.0000000
      0.00000       3.5120000   5.3681497e-45       1.0000000
      0.00000       3.5130000   5.1437308e-45       1.0000000
      0.00000       3.5140000   4.9287538e-45       1.0000000
      0.00000       3.5150000   4.7228190e-45       1.0000000
      0.00000       3.5160000   4.5255435e-45       1.0000000
      0.00000       3.5170000   4.3365609e-45       1.0000000
      0.00000       3.5180000   4.1555205e-45       1.0000000
      0.00000       3.5190000   3.9820864e-45       1.0000000
      0.00000       3.5200000   3.8159369e-45       1.0000000
      0.00000       3.5210000   3.6567641e-45       1.0000000
      0.00000       3.5220000   3.5042732e-45       1.0000000
      0.00000       3.5230000   3.3581820e-45       1.0000000
      0.00000       3.5240000   3.2182201e-45       1.0000000
      0.00000       3.5250000   3.0841288e-45       1.0000000
      0.00000       3.5260000   2.9556602e-45       1.0000000
      0.00000       3.5270000   2.8325772e-45       1.0000000
      0.00000       3.5280000   2.7146524e-45       1.0000000
      0.00000       3.5290000   2.6016684e-45       1.0000000
      0.00000       3.5300000   2.4934169e-45       1.0000000
      0.00000       3.5310000   2.3896983e-45       1.0000000
      0.00000       3.5320000   2.2903216e-45       1.0000000
      0.00000       3.5330000   2.1951039e-45       1.0000000
      0.00000       3.5340000   2.1038701e-45       1.0000000
      0.00000       3.5350000   2.0164524e-45       1.0000000
      0.00000       3.5360000   1.9326902e-45       1.0000000
      0.00000       3.5370000   1.8524297e-45       1.0000000
      0.00000       3.5380000   1.7755235e-45       1.0000000
      0.00000       3.5390000   1.7018305e-45       1.0000000
      0.00000       3.5400000   1.6312157e-45       1.0000000
      0.00000       3.5410000   1.5635497e-45       1.0000000
      0.00000       3.5420000   1.4987085e-45       1.0000000
      0.00000       3.5430000   1.4365735e-45       1.0000000
      0.00000       3.5440000   1.3770310e-45       1.0000000
      0.00000       3.5450000   1.3199722e-45       1.0000000
      0.00000       3.5460000   1.2652927e-45       1.0000000
      0.00000       3.5470000   1.2128928e-45       1.0000000
      0.00000       3.5480000   1.1626769e-45       1.0000000
      0.00000       3.5490000   1.1145532e-45       1.0000000
      0.00000       3.5500000   1.0684341e-45       1.0000000
      0.00000       3.5510000   1.0242356e-45       1.0000000
      0.00000       3.5520000   9.8187711e-46       1.0000000
      0.00000       3.5530000   9.4128162e-46       1.0000000
      0.00000       3.5540000   9.0237526e-46       1.0000000
      0.00000       3.5550000   8.6508731e-46       1.0000000
      0.00000       3.5560000   8.2935001e-46       1.0000000
      0.00000       3.5570000   7.9509848e-46       1.0000000
      0.00000       3.5580000   7.6227055e-46       1.0000000
      0.00000       3.5590000   7.3080667e-46       1.0000000
      0.00000       3.5600000   7.0064980e-46       1.0000000
      0.00000       3.5610000   6.7174532e-46       1.0000000
      0.00000       3.5620000   6.4404088e-46       1.0000000
      0.00000       3.5630000   6.1748633e-46       1.0000000
      0.00000       3.5640000   5.9203366e-46       1.0000000
      0.00000       3.5650000   5.6763684e-46       1.0000000
      0.00000       3.5660000   5.4425180e-46       1.0000000
      0.00000       3.5670000   5.2183632e-46       1.0000000
      0.00000       3.5680000   5.0034993e-46       1.0000000
      0.00000       3.5690000   4.7975389e-46       1.0000000
      0.00000       3.5700000   4.6001107e-46       1.0000000
      0.00000       3.5710000   4.4108590e-46       1.0000000
      0.00000       3.5720000   4.2294429e-46       1.0000000
      0.00000       3.5730000   4.0555361e-46       1.0000000
      0.00000       3.5740000   3.8888257e-46       1.0000000
      0.00000       3.5750000   3.7290120e-46       1.0000000
      0.00000       3.5760000   3.5758079e-46       1.0000000
      0.00000       3.5770000   3.4289384e-46       1.0000000
      0.00000       3.5780000   3.2881397e-46       1.0000000
      0.00000       3.5790000   3.1531595e-46       1.0000000
      0.00000       3.5800000   3.0237557e-46       1.0000000
      0.00000       3.5810000   2.8996965e-46       1.0000000
      0.00000       3.5820000   2.7807598e-46       1.0000000
      0.00000       3.5830000   2.6667326e-46       1.0000000
      0.00000       3.5840000   2.5574111e-46       1.0000000
      0.00000       3.5850000   2.4525999e-46       1.0000000
      0.00000       3.5860000   2.3521116e-46       1.0000000
      0.00000       3.5870000   2.2557668e-46       1.0000000
      0.00000       3.5880000   2.1633936e-46       1.0000000
      0.00000       3.5890000   2.0748273e-46       1.0000000
      0.00000       3.5900000   1.9899099e-46       1.0000000
      0.00000       3.5910000   1.9084902e-46       1.0000000
      0.00000       3.5920000   1.8304232e-46       1.0000000
      0.00000       3.5930000   1.7555699e-46       1.0000000
      0.00000       3.5940000   1.6837972e-46       1.0000000
      0.00000       3.5950000   1.6149776e-46       1.0000000
      0.00000       3.5960000   1.5489887e-46       1.0000000
      0.00000       3.5970000   1.4857134e-46       1.0000000
      0.00000       3.5980000   1.4250393e-46       1.0000000
      0.00000       3.5990000   1.3668590e-46       1.0000000
      0.00000       3.6000000   1.3110691e-46       1.0000000
      0.00000       3.6010000   1.2575709e-46       1.0000000
      0.00000       3.6020000   1.2062697e-46       1.0000000
      0.00000       3.6030000   1.1570747e-46       1.0000000
      0.00000       3.6040000   1.1098987e-46       1.0000000
      0.00000       3.6050000   1.0646585e-46       1.0000000
      0.00000       3.6060000   1.0212742e-46       1.0000000
      0.00000       3.6070000   9.7966897e-47       1.0000000
      0.00000       3.6080000   9.3976955e-47       1.0000000
      0.00000       3.6090000   9.0150552e-47       1.0000000
      0.00000       3.6100000   8.6480943e-47       1.0000000
      0.00000       3.6110000   8.2961661e-47       1.0000000
      0.00000       3.6120000   7.9586509e-47       1.0000000
      0.00000       3.6130000   7.6349547e-47       1.0000000
      0.00000       3.6140000   7.3245082e-47       1.0000000
      0.00000       3.6150000   7.0267654e-47       1.0000000
      0.00000       3.6160000   6.7412034e-47       1.0000000
      0.00000       3.6170000   6.4673205e-47       1.0000000
      0.00000       3.6180000   6.2046362e-47       1.0000000
      0.00000       3.6190000   5.9526896e-47       1.0000000
      0.00000       3.6200000   5.7110389e-47       1.0000000
      0.00000       3.6210000   5.4792609e-47       1.0000000
      0.00000       3.6220000   5.2569495e-47       1.0000000
      0.00000       3.6230000   5.0437157e-47       1.0000000
      0.00000       3.6240000   4.8391864e-47       1.0000000
      0.00000       3.6250000   4.6430041e-47       1.0000000
      0.00000       3.6260000   4.4548259e-47       1.0000000
      0.00000       3.6270000   4.2743233e-47       1.0000000
      0.00000       3.6280000   4.1011811e-47       1.0000000
      0.00000       3.6290000   3.9350973e-47       1.0000000
      0.00000       3.6300000   3.7757823e-47       1.0000000
      0.00000       3.6310000   3.6229585e-47       1.0000000
      0.00000       3.6320000   3.4763598e-47       1.0000000
      0.00000       3.6330000   3.3357310e-47       1.0000000
      0.00000       3.6340000   3.2008274e-47       1.0000000
      0.00000       3.6350000   3.0714144e-47       1.0000000
      0.00000       3.6360000   2.9472673e-47       1.0000000
      0.00000       3.6370000   2.8281702e-47       1.0000000
      0.00000       3.6380000   2.7139166e-47       1.0000000
      0.00000       3.6390000   2.6043081e-47       1.0000000
      0.00000       3.6400000   2.4991548e-47       1.0000000
      0.00000       3.6410000   2.3982743e-47       1.0000000
      0.00000       3.6420000   2.3014921e-47       1.0000000
      0.00000       3.6430000   2.2086404e-47       1.0000000
      0.00000       3.6440000   2.1195587e-47       1.0000000
      0.00000       3.6450000   2.0340930e-47       1.0000000
      0.00000       3.6460000   1.9520955e-47       1.0000000
      0.00000       3.6470000   1.8734245e-47       1.0000000
      0.00000       3.6480000   1.7979444e-47       1.0000000
      0.00000       3.6490000   1.7255248e-47       1.0000000
      0.00000       3.6500000   1.6560408e-47       1.0000000
      0.00000       3.6510000   1.5893727e-47       1.0000000
      0.00000       3.6520000   1.5254057e-47       1.0000000
      0.00000       3.6530000   1.4640296e-47       1.0000000
      0.00000       3.6540000   1.4051389e-47       1.0000000
      0.00000       3.6550000   1.3486321e-47       1.0000000
      0.00000       3.6560000   1.2944123e-47       1.0000000
      0.00000       3.6570000   1.2423863e-47       1.0000000
      0.00000       3.6580000   1.1924647e-47       1.0000000
      0.00000       3.6590000   1.1445619e-47       1.0000000
      0.00000       3.6600000   1.0985957e-47       1.0000000
      0.00000       3.6610000   1.0544873e-47       1.0000000
      0.00000       3.6620000   1.0121612e-47       1.0000000
      0.00000       3.6630000   9.7154496e-48       1.0000000
      0.00000       3.6640000   9.3256895e-48       1.0000000
      0.00000       3.6650000   8.9516657e-48       1.0000000
      0.00000       3.6660000   8.5927387e-48       1.0000000
      0.00000       3.6670000   8.2482954e-48       1.0000000
      0.00000       3.6680000   7.9177476e-48       1.0000000
      0.00000       3.6690000   7.6005311e-48       1.0000000
      0.00000       3.6700000   7.2961048e-48       1.0000000
      0.00000       3.6710000   7.0039498e-48       1.0000000
      0.00000       3.6720000   6.7235683e-48       1.0000000
      0.00000       3.6730000   6.4544828e-48       1.0000000
      0.00000       3.6740000   6.1962354e-48       1.0000000
      0.00000       3.6750000   5.9483866e-48       1.0000000
      0.00000       3.6760000   5.7105152e-48       1.0000000
      0.00000       3.6770000   5.4822170e-48       1.0000000
      0.00000       3.6780000   5.2631042e-48       1.0000000
      0.00000       3.6790000   5.0528049e-48       1.0000000
      0.00000       3.6800000   4.8509623e-48       1.0000000
      0.00000       3.6810000   4.6572343e-48       1.0000000
      0.00000       3.6820000   4.4712924e-48       1.0000000
      0.00000       3.6830000   4.2928219e-48       1.0000000
      0.00000       3.6840000   4.1215206e-48       1.0000000
      0.00000       3.6850000   3.9570986e-48       1.0000000
      0.00000       3.6860000   3.7992780e-48       1.0000000
      0.00000       3.6870000   3.6477919e-48       1.0000000
      0.00000       3.6880000   3.5023847e-48       1.0000000
      0.00000       3.6890000   3.3628107e-48       1.0000000
      0.00000       3.6900000   3.2288344e-48       1.0000000
      0.00000       3.6910000   3.1002301e-48       1.0000000
      0.00000       3.6920000   2.9767807e-48       1.0000000
      0.00000       3.6930000   2.8582786e-48       1.0000000
      0.00000       3.6940000   2.7445240e-48       1.0000000
      0.00000       3.6950000   2.6353257e-48       1.0000000
      0.00000       3.6960000   2.5304999e-48       1.0000000
      0.00000       3.6970000   2.4298704e-48       1.0000000
      0.00000       3.6980000   2.3332683e-48       1.0000000
      0.00000       3.6990000   2.2405312e-48       1.0000000
      0.00000       3.7000000   2.1515037e-48       1.0000000
      0.00000       3.7010000   2.0660362e-48       1.0000000
      0.00000       3.7020000   1.9839857e-48       1.0000000
      0.00000       3.7030000   1.9052146e-48       1.0000000
      0.00000       3.7040000   1.8295909e-48       1.0000000
      0.00000       3.7050000   1.7569882e-48       1.0000000
      0.00000       3.7060000   1.6872850e-48       1.0000000
      0.00000       3.7070000   1.6203648e-48       1.0000000
      0.00000       3.7080000   1.5561157e-48       1.0000000
      0.00000       3.7090000   1.4944304e-48       1.0000000
      0.00000       3.7100000   1.4352061e-48       1.0000000
      0.00000       3.7110000   1.3783438e-48       1.0000000
      0.00000       3.7120000   1.3237488e-48       1.0000000
      0.00000       3.7130000   1.2713301e-48       1.0000000
      0.00000       3.7140000   1.2210004e-48       1.0000000
      0.00000       3.7150000   1.1726759e-48       1.0000000
      0.00000       3.7160000   1.1262762e-48       1.0000000
      0.00000       3.7170000   1.0817242e-48       1.0000000
      0.00000       3.7180000   1.0389458e-48       1.0000000
      0.00000       3.7190000   9.9786996e-49       1.0000000
      0.00000       3.7200000   9.5842850e-49       1.0000000
      0.00000       3.7210000   9.2055597e-49       1.0000000
      0.00000       3.7220000   8.8418956e-49       1.0000000
      0.00000       3.7230000   8.4926899e-49       1.0000000
      0.00000       3.7240000   8.1573642e-49       1.0000000
      0.00000       3.7250000   7.8353633e-49       1.0000000
      0.00000       3.7260000   7.5261543e-49       1.0000000
      0.00000       3.7270000   7.2292258e-49       1.0000000
      0.00000       3.7280000   6.9440869e-49       1.0000000
      0.00000       3.7290000   6.6702667e-49       1.0000000
      0.00000       3.7300000   6.4073128e-49       1.0000000
      0.00000       3.7310000   6.1547915e-49       1.0000000
      0.00000       3.7320000   5.9122861e-49       1.0000000
      0.00000       3.7330000   5.6793968e-49       1.0000000
      0.00000       3.7340000   5.4557399e-49       1.0000000
      0.00000       3.7350000   5.2409471e-49       1.0000000
      0.00000       3.7360000   5.0346649e-49       1.0000000
      0.00000       3.7370000   4.8365538e-49       1.0000000
      0.00000       3.7380000   4.6462882e-49       1.0000000
      0.00000       3.7390000   4.4635554e-49       1.0000000
      0.00000       3.7400000   4.2880552e-49       1.0000000
      0.00000       3.7410000   4.1194997e-49       1.0000000
      0.00000       3.7420000   3.9576121e-49       1.0000000
      0.00000       3.7430000   3.8021271e-49       1.0000000
      0.00000       3.7440000   3.6527899e-49       1.0000000
      0.00000       3.7450000   3.5093557e-49       1.0000000
      0.00000       3.7460000   3.3715899e-49       1.0000000
      0.00000       3.7470000   3.2392669e-49       1.0000000
      0.00000       3.7480000   3.1121704e-49       1.0000000
      0.00000       3.7490000   2.9900926e-49       1.0000000
      0.00000       3.7500000   2.8728341e-49       1.0000000
      0.00000       3.7510000   2.7602033e-49       1.0000000
      0.00000       3.7520000   2.6520166e-49       1.0000000
      0.00000       3.7530000   2.5480975e-49       1.0000000
      0.00000       3.7540000   2.4482765e-49       1.0000000
      0.00000       3.7550000   2.3523909e-49       1.0000000
      0.00000       3.7560000   2.2602848e-49       1.0000000
      0.00000       3.7570000   2.1718081e-49       1.0000000
      0.00000       3.7580000   2.0868169e-49       1.0000000
      0.00000       3.7590000   2.0051730e-49       1.0000000
      0.00000       3.7600000   1.9267438e-49       1.0000000
      0.00000       3.7610000   1.8514018e-49       1.0000000
      0.00000       3.7620000   1.7790249e-49       1.0000000
      0.00000       3.7630000   1.7094955e-49       1.0000000
      0.00000       3.7640000   1.6427009e-49       1.0000000
      0.00000       3.7650000   1.5785328e-49       1.0000000
      0.00000       3.7660000   1.5168874e-49       1.0000000
      0.00000       3.7670000   1.4576648e-49       1.0000000
      0.00000       3.7680000   1.4007692e-49       1.0000000
      0.00000       3.7690000   1.3461086e-49       1.0000000
      0.00000       3.7700000   1.2935945e-49       1.0000000
      0.00000       3.7710000   1.2431423e-49       1.0000000
      0.00000       3.7720000   1.1946704e-49       1.0000000
      0.00000       3.7730000   1.1481005e-49       1.0000000
      0.00000       3.7740000   1.1033577e-49       1.0000000
      0.00000       3.7750000   1.0603697e-49       1.0000000
      0.00000       3.7760000   1.0190673e-49       1.0000000
      0.00000       3.7770000   9.7938394e-50       1.0000000
      0.00000       3.7780000   9.4125580e-50       1.0000000
      0.00000       3.7790000   9.0462152e-50       1.0000000
      0.00000       3.7800000   8.6942220e-50       1.0000000
      0.00000       3.7810000   8.3560128e-50       1.0000000
      0.00000       3.7820000   8.0310444e-50       1.0000000
      0.00000       3.7830000   7.7187950e-50       1.0000000
      0.00000       3.7840000   7.4187638e-50       1.0000000
      0.00000       3.7850000   7.1304695e-50       1.0000000
      0.00000       3.7860000   6.8534501e-50       1.0000000
      0.00000       3.7870000   6.5872619e-50       1.0000000
      0.00000       3.7880000   6.3314787e-50       1.0000000
      0.00000       3.7890000   6.0856912e-50       1.0000000
      0.00000       3.7900000   5.8495062e-50       1.0000000
      0.00000       3.7910000   5.6225463e-50       1.0000000
      0.00000       3.7920000   5.4044487e-50       1.0000000
      0.00000       3.7930000   5.1948654e-50       1.0000000
      0.00000       3.7940000   4.9934616e-50       1.0000000
      0.00000       3.7950000   4.7999163e-50       1.0000000
      0.00000       3.7960000   4.6139208e-50       1.0000000
      0.00000       3.7970000   4.4351788e-50       1.0000000
      0.00000       3.7980000   4.2634055e-50       1.0000000
      0.00000       3.7990000   4.0983276e-50       1.0000000
      0.00000       3.8000000   3.9396824e-50       1.0000000
      0.00000       3.8010000   3.7872176e-50       1.0000000
      0.00000       3.8020000   3.6406910e-50       1.0000000
      0.00000       3.8030000   3.4998698e-50       1.0000000
      0.00000       3.8040000   3.3645304e-50       1.0000000
      0.00000       3.8050000   3.2344581e-50       1.0000000
      0.00000       3.8060000   3.1094466e-50       1.0000000
      0.00000       3.8070000   2.9892978e-50       1.0000000
      0.00000       3.8080000   2.8738212e-50       1.0000000
      0.00000       3.8090000   2.7628341e-50       1.0000000
      0.00000       3.8100000   2.6561607e-50       1.0000000
      0.00000       3.8110000   2.5536324e-50       1.0000000
      0.00000       3.8120000   2.4550871e-50       1.0000000
      0.00000       3.8130000   2.3603690e-50       1.0000000
      0.00000       3.8140000   2.2693286e-50       1.0000000
      0.00000       3.8150000   2.1818222e-50       1.0000000
      0.00000       3.8160000   2.0977117e-50       1.0000000
      0.00000       3.8170000   2.0168644e-50       1.0000000
      0.00000       3.8180000   1.9391531e-50       1.0000000
      0.00000       3.8190000   1.8644552e-50       1.0000000
      0.00000       3.8200000   1.7926531e-50       1.0000000
      0.00000       3.8210000   1.7236340e-50       1.0000000
      0.00000       3.8220000   1.6572892e-50       1.0000000
      0.00000       3.8230000   1.5935144e-50       1.0000000
      0.00000       3.8240000   1.5322095e-50       1.0000000
      0.00000       3.8250000   1.4732783e-50       1.0000000
      0.00000       3.8260000   1.4166281e-50       1.0000000
      0.00000       3.8270000   1.3621702e-50       1.0000000
      0.00000       3.8280000   1.3098191e-50       1.0000000
      0.00000       3.8290000   1.2594930e-50       1.0000000
      0.00000       3.8300000   1.2111128e-50       1.0000000
      0.00000       3.8310000   1.1646030e-50       1.0000000
      0.00000       3.8320000   1.1198907e-50       1.0000000
      0.00000       3.8330000   1.0769060e-50       1.0000000
      0.00000       3.8340000   1.0355818e-50       1.0000000
      0.00000       3.8350000   9.9585351e-51       1.0000000
      0.00000       3.8360000   9.5765907e-51       1.0000000
      0.00000       3.8370000   9.2093891e-51       1.0000000
      0.00000       3.8380000   8.8563575e-51       1.0000000
      0.00000       3.8390000   8.5169458e-51       1.0000000
      0.00000       3.8400000   8.1906251e-51       1.0000000
      0.00000       3.8410000   7.8768872e-51       1.0000000
      0.00000       3.8420000   7.5752439e-51       1.0000000
      0.00000       3.8430000   7.2852260e-51       1.0000000
      0.00000       3.8440000   7.0063826e-51       1.0000000
      0.00000       3.8450000   6.7382804e-51       1.0000000
      0.00000       3.8460000   6.4805030e-51       1.0000000
      0.00000       3.8470000   6.2326502e-51       1.0000000
      0.00000       3.8480000   5.9943376e-51       1.0000000
      0.00000       3.8490000   5.7651955e-51       1.0000000
      0.00000       3.8500000   5.5448688e-51       1.0000000
      0.00000       3.8510000   5.3330163e-51       1.0000000
      0.00000       3.8520000   5.1293098e-51       1.0000000
      0.00000       3.8530000   4.9334343e-51       1.0000000
      0.00000       3.8540000   4.7450867e-51       1.0000000
      0.00000       3.8550000   4.5639759e-51       1.0000000
      0.00000       3.8560000   4.3898221e-51       1.0000000
      0.00000       3.8570000   4.2223562e-51       1.0000000
      0.00000       3.8580000   4.0613200e-51       1.0000000
      0.00000       3.8590000   3.9064648e-51       1.0000000
      0.00000       3.8600000   3.7575520e-51       1.0000000
      0.00000       3.8610000   3.6143521e-51       1.0000000
      0.00000       3.8620000   3.4766445e-51       1.0000000
      0.00000       3.8630000   3.3442172e-51       1.0000000
      0.00000       3.8640000   3.2168665e-51       1.0000000
      0.00000       3.8650000   3.0943965e-51       1.0000000
      0.00000       3.8660000   2.9766190e-51       1.0000000
      0.00000       3.8670000   2.8633530e-51       1.0000000
      0.00000       3.8680000   2.7544246e-51       1.0000000
      0.00000       3.8690000   2.6496667e-51       1.0000000
      0.00000       3.8700000   2.5489185e-51       1.0000000
      0.00000       3.8710000   2.4520256e-51       1.0000000
      0.00000       3.8720000   2.3588396e-51       1.0000000
      0.00000       3.8730000   2.2692177e-51       1.0000000
      0.00000       3.8740000   2.1830227e-51       1.0000000
      0.00000       3.8750000   2.1001227e-51       1.0000000
      0.00000       3.8760000   2.0203911e-51       1.0000000
      0.00000       3.8770000   1.9437059e-51       1.0000000
      0.00000       3.8780000   1.8699500e-51       1.0000000
      0.00000       3.8790000   1.7990108e-51       1.0000000
      0.00000       3.8800000   1.7307800e-51       1.0000000
      0.00000       3.8810000   1.6651536e-51       1.0000000
      0.00000       3.8820000   1.6020315e-51       1.0000000
      0.00000       3.8830000   1.5413175e-51       1.0000000
      0.00000       3.8840000   1.4829193e-51       1.0000000
      0.00000       3.8850000   1.4267479e-51       1.0000000
      0.00000       3.8860000   1.3727178e-51       1.0000000
      0.00000       3.8870000   1.3207469e-51       1.0000000
      0.00000       3.8880000   1.2707563e-51       1.0000000
      0.00000       3.8890000   1.2226699e-51       1.0000000
      0.00000       3.8900000   1.1764149e-51       1.0000000
      0.00000       3.8910000   1.1319209e-51       1.0000000
      0.00000       3.8920000   1.0891206e-51       1.0000000
      0.00000       3.8930000   1.0479490e-51       1.0000000
      0.00000       3.8940000   1.0083438e-51       1.0000000
      0.00000       3.8950000   9.7024497e-52       1.0000000
      0.00000       3.8960000   9.3359490e-52       1.0000000
      0.00000       3.8970000   8.9833813e-52       1.0000000
      0.00000       3.8980000   8.6442135e-52       1.0000000
      0.00000       3.8990000   8.3179331e-52       1.0000000
      0.00000       3.9000000   8.0040473e-52       1.0000000
      0.00000       3.9010000   7.7020823e-52       1.0000000
      0.00000       3.9020000   7.4115824e-52       1.0000000
      0.00000       3.9030000   7.1321096e-52       1.0000000
      0.00000       3.9040000   6.8632426e-52       1.0000000
      0.00000       3.9050000   6.6045764e-52       1.0000000
      0.00000       3.9060000   6.3557215e-52       1.0000000
      0.00000       3.9070000   6.1163034e-52       1.0000000
      0.00000       3.9080000   5.8859619e-52       1.0000000
      0.00000       3.9090000   5.6643507e-52       1.0000000
      0.00000       3.9100000   5.4511369e-52       1.0000000
      0.00000       3.9110000   5.2460003e-52       1.0000000
      0.00000       3.9120000   5.0486328e-52       1.0000000
      0.00000       3.9130000   4.8587384e-52       1.0000000
      0.00000       3.9140000   4.6760323e-52       1.0000000
      0.00000       3.9150000   4.5002407e-52       1.0000000
      0.00000       3.9160000   4.3311002e-52       1.0000000
      0.00000       3.9170000   4.1683576e-52       1.0000000
      0.00000       3.9180000   4.0117693e-52       1.0000000
      0.00000       3.9190000   3.8611012e-52       1.0000000
      0.00000       3.9200000   3.7161279e-52       1.0000000
      0.00000       3.9210000   3.5766328e-52       1.0000000
      0.00000       3.9220000   3.4424077e-52       1.0000000
      0.00000       3.9230000   3.3132521e-52       1.0000000
      0.00000       3.9240000   3.1889734e-52       1.0000000
      0.00000       3.9250000   3.0693862e-52       1.0000000
      0.00000       3.9260000   2.9543124e-52       1.0000000
      0.00000       3.9270000   2.8435804e-52       1.0000000
      0.00000       3.9280000   2.7370254e-52       1.0000000
      0.00000       3.9290000   2.6344889e-52       1.0000000
      0.00000       3.9300000   2.5358184e-52       1.0000000
      0.00000       3.9310000   2.4408671e-52       1.0000000
      0.00000       3.9320000   2.3494939e-52       1.0000000
      0.00000       3.9330000   2.2615633e-52       1.0000000
      0.00000       3.9340000   2.1769445e-52       1.0000000
      0.00000       3.9350000   2.0955122e-52       1.0000000
      0.00000       3.9360000   2.0171456e-52       1.0000000
      0.00000       3.9370000   1.9417284e-52       1.0000000
      0.00000       3.9380000   1.8691490e-52       1.0000000
      0.00000       3.9390000   1.7993000e-52       1.0000000
      0.00000       3.9400000   1.7320779e-52       1.0000000
      0.00000       3.9410000   1.6673834e-52       1.0000000
      0.00000       3.9420000   1.6051208e-52       1.0000000
      0.00000       3.9430000   1.5451980e-52       1.0000000
      0.00000       3.9440000   1.4875267e-52       1.0000000
      0.00000       3.9450000   1.4320216e-52       1.0000000
      0.00000       3.9460000   1.3786009e-52       1.0000000
      0.00000       3.9470000   1.3271858e-52       1.0000000
      0.00000       3.9480000   1.2777006e-52       1.0000000
      0.00000       3.9490000   1.2300723e-52       1.0000000
      0.00000       3.9500000   1.1842308e-52       1.0000000
      0.00000       3.9510000   1.1401087e-52       1.0000000
      0.00000       3.9520000   1.0976410e-52       1.0000000
      0.00000       3.9530000   1.0567653e-52       1.0000000
      0.00000       3.9540000   1.0174216e-52       1.0000000
      0.00000       3.9550000   9.7955207e-53       1.0000000
      0.00000       3.9560000   9.4310112e-53       1.0000000
      0.00000       3.9570000   9.0801529e-53       1.0000000
      0.00000       3.9580000   8.7424311e-53       1.0000000
      0.00000       3.9590000   8.4173510e-53       1.0000000
      0.00000       3.9600000   8.1044363e-53       1.0000000
      0.00000       3.9610000   7.8032288e-53       1.0000000
      0.00000       3.9620000   7.5132877e-53       1.0000000
      0.00000       3.9630000   7.2341890e-53       1.0000000
      0.00000       3.9640000   6.9655246e-53       1.0000000
      0.00000       3.9650000   6.7069019e-53       1.0000000
      0.00000       3.9660000   6.4579432e-53       1.0000000
      0.00000       3.9670000   6.2182851e-53       1.0000000
      0.00000       3.9680000   5.9875779e-53       1.0000000
      0.00000       3.9690000   5.7654852e-53       1.0000000
      0.00000       3.9700000   5.5516833e-53       1.0000000
      0.00000       3.9710000   5.3458607e-53       1.0000000
      0.00000       3.9720000   5.1477178e-53       1.0000000
      0.00000       3.9730000   4.9569660e-53       1.0000000
      0.00000       3.9740000   4.7733281e-53       1.0000000
      0.00000       3.9750000   4.5965369e-53       1.0000000
      0.00000       3.9760000   4.4263356e-53       1.0000000
      0.00000       3.9770000   4.2624770e-53       1.0000000
      0.00000       3.9780000   4.1047233e-53       1.0000000
      0.00000       3.9790000   3.9528454e-53       1.0000000
      0.00000       3.9800000   3.8066232e-53       1.0000000
      0.00000       3.9810000   3.6658447e-53       1.0000000
      0.00000       3.9820000   3.5303060e-53       1.0000000
      0.00000       3.9830000   3.3998107e-53       1.0000000
      0.00000       3.9840000   3.2741701e-53       1.0000000
      0.00000       3.9850000   3.1532023e-53       1.0000000
      0.00000       3.9860000   3.0367326e-53       1.0000000
      0.00000       3.9870000   2.9245924e-53       1.0000000
      0.00000       3.9880000   2.8166200e-53       1.0000000
      0.00000       3.9890000   2.7126593e-53       1.0000000
      0.00000       3.9900000   2.6125604e-53       1.0000000
      0.00000       3.9910000   2.5161790e-53       1.0000000
      0.00000       3.9920000   2.4233760e-53       1.0000000
      0.00000       3.9930000   2.3340178e-53       1.0000000
      0.00000       3.9940000   2.2479757e-53       1.0000000
      0.00000       3.9950000   2.1651259e-53       1.0000000
      0.00000       3.9960000   2.0853491e-53       1.0000000
      0.00000       3.9970000   2.0085306e-53       1.0000000
      0.00000       3.9980000   1.9345601e-53       1.0000000
      0.00000       3.9990000   1.8633313e-53       1.0000000
      0.00000       4.0000000   1.7947419e-53       1.0000000
      0.00000       4.0010000   1.7286935e-53       1.0000000
      0.00000       4.0020000   1.6650913e-53       1.0000000
      0.00000       4.0030000   1.6038442e-53       1.0000000
      0.00000       4.0040000   1.5448645e-53       1.0000000
      0.00000       4.0050000   1.4880675e-53       1.0000000
      0.00000       4.0060000   1.4333721e-53       1.0000000
      0.00000       4.0070000   1.3807000e-53       1.0000000
      0.00000       4.0080000   1.3299759e-53       1.0000000
      0.00000       4.0090000   1.2811272e-53       1.0000000
      0.00000       4.0100000   1.2340842e-53       1.0000000
      0.00000       4.0110000   1.1887798e-53       1.0000000
      0.00000       4.0120000   1.1451491e-53       1.0000000
      0.00000       4.0130000   1.1031301e-53       1.0000000
      0.00000       4.0140000   1.0626628e-53       1.0000000
      0.00000       4.0150000   1.0236895e-53       1.0000000
      0.00000       4.0160000   9.8615477e-54       1.0000000
      0.00000       4.0170000   9.5000511e-54       1.0000000
      0.00000       4.0180000   9.1518910e-54       1.0000000
      0.00000       4.0190000   8.8165723e-54       1.0000000
      0.00000       4.0200000   8.4936183e-54       1.0000000
      0.00000       4.0210000   8.1825701e-54       1.0000000
      0.00000       4.0220000   7.8829861e-54       1.0000000
      0.00000       4.0230000   7.5944410e-54       1.0000000
      0.00000       4.0240000   7.3165256e-54       1.0000000
      0.00000       4.0250000   7.0488456e-54       1.0000000
      0.00000       4.0260000   6.7910217e-54       1.0000000
      0.00000       4.0270000   6.5426887e-54       1.0000000
      0.00000       4.0280000   6.3034951e-54       1.0000000
      0.00000       4.0290000   6.0731022e-54       1.0000000
      0.00000       4.0300000   5.8511843e-54       1.0000000
      0.00000       4.0310000   5.6374276e-54       1.0000000
      0.00000       4.0320000   5.4315300e-54       1.0000000
      0.00000       4.0330000   5.2332008e-54       1.0000000
      0.00000       4.0340000   5.0421600e-54       1.0000000
      0.00000       4.0350000   4.8581379e-54       1.0000000
      0.00000       4.0360000   4.6808752e-54       1.0000000
      0.00000       4.0370000   4.5101220e-54       1.0000000
      0.00000       4.0380000   4.3456376e-54       1.0000000
      0.00000       4.0390000   4.1871906e-54       1.0000000
      0.00000       4.0400000   4.0345577e-54       1.0000000
      0.00000       4.0410000   3.8875245e-54       1.0000000
      0.00000       4.0420000   3.7458840e-54       1.0000000
      0.00000       4.0430000   3.6094373e-54       1.0000000
      0.00000       4.0440000   3.4779927e-54       1.0000000
      0.00000       4.0450000   3.3513656e-54       1.0000000
      0.00000       4.0460000   3.2293784e-54       1.0000000
      0.00000       4.0470000   3.1118599e-54       1.0000000
      0.00000       4.0480000   2.9986455e-54       1.0000000
      0.00000       4.0490000   2.8895764e-54       1.0000000
      0.00000       4.0500000   2.7845000e-54       1.0000000
      0.00000       4.0510000   2.6832691e-54       1.0000000
      0.00000       4.0520000   2.5857420e-54       1.0000000
      0.00000       4.0530000   2.4917825e-54       1.0000000
      0.00000       4.0540000   2.4012592e-54       1.0000000
      0.00000       4.0550000   2.3140456e-54       1.0000000
      0.00000       4.0560000   2.2300200e-54       1.0000000
      0.00000       4.0570000   2.1490650e-54       1.0000000
      0.00000       4.0580000   2.0710677e-54       1.0000000
      0.00000       4.0590000   1.9959194e-54       1.0000000
      0.00000       4.0600000   1.9235154e-54       1.0000000
      0.00000       4.0610000   1.8537548e-54       1.0000000
      0.00000       4.0620000   1.7865404e-54       1.0000000
      0.00000       4.0630000   1.7217788e-54       1.0000000
      0.00000       4.0640000   1.6593798e-54       1.0000000
      0.00000       4.0650000   1.5992568e-54       1.0000000
      0.00000       4.0660000   1.5413262e-54       1.0000000
      0.00000       4.0670000   1.4855075e-54       1.0000000
      0.00000       4.0680000   1.4317232e-54       1.0000000
      0.00000       4.0690000   1.3798988e-54       1.0000000
      0.00000       4.0700000   1.3299623e-54       1.0000000
      0.00000       4.0710000   1.2818445e-54       1.0000000
      0.00000       4.0720000   1.2354788e-54       1.0000000
      0.00000       4.0730000   1.1908010e-54       1.0000000
      0.00000       4.0740000   1.1477492e-54       1.0000000
      0.00000       4.0750000   1.1062639e-54       1.0000000
      0.00000       4.0760000   1.0662877e-54       1.0000000
      0.00000       4.0770000   1.0277654e-54       1.0000000
      0.00000       4.0780000   9.9064371e-55       1.0000000
      0.00000       4.0790000   9.5487144e-55       1.0000000
      0.00000       4.0800000   9.2039921e-55       1.0000000
      0.00000       4.0810000   8.8717947e-55       1.0000000
      0.00000       4.0820000   8.5516643e-55       1.0000000
      0.00000       4.0830000   8.2431597e-55       1.0000000
      0.00000       4.0840000   7.9458560e-55       1.0000000
      0.00000       4.0850000   7.6593439e-55       1.0000000
      0.00000       4.0860000   7.3832293e-55       1.0000000
      0.00000       4.0870000   7.1171324e-55       1.0000000
      0.00000       4.0880000   6.8606874e-55       1.0000000
      0.00000       4.0890000   6.6135420e-55       1.0000000
      0.00000       4.0900000   6.3753569e-55       1.0000000
      0.00000       4.0910000   6.1458050e-55       1.0000000
      0.00000       4.0920000   5.9245715e-55       1.0000000
      0.00000       4.0930000   5.7113530e-55       1.0000000
      0.00000       4.0940000   5.5058573e-55       1.0000000
      0.00000       4.0950000   5.3078029e-55       1.0000000
      0.00000       4.0960000   5.1169186e-55       1.0000000
      0.00000       4.0970000   4.9329431e-55       1.0000000
      0.00000       4.0980000   4.7556249e-55       1.0000000
      0.00000       4.0990000   4.5847214e-55       1.0000000
      0.00000       4.1000000   4.4199992e-55       1.0000000
      0.00000       4.1010000   4.2612333e-55       1.0000000
      0.00000       4.1020000   4.1082068e-55       1.0000000
      0.00000       4.1030000   3.9607110e-55       1.0000000
      0.00000       4.1040000   3.8185448e-55       1.0000000
      0.00000       4.1050000   3.6815142e-55       1.0000000
      0.00000       4.1060000   3.5494327e-55       1.0000000
      0.00000       4.1070000   3.4221203e-55       1.0000000
      0.00000       4.1080000   3.2994037e-55       1.0000000
      0.00000       4.1090000   3.1811160e-55       1.0000000
      0.00000       4.1100000   3.0670964e-55       1.0000000
      0.00000       4.1110000   2.9571897e-55       1.0000000
      0.00000       4.1120000   2.8512467e-55       1.0000000
      0.00000       4.1130000   2.7491237e-55       1.0000000
      0.00000       4.1140000   2.6506818e-55       1.0000000
      0.00000       4.1150000   2.5557877e-55       1.0000000
      0.00000       4.1160000   2.4643125e-55       1.0000000
      0.00000       4.1170000   2.3761325e-55       1.0000000
      0.00000       4.1180000   2.2911280e-55       1.0000000
      0.00000       4.1190000   2.2091841e-55       1.0000000
      0.00000       4.1200000   2.1301898e-55       1.0000000
      0.00000       4.1210000   2.0540382e-55       1.0000000
      0.00000       4.1220000   1.9806265e-55       1.0000000
      0.00000       4.1230000   1.9098554e-55       1.0000000
      0.00000       4.1240000   1.8416293e-55       1.0000000
      0.00000       4.1250000   1.7758561e-55       1.0000000
      0.00000       4.1260000   1.7124471e-55       1.0000000
      0.00000       4.1270000   1.6513167e-55       1.0000000
      0.00000       4.1280000   1.5923825e-55       1.0000000
      0.00000       4.1290000   1.5355652e-55       1.0000000
      0.00000       4.1300000   1.4807882e-55       1.0000000
      0.00000       4.1310000   1.4279778e-55       1.0000000
      0.00000       4.1320000   1.3770629e-55       1.0000000
      0.00000       4.1330000   1.3279750e-55       1.0000000
      0.00000       4.1340000   1.2806482e-55       1.0000000
      0.00000       4.1350000   1.2350189e-55       1.0000000
      0.00000       4.1360000   1.1910259e-55       1.0000000
      0.00000       4.1370000   1.1486099e-55       1.0000000
      0.00000       4.1380000   1.1077143e-55       1.0000000
      0.00000       4.1390000   1.0682840e-55       1.0000000
      0.00000       4.1400000   1.0302664e-55       1.0000000
      0.00000       4.1410000   9.9361039e-56       1.0000000
      0.00000       4.1420000   9.5826697e-56       1.0000000
      0.00000       4.1430000   9.2418881e-56       1.0000000
      0.00000       4.1440000   8.9133034e-56       1.0000000
      0.00000       4.1450000   8.5964763e-56       1.0000000
      0.00000       4.1460000   8.2909832e-56       1.0000000
      0.00000       4.1470000   7.9964163e-56       1.0000000
      0.00000       4.1480000   7.7123822e-56       1.0000000
      0.00000       4.1490000   7.4385019e-56       1.0000000
      0.00000       4.1500000   7.1744100e-56       1.0000000
      0.00000       4.1510000   6.9197546e-56       1.0000000
      0.00000       4.1520000   6.6741963e-56       1.0000000
      0.00000       4.1530000   6.4374080e-56       1.0000000
      0.00000       4.1540000   6.2090745e-56       1.0000000
      0.00000       4.1550000   5.9888920e-56       1.0000000
      0.00000       4.1560000   5.7765677e-56       1.0000000
      0.00000       4.1570000   5.5718193e-56       1.0000000
      0.00000       4.1580000   5.3743748e-56       1.0000000
      0.00000       4.1590000   5.1839720e-56       1.0000000
      0.00000       4.1600000   5.0003581e-56       1.0000000
      0.00000       4.1610000   4.8232895e-56       1.0000000
      0.00000       4.1620000   4.6525315e-56       1.0000000
      0.00000       4.1630000   4.4878576e-56       1.0000000
      0.00000       4.1640000   4.3290497e-56       1.0000000
      0.00000       4.1650000   4.1758976e-56       1.0000000
      0.00000       4.1660000   4.0281985e-56       1.0000000
      0.00000       4.1670000   3.8857569e-56       1.0000000
      0.00000       4.1680000   3.7483847e-56       1.0000000
      0.00000       4.1690000   3.6159002e-56       1.0000000
      0.00000       4.1700000   3.4881283e-56       1.0000000
      0.00000       4.1710000   3.3649005e-56       1.0000000
      0.00000       4.1720000   3.2460540e-56       1.0000000
      0.00000       4.1730000   3.1314321e-56       1.0000000
      0.00000       4.1740000   3.0208836e-56       1.0000000
      0.00000       4.1750000   2.9142629e-56       1.0000000
      0.00000       4.1760000   2.8114295e-56       1.0000000
      0.00000       4.1770000   2.7122481e-56       1.0000000
      0.00000       4.1780000   2.6165881e-56       1.0000000
      0.00000       4.1790000   2.5243236e-56       1.0000000
      0.00000       4.1800000   2.4353335e-56       1.0000000
      0.00000       4.1810000   2.3495006e-56       1.0000000
      0.00000       4.1820000   2.2667124e-56       1.0000000
      0.00000       4.1830000   2.1868602e-56       1.0000000
      0.00000       4.1840000   2.1098390e-56       1.0000000
      0.00000       4.1850000   2.0355480e-56       1.0000000
      0.00000       4.1860000   1.9638897e-56       1.0000000
      0.00000       4.1870000   1.8947703e-56       1.0000000
      0.00000       4.1880000   1.8280992e-56       1.0000000
      0.00000       4.1890000   1.7637891e-56       1.0000000
      0.00000       4.1900000   1.7017559e-56       1.0000000
      0.00000       4.1910000   1.6419184e-56       1.0000000
      0.00000       4.1920000   1.5841985e-56       1.0000000
      0.00000       4.1930000   1.5285208e-56       1.0000000
      0.00000       4.1940000   1.4748124e-56       1.0000000
      0.00000       4.1950000   1.4230034e-56       1.0000000
      0.00000       4.1960000   1.3730260e-56       1.0000000
      0.00000       4.1970000   1.3248153e-56       1.0000000
      0.00000       4.1980000   1.2783082e-56       1.0000000
      0.00000       4.1990000   1.2334442e-56       1.0000000
      0.00000       4.2000000   1.1901649e-56       1.0000000
      0.00000       4.2010000   1.1484140e-56       1.0000000
      0.00000       4.2020000   1.1081371e-56       1.0000000
      0.00000       4.2030000   1.0692819e-56       1.0000000
      0.00000       4.2040000   1.0317978e-56       1.0000000
      0.00000       4.2050000   9.9563621e-57       1.0000000
      0.00000       4.2060000   9.6075012e-57       1.0000000
      0.00000       4.2070000   9.2709427e-57       1.0000000
      0.00000       4.2080000   8.9462500e-57       1.0000000
      0.00000       4.2090000   8.6330019e-57       1.0000000
      0.00000       4.2100000   8.3307927e-57       1.0000000
      0.00000       4.2110000   8.0392306e-57       1.0000000
      0.00000       4.2120000   7.7579383e-57       1.0000000
      0.00000       4.2130000   7.4865518e-57       1.0000000
      0.00000       4.2140000   7.2247198e-57       1.0000000
      0.00000       4.2150000   6.9721040e-57       1.0000000
      0.00000       4.2160000   6.7283778e-57       1.0000000
      0.00000       4.2170000   6.4932264e-57       1.0000000
      0.00000       4.2180000   6.2663463e-57       1.0000000
      0.00000       4.2190000   6.0474445e-57       1.0000000
      0.00000       4.2200000   5.8362388e-57       1.0000000
      0.00000       4.2210000   5.6324569e-57       1.0000000
      0.00000       4.2220000   5.4358361e-57       1.0000000
      0.00000       4.2230000   5.2461232e-57       1.0000000
      0.00000       4.2240000   5.0630740e-57       1.0000000
      0.00000       4.2250000   4.8864528e-57       1.0000000
      0.00000       4.2260000   4.7160325e-57       1.0000000
      0.00000       4.2270000   4.5515941e-57       1.0000000
      0.00000       4.2280000   4.3929262e-57       1.0000000
      0.00000       4.2290000   4.2398250e-57       1.0000000
      0.00000       4.2300000   4.0920939e-57       1.0000000
      0.00000       4.2310000   3.9495435e-57       1.0000000
      0.00000       4.2320000   3.8119908e-57       1.0000000
      0.00000       4.2330000   3.6792596e-57       1.0000000
      0.00000       4.2340000   3.5511797e-57       1.0000000
      0.00000       4.2350000   3.4275871e-57       1.0000000
      0.00000       4.2360000   3.3083236e-57       1.0000000
      0.00000       4.2370000   3.1932366e-57       1.0000000
      0.00000       4.2380000   3.0821789e-57       1.0000000
      0.00000       4.2390000   2.9750085e-57       1.0000000
      0.00000       4.2400000   2.8715885e-57       1.0000000
      0.00000       4.2410000   2.7717869e-57       1.0000000
      0.00000       4.2420000   2.6754761e-57       1.0000000
      0.00000       4.2430000   2.5825333e-57       1.0000000
      0.00000       4.2440000   2.4928401e-57       1.0000000
      0.00000       4.2450000   2.4062820e-57       1.0000000
      0.00000       4.2460000   2.3227487e-57       1.0000000
      0.00000       4.2470000   2.2421339e-57       1.0000000
      0.00000       4.2480000   2.1643350e-57       1.0000000
      0.00000       4.2490000   2.0892530e-57       1.0000000
      0.00000       4.2500000   2.0167924e-57       1.0000000
      0.00000       4.2510000   1.9468610e-57       1.0000000
      0.00000       4.2520000   1.8793701e-57       1.0000000
      0.00000       4.2530000   1.8142340e-57       1.0000000
      0.00000       4.2540000   1.7513698e-57       1.0000000
      0.00000       4.2550000   1.6906980e-57       1.0000000
      0.00000       4.2560000   1.6321415e-57       1.0000000
      0.00000       4.2570000   1.5756261e-57       1.0000000
      0.00000       4.2580000   1.5210803e-57       1.0000000
      0.00000       4.2590000   1.4684349e-57       1.0000000
      0.00000       4.2600000   1.4176233e-57       1.0000000
      0.00000       4.2610000   1.3685812e-57       1.0000000
      0.00000       4.2620000   1.3212466e-57       1.0000000
      0.00000       4.2630000   1.2755597e-57       1.0000000
      0.00000       4.2640000   1.2314628e-57       1.0000000
      0.00000       4.2650000   1.1889001e-57       1.0000000
      0.00000       4.2660000   1.1478180e-57       1.0000000
      0.00000       4.2670000   1.1081646e-57       1.0000000
      0.00000       4.2680000   1.0698899e-57       1.0000000
      0.00000       4.2690000   1.0329457e-57       1.0000000
      0.00000       4.2700000   9.9728537e-58       1.0000000
      0.00000       4.2710000   9.6286408e-58       1.0000000
      0.00000       4.2720000   9.2963849e-58       1.0000000
      0.00000       4.2730000   8.9756680e-58       1.0000000
      0.00000       4.2740000   8.6660866e-58       1.0000000
      0.00000       4.2750000   8.3672519e-58       1.0000000
      0.00000       4.2760000   8.0787882e-58       1.0000000
      0.00000       4.2770000   7.8003333e-58       1.0000000
      0.00000       4.2780000   7.5315379e-58       1.0000000
      0.00000       4.2790000   7.2720646e-58       1.0000000
      0.00000       4.2800000   7.0215881e-58       1.0000000
      0.00000       4.2810000   6.7797944e-58       1.0000000
      0.00000       4.2820000   6.5463807e-58       1.0000000
      0.00000       4.2830000   6.3210546e-58       1.0000000
      0.00000       4.2840000   6.1035341e-58       1.0000000
      0.00000       4.2850000   5.8935471e-58       1.0000000
      0.00000       4.2860000   5.6908311e-58       1.0000000
      0.00000       4.2870000   5.4951326e-58       1.0000000
      0.00000       4.2880000   5.3062071e-58       1.0000000
      0.00000       4.2890000   5.1238188e-58       1.0000000
      0.00000       4.2900000   4.9477400e-58       1.0000000
      0.00000       4.2910000   4.7777511e-58       1.0000000
      0.00000       4.2920000   4.6136400e-58       1.0000000
      0.00000       4.2930000   4.4552023e-58       1.0000000
      0.00000       4.2940000   4.3022405e-58       1.0000000
      0.00000       4.2950000   4.1545642e-58       1.0000000
      0.00000       4.2960000   4.0119896e-58       1.0000000
      0.00000       4.2970000   3.8743393e-58       1.0000000
      0.00000       4.2980000   3.7414421e-58       1.0000000
      0.00000       4.2990000   3.6131329e-58       1.0000000
      0.00000       4.3000000   3.4892522e-58       1.0000000
      0.00000       4.3010000   3.3696463e-58       1.0000000
      0.00000       4.3020000   3.2541667e-58       1.0000000
      0.00000       4.3030000   3.1426701e-58       1.0000000
      0.00000       4.3040000   3.0350182e-58       1.0000000
      0.00000       4.3050000   2.9310777e-58       1.0000000
      0.00000       4.3060000   2.8307198e-58       1.0000000
      0.00000       4.3070000   2.7338201e-58       1.0000000
      0.00000       4.3080000   2.6402589e-58       1.0000000
      0.00000       4.3090000   2.5499202e-58       1.0000000
      0.00000       4.3100000   2.4626924e-58       1.0000000
      0.00000       4.3110000   2.3784678e-58       1.0000000
      0.00000       4.3120000   2.2971422e-58       1.0000000
      0.00000       4.3130000   2.2186152e-58       1.0000000
      0.00000       4.3140000   2.1427899e-58       1.0000000
      0.00000       4.3150000   2.0695727e-58       1.0000000
      0.00000       4.3160000   1.9988734e-58       1.0000000
      0.00000       4.3170000   1.9306049e-58       1.0000000
      0.00000       4.3180000   1.8646830e-58       1.0000000
      0.00000       4.3190000   1.8010265e-58       1.0000000
      0.00000       4.3200000   1.7395571e-58       1.0000000
      0.00000       4.3210000   1.6801991e-58       1.0000000
      0.00000       4.3220000   1.6228797e-58       1.0000000
      0.00000       4.3230000   1.5675282e-58       1.0000000
      0.00000       4.3240000   1.5140768e-58       1.0000000
      0.00000       4.3250000   1.4624598e-58       1.0000000
      0.00000       4.3260000   1.4126138e-58       1.0000000
      0.00000       4.3270000   1.3644776e-58       1.0000000
      0.00000       4.3280000   1.3179923e-58       1.0000000
      0.00000       4.3290000   1.2731009e-58       1.0000000
      0.00000       4.3300000   1.2297483e-58       1.0000000
      0.00000       4.3310000   1.1878816e-58       1.0000000
      0.00000       4.3320000   1.1474493e-58       1.0000000
      0.00000       4.3330000   1.1084021e-58       1.0000000
      0.00000       4.3340000   1.0706922e-58       1.0000000
      0.00000       4.3350000   1.0342736e-58       1.0000000
      0.00000       4.3360000   9.9910164e-59       1.0000000
      0.00000       4.3370000   9.6513347e-59       1.0000000
      0.00000       4.3380000   9.3232762e-59       1.0000000
      0.00000       4.3390000   9.0064404e-59       1.0000000
      0.00000       4.3400000   8.7004412e-59       1.0000000
      0.00000       4.3410000   8.4049053e-59       1.0000000
      0.00000       4.3420000   8.1194728e-59       1.0000000
      0.00000       4.3430000   7.8437961e-59       1.0000000
      0.00000       4.3440000   7.5775396e-59       1.0000000
      0.00000       4.3450000   7.3203793e-59       1.0000000
      0.00000       4.3460000   7.0720025e-59       1.0000000
      0.00000       4.3470000   6.8321072e-59       1.0000000
      0.00000       4.3480000   6.6004020e-59       1.0000000
      0.00000       4.3490000   6.3766055e-59       1.0000000
      0.00000       4.3500000   6.1604460e-59       1.0000000
      0.00000       4.3510000   5.9516613e-59       1.0000000
      0.00000       4.3520000   5.7499981e-59       1.0000000
      0.00000       4.3530000   5.5552119e-59       1.0000000
      0.00000       4.3540000   5.3670667e-59       1.0000000
      0.00000       4.3550000   5.1853348e-59       1.0000000
      0.00000       4.3560000   5.0097960e-59       1.0000000
      0.00000       4.3570000   4.8402379e-59       1.0000000
      0.00000       4.3580000   4.6764556e-59       1.0000000
      0.00000       4.3590000   4.5182509e-59       1.0000000
      0.00000       4.3600000   4.3654328e-59       1.0000000
      0.00000       4.3610000   4.2178167e-59       1.0000000
      0.00000       4.3620000   4.0752243e-59       1.0000000
      0.00000       4.3630000   3.9374836e-59       1.0000000
      0.00000       4.3640000   3.8044284e-59       1.0000000
      0.00000       4.3650000   3.6758984e-59       1.0000000
      0.00000       4.3660000   3.5517386e-59       1.0000000
      0.00000       4.3670000   3.4317995e-59       1.0000000
      0.00000       4.3680000   3.3159368e-59       1.0000000
      0.00000       4.3690000   3.2040110e-59       1.0000000
      0.00000       4.3700000   3.0958874e-59       1.0000000
      0.00000       4.3710000   2.9914361e-59       1.0000000
      0.00000       4.3720000   2.8905315e-59       1.0000000
      0.00000       4.3730000   2.7930525e-59       1.0000000
      0.00000       4.3740000   2.6988820e-59       1.0000000
      0.00000       4.3750000   2.6079070e-59       1.0000000
      0.00000       4.3760000   2.5200183e-59       1.0000000
      0.00000       4.3770000   2.4351107e-59       1.0000000
      0.00000       4.3780000   2.3530823e-59       1.0000000
      0.00000       4.3790000   2.2738349e-59       1.0000000
      0.00000       4.3800000   2.1972735e-59       1.0000000
      0.00000       4.3810000   2.1233067e-59       1.0000000
      0.00000       4.3820000   2.0518458e-59       1.0000000
      0.00000       4.3830000   1.9828054e-59       1.0000000
      0.00000       4.3840000   1.9161031e-59       1.0000000
      0.00000       4.3850000   1.8516592e-59       1.0000000
      0.00000       4.3860000   1.7893966e-59       1.0000000
      0.00000       4.3870000   1.7292411e-59       1.0000000
      0.00000       4.3880000   1.6711209e-59       1.0000000
      0.00000       4.3890000   1.6149667e-59       1.0000000
      0.00000       4.3900000   1.5607116e-59       1.0000000
      0.00000       4.3910000   1.5082910e-59       1.0000000
      0.00000       4.3920000   1.4576424e-59       1.0000000
      0.00000       4.3930000   1.4087055e-59       1.0000000
      0.00000       4.3940000   1.3614222e-59       1.0000000
      0.00000       4.3950000   1.3157361e-59       1.0000000
      0.00000       4.3960000   1.2715930e-59       1.0000000
      0.00000       4.3970000   1.2289405e-59       1.0000000
      0.00000       4.3980000   1.1877279e-59       1.0000000
      0.00000       4.3990000   1.1479062e-59       1.0000000
      0.00000       4.4000000   1.1094283e-59       1.0000000
      0.00000       4.4010000   1.0722484e-59       1.0000000
      0.00000       4.4020000   1.0363226e-59       1.0000000
      0.00000       4.4030000   1.0016082e-59       1.0000000
      0.00000       4.4040000   9.6806419e-60       1.0000000
      0.00000       4.4050000   9.3565079e-60       1.0000000
      0.00000       4.4060000   9.0432967e-60       1.0000000
      0.00000       4.4070000   8.7406378e-60       1.0000000
      0.00000       4.4080000   8.4481735e-60       1.0000000
      0.00000       4.4090000   8.1655582e-60       1.0000000
      0.00000       4.4100000   7.8924580e-60       1.0000000
      0.00000       4.4110000   7.6285507e-60       1.0000000
      0.00000       4.4120000   7.3735246e-60       1.0000000
      0.00000       4.4130000   7.1270792e-60       1.0000000
      0.00000       4.4140000   6.8889237e-60       1.0000000
      0.00000       4.4150000   6.6587777e-60       1.0000000
      0.00000       4.4160000   6.4363699e-60       1.0000000
      0.00000       4.4170000   6.2214385e-60       1.0000000
      0.00000       4.4180000   6.0137306e-60       1.0000000
      0.00000       4.4190000   5.8130019e-60       1.0000000
      0.00000       4.4200000   5.6190164e-60       1.0000000
      0.00000       4.4210000   5.4315460e-60       1.0000000
      0.00000       4.4220000   5.2503707e-60       1.0000000
      0.00000       4.4230000   5.0752775e-60       1.0000000
      0.00000       4.4240000   4.9060611e-60       1.0000000
      0.00000       4.4250000   4.7425230e-60       1.0000000
      0.00000       4.4260000   4.5844713e-60       1.0000000
      0.00000       4.4270000   4.4317209e-60       1.0000000
      0.00000       4.4280000   4.2840928e-60       1.0000000
      0.00000       4.4290000   4.1414141e-60       1.0000000
      0.00000       4.4300000   4.0035178e-60       1.0000000
      0.00000       4.4310000   3.8702427e-60       1.0000000
      0.00000       4.4320000   3.7414327e-60       1.0000000
      0.00000       4.4330000   3.6169375e-60       1.0000000
      0.00000       4.4340000   3.4966115e-60       1.0000000
      0.00000       4.4350000   3.3803142e-60       1.0000000
      0.00000       4.4360000   3.2679099e-60       1.0000000
      0.00000       4.4370000   3.1592675e-60       1.0000000
      0.00000       4.4380000   3.0542601e-60       1.0000000
      0.00000       4.4390000   2.9527654e-60       1.0000000
      0.00000       4.4400000   2.8546652e-60       1.0000000
      0.00000       4.4410000   2.7598452e-60       1.0000000
      0.00000       4.4420000   2.6681950e-60       1.0000000
      0.00000       4.4430000   2.5796080e-60       1.0000000
      0.00000       4.4440000   2.4939811e-60       1.0000000
      0.00000       4.4450000   2.4112148e-60       1.0000000
      0.00000       4.4460000   2.3312129e-60       1.0000000
      0.00000       4.4470000   2.2538826e-60       1.0000000
      0.00000       4.4480000   2.1791339e-60       1.0000000
      0.00000       4.4490000   2.1068802e-60       1.0000000
      0.00000       4.4500000   2.0370376e-60       1.0000000
      0.00000       4.4510000   1.9695253e-60       1.0000000
      0.00000       4.4520000   1.9042649e-60       1.0000000
      0.00000       4.4530000   1.8411808e-60       1.0000000
      0.00000       4.4540000   1.7802000e-60       1.0000000
      0.00000       4.4550000   1.7212519e-60       1.0000000
      0.00000       4.4560000   1.6642684e-60       1.0000000
      0.00000       4.4570000   1.6091836e-60       1.0000000
      0.00000       4.4580000   1.5559337e-60       1.0000000
      0.00000       4.4590000   1.5044572e-60       1.0000000
      0.00000       4.4600000   1.4546948e-60       1.0000000
      0.00000       4.4610000   1.4065890e-60       1.0000000
      0.00000       4.4620000   1.3600842e-60       1.0000000
      0.00000       4.4630000   1.3151269e-60       1.0000000
      0.00000       4.4640000   1.2716653e-60       1.0000000
      0.00000       4.4650000   1.2296492e-60       1.0000000
      0.00000       4.4660000   1.1890302e-60       1.0000000
      0.00000       4.4670000   1.1497617e-60       1.0000000
      0.00000       4.4680000   1.1117984e-60       1.0000000
      0.00000       4.4690000   1.0750966e-60       1.0000000
      0.00000       4.4700000   1.0396143e-60       1.0000000
      0.00000       4.4710000   1.0053105e-60       1.0000000
      0.00000       4.4720000   9.7214595e-61       1.0000000
      0.00000       4.4730000   9.4008251e-61       1.0000000
      0.00000       4.4740000   9.0908342e-61       1.0000000
      0.00000       4.4750000   8.7911310e-61       1.0000000
      0.00000       4.4760000   8.5013720e-61       1.0000000
      0.00000       4.4770000   8.2212252e-61       1.0000000
      0.00000       4.4780000   7.9503695e-61       1.0000000
      0.00000       4.4790000   7.6884950e-61       1.0000000
      0.00000       4.4800000   7.4353018e-61       1.0000000
      0.00000       4.4810000   7.1905004e-61       1.0000000
      0.00000       4.4820000   6.9538108e-61       1.0000000
      0.00000       4.4830000   6.7249626e-61       1.0000000
      0.00000       4.4840000   6.5036942e-61       1.0000000
      0.00000       4.4850000   6.2897530e-61       1.0000000
      0.00000       4.4860000   6.0828949e-61       1.0000000
      0.00000       4.4870000   5.8828838e-61       1.0000000
      0.00000       4.4880000   5.6894916e-61       1.0000000
      0.00000       4.4890000   5.5024980e-61       1.0000000
      0.00000       4.4900000   5.3216897e-61       1.0000000
      0.00000       4.4910000   5.1468610e-61       1.0000000
      0.00000       4.4920000   4.9778128e-61       1.0000000
      0.00000       4.4930000   4.8143528e-61       1.0000000
      0.00000       4.4940000   4.6562950e-61       1.0000000
      0.00000       4.4950000   4.5034598e-61       1.0000000
      0.00000       4.4960000   4.3556735e-61       1.0000000
      0.00000       4.4970000   4.2127682e-61       1.0000000
      0.00000       4.4980000   4.0745818e-61       1.0000000
      0.00000       4.4990000   3.9409573e-61       1.0000000
      0.00000       4.5000000   3.8117432e-61       1.0000000
      0.00000       4.5010000   3.6867931e-61       1.0000000
      0.00000       4.5020000   3.5659652e-61       1.0000000
      0.00000       4.5030000   3.4491228e-61       1.0000000
      0.00000       4.5040000   3.3361335e-61       1.0000000
      0.00000       4.5050000   3.2268695e-61       1.0000000
      0.00000       4.5060000   3.1212071e-61       1.0000000
      0.00000       4.5070000   3.0190270e-61       1.0000000
      0.00000       4.5080000   2.9202134e-61       1.0000000
      0.00000       4.5090000   2.8246550e-61       1.0000000
      0.00000       4.5100000   2.7322436e-61       1.0000000
      0.00000       4.5110000   2.6428751e-61       1.0000000
      0.00000       4.5120000   2.5564485e-61       1.0000000
      0.00000       4.5130000   2.4728665e-61       1.0000000
      0.00000       4.5140000   2.3920348e-61       1.0000000
      0.00000       4.5150000   2.3138623e-61       1.0000000
      0.00000       4.5160000   2.2382609e-61       1.0000000
      0.00000       4.5170000   2.1651456e-61       1.0000000
      0.00000       4.5180000   2.0944342e-61       1.0000000
      0.00000       4.5190000   2.0260469e-61       1.0000000
      0.00000       4.5200000   1.9599071e-61       1.0000000
      0.00000       4.5210000   1.8959402e-61       1.0000000
      0.00000       4.5220000   1.8340746e-61       1.0000000
      0.00000       4.5230000   1.7742407e-61       1.0000000
      0.00000       4.5240000   1.7163714e-61       1.0000000
      0.00000       4.5250000   1.6604017e-61       1.0000000
      0.00000       4.5260000   1.6062689e-61       1.0000000
      0.00000       4.5270000   1.5539124e-61       1.0000000
      0.00000       4.5280000   1.5032734e-61       1.0000000
      0.00000       4.5290000   1.4542953e-61       1.0000000
      0.00000       4.5300000   1.4069232e-61       1.0000000
      0.00000       4.5310000   1.3611042e-61       1.0000000
      0.00000       4.5320000   1.3167870e-61       1.0000000
      0.00000       4.5330000   1.2739220e-61       1.0000000
      0.00000       4.5340000   1.2324614e-61       1.0000000
      0.00000       4.5350000   1.1923589e-61       1.0000000
      0.00000       4.5360000   1.1535696e-61       1.0000000
      0.00000       4.5370000   1.1160504e-61       1.0000000
      0.00000       4.5380000   1.0797593e-61       1.0000000
      0.00000       4.5390000   1.0446560e-61       1.0000000
      0.00000       4.5400000   1.0107012e-61       1.0000000
      0.00000       4.5410000   9.7785715e-62       1.0000000
      0.00000       4.5420000   9.4608731e-62       1.0000000
      0.00000       4.5430000   9.1535631e-62       1.0000000
      0.00000       4.5440000   8.8562995e-62       1.0000000
      0.00000       4.5450000   8.5687519e-62       1.0000000
      0.00000       4.5460000   8.2906006e-62       1.0000000
      0.00000       4.5470000   8.0215366e-62       1.0000000
      0.00000       4.5480000   7.7612612e-62       1.0000000
      0.00000       4.5490000   7.5094854e-62       1.0000000
      0.00000       4.5500000   7.2659299e-62       1.0000000
      0.00000       4.5510000   7.0303246e-62       1.0000000
      0.00000       4.5520000   6.8024083e-62       1.0000000
      0.00000       4.5530000   6.5819284e-62       1.0000000
      0.00000       4.5540000   6.3686409e-62       1.0000000
      0.00000       4.5550000   6.1623095e-62       1.0000000
      0.00000       4.5560000   5.9627059e-62       1.0000000
      0.00000       4.5570000   5.7696094e-62       1.0000000
      0.00000       4.5580000   5.5828065e-62       1.0000000
      0.00000       4.5590000   5.4020907e-62       1.0000000
      0.00000       4.5600000   5.2272624e-62       1.0000000
      0.00000       4.5610000   5.0581286e-62       1.0000000
      0.00000       4.5620000   4.8945026e-62       1.0000000
      0.00000       4.5630000   4.7362038e-62       1.0000000
      0.00000       4.5640000   4.5830578e-62       1.0000000
      0.00000       4.5650000   4.4348958e-62       1.0000000
      0.00000       4.5660000   4.2915545e-62       1.0000000
      0.00000       4.5670000   4.1528760e-62       1.0000000
      0.00000       4.5680000   4.0187077e-62       1.0000000
      0.00000       4.5690000   3.8889019e-62       1.0000000
      0.00000       4.5700000   3.7633160e-62       1.0000000
      0.00000       4.5710000   3.6418119e-62       1.0000000
      0.00000       4.5720000   3.5242560e-62       1.0000000
      0.00000       4.5730000   3.4105192e-62       1.0000000
      0.00000       4.5740000   3.3004766e-62       1.0000000
      0.00000       4.5750000   3.1940076e-62       1.0000000
      0.00000       4.5760000   3.0909952e-62       1.0000000
      0.00000       4.5770000   2.9913266e-62       1.0000000
      0.00000       4.5780000   2.8948926e-62       1.0000000
      0.00000       4.5790000   2.8015874e-62       1.0000000
      0.00000       4.5800000   2.7113089e-62       1.0000000
      0.00000       4.5810000   2.6239583e-62       1.0000000
      0.00000       4.5820000   2.5394401e-62       1.0000000
      0.00000       4.5830000   2.4576618e-62       1.0000000
      0.00000       4.5840000   2.3785340e-62       1.0000000
      0.00000       4.5850000   2.3019702e-62       1.0000000
      0.00000       4.5860000   2.2278869e-62       1.0000000
      0.00000       4.5870000   2.1562032e-62       1.0000000
      0.00000       4.5880000   2.0868408e-62       1.0000000
      0.00000       4.5890000   2.0197241e-62       1.0000000
      0.00000       4.5900000   1.9547799e-62       1.0000000
      0.00000       4.5910000   1.8919375e-62       1.0000000
      0.00000       4.5920000   1.8311284e-62       1.0000000
      0.00000       4.5930000   1.7722863e-62       1.0000000
      0.00000       4.5940000   1.7153473e-62       1.0000000
      0.00000       4.5950000   1.6602494e-62       1.0000000
      0.00000       4.5960000   1.6069327e-62       1.0000000
      0.00000       4.5970000   1.5553393e-62       1.0000000
      0.00000       4.5980000   1.5054130e-62       1.0000000
      0.00000       4.5990000   1.4570997e-62       1.0000000
      0.00000       4.6000000   1.4103469e-62       1.0000000
      0.00000       4.6010000   1.3651039e-62       1.0000000
      0.00000       4.6020000   1.3213217e-62       1.0000000
      0.00000       4.6030000   1.2789527e-62       1.0000000
      0.00000       4.6040000   1.2379510e-62       1.0000000
      0.00000       4.6050000   1.1982723e-62       1.0000000
      0.00000       4.6060000   1.1598736e-62       1.0000000
      0.00000       4.6070000   1.1227133e-62       1.0000000
      0.00000       4.6080000   1.0867512e-62       1.0000000
      0.00000       4.6090000   1.0519485e-62       1.0000000
      0.00000       4.6100000   1.0182675e-62       1.0000000
      0.00000       4.6110000   9.8567188e-63       1.0000000
      0.00000       4.6120000   9.5412639e-63       1.0000000
      0.00000       4.6130000   9.2359699e-63       1.0000000
      0.00000       4.6140000   8.9405075e-63       1.0000000
      0.00000       4.6150000   8.6545581e-63       1.0000000
      0.00000       4.6160000   8.3778133e-63       1.0000000
      0.00000       4.6170000   8.1099751e-63       1.0000000
      0.00000       4.6180000   7.8507548e-63       1.0000000
      0.00000       4.6190000   7.5998735e-63       1.0000000
      0.00000       4.6200000   7.3570612e-63       1.0000000
      0.00000       4.6210000   7.1220566e-63       1.0000000
      0.00000       4.6220000   6.8946072e-63       1.0000000
      0.00000       4.6230000   6.6744685e-63       1.0000000
      0.00000       4.6240000   6.4614039e-63       1.0000000
      0.00000       4.6250000   6.2551847e-63       1.0000000
      0.00000       4.6260000   6.0555896e-63       1.0000000
      0.00000       4.6270000   5.8624044e-63       1.0000000
      0.00000       4.6280000   5.6754220e-63       1.0000000
      0.00000       4.6290000   5.4944419e-63       1.0000000
      0.00000       4.6300000   5.3192702e-63       1.0000000
      0.00000       4.6310000   5.1497192e-63       1.0000000
      0.00000       4.6320000   4.9856076e-63       1.0000000
      0.00000       4.6330000   4.8267596e-63       1.0000000
      0.00000       4.6340000   4.6730054e-63       1.0000000
      0.00000       4.6350000   4.5241806e-63       1.0000000
      0.00000       4.6360000   4.3801260e-63       1.0000000
      0.00000       4.6370000   4.2406880e-63       1.0000000
      0.00000       4.6380000   4.1057174e-63       1.0000000
      0.00000       4.6390000   3.9750704e-63       1.0000000
      0.00000       4.6400000   3.8486075e-63       1.0000000
      0.00000       4.6410000   3.7261938e-63       1.0000000
      0.00000       4.6420000   3.6076989e-63       1.0000000
      0.00000       4.6430000   3.4929965e-63       1.0000000
      0.00000       4.6440000   3.3819645e-63       1.0000000
      0.00000       4.6450000   3.2744846e-63       1.0000000
      0.00000       4.6460000   3.1704425e-63       1.0000000
      0.00000       4.6470000   3.0697275e-63       1.0000000
      0.00000       4.6480000   2.9722326e-63       1.0000000
      0.00000       4.6490000   2.8778541e-63       1.0000000
      0.00000       4.6500000   2.7864918e-63       1.0000000
      0.00000       4.6510000   2.6980486e-63       1.0000000
      0.00000       4.6520000   2.6124308e-63       1.0000000
      0.00000       4.6530000   2.5295474e-63       1.0000000
      0.00000       4.6540000   2.4493106e-63       1.0000000
      0.00000       4.6550000   2.3716353e-63       1.0000000
      0.00000       4.6560000   2.2964392e-63       1.0000000
      0.00000       4.6570000   2.2236427e-63       1.0000000
      0.00000       4.6580000   2.1531688e-63       1.0000000
      0.00000       4.6590000   2.0849427e-63       1.0000000
      0.00000       4.6600000   2.0188925e-63       1.0000000
      0.00000       4.6610000   1.9549482e-63       1.0000000
      0.00000       4.6620000   1.8930423e-63       1.0000000
      0.00000       4.6630000   1.8331094e-63       1.0000000
      0.00000       4.6640000   1.7750862e-63       1.0000000
      0.00000       4.6650000   1.7189114e-63       1.0000000
      0.00000       4.6660000   1.6645258e-63       1.0000000
      0.00000       4.6670000   1.6118721e-63       1.0000000
      0.00000       4.6680000   1.5608947e-63       1.0000000
      0.00000       4.6690000   1.5115399e-63       1.0000000
      0.00000       4.6700000   1.4637558e-63       1.0000000
      0.00000       4.6710000   1.4174920e-63       1.0000000
      0.00000       4.6720000   1.3726998e-63       1.0000000
      0.00000       4.6730000   1.3293323e-63       1.0000000
      0.00000       4.6740000   1.2873436e-63       1.0000000
      0.00000       4.6750000   1.2466898e-63       1.0000000
      0.00000       4.6760000   1.2073282e-63       1.0000000
      0.00000       4.6770000   1.1692173e-63       1.0000000
      0.00000       4.6780000   1.1323171e-63       1.0000000
      0.00000       4.6790000   1.0965891e-63       1.0000000
      0.00000       4.6800000   1.0619957e-63       1.0000000
      0.00000       4.6810000   1.0285006e-63       1.0000000
      0.00000       4.6820000   9.9606871e-64       1.0000000
      0.00000       4.6830000   9.6466614e-64       1.0000000
      0.00000       4.6840000   9.3425997e-64       1.0000000
      0.00000       4.6850000   9.0481839e-64       1.0000000
      0.00000       4.6860000   8.7631059e-64       1.0000000
      0.00000       4.6870000   8.4870678e-64       1.0000000
      0.00000       4.6880000   8.2197811e-64       1.0000000
      0.00000       4.6890000   7.9609664e-64       1.0000000
      0.00000       4.6900000   7.7103536e-64       1.0000000
      0.00000       4.6910000   7.4676810e-64       1.0000000
      0.00000       4.6920000   7.2326955e-64       1.0000000
      0.00000       4.6930000   7.0051521e-64       1.0000000
      0.00000       4.6940000   6.7848135e-64       1.0000000
      0.00000       4.6950000   6.5714500e-64       1.0000000
      0.00000       4.6960000   6.3648396e-64       1.0000000
      0.00000       4.6970000   6.1647671e-64       1.0000000
      0.00000       4.6980000   5.9710242e-64       1.0000000
      0.00000       4.6990000   5.7834095e-64       1.0000000
      0.00000       4.7000000   5.6017279e-64       1.0000000
      0.00000       4.7010000   5.4257905e-64       1.0000000
      0.00000       4.7020000   5.2554146e-64       1.0000000
      0.00000       4.7030000   5.0904232e-64       1.0000000
      0.00000       4.7040000   4.9306451e-64       1.0000000
      0.00000       4.7050000   4.7759144e-64       1.0000000
      0.00000       4.7060000   4.6260708e-64       1.0000000
      0.00000       4.7070000   4.4809588e-64       1.0000000
      0.00000       4.7080000   4.3404282e-64       1.0000000
      0.00000       4.7090000   4.2043333e-64       1.0000000
      0.00000       4.7100000   4.0725332e-64       1.0000000
      0.00000       4.7110000   3.9448915e-64       1.0000000
      0.00000       4.7120000   3.8212762e-64       1.0000000
      0.00000       4.7130000   3.7015595e-64       1.0000000
      0.00000       4.7140000   3.5856176e-64       1.0000000
      0.00000       4.7150000   3.4733307e-64       1.0000000
      0.00000       4.7160000   3.3645829e-64       1.0000000
      0.00000       4.7170000   3.2592619e-64       1.0000000
      0.00000       4.7180000   3.1572591e-64       1.0000000
      0.00000       4.7190000   3.0584691e-64       1.0000000
      0.00000       4.7200000   2.9627902e-64       1.0000000
      0.00000       4.7210000   2.8701238e-64       1.0000000
      0.00000       4.7220000   2.7803745e-64       1.0000000
      0.00000       4.7230000   2.6934497e-64       1.0000000
      0.00000       4.7240000   2.6092600e-64       1.0000000
      0.00000       4.7250000   2.5277189e-64       1.0000000
      0.00000       4.7260000   2.4487424e-64       1.0000000
      0.00000       4.7270000   2.3722495e-64       1.0000000
      0.00000       4.7280000   2.2981614e-64       1.0000000
      0.00000       4.7290000   2.2264021e-64       1.0000000
      0.00000       4.7300000   2.1568979e-64       1.0000000
      0.00000       4.7310000   2.0895776e-64       1.0000000
      0.00000       4.7320000   2.0243719e-64       1.0000000
      0.00000       4.7330000   1.9612142e-64       1.0000000
      0.00000       4.7340000   1.9000396e-64       1.0000000
      0.00000       4.7350000   1.8407856e-64       1.0000000
      0.00000       4.7360000   1.7833913e-64       1.0000000
      0.00000       4.7370000   1.7277981e-64       1.0000000
      0.00000       4.7380000   1.6739491e-64       1.0000000
      0.00000       4.7390000   1.6217892e-64       1.0000000
      0.00000       4.7400000   1.5712650e-64       1.0000000
      0.00000       4.7410000   1.5223251e-64       1.0000000
      0.00000       4.7420000   1.4749193e-64       1.0000000
      0.00000       4.7430000   1.4289993e-64       1.0000000
      0.00000       4.7440000   1.3845181e-64       1.0000000
      0.00000       4.7450000   1.3414305e-64       1.0000000
      0.00000       4.7460000   1.2996925e-64       1.0000000
      0.00000       4.7470000   1.2592616e-64       1.0000000
      0.00000       4.7480000   1.2200964e-64       1.0000000
      0.00000       4.7490000   1.1821573e-64       1.0000000
      0.00000       4.7500000   1.1454055e-64       1.0000000
      0.00000       4.7510000   1.1098036e-64       1.0000000
      0.00000       4.7520000   1.0753155e-64       1.0000000
      0.00000       4.7530000   1.0419060e-64       1.0000000
      0.00000       4.7540000   1.0095413e-64       1.0000000
      0.00000       4.7550000   9.7818840e-65       1.0000000
      0.00000       4.7560000   9.4781551e-65       1.0000000
      0.00000       4.7570000   9.1839178e-65       1.0000000
      0.00000       4.7580000   8.8988738e-65       1.0000000
      0.00000       4.7590000   8.6227338e-65       1.0000000
      0.00000       4.7600000   8.3552181e-65       1.0000000
      0.00000       4.7610000   8.0960556e-65       1.0000000
      0.00000       4.7620000   7.8449836e-65       1.0000000
      0.00000       4.7630000   7.6017481e-65       1.0000000
      0.00000       4.7640000   7.3661029e-65       1.0000000
      0.00000       4.7650000   7.1378095e-65       1.0000000
      0.00000       4.7660000   6.9166373e-65       1.0000000
      0.00000       4.7670000   6.7023625e-65       1.0000000
      0.00000       4.7680000   6.4947687e-65       1.0000000
      0.00000       4.7690000   6.2936464e-65       1.0000000
      0.00000       4.7700000   6.0987923e-65       1.0000000
      0.00000       4.7710000   5.9100100e-65       1.0000000
      0.00000       4.7720000   5.7271090e-65       1.0000000
      0.00000       4.7730000   5.5499050e-65       1.0000000
      0.00000       4.7740000   5.3782192e-65       1.0000000
      0.00000       4.7750000   5.2118789e-65       1.0000000
      0.00000       4.7760000   5.0507164e-65       1.0000000
      0.00000       4.7770000   4.8945696e-65       1.0000000
      0.00000       4.7780000   4.7432814e-65       1.0000000
      0.00000       4.7790000   4.5966996e-65       1.0000000
      0.00000       4.7800000   4.4546769e-65       1.0000000
      0.00000       4.7810000   4.3170706e-65       1.0000000
      0.00000       4.7820000   4.1837424e-65       1.0000000
      0.00000       4.7830000   4.0545585e-65       1.0000000
      0.00000       4.7840000   3.9293893e-65       1.0000000
      0.00000       4.7850000   3.8081091e-65       1.0000000
      0.00000       4.7860000   3.6905964e-65       1.0000000
      0.00000       4.7870000   3.5767335e-65       1.0000000
      0.00000       4.7880000   3.4664061e-65       1.0000000
      0.00000       4.7890000   3.3595039e-65       1.0000000
      0.00000       4.7900000   3.2559197e-65       1.0000000
      0.00000       4.7910000   3.1555500e-65       1.0000000
      0.00000       4.7920000   3.0582944e-65       1.0000000
      0.00000       4.7930000   2.9640556e-65       1.0000000
      0.00000       4.7940000   2.8727395e-65       1.0000000
      0.00000       4.7950000   2.7842548e-65       1.0000000
      0.00000       4.7960000   2.6985131e-65       1.0000000
      0.00000       4.7970000   2.6154290e-65       1.0000000
      0.00000       4.7980000   2.5349194e-65       1.0000000
      0.00000       4.7990000   2.4569041e-65       1.0000000
      0.00000       4.8000000   2.3813054e-65       1.0000000
      0.00000       4.8010000   2.3080478e-65       1.0000000
      0.00000       4.8020000   2.2370585e-65       1.0000000
      0.00000       4.8030000   2.1682667e-65       1.0000000
      0.00000       4.8040000   2.1016040e-65       1.0000000
      0.00000       4.8050000   2.0370041e-65       1.0000000
      0.00000       4.8060000   1.9744027e-65       1.0000000
      0.00000       4.8070000   1.9137376e-65       1.0000000
      0.00000       4.8080000   1.8549485e-65       1.0000000
      0.00000       4.8090000   1.7979770e-65       1.0000000
      0.00000       4.8100000   1.7427667e-65       1.0000000
      0.00000       4.8110000   1.6892626e-65       1.0000000
      0.00000       4.8120000   1.6374117e-65       1.0000000
      0.00000       4.8130000   1.5871627e-65       1.0000000
      0.00000       4.8140000   1.5384657e-65       1.0000000
      0.00000       4.8150000   1.4912724e-65       1.0000000
      0.00000       4.8160000   1.4455362e-65       1.0000000
      0.00000       4.8170000   1.4012117e-65       1.0000000
      0.00000       4.8180000   1.3582551e-65       1.0000000
      0.00000       4.8190000   1.3166240e-65       1.0000000
      0.00000       4.8200000   1.2762771e-65       1.0000000
      0.00000       4.8210000   1.2371746e-65       1.0000000
      0.00000       4.8220000   1.1992778e-65       1.0000000
      0.00000       4.8230000   1.1625494e-65       1.0000000
      0.00000       4.8240000   1.1269531e-65       1.0000000
      0.00000       4.8250000   1.0924537e-65       1.0000000
      0.00000       4.8260000   1.0590173e-65       1.0000000
      0.00000       4.8270000   1.0266109e-65       1.0000000
      0.00000       4.8280000   9.9520257e-66       1.0000000
      0.00000       4.8290000   9.6476134e-66       1.0000000
      0.00000       4.8300000   9.3525726e-66       1.0000000
      0.00000       4.8310000   9.0666130e-66       1.0000000
      0.00000       4.8320000   8.7894532e-66       1.0000000
      0.00000       4.8330000   8.5208208e-66       1.0000000
      0.00000       4.8340000   8.2604516e-66       1.0000000
      0.00000       4.8350000   8.0080899e-66       1.0000000
      0.00000       4.8360000   7.7634878e-66       1.0000000
      0.00000       4.8370000   7.5264051e-66       1.0000000
      0.00000       4.8380000   7.2966094e-66       1.0000000
      0.00000       4.8390000   7.0738751e-66       1.0000000
      0.00000       4.8400000   6.8579838e-66       1.0000000
      0.00000       4.8410000   6.6487240e-66       1.0000000
      0.00000       4.8420000   6.4458907e-66       1.0000000
      0.00000       4.8430000   6.2492852e-66       1.0000000
      0.00000       4.8440000   6.0587151e-66       1.0000000
      0.00000       4.8450000   5.8739939e-66       1.0000000
      0.00000       4.8460000   5.6949410e-66       1.0000000
      0.00000       4.8470000   5.5213813e-66       1.0000000
      0.00000       4.8480000   5.3531452e-66       1.0000000
      0.00000       4.8490000   5.1900684e-66       1.0000000
      0.00000       4.8500000   5.0319916e-66       1.0000000
      0.00000       4.8510000   4.8787606e-66       1.0000000
      0.00000       4.8520000   4.7302258e-66       1.0000000
      0.00000       4.8530000   4.5862424e-66       1.0000000
      0.00000       4.8540000   4.4466700e-66       1.0000000
      0.00000       4.8550000   4.3113727e-66       1.0000000
      0.00000       4.8560000   4.1802186e-66       1.0000000
      0.00000       4.8570000   4.0530800e-66       1.0000000
      0.00000       4.8580000   3.9298333e-66       1.0000000
      0.00000       4.8590000   3.8103585e-66       1.0000000
      0.00000       4.8600000   3.6945395e-66       1.0000000
      0.00000       4.8610000   3.5822636e-66       1.0000000
      0.00000       4.8620000   3.4734218e-66       1.0000000
      0.00000       4.8630000   3.3679084e-66       1.0000000
      0.00000       4.8640000   3.2656209e-66       1.0000000
      0.00000       4.8650000   3.1664600e-66       1.0000000
      0.00000       4.8660000   3.0703297e-66       1.0000000
      0.00000       4.8670000   2.9771366e-66       1.0000000
      0.00000       4.8680000   2.8867905e-66       1.0000000
      0.00000       4.8690000   2.7992038e-66       1.0000000
      0.00000       4.8700000   2.7142917e-66       1.0000000
      0.00000       4.8710000   2.6319720e-66       1.0000000
      0.00000       4.8720000   2.5521651e-66       1.0000000
      0.00000       4.8730000   2.4747937e-66       1.0000000
      0.00000       4.8740000   2.3997830e-66       1.0000000
      0.00000       4.8750000   2.3270606e-66       1.0000000
      0.00000       4.8760000   2.2565562e-66       1.0000000
      0.00000       4.8770000   2.1882018e-66       1.0000000
      0.00000       4.8780000   2.1219312e-66       1.0000000
      0.00000       4.8790000   2.0576807e-66       1.0000000
      0.00000       4.8800000   1.9953882e-66       1.0000000
      0.00000       4.8810000   1.9349937e-66       1.0000000
      0.00000       4.8820000   1.8764389e-66       1.0000000
      0.00000       4.8830000   1.8196676e-66       1.0000000
      0.00000       4.8840000   1.7646249e-66       1.0000000
      0.00000       4.8850000   1.7112580e-66       1.0000000
      0.00000       4.8860000   1.6595155e-66       1.0000000
      0.00000       4.8870000   1.6093476e-66       1.0000000
      0.00000       4.8880000   1.5607061e-66       1.0000000
      0.00000       4.8890000   1.5135442e-66       1.0000000
      0.00000       4.8900000   1.4678167e-66       1.0000000
      0.00000       4.8910000   1.4234797e-66       1.0000000
      0.00000       4.8920000   1.3804906e-66       1.0000000
      0.00000       4.8930000   1.3388081e-66       1.0000000
      0.00000       4.8940000   1.2983924e-66       1.0000000
      0.00000       4.8950000   1.2592045e-66       1.0000000
      0.00000       4.8960000   1.2212071e-66       1.0000000
      0.00000       4.8970000   1.1843637e-66       1.0000000
      0.00000       4.8980000   1.1486391e-66       1.0000000
      0.00000       4.8990000   1.1139990e-66       1.0000000
      0.00000       4.9000000   1.0804103e-66       1.0000000
      0.00000       4.9010000   1.0478408e-66       1.0000000
      0.00000       4.9020000   1.0162596e-66       1.0000000
      0.00000       4.9030000   9.8563636e-67       1.0000000
      0.00000       4.9040000   9.5594185e-67       1.0000000
      0.00000       4.9050000   9.2714774e-67       1.0000000
      0.00000       4.9060000   8.9922655e-67       1.0000000
      0.00000       4.9070000   8.7215164e-67       1.0000000
      0.00000       4.9080000   8.4589721e-67       1.0000000
      0.00000       4.9090000   8.2043822e-67       1.0000000
      0.00000       4.9100000   7.9575043e-67       1.0000000
      0.00000       4.9110000   7.7181032e-67       1.0000000
      0.00000       4.9120000   7.4859510e-67       1.0000000
      0.00000       4.9130000   7.2608269e-67       1.0000000
      0.00000       4.9140000   7.0425166e-67       1.0000000
      0.00000       4.9150000   6.8308127e-67       1.0000000
      0.00000       4.9160000   6.6255139e-67       1.0000000
      0.00000       4.9170000   6.4264252e-67       1.0000000
      0.00000       4.9180000   6.2333576e-67       1.0000000
      0.00000       4.9190000   6.0461277e-67       1.0000000
      0.00000       4.9200000   5.8645580e-67       1.0000000
      0.00000       4.9210000   5.6884762e-67       1.0000000
      0.00000       4.9220000   5.5177154e-67       1.0000000
      0.00000       4.9230000   5.3521137e-67       1.0000000
      0.00000       4.9240000   5.1915144e-67       1.0000000
      0.00000       4.9250000   5.0357652e-67       1.0000000
      0.00000       4.9260000   4.8847189e-67       1.0000000
      0.00000       4.9270000   4.7382324e-67       1.0000000
      0.00000       4.9280000   4.5961673e-67       1.0000000
      0.00000       4.9290000   4.4583892e-67       1.0000000
      0.00000       4.9300000   4.3247679e-67       1.0000000
      0.00000       4.9310000   4.1951773e-67       1.0000000
      0.00000       4.9320000   4.0694949e-67       1.0000000
      0.00000       4.9330000   3.9476022e-67       1.0000000
      0.00000       4.9340000   3.8293841e-67       1.0000000
      0.00000       4.9350000   3.7147291e-67       1.0000000
      0.00000       4.9360000   3.6035292e-67       1.0000000
      0.00000       4.9370000   3.4956796e-67       1.0000000
      0.00000       4.9380000   3.3910786e-67       1.0000000
      0.00000       4.9390000   3.2896279e-67       1.0000000
      0.00000       4.9400000   3.1912319e-67       1.0000000
      0.00000       4.9410000   3.0957980e-67       1.0000000
      0.00000       4.9420000   3.0032366e-67       1.0000000
      0.00000       4.9430000   2.9134605e-67       1.0000000
      0.00000       4.9440000   2.8263855e-67       1.0000000
      0.00000       4.9450000   2.7419297e-67       1.0000000
      0.00000       4.9460000   2.6600138e-67       1.0000000
      0.00000       4.9470000   2.5805611e-67       1.0000000
      0.00000       4.9480000   2.5034969e-67       1.0000000
      0.00000       4.9490000   2.4287490e-67       1.0000000
      0.00000       4.9500000   2.3562473e-67       1.0000000
      0.00000       4.9510000   2.2859238e-67       1.0000000
      0.00000       4.9520000   2.2177128e-67       1.0000000
      0.00000       4.9530000   2.1515503e-67       1.0000000
      0.00000       4.9540000   2.0873745e-67       1.0000000
      0.00000       4.9550000   2.0251252e-67       1.0000000
      0.00000       4.9560000   1.9647443e-67       1.0000000
      0.00000       4.9570000   1.9061754e-67       1.0000000
      0.00000       4.9580000   1.8493637e-67       1.0000000
      0.00000       4.9590000   1.7942562e-67       1.0000000
      0.00000       4.9600000   1.7408014e-67       1.0000000
      0.00000       4.9610000   1.6889494e-67       1.0000000
      0.00000       4.9620000   1.6386519e-67       1.0000000
      0.00000       4.9630000   1.5898620e-67       1.0000000
      0.00000       4.9640000   1.5425341e-67       1.0000000
      0.00000       4.9650000   1.4966242e-67       1.0000000
      0.00000       4.9660000   1.4520896e-67       1.0000000
      0.00000       4.9670000   1.4088888e-67       1.0000000
      0.00000       4.9680000   1.3669815e-67       1.0000000
      0.00000       4.9690000   1.3263288e-67       1.0000000
      0.00000       4.9700000   1.2868929e-67       1.0000000
      0.00000       4.9710000   1.2486371e-67       1.0000000
      0.00000       4.9720000   1.2115259e-67       1.0000000
      0.00000       4.9730000   1.1755249e-67       1.0000000
      0.00000       4.9740000   1.1406005e-67       1.0000000
      0.00000       4.9750000   1.1067205e-67       1.0000000
      0.00000       4.9760000   1.0738533e-67       1.0000000
      0.00000       4.9770000   1.0419685e-67       1.0000000
      0.00000       4.9780000   1.0110366e-67       1.0000000
      0.00000       4.9790000   9.8102881e-68       1.0000000
      0.00000       4.9800000   9.5191745e-68       1.0000000
      0.00000       4.9810000   9.2367554e-68       1.0000000
      0.00000       4.9820000   8.9627694e-68       1.0000000
      0.00000       4.9830000   8.6969631e-68       1.0000000
      0.00000       4.9840000   8.4390907e-68       1.0000000
      0.00000       4.9850000   8.1889139e-68       1.0000000
      0.00000       4.9860000   7.9462015e-68       1.0000000
      0.00000       4.9870000   7.7107295e-68       1.0000000
      0.00000       4.9880000   7.4822804e-68       1.0000000
      0.00000       4.9890000   7.2606434e-68       1.0000000
      0.00000       4.9900000   7.0456142e-68       1.0000000
      0.00000       4.9910000   6.8369944e-68       1.0000000
      0.00000       4.9920000   6.6345917e-68       1.0000000
      0.00000       4.9930000   6.4382197e-68       1.0000000
      0.00000       4.9940000   6.2476976e-68       1.0000000
      0.00000       4.9950000   6.0628499e-68       1.0000000
      0.00000       4.9960000   5.8835066e-68       1.0000000
      0.00000       4.9970000   5.7095027e-68       1.0000000
      0.00000       4.9980000   5.5406783e-68       1.0000000
      0.00000       4.9990000   5.3768781e-68       1.0000000
      0.00000       5.0000000   5.2179516e-68       1.0000000
      0.00000       5.0010000   5.0637531e-68       1.0000000
      0.00000       5.0020000   4.9141408e-68       1.0000000
      0.00000       5.0030000   4.7689774e-68       1.0000000
      0.00000       5.0040000   4.6281300e-68       1.0000000
      0.00000       5.0050000   4.4914692e-68       1.0000000
      0.00000       5.0060000   4.3588699e-68       1.0000000
      0.00000       5.0070000   4.2302106e-68       1.0000000
      0.00000       5.0080000   4.1053735e-68       1.0000000
      0.00000       5.0090000   3.9842442e-68       1.0000000
      0.00000       5.0100000   3.8667120e-68       1.0000000
      0.00000       5.0110000   3.7526693e-68       1.0000000
      0.00000       5.0120000   3.6420118e-68       1.0000000
      0.00000       5.0130000   3.5346385e-68       1.0000000
      0.00000       5.0140000   3.4304513e-68       1.0000000
      0.00000       5.0150000   3.3293549e-68       1.0000000
      0.00000       5.0160000   3.2312572e-68       1.0000000
      0.00000       5.0170000   3.1360685e-68       1.0000000
      0.00000       5.0180000   3.0437022e-68       1.0000000
      0.00000       5.0190000   2.9540739e-68       1.0000000
      0.00000       5.0200000   2.8671019e-68       1.0000000
      0.00000       5.0210000   2.7827071e-68       1.0000000
      0.00000       5.0220000   2.7008126e-68       1.0000000
      0.00000       5.0230000   2.6213438e-68       1.0000000
      0.00000       5.0240000   2.5442284e-68       1.0000000
      0.00000       5.0250000   2.4693963e-68       1.0000000
      0.00000       5.0260000   2.3967794e-68       1.0000000
      0.00000       5.0270000   2.3263118e-68       1.0000000
      0.00000       5.0280000   2.2579294e-68       1.0000000
      0.00000       5.0290000   2.1915701e-68       1.0000000
      0.00000       5.0300000   2.1271736e-68       1.0000000
      0.00000       5.0310000   2.0646817e-68       1.0000000
      0.00000       5.0320000   2.0040375e-68       1.0000000
      0.00000       5.0330000   1.9451860e-68       1.0000000
      0.00000       5.0340000   1.8880740e-68       1.0000000
      0.00000       5.0350000   1.8326497e-68       1.0000000
      0.00000       5.0360000   1.7788629e-68       1.0000000
      0.00000       5.0370000   1.7266649e-68       1.0000000
      0.00000       5.0380000   1.6760085e-68       1.0000000
      0.00000       5.0390000   1.6268479e-68       1.0000000
      0.00000       5.0400000   1.5791385e-68       1.0000000
      0.00000       5.0410000   1.5328374e-68       1.0000000
      0.00000       5.0420000   1.4879026e-68       1.0000000
      0.00000       5.0430000   1.4442936e-68       1.0000000
      0.00000       5.0440000   1.4019710e-68       1.0000000
      0.00000       5.0450000   1.3608966e-68       1.0000000
      0.00000       5.0460000   1.3210333e-68       1.0000000
      0.00000       5.0470000   1.2823453e-68       1.0000000
      0.00000       5.0480000   1.2447977e-68       1.0000000
      0.00000       5.0490000   1.2083565e-68       1.0000000
      0.00000       5.0500000   1.1729891e-68       1.0000000
      0.00000       5.0510000   1.1386636e-68       1.0000000
      0.00000       5.0520000   1.1053490e-68       1.0000000
      0.00000       5.0530000   1.0730154e-68       1.0000000
      0.00000       5.0540000   1.0416338e-68       1.0000000
      0.00000       5.0550000   1.0111759e-68       1.0000000
      0.00000       5.0560000   9.8161438e-69       1.0000000
      0.00000       5.0570000   9.5292266e-69       1.0000000
      0.00000       5.0580000   9.2507501e-69       1.0000000
      0.00000       5.0590000   8.9804643e-69       1.0000000
      0.00000       5.0600000   8.7181267e-69       1.0000000
      0.00000       5.0610000   8.4635021e-69       1.0000000
      0.00000       5.0620000   8.2163622e-69       1.0000000
      0.00000       5.0630000   7.9764857e-69       1.0000000
      0.00000       5.0640000   7.7436577e-69       1.0000000
      0.00000       5.0650000   7.5176698e-69       1.0000000
      0.00000       5.0660000   7.2983197e-69       1.0000000
      0.00000       5.0670000   7.0854112e-69       1.0000000
      0.00000       5.0680000   6.8787539e-69       1.0000000
      0.00000       5.0690000   6.6781630e-69       1.0000000
      0.00000       5.0700000   6.4834595e-69       1.0000000
      0.00000       5.0710000   6.2944693e-69       1.0000000
      0.00000       5.0720000   6.1110237e-69       1.0000000
      0.00000       5.0730000   5.9329591e-69       1.0000000
      0.00000       5.0740000   5.7601165e-69       1.0000000
      0.00000       5.0750000   5.5923419e-69       1.0000000
      0.00000       5.0760000   5.4294856e-69       1.0000000
      0.00000       5.0770000   5.2714026e-69       1.0000000
      0.00000       5.0780000   5.1179521e-69       1.0000000
      0.00000       5.0790000   4.9689975e-69       1.0000000
      0.00000       5.0800000   4.8244061e-69       1.0000000
      0.00000       5.0810000   4.6840494e-69       1.0000000
      0.00000       5.0820000   4.5478025e-69       1.0000000
      0.00000       5.0830000   4.4155443e-69       1.0000000
      0.00000       5.0840000   4.2871573e-69       1.0000000
      0.00000       5.0850000   4.1625275e-69       1.0000000
      0.00000       5.0860000   4.0415441e-69       1.0000000
      0.00000       5.0870000   3.9240999e-69       1.0000000
      0.00000       5.0880000   3.8100906e-69       1.0000000
      0.00000       5.0890000   3.6994151e-69       1.0000000
      0.00000       5.0900000   3.5919754e-69       1.0000000
      0.00000       5.0910000   3.4876761e-69       1.0000000
      0.00000       5.0920000   3.3864249e-69       1.0000000
      0.00000       5.0930000   3.2881322e-69       1.0000000
      0.00000       5.0940000   3.1927110e-69       1.0000000
      0.00000       5.0950000   3.1000768e-69       1.0000000
      0.00000       5.0960000   3.0101477e-69       1.0000000
      0.00000       5.0970000   2.9228442e-69       1.0000000
      0.00000       5.0980000   2.8380891e-69       1.0000000
      0.00000       5.0990000   2.7558077e-69       1.0000000
      0.00000       5.1000000   2.6759272e-69       1.0000000
      0.00000       5.1010000   2.5983770e-69       1.0000000
      0.00000       5.1020000   2.5230889e-69       1.0000000
      0.00000       5.1030000   2.4499964e-69       1.0000000
      0.00000       5.1040000   2.3790351e-69       1.0000000
      0.00000       5.1050000   2.3101423e-69       1.0000000
      0.00000       5.1060000   2.2432575e-69       1.0000000
      0.00000       5.1070000   2.1783217e-69       1.0000000
      0.00000       5.1080000   2.1152778e-69       1.0000000
      0.00000       5.1090000   2.0540703e-69       1.0000000
      0.00000       5.1100000   1.9946453e-69       1.0000000
      0.00000       5.1110000   1.9369507e-69       1.0000000
      0.00000       5.1120000   1.8809356e-69       1.0000000
      0.00000       5.1130000   1.8265510e-69       1.0000000
      0.00000       5.1140000   1.7737489e-69       1.0000000
      0.00000       5.1150000   1.7224832e-69       1.0000000
      0.00000       5.1160000   1.6727088e-69       1.0000000
      0.00000       5.1170000   1.6243820e-69       1.0000000
      0.00000       5.1180000   1.5774604e-69       1.0000000
      0.00000       5.1190000   1.5319030e-69       1.0000000
      0.00000       5.1200000   1.4876698e-69       1.0000000
      0.00000       5.1210000   1.4447221e-69       1.0000000
      0.00000       5.1220000   1.4030223e-69       1.0000000
      0.00000       5.1230000   1.3625339e-69       1.0000000
      0.00000       5.1240000   1.3232215e-69       1.0000000
      0.00000       5.1250000   1.2850506e-69       1.0000000
      0.00000       5.1260000   1.2479880e-69       1.0000000
      0.00000       5.1270000   1.2120013e-69       1.0000000
      0.00000       5.1280000   1.1770590e-69       1.0000000
      0.00000       5.1290000   1.1431306e-69       1.0000000
      0.00000       5.1300000   1.1101865e-69       1.0000000
      0.00000       5.1310000   1.0781980e-69       1.0000000
      0.00000       5.1320000   1.0471371e-69       1.0000000
      0.00000       5.1330000   1.0169768e-69       1.0000000
      0.00000       5.1340000   9.8769090e-70       1.0000000
      0.00000       5.1350000   9.5925376e-70       1.0000000
      0.00000       5.1360000   9.3164068e-70       1.0000000
      0.00000       5.1370000   9.0482761e-70       1.0000000
      0.00000       5.1380000   8.7879122e-70       1.0000000
      0.00000       5.1390000   8.5350889e-70       1.0000000
      0.00000       5.1400000   8.2895862e-70       1.0000000
      0.00000       5.1410000   8.0511908e-70       1.0000000
      0.00000       5.1420000   7.8196957e-70       1.0000000
      0.00000       5.1430000   7.5948999e-70       1.0000000
      0.00000       5.1440000   7.3766081e-70       1.0000000
      0.00000       5.1450000   7.1646311e-70       1.0000000
      0.00000       5.1460000   6.9587850e-70       1.0000000
      0.00000       5.1470000   6.7588913e-70       1.0000000
      0.00000       5.1480000   6.5647768e-70       1.0000000
      0.00000       5.1490000   6.3762733e-70       1.0000000
      0.00000       5.1500000   6.1932177e-70       1.0000000
      0.00000       5.1510000   6.0154514e-70       1.0000000
      0.00000       5.1520000   5.8428206e-70       1.0000000
      0.00000       5.1530000   5.6751760e-70       1.0000000
      0.00000       5.1540000   5.5123726e-70       1.0000000
      0.00000       5.1550000   5.3542699e-70       1.0000000
      0.00000       5.1560000   5.2007311e-70       1.0000000
      0.00000       5.1570000   5.0516237e-70       1.0000000
      0.00000       5.1580000   4.9068189e-70       1.0000000
      0.00000       5.1590000   4.7661919e-70       1.0000000
      0.00000       5.1600000   4.6296212e-70       1.0000000
      0.00000       5.1610000   4.4969892e-70       1.0000000
      0.00000       5.1620000   4.3681814e-70       1.0000000
      0.00000       5.1630000   4.2430871e-70       1.0000000
      0.00000       5.1640000   4.1215983e-70       1.0000000
      0.00000       5.1650000   4.0036105e-70       1.0000000
      0.00000       5.1660000   3.8890222e-70       1.0000000
      0.00000       5.1670000   3.7777348e-70       1.0000000
      0.00000       5.1680000   3.6696526e-70       1.0000000
      0.00000       5.1690000   3.5646827e-70       1.0000000
      0.00000       5.1700000   3.4627348e-70       1.0000000
      0.00000       5.1710000   3.3637215e-70       1.0000000
      0.00000       5.1720000   3.2675577e-70       1.0000000
      0.00000       5.1730000   3.1741609e-70       1.0000000
      0.00000       5.1740000   3.0834509e-70       1.0000000
      0.00000       5.1750000   2.9953500e-70       1.0000000
      0.00000       5.1760000   2.9097827e-70       1.0000000
      0.00000       5.1770000   2.8266755e-70       1.0000000
      0.00000       5.1780000   2.7459573e-70       1.0000000
      0.00000       5.1790000   2.6675591e-70       1.0000000
      0.00000       5.1800000   2.5914136e-70       1.0000000
      0.00000       5.1810000   2.5174558e-70       1.0000000
      0.00000       5.1820000   2.4456224e-70       1.0000000
      0.00000       5.1830000   2.3758520e-70       1.0000000
      0.00000       5.1840000   2.3080849e-70       1.0000000
      0.00000       5.1850000   2.2422632e-70       1.0000000
      0.00000       5.1860000   2.1783308e-70       1.0000000
      0.00000       5.1870000   2.1162331e-70       1.0000000
      0.00000       5.1880000   2.0559171e-70       1.0000000
      0.00000       5.1890000   1.9973312e-70       1.0000000
      0.00000       5.1900000   1.9404257e-70       1.0000000
      0.00000       5.1910000   1.8851520e-70       1.0000000
      0.00000       5.1920000   1.8314629e-70       1.0000000
      0.00000       5.1930000   1.7793128e-70       1.0000000
      0.00000       5.1940000   1.7286573e-70       1.0000000
      0.00000       5.1950000   1.6794532e-70       1.0000000
      0.00000       5.1960000   1.6316588e-70       1.0000000
      0.00000       5.1970000   1.5852333e-70       1.0000000
      0.00000       5.1980000   1.5401373e-70       1.0000000
      0.00000       5.1990000   1.4963324e-70       1.0000000
      0.00000       5.2000000   1.4537816e-70       1.0000000
      0.00000       5.2010000   1.4124485e-70       1.0000000
      0.00000       5.2020000   1.3722983e-70       1.0000000
      0.00000       5.2030000   1.3332967e-70       1.0000000
      0.00000       5.2040000   1.2954108e-70       1.0000000
      0.00000       5.2050000   1.2586084e-70       1.0000000
      0.00000       5.2060000   1.2228583e-70       1.0000000
      0.00000       5.2070000   1.1881302e-70       1.0000000
      0.00000       5.2080000   1.1543948e-70       1.0000000
      0.00000       5.2090000   1.1216235e-70       1.0000000
      0.00000       5.2100000   1.0897885e-70       1.0000000
      0.00000       5.2110000   1.0588629e-70       1.0000000
      0.00000       5.2120000   1.0288206e-70       1.0000000
      0.00000       5.2130000   9.9963617e-71       1.0000000
      0.00000       5.2140000   9.7128499e-71       1.0000000
      0.00000       5.2150000   9.4374309e-71       1.0000000
      0.00000       5.2160000   9.1698724e-71       1.0000000
      0.00000       5.2170000   8.9099485e-71       1.0000000
      0.00000       5.2180000   8.6574399e-71       1.0000000
      0.00000       5.2190000   8.4121338e-71       1.0000000
      0.00000       5.2200000   8.1738234e-71       1.0000000
      0.00000       5.2210000   7.9423079e-71       1.0000000
      0.00000       5.2220000   7.7173923e-71       1.0000000
      0.00000       5.2230000   7.4988873e-71       1.0000000
      0.00000       5.2240000   7.2866089e-71       1.0000000
      0.00000       5.2250000   7.0803786e-71       1.0000000
      0.00000       5.2260000   6.8800230e-71       1.0000000
      0.00000       5.2270000   6.6853737e-71       1.0000000
      0.00000       5.2280000   6.4962670e-71       1.0000000
      0.00000       5.2290000   6.3125441e-71       1.0000000
      0.00000       5.2300000   6.1340508e-71       1.0000000
      0.00000       5.2310000   5.9606373e-71       1.0000000
      0.00000       5.2320000   5.7921580e-71       1.0000000
      0.00000       5.2330000   5.6284717e-71       1.0000000
      0.00000       5.2340000   5.4694412e-71       1.0000000
      0.00000       5.2350000   5.3149331e-71       1.0000000
      0.00000       5.2360000   5.1648180e-71       1.0000000
      0.00000       5.2370000   5.0189702e-71       1.0000000
      0.00000       5.2380000   4.8772676e-71       1.0000000
      0.00000       5.2390000   4.7395917e-71       1.0000000
      0.00000       5.2400000   4.6058273e-71       1.0000000
      0.00000       5.2410000   4.4758626e-71       1.0000000
      0.00000       5.2420000   4.3495889e-71       1.0000000
      0.00000       5.2430000   4.2269007e-71       1.0000000
      0.00000       5.2440000   4.1076956e-71       1.0000000
      0.00000       5.2450000   3.9918740e-71       1.0000000
      0.00000       5.2460000   3.8793393e-71       1.0000000
      0.00000       5.2470000   3.7699976e-71       1.0000000
      0.00000       5.2480000   3.6637577e-71       1.0000000
      0.00000       5.2490000   3.5605311e-71       1.0000000
      0.00000       5.2500000   3.4602318e-71       1.0000000
      0.00000       5.2510000   3.3627761e-71       1.0000000
      0.00000       5.2520000   3.2680831e-71       1.0000000
      0.00000       5.2530000   3.1760738e-71       1.0000000
      0.00000       5.2540000   3.0866717e-71       1.0000000
      0.00000       5.2550000   2.9998024e-71       1.0000000
      0.00000       5.2560000   2.9153937e-71       1.0000000
      0.00000       5.2570000   2.8333756e-71       1.0000000
      0.00000       5.2580000   2.7536798e-71       1.0000000
      0.00000       5.2590000   2.6762401e-71       1.0000000
      0.00000       5.2600000   2.6009924e-71       1.0000000
      0.00000       5.2610000   2.5278740e-71       1.0000000
      0.00000       5.2620000   2.4568245e-71       1.0000000
      0.00000       5.2630000   2.3877849e-71       1.0000000
      0.00000       5.2640000   2.3206979e-71       1.0000000
      0.00000       5.2650000   2.2555080e-71       1.0000000
      0.00000       5.2660000   2.1921612e-71       1.0000000
      0.00000       5.2670000   2.1306050e-71       1.0000000
      0.00000       5.2680000   2.0707886e-71       1.0000000
      0.00000       5.2690000   2.0126623e-71       1.0000000
      0.00000       5.2700000   1.9561782e-71       1.0000000
      0.00000       5.2710000   1.9012896e-71       1.0000000
      0.00000       5.2720000   1.8479510e-71       1.0000000
      0.00000       5.2730000   1.7961186e-71       1.0000000
      0.00000       5.2740000   1.7457493e-71       1.0000000
      0.00000       5.2750000   1.6968018e-71       1.0000000
      0.00000       5.2760000   1.6492355e-71       1.0000000
      0.00000       5.2770000   1.6030113e-71       1.0000000
      0.00000       5.2780000   1.5580910e-71       1.0000000
      0.00000       5.2790000   1.5144377e-71       1.0000000
      0.00000       5.2800000   1.4720153e-71       1.0000000
      0.00000       5.2810000   1.4307890e-71       1.0000000
      0.00000       5.2820000   1.3907247e-71       1.0000000
      0.00000       5.2830000   1.3517896e-71       1.0000000
      0.00000       5.2840000   1.3139516e-71       1.0000000
      0.00000       5.2850000   1.2771795e-71       1.0000000
      0.00000       5.2860000   1.2414433e-71       1.0000000
      0.00000       5.2870000   1.2067134e-71       1.0000000
      0.00000       5.2880000   1.1729614e-71       1.0000000
      0.00000       5.2890000   1.1401596e-71       1.0000000
      0.00000       5.2900000   1.1082810e-71       1.0000000
      0.00000       5.2910000   1.0772995e-71       1.0000000
      0.00000       5.2920000   1.0471897e-71       1.0000000
      0.00000       5.2930000   1.0179269e-71       1.0000000
      0.00000       5.2940000   9.8948714e-72       1.0000000
      0.00000       5.2950000   9.6184709e-72       1.0000000
      0.00000       5.2960000   9.3498412e-72       1.0000000
      0.00000       5.2970000   9.0887626e-72       1.0000000
      0.00000       5.2980000   8.8350214e-72       1.0000000
      0.00000       5.2990000   8.5884101e-72       1.0000000
      0.00000       5.3000000   8.3487270e-72       1.0000000
      0.00000       5.3010000   8.1157763e-72       1.0000000
      0.00000       5.3020000   7.8893676e-72       1.0000000
      0.00000       5.3030000   7.6693160e-72       1.0000000
      0.00000       5.3040000   7.4554419e-72       1.0000000
      0.00000       5.3050000   7.2475708e-72       1.0000000
      0.00000       5.3060000   7.0455330e-72       1.0000000
      0.00000       5.3070000   6.8491639e-72       1.0000000
      0.00000       5.3080000   6.6583033e-72       1.0000000
      0.00000       5.3090000   6.4727957e-72       1.0000000
      0.00000       5.3100000   6.2924901e-72       1.0000000
      0.00000       5.3110000   6.1172396e-72       1.0000000
      0.00000       5.3120000   5.9469015e-72       1.0000000
      0.00000       5.3130000   5.7813374e-72       1.0000000
      0.00000       5.3140000   5.6204125e-72       1.0000000
      0.00000       5.3150000   5.4639960e-72       1.0000000
      0.00000       5.3160000   5.3119608e-72       1.0000000
      0.00000       5.3170000   5.1641834e-72       1.0000000
      0.00000       5.3180000   5.0205437e-72       1.0000000
      0.00000       5.3190000   4.8809252e-72       1.0000000
      0.00000       5.3200000   4.7452146e-72       1.0000000
      0.00000       5.3210000   4.6133018e-72       1.0000000
      0.00000       5.3220000   4.4850797e-72       1.0000000
      0.00000       5.3230000   4.3604446e-72       1.0000000
      0.00000       5.3240000   4.2392954e-72       1.0000000
      0.00000       5.3250000   4.1215340e-72       1.0000000
      0.00000       5.3260000   4.0070650e-72       1.0000000
      0.00000       5.3270000   3.8957958e-72       1.0000000
      0.00000       5.3280000   3.7876364e-72       1.0000000
      0.00000       5.3290000   3.6824992e-72       1.0000000
      0.00000       5.3300000   3.5802994e-72       1.0000000
      0.00000       5.3310000   3.4809543e-72       1.0000000
      0.00000       5.3320000   3.3843837e-72       1.0000000
      0.00000       5.3330000   3.2905095e-72       1.0000000
      0.00000       5.3340000   3.1992560e-72       1.0000000
      0.00000       5.3350000   3.1105496e-72       1.0000000
      0.00000       5.3360000   3.0243188e-72       1.0000000
      0.00000       5.3370000   2.9404939e-72       1.0000000
      0.00000       5.3380000   2.8590074e-72       1.0000000
      0.00000       5.3390000   2.7797937e-72       1.0000000
      0.00000       5.3400000   2.7027890e-72       1.0000000
      0.00000       5.3410000   2.6279313e-72       1.0000000
      0.00000       5.3420000   2.5551603e-72       1.0000000
      0.00000       5.3430000   2.4844175e-72       1.0000000
      0.00000       5.3440000   2.4156459e-72       1.0000000
      0.00000       5.3450000   2.3487904e-72       1.0000000
      0.00000       5.3460000   2.2837972e-72       1.0000000
      0.00000       5.3470000   2.2206141e-72       1.0000000
      0.00000       5.3480000   2.1591903e-72       1.0000000
      0.00000       5.3490000   2.0994765e-72       1.0000000
      0.00000       5.3500000   2.0414249e-72       1.0000000
      0.00000       5.3510000   1.9849888e-72       1.0000000
      0.00000       5.3520000   1.9301230e-72       1.0000000
      0.00000       5.3530000   1.8767836e-72       1.0000000
      0.00000       5.3540000   1.8249277e-72       1.0000000
      0.00000       5.3550000   1.7745140e-72       1.0000000
      0.00000       5.3560000   1.7255019e-72       1.0000000
      0.00000       5.3570000   1.6778524e-72       1.0000000
      0.00000       5.3580000   1.6315272e-72       1.0000000
      0.00000       5.3590000   1.5864893e-72       1.0000000
      0.00000       5.3600000   1.5427027e-72       1.0000000
      0.00000       5.3610000   1.5001325e-72       1.0000000
      0.00000       5.3620000   1.4587446e-72       1.0000000
      0.00000       5.3630000   1.4185059e-72       1.0000000
      0.00000       5.3640000   1.3793844e-72       1.0000000
      0.00000       5.3650000   1.3413489e-72       1.0000000
      0.00000       5.3660000   1.3043689e-72       1.0000000
      0.00000       5.3670000   1.2684151e-72       1.0000000
      0.00000       5.3680000   1.2334587e-72       1.0000000
      0.00000       5.3690000   1.1994720e-72       1.0000000
      0.00000       5.3700000   1.1664278e-72       1.0000000
      0.00000       5.3710000   1.1342998e-72       1.0000000
      0.00000       5.3720000   1.1030625e-72       1.0000000
      0.00000       5.3730000   1.0726909e-72       1.0000000
      0.00000       5.3740000   1.0431611e-72       1.0000000
      0.00000       5.3750000   1.0144495e-72       1.0000000
      0.00000       5.3760000   9.8653317e-73       1.0000000
      0.00000       5.3770000   9.5939009e-73       1.0000000
      0.00000       5.3780000   9.3299866e-73       1.0000000
      0.00000       5.3790000   9.0733791e-73       1.0000000
      0.00000       5.3800000   8.8238751e-73       1.0000000
      0.00000       5.3810000   8.5812765e-73       1.0000000
      0.00000       5.3820000   8.3453910e-73       1.0000000
      0.00000       5.3830000   8.1160316e-73       1.0000000
      0.00000       5.3840000   7.8930166e-73       1.0000000
      0.00000       5.3850000   7.6761695e-73       1.0000000
      0.00000       5.3860000   7.4653185e-73       1.0000000
      0.00000       5.3870000   7.2602967e-73       1.0000000
      0.00000       5.3880000   7.0609420e-73       1.0000000
      0.00000       5.3890000   6.8670967e-73       1.0000000
      0.00000       5.3900000   6.6786075e-73       1.0000000
      0.00000       5.3910000   6.4953256e-73       1.0000000
      0.00000       5.3920000   6.3171061e-73       1.0000000
      0.00000       5.3930000   6.1438083e-73       1.0000000
      0.00000       5.3940000   5.9752954e-73       1.0000000
      0.00000       5.3950000   5.8114345e-73       1.0000000
      0.00000       5.3960000   5.6520963e-73       1.0000000
      0.00000       5.3970000   5.4971551e-73       1.0000000
      0.00000       5.3980000   5.3464889e-73       1.0000000
      0.00000       5.3990000   5.1999789e-73       1.0000000
      0.00000       5.4000000   5.0575097e-73       1.0000000
      0.00000       5.4010000   4.9189693e-73       1.0000000
      0.00000       5.4020000   4.7842484e-73       1.0000000
      0.00000       5.4030000   4.6532413e-73       1.0000000
      0.00000       5.4040000   4.5258447e-73       1.0000000
      0.00000       5.4050000   4.4019586e-73       1.0000000
      0.00000       5.4060000   4.2814857e-73       1.0000000
      0.00000       5.4070000   4.1643312e-73       1.0000000
      0.00000       5.4080000   4.0504032e-73       1.0000000
      0.00000       5.4090000   3.9396123e-73       1.0000000
      0.00000       5.4100000   3.8318715e-73       1.0000000
      0.00000       5.4110000   3.7270963e-73       1.0000000
      0.00000       5.4120000   3.6252045e-73       1.0000000
      0.00000       5.4130000   3.5261163e-73       1.0000000
      0.00000       5.4140000   3.4297541e-73       1.0000000
      0.00000       5.4150000   3.3360424e-73       1.0000000
      0.00000       5.4160000   3.2449077e-73       1.0000000
      0.00000       5.4170000   3.1562788e-73       1.0000000
      0.00000       5.4180000   3.0700864e-73       1.0000000
      0.00000       5.4190000   2.9862630e-73       1.0000000
      0.00000       5.4200000   2.9047430e-73       1.0000000
      0.00000       5.4210000   2.8254629e-73       1.0000000
      0.00000       5.4220000   2.7483606e-73       1.0000000
      0.00000       5.4230000   2.6733759e-73       1.0000000
      0.00000       5.4240000   2.6004504e-73       1.0000000
      0.00000       5.4250000   2.5295270e-73       1.0000000
      0.00000       5.4260000   2.4605505e-73       1.0000000
      0.00000       5.4270000   2.3934671e-73       1.0000000
      0.00000       5.4280000   2.3282245e-73       1.0000000
      0.00000       5.4290000   2.2647718e-73       1.0000000
      0.00000       5.4300000   2.2030597e-73       1.0000000
      0.00000       5.4310000   2.1430400e-73       1.0000000
      0.00000       5.4320000   2.0846661e-73       1.0000000
      0.00000       5.4330000   2.0278926e-73       1.0000000
      0.00000       5.4340000   1.9726752e-73       1.0000000
      0.00000       5.4350000   1.9189711e-73       1.0000000
      0.00000       5.4360000   1.8667385e-73       1.0000000
      0.00000       5.4370000   1.8159369e-73       1.0000000
      0.00000       5.4380000   1.7665267e-73       1.0000000
      0.00000       5.4390000   1.7184697e-73       1.0000000
      0.00000       5.4400000   1.6717285e-73       1.0000000
      0.00000       5.4410000   1.6262669e-73       1.0000000
      0.00000       5.4420000   1.5820496e-73       1.0000000
      0.00000       5.4430000   1.5390423e-73       1.0000000
      0.00000       5.4440000   1.4972117e-73       1.0000000
      0.00000       5.4450000   1.4565255e-73       1.0000000
      0.00000       5.4460000   1.4169520e-73       1.0000000
      0.00000       5.4470000   1.3784608e-73       1.0000000
      0.00000       5.4480000   1.3410219e-73       1.0000000
      0.00000       5.4490000   1.3046064e-73       1.0000000
      0.00000       5.4500000   1.2691863e-73       1.0000000
      0.00000       5.4510000   1.2347340e-73       1.0000000
      0.00000       5.4520000   1.2012230e-73       1.0000000
      0.00000       5.4530000   1.1686274e-73       1.0000000
      0.00000       5.4540000   1.1369220e-73       1.0000000
      0.00000       5.4550000   1.1060824e-73       1.0000000
      0.00000       5.4560000   1.0760847e-73       1.0000000
      0.00000       5.4570000   1.0469059e-73       1.0000000
      0.00000       5.4580000   1.0185234e-73       1.0000000
      0.00000       5.4590000   9.9091535e-74       1.0000000
      0.00000       5.4600000   9.6406051e-74       1.0000000
      0.00000       5.4610000   9.3793819e-74       1.0000000
      0.00000       5.4620000   9.1252828e-74       1.0000000
      0.00000       5.4630000   8.8781121e-74       1.0000000
      0.00000       5.4640000   8.6376798e-74       1.0000000
      0.00000       5.4650000   8.4038010e-74       1.0000000
      0.00000       5.4660000   8.1762958e-74       1.0000000
      0.00000       5.4670000   7.9549896e-74       1.0000000
      0.00000       5.4680000   7.7397123e-74       1.0000000
      0.00000       5.4690000   7.5302985e-74       1.0000000
      0.00000       5.4700000   7.3265877e-74       1.0000000
      0.00000       5.4710000   7.1284234e-74       1.0000000
      0.00000       5.4720000   6.9356536e-74       1.0000000
      0.00000       5.4730000   6.7481306e-74       1.0000000
      0.00000       5.4740000   6.5657107e-74       1.0000000
      0.00000       5.4750000   6.3882540e-74       1.0000000
      0.00000       5.4760000   6.2156247e-74       1.0000000
      0.00000       5.4770000   6.0476906e-74       1.0000000
      0.00000       5.4780000   5.8843231e-74       1.0000000
      0.00000       5.4790000   5.7253974e-74       1.0000000
      0.00000       5.4800000   5.5707918e-74       1.0000000
      0.00000       5.4810000   5.4203882e-74       1.0000000
      0.00000       5.4820000   5.2740716e-74       1.0000000
      0.00000       5.4830000   5.1317302e-74       1.0000000
      0.00000       5.4840000   4.9932554e-74       1.0000000
      0.00000       5.4850000   4.8585415e-74       1.0000000
      0.00000       5.4860000   4.7274856e-74       1.0000000
      0.00000       5.4870000   4.5999877e-74       1.0000000
      0.00000       5.4880000   4.4759507e-74       1.0000000
      0.00000       5.4890000   4.3552800e-74       1.0000000
      0.00000       5.4900000   4.2378837e-74       1.0000000
      0.00000       5.4910000   4.1236723e-74       1.0000000
      0.00000       5.4920000   4.0125589e-74       1.0000000
      0.00000       5.4930000   3.9044588e-74       1.0000000
      0.00000       5.4940000   3.7992899e-74       1.0000000
      0.00000       5.4950000   3.6969722e-74       1.0000000
      0.00000       5.4960000   3.5974279e-74       1.0000000
      0.00000       5.4970000   3.5005812e-74       1.0000000
      0.00000       5.4980000   3.4063587e-74       1.0000000
      0.00000       5.4990000   3.3146887e-74       1.0000000
      0.00000       5.5000000   3.2255017e-74       1.0000000
      0.00000       5.5010000   3.1387300e-74       1.0000000
      0.00000       5.5020000   3.0543077e-74       1.0000000
      0.00000       5.5030000   2.9721709e-74       1.0000000
      0.00000       5.5040000   2.8922572e-74       1.0000000
      0.00000       5.5050000   2.8145062e-74       1.0000000
      0.00000       5.5060000   2.7388588e-74       1.0000000
      0.00000       5.5070000   2.6652578e-74       1.0000000
      0.00000       5.5080000   2.5936476e-74       1.0000000
      0.00000       5.5090000   2.5239738e-74       1.0000000
      0.00000       5.5100000   2.4561839e-74       1.0000000
      0.00000       5.5110000   2.3902264e-74       1.0000000
      0.00000       5.5120000   2.3260517e-74       1.0000000
      0.00000       5.5130000   2.2636112e-74       1.0000000
      0.00000       5.5140000   2.2028577e-74       1.0000000
      0.00000       5.5150000   2.1437453e-74       1.0000000
      0.00000       5.5160000   2.0862295e-74       1.0000000
      0.00000       5.5170000   2.0302668e-74       1.0000000
      0.00000       5.5180000   1.9758150e-74       1.0000000
      0.00000       5.5190000   1.9228331e-74       1.0000000
      0.00000       5.5200000   1.8712811e-74       1.0000000
      0.00000       5.5210000   1.8211203e-74       1.0000000
      0.00000       5.5220000   1.7723127e-74       1.0000000
      0.00000       5.5230000   1.7248217e-74       1.0000000
      0.00000       5.5240000   1.6786116e-74       1.0000000
      0.00000       5.5250000   1.6336475e-74       1.0000000
      0.00000       5.5260000   1.5898956e-74       1.0000000
      0.00000       5.5270000   1.5473231e-74       1.0000000
      0.00000       5.5280000   1.5058980e-74       1.0000000
      0.00000       5.5290000   1.4655890e-74       1.0000000
      0.00000       5.5300000   1.4263661e-74       1.0000000
      0.00000       5.5310000   1.3881997e-74       1.0000000
      0.00000       5.5320000   1.3510611e-74       1.0000000
      0.00000       5.5330000   1.3149225e-74       1.0000000
      0.00000       5.5340000   1.2797569e-74       1.0000000
      0.00000       5.5350000   1.2455378e-74       1.0000000
      0.00000       5.5360000   1.2122396e-74       1.0000000
      0.00000       5.5370000   1.1798374e-74       1.0000000
      0.00000       5.5380000   1.1483069e-74       1.0000000
      0.00000       5.5390000   1.1176245e-74       1.0000000
      0.00000       5.5400000   1.0877673e-74       1.0000000
      0.00000       5.5410000   1.0587128e-74       1.0000000
      0.00000       5.5420000   1.0304395e-74       1.0000000
      0.00000       5.5430000   1.0029261e-74       1.0000000
      0.00000       5.5440000   9.7615203e-75       1.0000000
      0.00000       5.5450000   9.5009740e-75       1.0000000
      0.00000       5.5460000   9.2474271e-75       1.0000000
      0.00000       5.5470000   9.0006903e-75       1.0000000
      0.00000       5.5480000   8.7605796e-75       1.0000000
      0.00000       5.5490000   8.5269159e-75       1.0000000
      0.00000       5.5500000   8.2995249e-75       1.0000000
      0.00000       5.5510000   8.0782372e-75       1.0000000
      0.00000       5.5520000   7.8628879e-75       1.0000000
      0.00000       5.5530000   7.6533166e-75       1.0000000
      0.00000       5.5540000   7.4493673e-75       1.0000000
      0.00000       5.5550000   7.2508882e-75       1.0000000
      0.00000       5.5560000   7.0577316e-75       1.0000000
      0.00000       5.5570000   6.8697540e-75       1.0000000
      0.00000       5.5580000   6.6868154e-75       1.0000000
      0.00000       5.5590000   6.5087800e-75       1.0000000
      0.00000       5.5600000   6.3355156e-75       1.0000000
      0.00000       5.5610000   6.1668934e-75       1.0000000
      0.00000       5.5620000   6.0027882e-75       1.0000000
      0.00000       5.5630000   5.8430784e-75       1.0000000
      0.00000       5.5640000   5.6876453e-75       1.0000000
      0.00000       5.5650000   5.5363737e-75       1.0000000
      0.00000       5.5660000   5.3891516e-75       1.0000000
      0.00000       5.5670000   5.2458698e-75       1.0000000
      0.00000       5.5680000   5.1064221e-75       1.0000000
      0.00000       5.5690000   4.9707053e-75       1.0000000
      0.00000       5.5700000   4.8386190e-75       1.0000000
      0.00000       5.5710000   4.7100653e-75       1.0000000
      0.00000       5.5720000   4.5849493e-75       1.0000000
      0.00000       5.5730000   4.4631784e-75       1.0000000
      0.00000       5.5740000   4.3446625e-75       1.0000000
      0.00000       5.5750000   4.2293141e-75       1.0000000
      0.00000       5.5760000   4.1170481e-75       1.0000000
      0.00000       5.5770000   4.0077814e-75       1.0000000
      0.00000       5.5780000   3.9014335e-75       1.0000000
      0.00000       5.5790000   3.7979259e-75       1.0000000
      0.00000       5.5800000   3.6971823e-75       1.0000000
      0.00000       5.5810000   3.5991283e-75       1.0000000
      0.00000       5.5820000   3.5036916e-75       1.0000000
      0.00000       5.5830000   3.4108021e-75       1.0000000
      0.00000       5.5840000   3.3203912e-75       1.0000000
      0.00000       5.5850000   3.2323924e-75       1.0000000
      0.00000       5.5860000   3.1467410e-75       1.0000000
      0.00000       5.5870000   3.0633738e-75       1.0000000
      0.00000       5.5880000   2.9822297e-75       1.0000000
      0.00000       5.5890000   2.9032488e-75       1.0000000
      0.00000       5.5900000   2.8263733e-75       1.0000000
      0.00000       5.5910000   2.7515465e-75       1.0000000
      0.00000       5.5920000   2.6787136e-75       1.0000000
      0.00000       5.5930000   2.6078211e-75       1.0000000
      0.00000       5.5940000   2.5388170e-75       1.0000000
      0.00000       5.5950000   2.4716506e-75       1.0000000
      0.00000       5.5960000   2.4062726e-75       1.0000000
      0.00000       5.5970000   2.3426352e-75       1.0000000
      0.00000       5.5980000   2.2806917e-75       1.0000000
      0.00000       5.5990000   2.2203967e-75       1.0000000
      0.00000       5.6000000   2.1617061e-75       1.0000000
      0.00000       5.6010000   2.1045769e-75       1.0000000
      0.00000       5.6020000   2.0489673e-75       1.0000000
      0.00000       5.6030000   1.9948366e-75       1.0000000
      0.00000       5.6040000   1.9421453e-75       1.0000000
      0.00000       5.6050000   1.8908547e-75       1.0000000
      0.00000       5.6060000   1.8409275e-75       1.0000000
      0.00000       5.6070000   1.7923272e-75       1.0000000
      0.00000       5.6080000   1.7450182e-75       1.0000000
      0.00000       5.6090000   1.6989660e-75       1.0000000
      0.00000       5.6100000   1.6541371e-75       1.0000000
      0.00000       5.6110000   1.6104988e-75       1.0000000
      0.00000       5.6120000   1.5680191e-75       1.0000000
      0.00000       5.6130000   1.5266672e-75       1.0000000
      0.00000       5.6140000   1.4864129e-75       1.0000000
      0.00000       5.6150000   1.4472269e-75       1.0000000
      0.00000       5.6160000   1.4090806e-75       1.0000000
      0.00000       5.6170000   1.3719463e-75       1.0000000
      0.00000       5.6180000   1.3357970e-75       1.0000000
      0.00000       5.6190000   1.3006064e-75       1.0000000
      0.00000       5.6200000   1.2663489e-75       1.0000000
      0.00000       5.6210000   1.2329995e-75       1.0000000
      0.00000       5.6220000   1.2005341e-75       1.0000000
      0.00000       5.6230000   1.1689291e-75       1.0000000
      0.00000       5.6240000   1.1381615e-75       1.0000000
      0.00000       5.6250000   1.1082090e-75       1.0000000
      0.00000       5.6260000   1.0790499e-75       1.0000000
      0.00000       5.6270000   1.0506630e-75       1.0000000
      0.00000       5.6280000   1.0230277e-75       1.0000000
      0.00000       5.6290000   9.9612400e-76       1.0000000
      0.00000       5.6300000   9.6993241e-76       1.0000000
      0.00000       5.6310000   9.4443397e-76       1.0000000
      0.00000       5.6320000   9.1961020e-76       1.0000000
      0.00000       5.6330000   8.9544314e-76       1.0000000
      0.00000       5.6340000   8.7191531e-76       1.0000000
      0.00000       5.6350000   8.4900968e-76       1.0000000
      0.00000       5.6360000   8.2670970e-76       1.0000000
      0.00000       5.6370000   8.0499925e-76       1.0000000
      0.00000       5.6380000   7.8386265e-76       1.0000000
      0.00000       5.6390000   7.6328462e-76       1.0000000
      0.00000       5.6400000   7.4325032e-76       1.0000000
      0.00000       5.6410000   7.2374528e-76       1.0000000
      0.00000       5.6420000   7.0475543e-76       1.0000000
      0.00000       5.6430000   6.8626707e-76       1.0000000
      0.00000       5.6440000   6.6826688e-76       1.0000000
      0.00000       5.6450000   6.5074189e-76       1.0000000
      0.00000       5.6460000   6.3367946e-76       1.0000000
      0.00000       5.6470000   6.1706731e-76       1.0000000
      0.00000       5.6480000   6.0089348e-76       1.0000000
      0.00000       5.6490000   5.8514634e-76       1.0000000
      0.00000       5.6500000   5.6981454e-76       1.0000000
      0.00000       5.6510000   5.5488707e-76       1.0000000
      0.00000       5.6520000   5.4035320e-76       1.0000000
      0.00000       5.6530000   5.2620247e-76       1.0000000
      0.00000       5.6540000   5.1242473e-76       1.0000000
      0.00000       5.6550000   4.9901007e-76       1.0000000
      0.00000       5.6560000   4.8594888e-76       1.0000000
      0.00000       5.6570000   4.7323177e-76       1.0000000
      0.00000       5.6580000   4.6084962e-76       1.0000000
      0.00000       5.6590000   4.4879355e-76       1.0000000
      0.00000       5.6600000   4.3705493e-76       1.0000000
      0.00000       5.6610000   4.2562533e-76       1.0000000
      0.00000       5.6620000   4.1449658e-76       1.0000000
      0.00000       5.6630000   4.0366069e-76       1.0000000
      0.00000       5.6640000   3.9310992e-76       1.0000000
      0.00000       5.6650000   3.8283671e-76       1.0000000
      0.00000       5.6660000   3.7283371e-76       1.0000000
      0.00000       5.6670000   3.6309378e-76       1.0000000
      0.00000       5.6680000   3.5360994e-76       1.0000000
      0.00000       5.6690000   3.4437543e-76       1.0000000
      0.00000       5.6700000   3.3538363e-76       1.0000000
      0.00000       5.6710000   3.2662815e-76       1.0000000
      0.00000       5.6720000   3.1810271e-76       1.0000000
      0.00000       5.6730000   3.0980125e-76       1.0000000
      0.00000       5.6740000   3.0171783e-76       1.0000000
      0.00000       5.6750000   2.9384670e-76       1.0000000
      0.00000       5.6760000   2.8618224e-76       1.0000000
      0.00000       5.6770000   2.7871899e-76       1.0000000
      0.00000       5.6780000   2.7145164e-76       1.0000000
      0.00000       5.6790000   2.6437501e-76       1.0000000
      0.00000       5.6800000   2.5748406e-76       1.0000000
      0.00000       5.6810000   2.5077389e-76       1.0000000
      0.00000       5.6820000   2.4423972e-76       1.0000000
      0.00000       5.6830000   2.3787691e-76       1.0000000
      0.00000       5.6840000   2.3168094e-76       1.0000000
      0.00000       5.6850000   2.2564741e-76       1.0000000
      0.00000       5.6860000   2.1977202e-76       1.0000000
      0.00000       5.6870000   2.1405061e-76       1.0000000
      0.00000       5.6880000   2.0847911e-76       1.0000000
      0.00000       5.6890000   2.0305357e-76       1.0000000
      0.00000       5.6900000   1.9777015e-76       1.0000000
      0.00000       5.6910000   1.9262509e-76       1.0000000
      0.00000       5.6920000   1.8761475e-76       1.0000000
      0.00000       5.6930000   1.8273559e-76       1.0000000
      0.00000       5.6940000   1.7798413e-76       1.0000000
      0.00000       5.6950000   1.7335702e-76       1.0000000
      0.00000       5.6960000   1.6885099e-76       1.0000000
      0.00000       5.6970000   1.6446284e-76       1.0000000
      0.00000       5.6980000   1.6018947e-76       1.0000000
      0.00000       5.6990000   1.5602786e-76       1.0000000
      0.00000       5.7000000   1.5197507e-76       1.0000000
      0.00000       5.7010000   1.4802823e-76       1.0000000
      0.00000       5.7020000   1.4418456e-76       1.0000000
      0.00000       5.7030000   1.4044134e-76       1.0000000
      0.00000       5.7040000   1.3679593e-76       1.0000000
      0.00000       5.7050000   1.3324576e-76       1.0000000
      0.00000       5.7060000   1.2978832e-76       1.0000000
      0.00000       5.7070000   1.2642117e-76       1.0000000
      0.00000       5.7080000   1.2314195e-76       1.0000000
      0.00000       5.7090000   1.1994834e-76       1.0000000
      0.00000       5.7100000   1.1683809e-76       1.0000000
      0.00000       5.7110000   1.1380902e-76       1.0000000
      0.00000       5.7120000   1.1085898e-76       1.0000000
      0.00000       5.7130000   1.0798591e-76       1.0000000
      0.00000       5.7140000   1.0518778e-76       1.0000000
      0.00000       5.7150000   1.0246263e-76       1.0000000
      0.00000       5.7160000   9.9808535e-77       1.0000000
      0.00000       5.7170000   9.7223638e-77       1.0000000
      0.00000       5.7180000   9.4706121e-77       1.0000000
      0.00000       5.7190000   9.2254215e-77       1.0000000
      0.00000       5.7200000   8.9866201e-77       1.0000000
      0.00000       5.7210000   8.7540402e-77       1.0000000
      0.00000       5.7220000   8.5275187e-77       1.0000000
      0.00000       5.7230000   8.3068968e-77       1.0000000
      0.00000       5.7240000   8.0920198e-77       1.0000000
      0.00000       5.7250000   7.8827372e-77       1.0000000
      0.00000       5.7260000   7.6789024e-77       1.0000000
      0.00000       5.7270000   7.4803727e-77       1.0000000
      0.00000       5.7280000   7.2870090e-77       1.0000000
      0.00000       5.7290000   7.0986761e-77       1.0000000
      0.00000       5.7300000   6.9152424e-77       1.0000000
      0.00000       5.7310000   6.7365794e-77       1.0000000
      0.00000       5.7320000   6.5625623e-77       1.0000000
      0.00000       5.7330000   6.3930696e-77       1.0000000
      0.00000       5.7340000   6.2279829e-77       1.0000000
      0.00000       5.7350000   6.0671868e-77       1.0000000
      0.00000       5.7360000   5.9105691e-77       1.0000000
      0.00000       5.7370000   5.7580207e-77       1.0000000
      0.00000       5.7380000   5.6094349e-77       1.0000000
      0.00000       5.7390000   5.4647084e-77       1.0000000
      0.00000       5.7400000   5.3237400e-77       1.0000000
      0.00000       5.7410000   5.1864318e-77       1.0000000
      0.00000       5.7420000   5.0526879e-77       1.0000000
      0.00000       5.7430000   4.9224154e-77       1.0000000
      0.00000       5.7440000   4.7955234e-77       1.0000000
      0.00000       5.7450000   4.6719238e-77       1.0000000
      0.00000       5.7460000   4.5515305e-77       1.0000000
      0.00000       5.7470000   4.4342598e-77       1.0000000
      0.00000       5.7480000   4.3200302e-77       1.0000000
      0.00000       5.7490000   4.2087624e-77       1.0000000
      0.00000       5.7500000   4.1003790e-77       1.0000000
      0.00000       5.7510000   3.9948048e-77       1.0000000
      0.00000       5.7520000   3.8919665e-77       1.0000000
      0.00000       5.7530000   3.7917928e-77       1.0000000
      0.00000       5.7540000   3.6942142e-77       1.0000000
      0.00000       5.7550000   3.5991629e-77       1.0000000
      0.00000       5.7560000   3.5065732e-77       1.0000000
      0.00000       5.7570000   3.4163809e-77       1.0000000
      0.00000       5.7580000   3.3285234e-77       1.0000000
      0.00000       5.7590000   3.2429401e-77       1.0000000
      0.00000       5.7600000   3.1595715e-77       1.0000000
      0.00000       5.7610000   3.0783601e-77       1.0000000
      0.00000       5.7620000   2.9992496e-77       1.0000000
      0.00000       5.7630000   2.9221854e-77       1.0000000
      0.00000       5.7640000   2.8471141e-77       1.0000000
      0.00000       5.7650000   2.7739840e-77       1.0000000
      0.00000       5.7660000   2.7027445e-77       1.0000000
      0.00000       5.7670000   2.6333464e-77       1.0000000
      0.00000       5.7680000   2.5657418e-77       1.0000000
      0.00000       5.7690000   2.4998840e-77       1.0000000
      0.00000       5.7700000   2.4357277e-77       1.0000000
      0.00000       5.7710000   2.3732285e-77       1.0000000
      0.00000       5.7720000   2.3123434e-77       1.0000000
      0.00000       5.7730000   2.2530305e-77       1.0000000
      0.00000       5.7740000   2.1952489e-77       1.0000000
      0.00000       5.7750000   2.1389588e-77       1.0000000
      0.00000       5.7760000   2.0841214e-77       1.0000000
      0.00000       5.7770000   2.0306991e-77       1.0000000
      0.00000       5.7780000   1.9786550e-77       1.0000000
      0.00000       5.7790000   1.9279534e-77       1.0000000
      0.00000       5.7800000   1.8785594e-77       1.0000000
      0.00000       5.7810000   1.8304391e-77       1.0000000
      0.00000       5.7820000   1.7835595e-77       1.0000000
      0.00000       5.7830000   1.7378883e-77       1.0000000
      0.00000       5.7840000   1.6933942e-77       1.0000000
      0.00000       5.7850000   1.6500466e-77       1.0000000
      0.00000       5.7860000   1.6078158e-77       1.0000000
      0.00000       5.7870000   1.5666730e-77       1.0000000
      0.00000       5.7880000   1.5265897e-77       1.0000000
      0.00000       5.7890000   1.4875387e-77       1.0000000
      0.00000       5.7900000   1.4494931e-77       1.0000000
      0.00000       5.7910000   1.4124268e-77       1.0000000
      0.00000       5.7920000   1.3763146e-77       1.0000000
      0.00000       5.7930000   1.3411317e-77       1.0000000
      0.00000       5.7940000   1.3068540e-77       1.0000000
      0.00000       5.7950000   1.2734581e-77       1.0000000
      0.00000       5.7960000   1.2409211e-77       1.0000000
      0.00000       5.7970000   1.2092209e-77       1.0000000
      0.00000       5.7980000   1.1783357e-77       1.0000000
      0.00000       5.7990000   1.1482445e-77       1.0000000
      0.00000       5.8000000   1.1189268e-77       1.0000000
      0.00000       5.8010000   1.0903624e-77       1.0000000
      0.00000       5.8020000   1.0625320e-77       1.0000000
      0.00000       5.8030000   1.0354166e-77       1.0000000
      0.00000       5.8040000   1.0089976e-77       1.0000000
      0.00000       5.8050000   9.8325710e-78       1.0000000
      0.00000       5.8060000   9.5817752e-78       1.0000000
      0.00000       5.8070000   9.3374179e-78       1.0000000
      0.00000       5.8080000   9.0993328e-78       1.0000000
      0.00000       5.8090000   8.8673577e-78       1.0000000
      0.00000       5.8100000   8.6413350e-78       1.0000000
      0.00000       5.8110000   8.4211109e-78       1.0000000
      0.00000       5.8120000   8.2065356e-78       1.0000000
      0.00000       5.8130000   7.9974633e-78       1.0000000
      0.00000       5.8140000   7.7937521e-78       1.0000000
      0.00000       5.8150000   7.5952634e-78       1.0000000
      0.00000       5.8160000   7.4018627e-78       1.0000000
      0.00000       5.8170000   7.2134185e-78       1.0000000
      0.00000       5.8180000   7.0298032e-78       1.0000000
      0.00000       5.8190000   6.8508920e-78       1.0000000
      0.00000       5.8200000   6.6765638e-78       1.0000000
      0.00000       5.8210000   6.5067004e-78       1.0000000
      0.00000       5.8220000   6.3411866e-78       1.0000000
      0.00000       5.8230000   6.1799105e-78       1.0000000
      0.00000       5.8240000   6.0227627e-78       1.0000000
      0.00000       5.8250000   5.8696370e-78       1.0000000
      0.00000       5.8260000   5.7204298e-78       1.0000000
      0.00000       5.8270000   5.5750400e-78       1.0000000
      0.00000       5.8280000   5.4333694e-78       1.0000000
      0.00000       5.8290000   5.2953224e-78       1.0000000
      0.00000       5.8300000   5.1608054e-78       1.0000000
      0.00000       5.8310000   5.0297279e-78       1.0000000
      0.00000       5.8320000   4.9020011e-78       1.0000000
      0.00000       5.8330000   4.7775390e-78       1.0000000
      0.00000       5.8340000   4.6562574e-78       1.0000000
      0.00000       5.8350000   4.5380747e-78       1.0000000
      0.00000       5.8360000   4.4229112e-78       1.0000000
      0.00000       5.8370000   4.3106891e-78       1.0000000
      0.00000       5.8380000   4.2013330e-78       1.0000000
      0.00000       5.8390000   4.0947691e-78       1.0000000
      0.00000       5.8400000   3.9909256e-78       1.0000000
      0.00000       5.8410000   3.8897328e-78       1.0000000
      0.00000       5.8420000   3.7911224e-78       1.0000000
      0.00000       5.8430000   3.6950282e-78       1.0000000
      0.00000       5.8440000   3.6013855e-78       1.0000000
      0.00000       5.8450000   3.5101314e-78       1.0000000
      0.00000       5.8460000   3.4212046e-78       1.0000000
      0.00000       5.8470000   3.3345453e-78       1.0000000
      0.00000       5.8480000   3.2500954e-78       1.0000000
      0.00000       5.8490000   3.1677981e-78       1.0000000
      0.00000       5.8500000   3.0875983e-78       1.0000000
      0.00000       5.8510000   3.0094420e-78       1.0000000
      0.00000       5.8520000   2.9332770e-78       1.0000000
      0.00000       5.8530000   2.8590522e-78       1.0000000
      0.00000       5.8540000   2.7867178e-78       1.0000000
      0.00000       5.8550000   2.7162253e-78       1.0000000
      0.00000       5.8560000   2.6475276e-78       1.0000000
      0.00000       5.8570000   2.5805786e-78       1.0000000
      0.00000       5.8580000   2.5153336e-78       1.0000000
      0.00000       5.8590000   2.4517490e-78       1.0000000
      0.00000       5.8600000   2.3897821e-78       1.0000000
      0.00000       5.8610000   2.3293915e-78       1.0000000
      0.00000       5.8620000   2.2705370e-78       1.0000000
      0.00000       5.8630000   2.2131792e-78       1.0000000
      0.00000       5.8640000   2.1572797e-78       1.0000000
      0.00000       5.8650000   2.1028013e-78       1.0000000
      0.00000       5.8660000   2.0497076e-78       1.0000000
      0.00000       5.8670000   1.9979631e-78       1.0000000
      0.00000       5.8680000   1.9475334e-78       1.0000000
      0.00000       5.8690000   1.8983849e-78       1.0000000
      0.00000       5.8700000   1.8504848e-78       1.0000000
      0.00000       5.8710000   1.8038011e-78       1.0000000
      0.00000       5.8720000   1.7583028e-78       1.0000000
      0.00000       5.8730000   1.7139596e-78       1.0000000
      0.00000       5.8740000   1.6707419e-78       1.0000000
      0.00000       5.8750000   1.6286211e-78       1.0000000
      0.00000       5.8760000   1.5875691e-78       1.0000000
      0.00000       5.8770000   1.5475586e-78       1.0000000
      0.00000       5.8780000   1.5085630e-78       1.0000000
      0.00000       5.8790000   1.4705564e-78       1.0000000
      0.00000       5.8800000   1.4335135e-78       1.0000000
      0.00000       5.8810000   1.3974098e-78       1.0000000
      0.00000       5.8820000   1.3622213e-78       1.0000000
      0.00000       5.8830000   1.3279247e-78       1.0000000
      0.00000       5.8840000   1.2944971e-78       1.0000000
      0.00000       5.8850000   1.2619165e-78       1.0000000
      0.00000       5.8860000   1.2301612e-78       1.0000000
      0.00000       5.8870000   1.1992102e-78       1.0000000
      0.00000       5.8880000   1.1690430e-78       1.0000000
      0.00000       5.8890000   1.1396397e-78       1.0000000
      0.00000       5.8900000   1.1109806e-78       1.0000000
      0.00000       5.8910000   1.0830470e-78       1.0000000
      0.00000       5.8920000   1.0558202e-78       1.0000000
      0.00000       5.8930000   1.0292824e-78       1.0000000
      0.00000       5.8940000   1.0034159e-78       1.0000000
      0.00000       5.8950000   9.7820367e-79       1.0000000
      0.00000       5.8960000   9.5362905e-79       1.0000000
      0.00000       5.8970000   9.2967582e-79       1.0000000
      0.00000       5.8980000   9.0632815e-79       1.0000000
      0.00000       5.8990000   8.8357064e-79       1.0000000
      0.00000       5.9000000   8.6138827e-79       1.0000000
      0.00000       5.9010000   8.3976642e-79       1.0000000
      0.00000       5.9020000   8.1869083e-79       1.0000000
      0.00000       5.9030000   7.9814761e-79       1.0000000
      0.00000       5.9040000   7.7812323e-79       1.0000000
      0.00000       5.9050000   7.5860449e-79       1.0000000
      0.00000       5.9060000   7.3957855e-79       1.0000000
      0.00000       5.9070000   7.2103288e-79       1.0000000
      0.00000       5.9080000   7.0295529e-79       1.0000000
      0.00000       5.9090000   6.8533388e-79       1.0000000
      0.00000       5.9100000   6.6815707e-79       1.0000000
      0.00000       5.9110000   6.5141357e-79       1.0000000
      0.00000       5.9120000   6.3509237e-79       1.0000000
      0.00000       5.9130000   6.1918275e-79       1.0000000
      0.00000       5.9140000   6.0367428e-79       1.0000000
      0.00000       5.9150000   5.8855677e-79       1.0000000
      0.00000       5.9160000   5.7382029e-79       1.0000000
      0.00000       5.9170000   5.5945519e-79       1.0000000
      0.00000       5.9180000   5.4545205e-79       1.0000000
      0.00000       5.9190000   5.3180168e-79       1.0000000
      0.00000       5.9200000   5.1849514e-79       1.0000000
      0.00000       5.9210000   5.0552372e-79       1.0000000
      0.00000       5.9220000   4.9287892e-79       1.0000000
      0.00000       5.9230000   4.8055246e-79       1.0000000
      0.00000       5.9240000   4.6853628e-79       1.0000000
      0.00000       5.9250000   4.5682251e-79       1.0000000
      0.00000       5.9260000   4.4540350e-79       1.0000000
      0.00000       5.9270000   4.3427179e-79       1.0000000
      0.00000       5.9280000   4.2342009e-79       1.0000000
      0.00000       5.9290000   4.1284131e-79       1.0000000
      0.00000       5.9300000   4.0252856e-79       1.0000000
      0.00000       5.9310000   3.9247509e-79       1.0000000
      0.00000       5.9320000   3.8267434e-79       1.0000000
      0.00000       5.9330000   3.7311993e-79       1.0000000
      0.00000       5.9340000   3.6380562e-79       1.0000000
      0.00000       5.9350000   3.5472533e-79       1.0000000
      0.00000       5.9360000   3.4587316e-79       1.0000000
      0.00000       5.9370000   3.3724332e-79       1.0000000
      0.00000       5.9380000   3.2883021e-79       1.0000000
      0.00000       5.9390000   3.2062834e-79       1.0000000
      0.00000       5.9400000   3.1263238e-79       1.0000000
      0.00000       5.9410000   3.0483712e-79       1.0000000
      0.00000       5.9420000   2.9723749e-79       1.0000000
      0.00000       5.9430000   2.8982855e-79       1.0000000
      0.00000       5.9440000   2.8260549e-79       1.0000000
      0.00000       5.9450000   2.7556361e-79       1.0000000
      0.00000       5.9460000   2.6869833e-79       1.0000000
      0.00000       5.9470000   2.6200521e-79       1.0000000
      0.00000       5.9480000   2.5547989e-79       1.0000000
      0.00000       5.9490000   2.4911815e-79       1.0000000
      0.00000       5.9500000   2.4291584e-79       1.0000000
      0.00000       5.9510000   2.3686896e-79       1.0000000
      0.00000       5.9520000   2.3097359e-79       1.0000000
      0.00000       5.9530000   2.2522589e-79       1.0000000
      0.00000       5.9540000   2.1962216e-79       1.0000000
      0.00000       5.9550000   2.1415875e-79       1.0000000
      0.00000       5.9560000   2.0883214e-79       1.0000000
      0.00000       5.9570000   2.0363887e-79       1.0000000
      0.00000       5.9580000   1.9857559e-79       1.0000000
      0.00000       5.9590000   1.9363902e-79       1.0000000
      0.00000       5.9600000   1.8882598e-79       1.0000000
      0.00000       5.9610000   1.8413334e-79       1.0000000
      0.00000       5.9620000   1.7955808e-79       1.0000000
      0.00000       5.9630000   1.7509724e-79       1.0000000
      0.00000       5.9640000   1.7074794e-79       1.0000000
      0.00000       5.9650000   1.6650738e-79       1.0000000
      0.00000       5.9660000   1.6237283e-79       1.0000000
      0.00000       5.9670000   1.5834160e-79       1.0000000
      0.00000       5.9680000   1.5441111e-79       1.0000000
      0.00000       5.9690000   1.5057881e-79       1.0000000
      0.00000       5.9700000   1.4684225e-79       1.0000000
      0.00000       5.9710000   1.4319901e-79       1.0000000
      0.00000       5.9720000   1.3964675e-79       1.0000000
      0.00000       5.9730000   1.3618319e-79       1.0000000
      0.00000       5.9740000   1.3280608e-79       1.0000000
      0.00000       5.9750000   1.2951327e-79       1.0000000
      0.00000       5.9760000   1.2630263e-79       1.0000000
      0.00000       5.9770000   1.2317209e-79       1.0000000
      0.00000       5.9780000   1.2011966e-79       1.0000000
      0.00000       5.9790000   1.1714336e-79       1.0000000
      0.00000       5.9800000   1.1424129e-79       1.0000000
      0.00000       5.9810000   1.1141158e-79       1.0000000
      0.00000       5.9820000   1.0865242e-79       1.0000000
      0.00000       5.9830000   1.0596203e-79       1.0000000
      0.00000       5.9840000   1.0333869e-79       1.0000000
      0.00000       5.9850000   1.0078073e-79       1.0000000
      0.00000       5.9860000   9.8286490e-80       1.0000000
      0.00000       5.9870000   9.5854384e-80       1.0000000
      0.00000       5.9880000   9.3482851e-80       1.0000000
      0.00000       5.9890000   9.1170374e-80       1.0000000
      0.00000       5.9900000   8.8915473e-80       1.0000000
      0.00000       5.9910000   8.6716704e-80       1.0000000
      0.00000       5.9920000   8.4572661e-80       1.0000000
      0.00000       5.9930000   8.2481974e-80       1.0000000
      0.00000       5.9940000   8.0443306e-80       1.0000000
      0.00000       5.9950000   7.8455354e-80       1.0000000
      0.00000       5.9960000   7.6516849e-80       1.0000000
      0.00000       5.9970000   7.4626552e-80       1.0000000
      0.00000       5.9980000   7.2783257e-80       1.0000000
      0.00000       5.9990000   7.0985788e-80       1.0000000
